Sybarite  | Self-indulgent or voluptuous person.  sybaritic adj. ,Sybarite  ,Self-indulgent or voluptuous person.  sybaritic adj.,3.1
Sycamore  | 1 large maple or its wood. 2 us plane-tree or its wood. ,Sycamore  ,1 large maple or its wood. 2 us plane-tree or its wood.,2.7
Sycophant  | Flatterer; toady.  sycophancy n. Sycophantic adj. ,Sycophant  ,Flatterer; toady.  sycophancy n. Sycophantic adj.,2.5
Syllabary  |  list of characters representing syllables. ,Syllabary  ,list of characters representing syllables.,3.0
Syllabic  | Of or in syllables.  syllabically adv.,Syllabic  ,Of or in syllables.  syllabically adv.,3.1
"Syllable  | 1 unit of pronunciation forming the whole or part of a word and usu. Having one vowel sound often with consonant before or after . 2 character representing a syllable. 3 the least amount of speech or writing.  in words of one syllable plainly, bluntly. ",Syllable  ,"1 unit of pronunciation forming the whole or part of a word and usu. Having one vowel sound often with consonant before or after . 2 character representing a syllable. 3 the least amount of speech or writing.  in words of one syllable plainly, bluntly.",3.2
"Syllabub  |  dessert of flavoured, sweetened, and whipped cream or milk. ",Syllabub  ,"dessert of flavoured, sweetened, and whipped cream or milk.",2.9
"Syllabus  |  programme or outline of a course of study, teaching, etc. ",Syllabus  ,"programme or outline of a course of study, teaching, etc.",3.6
Syllepsis  |  figure of speech in which a word is applied to two others in different senses  or to two others of which it grammatically suits one only  . ,Syllepsis  ,figure of speech in which a word is applied to two others in different senses  or to two others of which it grammatically suits one only  .,2.7
Syllogism  | Reasoning in which a conclusion is drawn from two given or assumed propositions.  syllogistic adj. ,Syllogism  ,Reasoning in which a conclusion is drawn from two given or assumed propositions.  syllogistic adj.,2.6
Sylph  | 1 elemental spirit of the air. 2 slender graceful woman or girl.  sylphlike adj. ,Sylph  ,1 elemental spirit of the air. 2 slender graceful woman or girl.  sylphlike adj.,3.1
Sylvan  |  1 a of the woods. B having woods. 2 rural. ,Sylvan  ,1 a of the woods. B having woods. 2 rural.,2.9
Sylviculture  | Of ~silviculture.,Sylviculture  ,Of ~silviculture.,2.7
"Symbiosis  |  1 interaction between two different organisms living in close physical association, usu. To the advantage of both. 2 mutually advantageous association between persons.  symbiotic adj. ",Symbiosis  ,"1 interaction between two different organisms living in close physical association, usu. To the advantage of both. 2 mutually advantageous association between persons.  symbiotic adj.",2.7
"Symbol  | 1 thing regarded as typifying or representing something . 2 mark, sign, etc. Representing an object, idea, function, or process; logo.  symbolic adj. Symbolically adv. ",Symbol  ,"1 thing regarded as typifying or representing something . 2 mark, sign, etc. Representing an object, idea, function, or process; logo.  symbolic adj. Symbolically adv.",2.7
"Symbolism  | 1 a use of symbols. B symbols collectively. 2 artistic and poetic movement or style using symbols to express ideas, emotions, etc.  symbolist n.",Symbolism  ,"1 a use of symbols. B symbols collectively. 2 artistic and poetic movement or style using symbols to express ideas, emotions, etc.  symbolist n.",2.7
Symbolize  |   1 be a symbol of. 2 represent by symbols. ,Symbolize  ,1 be a symbol of. 2 represent by symbols.,2.5
Symmetry  |  1 a correct proportion of parts. B beauty resulting from this. 2 a structure allowing an object to be divided into parts of an equal shape and size. B possession of such a structure. 3 repetition of exactly similar parts facing each other or a centre.  symmetrical adj. Symmetrically adv. ,Symmetry  ,1 a correct proportion of parts. B beauty resulting from this. 2 a structure allowing an object to be divided into parts of an equal shape and size. B possession of such a structure. 3 repetition of exactly similar parts facing each other or a centre.  symmetrical adj. Symmetrically adv.,3.2
"Sympathetic  | 1 of or expressing sympathy. 2 pleasant, likeable. 3  favouring .  sympathetically adv.",Sympathetic  ,"1 of or expressing sympathy. 2 pleasant, likeable. 3  favouring .  sympathetically adv.",2.7
Sympathize  |    1 feel or express sympathy. 2 agree.  sympathizer n.,Sympathize  ,1 feel or express sympathy. 2 agree.  sympathizer n.,2.6
"Sympathy  |  1 a sharing of another's feelings. B capacity for this. 2 a  sharing or tendency to share  In an emotion, sensation, or condition. B  Compassion or commiseration; condolences. 3  approval. 4  agreement  In opinion or desire.  in sympathy  having, showing, or resulting from sympathy. ",Sympathy  ,"1 a sharing of another's feelings. B capacity for this. 2 a  sharing or tendency to share  In an emotion, sensation, or condition. B  Compassion or commiseration; condolences. 3  approval. 4  agreement  In opinion or desire.  in sympathy  having, showing, or resulting from sympathy.",2.9
Symphony  |  1 large-scale composition for full orchestra in several movements. 2 instrumental interlude in a large-scale vocal work. 3 = ~symphony orchestra.  symphonic adj. ,Symphony  ,1 large-scale composition for full orchestra in several movements. 2 instrumental interlude in a large-scale vocal work. 3 = ~symphony orchestra.  symphonic adj.,2.9
Symphony orchestra  | Large orchestra suitable for playing symphonies etc.,Symphony orchestra  ,Large orchestra suitable for playing symphonies etc.,3.4
"Symposium  |  1 conference, or collection of essays, on a particular subject. 2 philosophical or other friendly discussion. ",Symposium  ,"1 conference, or collection of essays, on a particular subject. 2 philosophical or other friendly discussion.",3.3
Symptom  | 1 physical or mental sign of disease. 2 sign of the existence of something.  symptomatic adj. ,Symptom  ,1 physical or mental sign of disease. 2 sign of the existence of something.  symptomatic adj.,2.8
Synagogue  | 1 building for jewish religious observance and instruction. 2 jewish congregation. ,Synagogue  ,1 building for jewish religious observance and instruction. 2 jewish congregation.,3.1
Synapse  | Anat. Junction of two nerve-cells. ,Synapse  ,Anat. Junction of two nerve-cells.,2.9
Sync   | —n. Synchronization. —v. Synchronize.  in  sync  according or agreeing well . ,Sync   ,—n. Synchronization. —v. Synchronize.  in  sync  according or agreeing well .,2.9
"Synchromesh  |  System of gear-changing, esp. In vehicles, in which the gearwheels revolve at the same speed during engagement. ",Synchromesh  ,"System of gear-changing, esp. In vehicles, in which the gearwheels revolve at the same speed during engagement.",2.8
Synchronic  | Concerned with a subject as it exists at one point in time.  synchronically adv. ,Synchronic  ,Concerned with a subject as it exists at one point in time.  synchronically adv.,2.8
Synchronism  | 1 being or treating as synchronic or synchronous. 2 process of synchronizing sound and picture.,Synchronism  ,1 being or treating as synchronic or synchronous. 2 process of synchronizing sound and picture.,2.8
Synchronize  |   1  make or be synchronous . 2 make the sound and picture of  Coincide. 3 cause  To show the same time.  synchronization n.,Synchronize  ,1  make or be synchronous . 2 make the sound and picture of  Coincide. 3 cause  To show the same time.  synchronization n.,2.9
Synchronous  |  existing or occurring at the same time.,Synchronous  ,existing or occurring at the same time.,2.6
Syncopate  |  1 displace the beats or accents in . 2 shorten  by dropping interior letters.  syncopation n. ,Syncopate  ,1 displace the beats or accents in . 2 shorten  by dropping interior letters.  syncopation n.,3.0
Syncope  | 1 gram. Syncopation. 2 fainting through a fall in blood pressure. ,Syncope  ,1 gram. Syncopation. 2 fainting through a fall in blood pressure.,3.0
"Syncretize  |   attempt, esp. Inconsistently, to unify or reconcile differing schools of thought.  syncretic adj. Syncretism n. ",Syncretize  ,"attempt, esp. Inconsistently, to unify or reconcile differing schools of thought.  syncretic adj. Syncretism n.",2.7
Syndic  | Any of various university or government officials. ,Syndic  ,Any of various university or government officials.,2.9
Syndicalism  | Hist. Movement for transferring industrial ownership and control to workers' unions.  syndicalist n. ,Syndicalism  ,Hist. Movement for transferring industrial ownership and control to workers' unions.  syndicalist n.,2.4
"Syndicate  —| 1 combination of individuals or businesses to promote a common interest. 2 agency supplying material simultaneously to a number of newspapers etc. 3 group of people who gamble, organize crime, etc. 4 committee of syndics. —v.  1 form into a syndicate. 2 publish  through a syndicate.  syndication n. ",Syndicate  ,"1 combination of individuals or businesses to promote a common interest. 2 agency supplying material simultaneously to a number of newspapers etc. 3 group of people who gamble, organize crime, etc. 4 committee of syndics. —v.  1 form into a syndicate. 2 publish  through a syndicate.  syndication n.",2.8
"Syndrome  | 1 group of concurrent symptoms of a disease. 2 characteristic combination of opinions, emotions, behaviour, etc. ",Syndrome  ,"1 group of concurrent symptoms of a disease. 2 characteristic combination of opinions, emotions, behaviour, etc.",2.3
Synecdoche  | Figure of speech in which a part is made to represent the whole or vice versa . ,Synecdoche  ,Figure of speech in which a part is made to represent the whole or vice versa .,3.2
Synod  | Church council of delegated clergy and sometimes laity. ,Synod  ,Church council of delegated clergy and sometimes laity.,2.7
Synonym  | Word or phrase that means the same as another . ,Synonym  ,Word or phrase that means the same as another .,3.1
Synonymous  |  1 having the same meaning. 2 suggestive of; associated with .,Synonymous  ,1 having the same meaning. 2 suggestive of; associated with .,2.5
Synopsis  |  summary or outline. ,Synopsis  ,summary or outline.,2.7
Synoptic  | Of or giving a synopsis. ,Synoptic  ,Of or giving a synopsis.,2.4
"Synoptic gospels  |pl. Gospels of matthew, mark, and luke.",Synoptic gospels  ,"pl. Gospels of matthew, mark, and luke.",2.9
Synovia  | Physiol. Viscous fluid lubricating joints etc.  synovial adj. ,Synovia  ,Physiol. Viscous fluid lubricating joints etc.  synovial adj.,2.9
Syntax  | 1 grammatical arrangement of words. 2 rules or analysis of this.  syntactic adj. Syntactically adv. ,Syntax  ,1 grammatical arrangement of words. 2 rules or analysis of this.  syntactic adj. Syntactically adv.,3.0
Synth  | Colloq. = ~synthesizer.,Synth  ,Colloq. = ~synthesizer.,3.1
Synthesis  |  1 a combining of elements into a whole. B result of this. 2 chem. Artificial production of compounds from their constituents as distinct from extraction from plants etc. ,Synthesis  ,1 a combining of elements into a whole. B result of this. 2 chem. Artificial production of compounds from their constituents as distinct from extraction from plants etc.,3.3
Synthesize  |   make a synthesis of.,Synthesize  ,make a synthesis of.,2.8
"Synthesizer  | Electronic, usu. Keyboard, instrument producing a wide variety of sounds.",Synthesizer  ,"Electronic, usu. Keyboard, instrument producing a wide variety of sounds.",3.2
"Synthetic  | 1 made by chemical synthesis, esp. To imitate a natural product. 2 affected, insincere. —n. Synthetic substance.  synthetically adv.",Synthetic  ,"1 made by chemical synthesis, esp. To imitate a natural product. 2 affected, insincere. —n. Synthetic substance.  synthetically adv.",2.8
Syphilis  | Contagious venereal disease.  syphilitic adj. ,Syphilis  ,Contagious venereal disease.  syphilitic adj.,1.8
"Syriac  —| Language of ancient syria, western aramaic. —adj. Of or in syriac.",Syriac  ,"Language of ancient syria, western aramaic. —adj. Of or in syriac.",2.7
Syrian  —| 1 native or national of syria. 2 person of syrian descent. —adj. Of syria.,Syrian  ,1 native or national of syria. 2 person of syrian descent. —adj. Of syria.,3.3
Syringa  | 1 = ~mock orange. 2 lilac or similar related plant. ,Syringa  ,1 = ~mock orange. 2 lilac or similar related plant.,2.8
Syringe  —| Device for sucking in and ejecting liquid in a fine stream. —v.  sluice or spray with a syringe. ,Syringe  ,Device for sucking in and ejecting liquid in a fine stream. —v.  sluice or spray with a syringe.,3.1
"Syrup  |  1 a sweet sauce of sugar dissolved in boiling water. B similar fluid as a drink, medicine, etc. 2 condensed sugar-cane juice; molasses, treacle. 3 excessive sweetness of manner or style.  syrupy adj. ",Syrup  ,"1 a sweet sauce of sugar dissolved in boiling water. B similar fluid as a drink, medicine, etc. 2 condensed sugar-cane juice; molasses, treacle. 3 excessive sweetness of manner or style.  syrupy adj.",3.3
"System  | 1 complex whole; set of connected things or parts; organized body of things. 2 a set of organs in the body with a common structure or function. B human or animal body as a whole. 3 method; scheme of action, procedure, or classification. 4 orderliness. 5  prevailing political or social order, esp. Regarded as oppressive.  get a thing out of one's system colloq. Get rid of a preoccupation or anxiety. ",System  ,"1 complex whole; set of connected things or parts; organized body of things. 2 a set of organs in the body with a common structure or function. B human or animal body as a whole. 3 method; scheme of action, procedure, or classification. 4 orderliness. 5  prevailing political or social order, esp. Regarded as oppressive.  get a thing out of one's system colloq. Get rid of a preoccupation or anxiety.",2.8
"Systematic  | 1 methodical; according to a system. 2 regular, deliberate.  systematically adv.",Systematic  ,"1 methodical; according to a system. 2 regular, deliberate.  systematically adv.",2.7
Systematize  |   make systematic.  systematization n.,Systematize  ,make systematic.  systematization n.,2.8
Systemic  | 1 physiol. Of the whole body. 2  Entering the plant via the roots or shoots and freely transported within its tissues.  systemically adv.,Systemic  ,1 physiol. Of the whole body. 2  Entering the plant via the roots or shoots and freely transported within its tissues.  systemically adv.,3.0
Systems analysis  | Analysis of a complex process etc. In order to improve its efficiency esp. By using a computer.  systems analyst n.,Systems analysis  ,Analysis of a complex process etc. In order to improve its efficiency esp. By using a computer.  systems analyst n.,3.3
