Ow  | Expressing sudden pain. ,Ow  ,Expressing sudden pain.,3.2
Owe  |  1 a be under obligation  To pay or repay . B  be in debt. 2 have a duty to render . 3  be indebted to a person or thing for . ,Owe  ,1 a be under obligation  To pay or repay . B  be in debt. 2 have a duty to render . 3  be indebted to a person or thing for .,3.1
Owing  | Adj. 1 owed; yet to be paid. 2  a caused by. B  Because of.,Owing  ,Adj. 1 owed; yet to be paid. 2  a caused by. B  Because of.,3.1
Owl  | 1 nocturnal bird of prey with large eyes and a hooked beak. 2 solemn or wise-looking person.  owlish adj. ,Owl  ,1 nocturnal bird of prey with large eyes and a hooked beak. 2 solemn or wise-looking person.  owlish adj.,2.8
Owlet  | Small or young owl.,Owlet  ,Small or young owl.,2.7
"Own  |  1 a belonging to oneself or itself; not another's . B individual, peculiar, particular . 2 used to emphasize identity rather than possession . 3  Private property . —v. 1 have as property; possess. 2 admit as valid, true, etc. 3 acknowledge paternity, authorship, or possession of.  come into one's own 1 receive one's due. 2 achieve recognition. Get one's own back get revenge. Hold one's own maintain one's position. Of one's own belonging to oneself. On one's own 1 alone, independent. 2 independently, without help. Own up  confess frankly.  -owned adj. . ",Own  ,"1 a belonging to oneself or itself; not another's . B individual, peculiar, particular . 2 used to emphasize identity rather than possession . 3  Private property . —v. 1 have as property; possess. 2 admit as valid, true, etc. 3 acknowledge paternity, authorship, or possession of.  come into one's own 1 receive one's due. 2 achieve recognition. Get one's own back get revenge. Hold one's own maintain one's position. Of one's own belonging to oneself. On one's own 1 alone, independent. 2 independently, without help. Own up  confess frankly.  -owned adj. .",2.7
Own brand  |  Goods manufactured specially for a retailer and bearing the retailer's name.,Own brand  ,Goods manufactured specially for a retailer and bearing the retailer's name.,3.4
Owner  | Person who owns something.  ownership n.,Owner  ,Person who owns something.  ownership n.,2.8
Owner-occupier  | Person who owns and occupies a house.,Owner-occupier  ,Person who owns and occupies a house.,3.1
Own goal  | 1 goal scored by mistake against the scorer's own side. 2 act etc. That has the unintended effect of harming one's own interests.,Own goal  ,1 goal scored by mistake against the scorer's own side. 2 act etc. That has the unintended effect of harming one's own interests.,3.3
Owt  | Colloq. Or dial. Anything. ,Owt  ,Colloq. Or dial. Anything.,3.3
