"Grab  |  1 seize suddenly. 2 take greedily or unfairly. 3 slang attract the attention of, impress. 4  snatch at. 5  act harshly or jerkily. —n. 1 sudden clutch or attempt to seize. 2 mechanical device for clutching. ",Grab  ,"1 seize suddenly. 2 take greedily or unfairly. 3 slang attract the attention of, impress. 4  snatch at. 5  act harshly or jerkily. —n. 1 sudden clutch or attempt to seize. 2 mechanical device for clutching.",2.7
"Grace  —| 1 attractiveness, esp. In elegance of proportion or manner or movement. 2 courteous good will . 3 attractive feature; accomplishment . 4 a  the unmerited favour of god. B state of receiving this. 5 goodwill, favour. 6 delay granted as a favour . 7 short thanksgiving before or after a meal. 8   each of three beautiful sister goddesses, bestowers of beauty and charm. 9   forms of description or address for a duke, duchess, or archbishop. —v.   add grace to; confer honour on .  with good  grace as if willingly . ",Grace  ,"1 attractiveness, esp. In elegance of proportion or manner or movement. 2 courteous good will . 3 attractive feature; accomplishment . 4 a  the unmerited favour of god. B state of receiving this. 5 goodwill, favour. 6 delay granted as a favour . 7 short thanksgiving before or after a meal. 8   each of three beautiful sister goddesses, bestowers of beauty and charm. 9   forms of description or address for a duke, duchess, or archbishop. —v.   add grace to; confer honour on .  with good  grace as if willingly .",3.1
Graceful  | Having or showing grace or elegance.  gracefully adv. Gracefulness n.,Graceful  ,Having or showing grace or elegance.  gracefully adv. Gracefulness n.,3.1
"Graceless  | Lacking grace, elegance, or charm.",Graceless  ,"Lacking grace, elegance, or charm.",2.3
Grace-note  | Mus. Extra note as an embellishment.,Grace-note  ,Mus. Extra note as an embellishment.,3.6
"Gracious  | 1 kind; indulgent and beneficent to inferiors. 2  merciful, benign. —int. Expressing surprise.  graciously adv. Graciousness n. ",Gracious  ,"1 kind; indulgent and beneficent to inferiors. 2  merciful, benign. —int. Expressing surprise.  graciously adv. Graciousness n.",3.2
Gracious living  | Elegant way of life.,Gracious living  ,Elegant way of life.,3.6
Gradate  |  1  pass gradually from one shade to another. 2 arrange in steps or grades of size etc.,Gradate  ,1  pass gradually from one shade to another. 2 arrange in steps or grades of size etc.,3.4
"Gradation  |  1 stage of transition or advance. 2 a certain degree in rank, intensity, etc. B arrangement in such degrees.  gradational adj. ",Gradation  ,"1 stage of transition or advance. 2 a certain degree in rank, intensity, etc. B arrangement in such degrees.  gradational adj.",3.3
"Grade  —| 1 a certain degree in rank, merit, proficiency, etc. B class of persons or things of the same grade. 2 mark indicating the quality of a student's work. 3 us class in school. 4 gradient, slope. —v.  1 arrange in grades. 2  Pass gradually between grades, or into a grade. 3 give a grade to . 4 reduce  To easy gradients. ",Grade  ,"1 a certain degree in rank, merit, proficiency, etc. B class of persons or things of the same grade. 2 mark indicating the quality of a student's work. 3 us class in school. 4 gradient, slope. —v.  1 arrange in grades. 2  Pass gradually between grades, or into a grade. 3 give a grade to . 4 reduce  To easy gradients.",3.3
"Gradient  | 1 stretch of road, railway, etc., that slopes. 2 amount of such a slope. ",Gradient  ,"1 stretch of road, railway, etc., that slopes. 2 amount of such a slope.",3.2
"Gradual  | 1 progressing by degrees. 2 not rapid, steep, or abrupt.  gradually adv. ",Gradual  ,"1 progressing by degrees. 2 not rapid, steep, or abrupt.  gradually adv.",3.2
Gradualism  | Policy of gradual reform.,Gradualism  ,Policy of gradual reform.,2.9
Graduate  —| Person holding an academic degree. —v.  1 obtain an academic degree. 2  move up to . 3 mark out in degrees or parts. 4 arrange in gradations; apportion  according to a scale.  graduation n. ,Graduate  ,Person holding an academic degree. —v.  1 obtain an academic degree. 2  move up to . 3 mark out in degrees or parts. 4 arrange in gradations; apportion  according to a scale.  graduation n.,2.8
Graeco-roman  | Of the greeks and romans.,Graeco-roman  ,Of the greeks and romans.,3.1
"Graffiti  |pl.  writing or drawing scribbled, scratched, or sprayed on a surface. ",Graffiti  ,"pl.  writing or drawing scribbled, scratched, or sprayed on a surface.",2.9
"Graft1  —| 1 bot. A shoot or scion inserted into a slit of stock, from which it receives sap. B place where a graft is inserted. 2 surgery piece of living tissue, organ, etc., transplanted surgically. 3 slang hard work. —v. 1  Insert  as a graft. 2 transplant . 3  insert or fix  permanently to another. 4 slang work hard. ",Graft1  ,"1 bot. A shoot or scion inserted into a slit of stock, from which it receives sap. B place where a graft is inserted. 2 surgery piece of living tissue, organ, etc., transplanted surgically. 3 slang hard work. —v. 1  Insert  as a graft. 2 transplant . 3  insert or fix  permanently to another. 4 slang work hard.",3.2
"Graft2  | —n. 1 practices, esp. Bribery, used to secure illicit gains in politics or business. 2 such gains. —v. Seek or make such gains. ",Graft2  ,"—n. 1 practices, esp. Bribery, used to secure illicit gains in politics or business. 2 such gains. —v. Seek or make such gains.",3.1
Grail  |   cup or platter used by christ at the last supper. ,Grail  ,cup or platter used by christ at the last supper.,2.8
"Grain  —| 1 fruit or seed of a cereal. 2  Wheat or any allied grass used as food; corn. 3 small hard particle of salt, sand, etc. 4 unit of weight, 0.0648 gram. 5 smallest possible quantity . 6 roughness of surface. 7 texture of skin, wood, stone, etc. 8 a pattern of lines of fibre in wood or paper. B lamination in stone etc. —v. 1 paint in imitation of the grain of wood etc. 2 give a granular surface to. 3 form into grains.  against the grain contrary to one's natural inclination or feeling.  grainy adj. . ",Grain  ,"1 fruit or seed of a cereal. 2  Wheat or any allied grass used as food; corn. 3 small hard particle of salt, sand, etc. 4 unit of weight, 0.0648 gram. 5 smallest possible quantity . 6 roughness of surface. 7 texture of skin, wood, stone, etc. 8 a pattern of lines of fibre in wood or paper. B lamination in stone etc. —v. 1 paint in imitation of the grain of wood etc. 2 give a granular surface to. 3 form into grains.  against the grain contrary to one's natural inclination or feeling.  grainy adj. .",2.8
Gram  |  metric unit of mass equal to one-thousandth of a kilogram. ,Gram  ,metric unit of mass equal to one-thousandth of a kilogram.,2.6
Graminaceous  | Of or like grass. ,Graminaceous  ,Of or like grass.,2.8
"Graminivorous  | Feeding on grass, cereals, etc.",Graminivorous  ,"Feeding on grass, cereals, etc.",1.9
Grammar  | 1 the study or rules of a language's inflections or other means of showing the relation between words. 2 observance or application of the rules of grammar . 3 book on grammar. ,Grammar  ,1 the study or rules of a language's inflections or other means of showing the relation between words. 2 observance or application of the rules of grammar . 3 book on grammar.,3.4
Grammarian  | Expert in grammar or linguistics.,Grammarian  ,Expert in grammar or linguistics.,3.3
Grammar school  | Esp. Hist. Selective state secondary school with a mainly academic curriculum.,Grammar school  ,Esp. Hist. Selective state secondary school with a mainly academic curriculum.,3.6
Grammatical  | Of or conforming to the rules of grammar.  grammatically adv.,Grammatical  ,Of or conforming to the rules of grammar.  grammatically adv.,2.9
Gramme  | Of ~gram.,Gramme  ,Of ~gram.,2.1
Gramophone  | = ~record-player. ,Gramophone  ,= ~record-player.,2.3
Gramophone record  = ~record | 3.,Gramophone record  ,3.,3.2
Grampus  |  a kind of dolphin with a blunt snout. ,Grampus  ,a kind of dolphin with a blunt snout.,2.3
Gran  | Colloq. Grandmother. ,Gran  ,Colloq. Grandmother.,2.7
Granadilla  | Passion-fruit. ,Granadilla  ,Passion-fruit.,3.0
"Granary  |  1 storehouse for threshed grain. 2 region producing, and esp. Exporting, much corn. ",Granary  ,"1 storehouse for threshed grain. 2 region producing, and esp. Exporting, much corn.",2.7
"Grand  | 1 splendid, magnificent, imposing, dignified. 2 main; of chief importance. 3  of the highest rank . 4 colloq. Excellent, enjoyable. 5 belonging to high society. 6   denoting the second degree of ascent or descent . —n. 1 = ~grand piano. 2   Esp. Us slang a thousand dollars or pounds.  grandly adv. Grandness n. ",Grand  ,"1 splendid, magnificent, imposing, dignified. 2 main; of chief importance. 3  of the highest rank . 4 colloq. Excellent, enjoyable. 5 belonging to high society. 6   denoting the second degree of ascent or descent . —n. 1 = ~grand piano. 2   Esp. Us slang a thousand dollars or pounds.  grandly adv. Grandness n.",2.8
Grandad  |  colloq. 1 grandfather. 2 elderly man.,Grandad  ,colloq. 1 grandfather. 2 elderly man.,2.8
Grandchild  | Child of one's son or daughter.,Grandchild  ,Child of one's son or daughter.,3.1
Granddaughter  | Female grandchild.,Granddaughter  ,Female grandchild.,3.2
Grandee  | 1 spanish or portuguese nobleman of the highest rank. 2 person of high rank. ,Grandee  ,1 spanish or portuguese nobleman of the highest rank. 2 person of high rank.,2.7
"Grandeur  | 1 majesty, splendour; dignity of appearance or bearing. 2 high rank, eminence. 3 nobility of character. ",Grandeur  ,"1 majesty, splendour; dignity of appearance or bearing. 2 high rank, eminence. 3 nobility of character.",3.0
Grandfather  | Male grandparent.,Grandfather  ,Male grandparent.,2.8
"Grandfather clock  | Clock in a tall wooden case, driven by weights.",Grandfather clock  ,"Clock in a tall wooden case, driven by weights.",3.6
Grandiloquent  | Pompous or inflated in language.  grandiloquence n. ,Grandiloquent  ,Pompous or inflated in language.  grandiloquence n.,2.0
Grandiose  | 1 producing or meant to produce an imposing effect. 2 planned on an ambitious scale.  grandiosity n. ,Grandiose  ,1 producing or meant to produce an imposing effect. 2 planned on an ambitious scale.  grandiosity n.,2.6
Grand jury  | Esp. Us jury selected to examine the validity of an accusation prior to trial.,Grand jury  ,Esp. Us jury selected to examine the validity of an accusation prior to trial.,2.8
Grandma  | Colloq. Grandmother.,Grandma  ,Colloq. Grandmother.,3.3
Grand mal  | Serious form of epilepsy with loss of consciousness. ,Grand mal  ,Serious form of epilepsy with loss of consciousness.,1.8
Grand master  | Chess-player of the highest class.,Grand master  ,Chess-player of the highest class.,3.3
Grandmother  | Female grandparent.,Grandmother  ,Female grandparent.,2.7
"Grand national  | Steeplechase held annually at aintree, liverpool.",Grand national  ,"Steeplechase held annually at aintree, liverpool.",3.5
"Grand opera  | Opera on a serious theme, or in which the entire libretto  is sung.",Grand opera  ,"Opera on a serious theme, or in which the entire libretto  is sung.",3.2
Grandpa  | Colloq. Grandfather.,Grandpa  ,Colloq. Grandfather.,2.9
Grandparent  | Parent of one's father or mother.,Grandparent  ,Parent of one's father or mother.,3.0
Grand piano  | Large full-toned piano with horizontal strings.,Grand piano  ,Large full-toned piano with horizontal strings.,3.2
Grand prix  | Any of several important international motor or motor-cycle racing events. ,Grand prix  ,Any of several important international motor or motor-cycle racing events.,3.7
Grandsire  | Archaic grandfather.,Grandsire  ,Archaic grandfather.,3.2
Grand slam  | 1 sport winning of all of a group of matches etc. 2 bridge winning of 13 tricks.,Grand slam  ,1 sport winning of all of a group of matches etc. 2 bridge winning of 13 tricks.,4.1
Grandson  | Male grandchild.,Grandson  ,Male grandchild.,2.7
Grandstand  | Main stand for spectators at a racecourse etc.,Grandstand  ,Main stand for spectators at a racecourse etc.,3.4
Grand total  | Sum of other totals.,Grand total  ,Sum of other totals.,3.5
Grand tour  | Hist. Cultural tour of europe.,Grand tour  ,Hist. Cultural tour of europe.,3.1
Grange  | Country house with farm-buildings. ,Grange  ,Country house with farm-buildings.,3.3
Graniferous  | Producing grain or a grainlike seed. ,Graniferous  ,Producing grain or a grainlike seed.,2.3
"Granite  | Granular crystalline rock of quartz, mica, etc., used for building. ",Granite  ,"Granular crystalline rock of quartz, mica, etc., used for building.",2.8
Granivorous  | Feeding on grain. ,Granivorous  ,Feeding on grain.,2.6
Granny  |   colloq. Grandmother. ,Granny  ,colloq. Grandmother.,2.9
Granny flat  | Part of a house made into self-contained accommodation for an elderly relative.,Granny flat  ,Part of a house made into self-contained accommodation for an elderly relative.,2.8
Granny knot  | Reef-knot crossed the wrong way and therefore insecure.,Granny knot  ,Reef-knot crossed the wrong way and therefore insecure.,2.7
Grant  | 1 a consent to fulfil . B allow  to have . 2 give formally; transfer legally. 3  admit as true; concede. —n. 1 process of granting. 2 sum of money given by the state. 3 legal conveyance by written instrument.  take for granted 1 assume something to be true or valid. 2 cease to appreciate through familiarity.  grantor n. . ,Grant  ,1 a consent to fulfil . B allow  to have . 2 give formally; transfer legally. 3  admit as true; concede. —n. 1 process of granting. 2 sum of money given by the state. 3 legal conveyance by written instrument.  take for granted 1 assume something to be true or valid. 2 cease to appreciate through familiarity.  grantor n. .,2.7
Grant-maintained  |  funded by central rather than local government.,Grant-maintained  ,funded by central rather than local government.,3.4
Granular  | Of or like grains or granules.  granularity n. ,Granular  ,Of or like grains or granules.  granularity n.,2.6
Granulate  |  1 form into grains. 2 roughen the surface of.  granulation n.,Granulate  ,1 form into grains. 2 roughen the surface of.  granulation n.,2.7
Granule  | Small grain. ,Granule  ,Small grain.,2.7
"Grape  | Berry  growing in clusters on a vine, used as fruit and in making wine. ",Grape  ,"Berry  growing in clusters on a vine, used as fruit and in making wine.",2.8
Grapefruit  |  large round usu. Yellow citrus fruit.,Grapefruit  ,large round usu. Yellow citrus fruit.,3.0
Grape hyacinth  | Plant of the lily family with clusters of usu. Blue flowers.,Grape hyacinth  ,Plant of the lily family with clusters of usu. Blue flowers.,2.8
Grapeshot  | Hist. Small balls used as charge in a cannon and scattering when fired.,Grapeshot  ,Hist. Small balls used as charge in a cannon and scattering when fired.,2.6
Grapevine  | 1 vine. 2 colloq. The means of transmission of a rumour.,Grapevine  ,1 vine. 2 colloq. The means of transmission of a rumour.,2.5
"Graph  —| Diagram showing the relation between variable quantities, usu. Of two variables, each measured along one of a pair of axes. —v. Plot or trace on a graph. ",Graph  ,"Diagram showing the relation between variable quantities, usu. Of two variables, each measured along one of a pair of axes. —v. Plot or trace on a graph.",2.8
"Graphic  | 1 of or relating to the visual or descriptive arts, esp. Writing and drawing. 2 vividly descriptive.  graphically adv. ",Graphic  ,"1 of or relating to the visual or descriptive arts, esp. Writing and drawing. 2 vividly descriptive.  graphically adv.",3.0
Graphic arts  |pl. Visual and technical arts involving design or the use of lettering.,Graphic arts  ,pl. Visual and technical arts involving design or the use of lettering.,3.1
Graphic novel  | Novel in comic-strip format.,Graphic novel  ,Novel in comic-strip format.,3.1
Graphics  |pl.  1 products of the graphic arts. 2 use of diagrams in calculation and design.,Graphics  ,pl.  1 products of the graphic arts. 2 use of diagrams in calculation and design.,4.3
"Graphite  | Crystalline allotropic form of carbon used as a lubricant, in pencils, etc.  graphitic adj. ",Graphite  ,"Crystalline allotropic form of carbon used as a lubricant, in pencils, etc.  graphitic adj.",3.0
"Graphology  | The study of handwriting, esp. As a supposed guide to character.  graphologist n. ",Graphology  ,"The study of handwriting, esp. As a supposed guide to character.  graphologist n.",3.0
Graph paper  | Paper printed with a network of lines as a basis for drawing graphs.,Graph paper  ,Paper printed with a network of lines as a basis for drawing graphs.,2.9
"Grapnel  | 1 device with iron claws, for dragging or grasping. 2 small anchor with several flukes. ",Grapnel  ,"1 device with iron claws, for dragging or grasping. 2 small anchor with several flukes.",2.9
Grapple  |  1  fight in close combat. 2  try to manage . 3 a grip with the hands; come to close quarters with. B seize with or as with a grapnel. —n. 1 a hold or grip in or as in wrestling. B contest at close quarters. 2 clutching-instrument; grapnel. ,Grapple  ,1  fight in close combat. 2  try to manage . 3 a grip with the hands; come to close quarters with. B seize with or as with a grapnel. —n. 1 a hold or grip in or as in wrestling. B contest at close quarters. 2 clutching-instrument; grapnel.,2.7
Grappling-iron  |  = ~grapnel.,Grappling-iron  ,= ~grapnel.,2.8
Grasp  | 1 a clutch at; seize greedily. B hold firmly. 2  try to seize; accept avidly. 3 understand or realize . —n. 1 firm hold; grip. 2  a mastery . B mental hold.  grasp the nettle tackle a difficulty boldly. ,Grasp  ,1 a clutch at; seize greedily. B hold firmly. 2  try to seize; accept avidly. 3 understand or realize . —n. 1 firm hold; grip. 2  a mastery . B mental hold.  grasp the nettle tackle a difficulty boldly.,2.7
Grasping  | Avaricious.,Grasping  ,Avaricious.,2.6
"Grass  —| 1 a any of a group of wild plants with green blades that are eaten by ruminants. B plant of the family which includes cereals, reeds, and bamboos. 2 pasture land. 3 grass-covered ground, lawn. 4 grazing . 5 slang marijuana. 6 slang informer. —v. 1 cover with turf. 2 us provide with pasture. 3 slang a betray, esp. To the police. B inform the police.  grassy adj. . ",Grass  ,"1 a any of a group of wild plants with green blades that are eaten by ruminants. B plant of the family which includes cereals, reeds, and bamboos. 2 pasture land. 3 grass-covered ground, lawn. 4 grazing . 5 slang marijuana. 6 slang informer. —v. 1 cover with turf. 2 us provide with pasture. 3 slang a betray, esp. To the police. B inform the police.  grassy adj. .",2.8
Grasshopper  | Jumping and chirping insect.,Grasshopper  ,Jumping and chirping insect.,3.4
"Grassland  | Large open area covered with grass, esp. Used for grazing.",Grassland  ,"Large open area covered with grass, esp. Used for grazing.",3.0
"Grass roots  |pl. 1 fundamental level or source. 2 ordinary people; rank and file of an organization, esp. A political party.",Grass roots  ,"pl. 1 fundamental level or source. 2 ordinary people; rank and file of an organization, esp. A political party.",2.8
Grass snake  | Common harmless european snake.,Grass snake  ,Common harmless european snake.,2.3
Grass widow  |  person whose husband  is away for a prolonged period.,Grass widow  ,person whose husband  is away for a prolonged period.,2.6
Grate1  |  1 reduce to small particles by rubbing on a serrated surface. 2  rub with a harsh scraping sound. 3 utter in a harsh tone. 4  a sound harshly. B have an irritating effect.,Grate1  ,1 reduce to small particles by rubbing on a serrated surface. 2  rub with a harsh scraping sound. 3 utter in a harsh tone. 4  a sound harshly. B have an irritating effect.,3.0
Grate2  | 1 fireplace or furnace. 2 metal frame confining fuel in this. ,Grate2  ,1 fireplace or furnace. 2 metal frame confining fuel in this.,2.8
"Grateful  | 1 thankful; feeling or showing gratitude. 2 pleasant, acceptable.  gratefully adv. ",Grateful  ,"1 thankful; feeling or showing gratitude. 2 pleasant, acceptable.  gratefully adv.",3.2
"Gratify  |  1 a please, delight. B please by compliance. 2 yield to .  gratification n. ",Gratify  ,"1 a please, delight. B please by compliance. 2 yield to .  gratification n.",3.1
"Grating  | 1 framework of parallel or crossed metal bars. 2 optics set of parallel wires, lines ruled on glass, etc.",Grating  ,"1 framework of parallel or crossed metal bars. 2 optics set of parallel wires, lines ruled on glass, etc.",2.6
Gratis  | Free; without charge. ,Gratis  ,Free; without charge.,3.5
Gratitude  | Being thankful; readiness to return kindness. ,Gratitude  ,Being thankful; readiness to return kindness.,3.0
Gratuitous  | 1 given or done free of charge. 2 uncalled-for; lacking good reason.  gratuitously adv. Gratuitousness n. ,Gratuitous  ,1 given or done free of charge. 2 uncalled-for; lacking good reason.  gratuitously adv. Gratuitousness n.,2.2
Gratuity  |  = ~tip3 n. 1. ,Gratuity  ,= ~tip3 n. 1.,3.1
Grave1  | 1 trench dug in the ground for the burial of a corpse; mound or memorial stone placed over this. 2  death. ,Grave1  ,1 trench dug in the ground for the burial of a corpse; mound or memorial stone placed over this. 2  death.,2.6
"Grave2  | 1 a serious, weighty, important. B dignified, solemn, sombre. 2 extremely serious or threatening. —n. = ~grave accent.  gravely adv. ",Grave2  ,"1 a serious, weighty, important. B dignified, solemn, sombre. 2 extremely serious or threatening. —n. = ~grave accent.  gravely adv.",2.5
"Grave3  |  1  fix indelibly . 2 archaic engrave, carve. ",Grave3  ,"1  fix indelibly . 2 archaic engrave, carve.",2.6
"Grave accent  | A mark  placed over a vowel to denote pronunciation, length, etc.",Grave accent  ,"A mark  placed over a vowel to denote pronunciation, length, etc.",3.0
Gravedigger  | Person who digs graves.,Gravedigger  ,Person who digs graves.,2.9
"Gravel  —| 1 mixture of coarse sand and small stones, used for paths etc. 2 med. Aggregations of crystals formed in the urinary tract. —v.  lay or strew with gravel. ",Gravel  ,"1 mixture of coarse sand and small stones, used for paths etc. 2 med. Aggregations of crystals formed in the urinary tract. —v.  lay or strew with gravel.",2.8
Gravelly  | 1 of or like gravel. 2  deep and rough-sounding.,Gravelly  ,1 of or like gravel. 2  deep and rough-sounding.,3.0
Graven  | Of ~grave3.,Graven  ,Of ~grave3.,2.8
Graven image  | Idol.,Graven image  ,Idol.,3.0
Graves  | Light usu. White wine from graves in france.,Graves  ,Light usu. White wine from graves in france.,2.7
Gravestone  | Stone  marking a grave.,Gravestone  ,Stone  marking a grave.,3.0
Graveyard  | Burial ground.,Graveyard  ,Burial ground.,3.2
Gravid  | Pregnant. ,Gravid  ,Pregnant.,2.7
Gravimeter  | Instrument measuring the difference in the force of gravity between two places. ,Gravimeter  ,Instrument measuring the difference in the force of gravity between two places.,3.2
Gravimetry  | Measurement of weight.  gravimetric adj.,Gravimetry  ,Measurement of weight.  gravimetric adj.,3.4
Gravitate  |  1  move or be attracted to. 2 a move or tend by force of gravity towards. B sink by or as if by gravity. ,Gravitate  ,1  move or be attracted to. 2 a move or tend by force of gravity towards. B sink by or as if by gravity.,3.1
"Gravitation  | Physics 1 force of attraction between any particle of matter in the universe and any other. 2 effect of this, esp. The falling of bodies to the earth.  gravitational adj.",Gravitation  ,"Physics 1 force of attraction between any particle of matter in the universe and any other. 2 effect of this, esp. The falling of bodies to the earth.  gravitational adj.",3.0
"Gravity  | 1 a force that attracts a body to the centre of the earth etc. B degree of intensity of this. C gravitational force. 2 property of having weight. 3 a importance, seriousness. B solemnity. ",Gravity  ,"1 a force that attracts a body to the centre of the earth etc. B degree of intensity of this. C gravitational force. 2 property of having weight. 3 a importance, seriousness. B solemnity.",2.7
"Gravy  |  1 juices exuding from meat during and after cooking. 2 sauce for food, made from these etc. ",Gravy  ,"1 juices exuding from meat during and after cooking. 2 sauce for food, made from these etc.",2.9
Gravy-boat  | Boat-shaped vessel for serving gravy.,Gravy-boat  ,Boat-shaped vessel for serving gravy.,3.1
Gravy train  | Slang source of easy financial benefit.,Gravy train  ,Slang source of easy financial benefit.,3.2
"Gray   | 1 of a colour intermediate between black and white. 2 dull, dismal. 3 a  turning white with age etc. B having grey hair. 4 anonymous, unidentifiable. —n. 1 a grey colour or pigment. B grey clothes or material . 2 grey or white horse. —v. Make or become grey.  greyish adj. Greyness n. ",Gray   ,"1 of a colour intermediate between black and white. 2 dull, dismal. 3 a  turning white with age etc. B having grey hair. 4 anonymous, unidentifiable. —n. 1 a grey colour or pigment. B grey clothes or material . 2 grey or white horse. —v. Make or become grey.  greyish adj. Greyness n.",2.8
Grayling  |  silver-grey freshwater fish. ,Grayling  ,silver-grey freshwater fish.,2.7
Graze1  |  1  Eat growing grass. 2 a feed  On growing grass. B feed on . 3 pasture cattle. ,Graze1  ,1  Eat growing grass. 2 a feed  On growing grass. B feed on . 3 pasture cattle.,3.0
Graze2  |  1 rub or scrape . 2 a touch lightly in passing. B  Move with a light passing contact. —n. Abrasion. ,Graze2  ,1 rub or scrape . 2 a touch lightly in passing. B  Move with a light passing contact. —n. Abrasion.,3.0
Grazier  | 1 person who feeds cattle for market. 2 austral. Large-scale sheep-farmer etc. ,Grazier  ,1 person who feeds cattle for market. 2 austral. Large-scale sheep-farmer etc.,2.6
Grazing  | Grassland suitable for pasturage.,Grazing  ,Grassland suitable for pasturage.,2.9
"Grease  —| 1 oily or fatty matter, esp. As a lubricant. 2 melted fat of a dead animal. —v.  smear or lubricate with grease.  grease the palm of colloq. Bribe. ",Grease  ,"1 oily or fatty matter, esp. As a lubricant. 2 melted fat of a dead animal. —v.  smear or lubricate with grease.  grease the palm of colloq. Bribe.",2.7
Greasepaint  | Make-up used by actors.,Greasepaint  ,Make-up used by actors.,2.8
Greaseproof  | Impervious to grease.,Greaseproof  ,Impervious to grease.,2.9
Greaser  | Slang member of a gang of youths with long hair and motor cycles.,Greaser  ,Slang member of a gang of youths with long hair and motor cycles.,3.0
Greasy  |  1 a of or like grease. B smeared or covered with grease. C containing or having too much grease. 2 a slippery. B  unpleasantly unctuous.  greasily adv. Greasiness n.,Greasy  ,1 a of or like grease. B smeared or covered with grease. C containing or having too much grease. 2 a slippery. B  unpleasantly unctuous.  greasily adv. Greasiness n.,3.0
"Great  | 1 a of a size, amount, extent, or intensity considerably above the normal or average . B also with implied admiration, contempt, etc., esp. In exclamations . C reinforcing other words denoting size, quantity, etc. . 2 important, pre-eminent . 3 grand, imposing . 4 distinguished. 5 remarkable in ability, character, etc. . 6  competent, well-informed. 7 fully deserving the name of; doing a thing extensively . 8  the larger of the name, species, etc. . 9 colloq. Very enjoyable or satisfactory . 10   denoting one degree further removed upwards or downwards . —n. 1 great or outstanding person or thing. 2   colloq.  honours course or final examinations in classics and philosophy.  greatness n. ",Great  ,"1 a of a size, amount, extent, or intensity considerably above the normal or average . B also with implied admiration, contempt, etc., esp. In exclamations . C reinforcing other words denoting size, quantity, etc. . 2 important, pre-eminent . 3 grand, imposing . 4 distinguished. 5 remarkable in ability, character, etc. . 6  competent, well-informed. 7 fully deserving the name of; doing a thing extensively . 8  the larger of the name, species, etc. . 9 colloq. Very enjoyable or satisfactory . 10   denoting one degree further removed upwards or downwards . —n. 1 great or outstanding person or thing. 2   colloq.  honours course or final examinations in classics and philosophy.  greatness n.",2.8
Great bear  see ~bear2.,Great bear  see ,Great bear  see ~bear2.,2.7
Great circle  | Circle on the surface of a sphere whose plane passes through the sphere's centre.,Great circle  ,Circle on the surface of a sphere whose plane passes through the sphere's centre.,3.3
Greatcoat  | Heavy overcoat.,Greatcoat  ,Heavy overcoat.,2.7
Great dane  | Dog of a large short-haired breed.,Great dane  ,Dog of a large short-haired breed.,3.2
Great deal  | = ~deal1 n. 1.,Great deal  ,= ~deal1 n. 1.,3.3
Greatly  | Much; by a considerable amount .,Greatly  ,Much; by a considerable amount .,2.8
Great tit  | Eurasian songbird with black and white head markings.,Great tit  ,Eurasian songbird with black and white head markings.,2.8
Great war  | World war of 1914–18.,Great war  ,World war of 1914–18.,3.3
Greave  |  Armour for the shin. ,Greave  ,Armour for the shin.,2.9
Grebe  | A kind of diving bird. ,Grebe  ,A kind of diving bird.,3.0
Grecian  |  greek. ,Grecian  ,greek.,2.9
Grecian nose  | Straight nose that continues the line of the forehead without a dip.,Grecian nose  ,Straight nose that continues the line of the forehead without a dip.,2.8
"Greed  | Excessive desire, esp. For food or wealth. ",Greed  ,"Excessive desire, esp. For food or wealth.",2.5
Greedy  |  1 having or showing greed. 2  Very eager.  greedily adv. Greediness n. ,Greedy  ,1 having or showing greed. 2  Very eager.  greedily adv. Greediness n.,2.6
Greek  —| 1 a native or national of greece. B person of greek descent. 2 language of greece. —adj. Of greece or its people or language; hellenic.  greek to me colloq. Incomprehensible to me. ,Greek  ,1 a native or national of greece. B person of greek descent. 2 language of greece. —adj. Of greece or its people or language; hellenic.  greek to me colloq. Incomprehensible to me.,2.7
Greek cross  | Cross with four equal arms.,Greek cross  ,Cross with four equal arms.,3.0
"Green  | 1 of the colour between blue and yellow in the spectrum; coloured like grass. 2 covered with leaves or grass. 3  unripe or unseasoned. 4 not dried, smoked, or tanned. 5 inexperienced, gullible. 6 a  pale, sickly-hued. B jealous, envious. 7 young, flourishing. 8 not withered or worn out .",Green  ,"1 of the colour between blue and yellow in the spectrum; coloured like grass. 2 covered with leaves or grass. 3  unripe or unseasoned. 4 not dried, smoked, or tanned. 5 inexperienced, gullible. 6 a  pale, sickly-hued. B jealous, envious. 7 young, flourishing. 8 not withered or worn out .",2.7
"Green belt  | Area of open land round a city, designated for preservation.",Green belt  ,"Area of open land round a city, designated for preservation.",2.8
Green card  | International insurance document for motorists.,Green card  ,International insurance document for motorists.,3.2
Greenery  | Green foliage or growing plants.,Greenery  ,Green foliage or growing plants.,2.8
Green-eyed  | Colloq. Jealous.,Green-eyed  ,Colloq. Jealous.,3.3
Greenfinch  | Finch with green and yellow plumage.,Greenfinch  ,Finch with green and yellow plumage.,3.0
Green fingers  | Colloq. Skill in growing plants.,Green fingers  ,Colloq. Skill in growing plants.,2.7
Greenfly  | 1 green aphid. 2 these collectively.,Greenfly  ,1 green aphid. 2 these collectively.,3.0
Greengage  | Roundish green variety of plum. ,Greengage  ,Roundish green variety of plum.,2.8
Greengrocer  | Retailer of fruit and vegetables.,Greengrocer  ,Retailer of fruit and vegetables.,3.0
Greengrocery  |  1 greengrocer's business. 2 goods sold by a greengrocer.,Greengrocery  ,1 greengrocer's business. 2 goods sold by a greengrocer.,2.5
Greenhorn  | Inexperienced person; new recruit.,Greenhorn  ,Inexperienced person; new recruit.,3.0
"Greenhouse  | Light structure with the sides and roof mainly of glass, for rearing plants.",Greenhouse  ,"Light structure with the sides and roof mainly of glass, for rearing plants.",2.9
"Greenhouse effect  | Trapping of the sun's warmth in the lower atmosphere of the earth, caused by an increase in carbon dioxide, methane, etc.",Greenhouse effect  ,"Trapping of the sun's warmth in the lower atmosphere of the earth, caused by an increase in carbon dioxide, methane, etc.",3.0
"Greenhouse gas  | Any of the gases, esp. Carbon dioxide and methane, that contribute to the greenhouse effect.",Greenhouse gas  ,"Any of the gases, esp. Carbon dioxide and methane, that contribute to the greenhouse effect.",2.8
"Green light  | 1 signal to proceed on a road, railway, etc. 2 colloq. Permission to proceed with a project.",Green light  ,"1 signal to proceed on a road, railway, etc. 2 colloq. Permission to proceed with a project.",3.0
"Green paper  | Preliminary report of government proposals, for discussion.",Green paper  ,"Preliminary report of government proposals, for discussion.",2.9
Green pound  | Exchange rate for the pound for payments for agricultural produce in the ec.,Green pound  ,Exchange rate for the pound for payments for agricultural produce in the ec.,2.8
Green revolution  | Greatly increased crop production in underdeveloped countries.,Green revolution  ,Greatly increased crop production in underdeveloped countries.,2.8
Green-room  | Room in a theatre for actors and actresses who are off stage.,Green-room  ,Room in a theatre for actors and actresses who are off stage.,3.2
"Green-stick fracture  | Bone-fracture, esp. In children, in which one side of the bone is broken and one only bent.",Green-stick fracture  ,"Bone-fracture, esp. In children, in which one side of the bone is broken and one only bent.",3.2
Greenstuff  | Vegetation; green vegetables.,Greenstuff  ,Vegetation; green vegetables.,3.0
Greensward  | Expanse of grassy turf.,Greensward  ,Expanse of grassy turf.,2.3
Green tea  | Tea made from steam-dried leaves.,Green tea  ,Tea made from steam-dried leaves.,3.0
"Greenwich mean time  | Local time on the meridian of greenwich, used as an international basis of time-reckoning.",Greenwich mean time  ,"Local time on the meridian of greenwich, used as an international basis of time-reckoning.",2.8
Greenwood  | A wood in summer.,Greenwood  ,A wood in summer.,2.8
Greeny  | Greenish.,Greeny  ,Greenish.,2.4
Greet1  | 1 address politely or welcomingly on meeting or arrival. 2 receive or acknowledge in a specified way. 3  Become apparent to or noticed by. ,Greet1  ,1 address politely or welcomingly on meeting or arrival. 2 receive or acknowledge in a specified way. 3  Become apparent to or noticed by.,2.7
Greet2  | Scot. Weep. ,Greet2  ,Scot. Weep.,2.7
"Greeting  | 1 act or instance of welcoming etc. 2 words, gestures, etc., used to greet a person. 3  Expression of goodwill.",Greeting  ,"1 act or instance of welcoming etc. 2 words, gestures, etc., used to greet a person. 3  Expression of goodwill.",2.3
Greetings card  | Decorative card sent to convey greetings.,Greetings card  ,Decorative card sent to convey greetings.,3.2
Gregarious  | 1 fond of company. 2 living in flocks or communities.  gregariousness n. ,Gregarious  ,1 fond of company. 2 living in flocks or communities.  gregariousness n.,2.5
Gregorian calendar  | Calendar introduced in 1582 by pope gregory xiii.,Gregorian calendar  ,Calendar introduced in 1582 by pope gregory xiii.,3.2
"Gregorian chant  | Plainsong ritual music, named after pope gregory i.",Gregorian chant  ,"Plainsong ritual music, named after pope gregory i.",2.7
Gremlin  | Colloq. Imaginary mischievous sprite regarded as responsible for mechanical faults etc. ,Gremlin  ,Colloq. Imaginary mischievous sprite regarded as responsible for mechanical faults etc.,3.1
Grenade  | Small bomb thrown by hand  or shot from a rifle. ,Grenade  ,Small bomb thrown by hand  or shot from a rifle.,2.8
Grenadier  | 1  first regiment of the royal household infantry. 2 hist. Soldier armed with grenades.,Grenadier  ,1  first regiment of the royal household infantry. 2 hist. Soldier armed with grenades.,3.2
Grew  past of ~grow.,Grew  past of ,Grew  past of ~grow.,3.1
"Grey   | 1 of a colour intermediate between black and white. 2 dull, dismal. 3 a  turning white with age etc. B having grey hair. 4 anonymous, unidentifiable. —n. 1 a grey colour or pigment. B grey clothes or material . 2 grey or white horse. —v. Make or become grey.  greyish adj. Greyness n. ",Grey   ,"1 of a colour intermediate between black and white. 2 dull, dismal. 3 a  turning white with age etc. B having grey hair. 4 anonymous, unidentifiable. —n. 1 a grey colour or pigment. B grey clothes or material . 2 grey or white horse. —v. Make or become grey.  greyish adj. Greyness n.",2.8
Grey area  | Situation or topic not clearly defined.,Grey area  ,Situation or topic not clearly defined.,2.6
Grey friar  | Franciscan friar.,Grey friar  ,Franciscan friar.,3.3
Greyhound  | Dog of a tall slender breed capable of high speed. ,Greyhound  ,Dog of a tall slender breed capable of high speed.,2.8
Greylag  |  european wild goose. ,Greylag  ,european wild goose.,3.3
Grey matter  | 1 the darker tissues of the brain and spinal cord. 2 colloq. Intelligence.,Grey matter  ,1 the darker tissues of the brain and spinal cord. 2 colloq. Intelligence.,2.6
Grey squirrel  | American squirrel brought to europe in the 19th c.,Grey squirrel  ,American squirrel brought to europe in the 19th c.,3.0
"Grid  | 1 grating. 2 system of numbered squares printed on a map and forming the basis of map references. 3 network of lines, electric-power connections, gas-supply lines, etc. 4 pattern of lines marking the starting-places on a motor-racing track. 5 perforated electrode controlling the flow of electrons in a thermionic valve etc. 6 arrangement of town streets in a rectangular pattern. ",Grid  ,"1 grating. 2 system of numbered squares printed on a map and forming the basis of map references. 3 network of lines, electric-power connections, gas-supply lines, etc. 4 pattern of lines marking the starting-places on a motor-racing track. 5 perforated electrode controlling the flow of electrons in a thermionic valve etc. 6 arrangement of town streets in a rectangular pattern.",3.1
Griddle  | Circular iron plate placed over a source of heat for baking etc. ,Griddle  ,Circular iron plate placed over a source of heat for baking etc.,2.7
Gridiron  | Cooking utensil of metal bars for broiling or grilling. ,Gridiron  ,Cooking utensil of metal bars for broiling or grilling.,2.7
Grief  | 1 intense sorrow. 2 cause of this.  come to grief meet with disaster. ,Grief  ,1 intense sorrow. 2 cause of this.  come to grief meet with disaster.,2.6
Grievance  | Real or fancied cause for complaint. ,Grievance  ,Real or fancied cause for complaint.,2.9
Grieve  |  1 cause grief to. 2 suffer grief. ,Grieve  ,1 cause grief to. 2 suffer grief.,2.6
"Grievous  | 1  Severe. 2 causing grief. 3 injurious. 4 flagrant, heinous.  grievously adv. ",Grievous  ,"1  Severe. 2 causing grief. 3 injurious. 4 flagrant, heinous.  grievously adv.",2.9
Grievous bodily harm  | Law serious injury inflicted intentionally.,Grievous bodily harm  ,Law serious injury inflicted intentionally.,2.6
Griffin  |  fabulous creature with an eagle's head and wings and a lion's body. ,Griffin  ,fabulous creature with an eagle's head and wings and a lion's body.,2.9
Griffon  | 1 dog of a small terrier-like breed. 2 large vulture. 3 = ~griffin. ,Griffon  ,1 dog of a small terrier-like breed. 2 large vulture. 3 = ~griffin.,3.0
Grill  —| 1 a device on a cooker for radiating heat downwards. B = ~gridiron. 2 food cooked on a grill. 3  restaurant specializing in grilled food. —v. 1 cook or be cooked under a grill or on a gridiron. 2 subject or be subjected to extreme heat. 3 subject to severe questioning. ,Grill  ,1 a device on a cooker for radiating heat downwards. B = ~gridiron. 2 food cooked on a grill. 3  restaurant specializing in grilled food. —v. 1 cook or be cooked under a grill or on a gridiron. 2 subject or be subjected to extreme heat. 3 subject to severe questioning.,2.6
"Grille  |  1 grating or latticed screen, used as a partition etc. 2 metal grid protecting the radiator of a vehicle.",Grille  ,"1 grating or latticed screen, used as a partition etc. 2 metal grid protecting the radiator of a vehicle.",2.7
Grilse  |  young salmon that has returned to fresh water from the sea for the first time. ,Grilse  ,young salmon that has returned to fresh water from the sea for the first time.,2.8
"Grim  |  1 of stern or forbidding appearance. 2 harsh, merciless. 3 ghastly, joyless . 4 unpleasant, unattractive.  grimly adv. Grimness n. ",Grim  ,"1 of stern or forbidding appearance. 2 harsh, merciless. 3 ghastly, joyless . 4 unpleasant, unattractive.  grimly adv. Grimness n.",2.6
Grimace  —| Distortion of the face made in disgust etc. Or to amuse. —v.  make a grimace. ,Grimace  ,Distortion of the face made in disgust etc. Or to amuse. —v.  make a grimace.,2.6
Grime  —| Soot or dirt ingrained in a surface. —v.  blacken with grime; befoul.  griminess n. Grimy adj. . ,Grime  ,Soot or dirt ingrained in a surface. —v.  blacken with grime; befoul.  griminess n. Grimy adj. .,2.6
"Grin  |  1 a smile broadly, showing the teeth. B make a forced, unrestrained, or stupid smile. 2 express by grinning. —n. Act of grinning.  grin and bear it take pain etc. Stoically. ",Grin  ,"1 a smile broadly, showing the teeth. B make a forced, unrestrained, or stupid smile. 2 express by grinning. —n. Act of grinning.  grin and bear it take pain etc. Stoically.",2.7
Grind  |  1 reduce to small particles or powder by crushing. 2 a sharpen or smooth by friction. B rub or rub together gratingly. 3  oppress; harass with exactions. 4 a  work or study hard. B  produce with effort. —n. 1 act or instance of grinding. 2 colloq. Hard dull work . 3 size of ground particles.  grind to a halt stop laboriously.,Grind  ,1 reduce to small particles or powder by crushing. 2 a sharpen or smooth by friction. B rub or rub together gratingly. 3  oppress; harass with exactions. 4 a  work or study hard. B  produce with effort. —n. 1 act or instance of grinding. 2 colloq. Hard dull work . 3 size of ground particles.  grind to a halt stop laboriously.,2.7
"Grinder  | 1 person or thing that grinds, esp. A machine. 2 molar tooth.",Grinder  ,"1 person or thing that grinds, esp. A machine. 2 molar tooth.",2.7
"Grindstone  | 1 thick revolving disc used for grinding, sharpening, and polishing. 2 a kind of stone used for this.  keep one's nose to the grindstone work hard and continuously.",Grindstone  ,"1 thick revolving disc used for grinding, sharpening, and polishing. 2 a kind of stone used for this.  keep one's nose to the grindstone work hard and continuously.",2.3
"Grip  |  1 a grasp tightly. B take a firm hold, esp. By friction. 2 compel the attention of. —n. 1 a firm hold; tight grasp. B manner of grasping or holding. 2 power of holding attention. 3 a intellectual mastery. B effective control of one's behaviour etc. . 4 a part of a machine that grips. B part by which a weapon etc. Is held. 5 = ~hairgrip. 6 travelling bag.  come  to grips with approach purposefully; begin to deal with. ",Grip  ,"1 a grasp tightly. B take a firm hold, esp. By friction. 2 compel the attention of. —n. 1 a firm hold; tight grasp. B manner of grasping or holding. 2 power of holding attention. 3 a intellectual mastery. B effective control of one's behaviour etc. . 4 a part of a machine that grips. B part by which a weapon etc. Is held. 5 = ~hairgrip. 6 travelling bag.  come  to grips with approach purposefully; begin to deal with.",2.7
"Gripe  |  1 colloq. Complain. 2 affect with gastric pain. —n. 1  Colic. 2 colloq. Complaint. 3 grip, clutch. ",Gripe  ,"1 colloq. Complain. 2 affect with gastric pain. —n. 1  Colic. 2 colloq. Complaint. 3 grip, clutch.",2.9
Gripe water  | Propr. Preparation to relieve colic in infants.,Gripe water  ,Propr. Preparation to relieve colic in infants.,2.6
"Grisly  |  causing horror, disgust, or fear.  grisliness n. ",Grisly  ,"causing horror, disgust, or fear.  grisliness n.",2.5
Grist  | Corn to grind.  grist to the  mill source of profit or advantage. ,Grist  ,Corn to grind.  grist to the  mill source of profit or advantage.,2.7
Gristle  | Tough flexible animal tissue; cartilage.  gristly adj. ,Gristle  ,Tough flexible animal tissue; cartilage.  gristly adj.,2.5
"Grit  —| 1 particles of stone or sand, esp. As irritating or hindering. 2 coarse sandstone. 3 colloq. Pluck, endurance. —v.  1 spread grit on . 2 clench . 3 make a grating sound.  gritter n. Gritty adj. . ",Grit  ,"1 particles of stone or sand, esp. As irritating or hindering. 2 coarse sandstone. 3 colloq. Pluck, endurance. —v.  1 spread grit on . 2 clench . 3 make a grating sound.  gritter n. Gritty adj. .",2.5
"Grits  |pl. 1 coarsely ground grain, esp. Oatmeal. 2 oats that have been husked but not ground. ",Grits  ,"pl. 1 coarsely ground grain, esp. Oatmeal. 2 oats that have been husked but not ground.",2.4
Grizzle  |  colloq. 1  cry fretfully. 2 complain whiningly.  grizzly adj. ,Grizzle  ,colloq. 1  cry fretfully. 2 complain whiningly.  grizzly adj.,2.6
Grizzled  | 1  grey or streaked with grey. 2 having grizzled hair. ,Grizzled  ,1  grey or streaked with grey. 2 having grizzled hair.,2.4
"Grizzly  |  grey, grey-haired. —n.   large variety of brown bear, found in n. America and n. Russia.",Grizzly  ,"grey, grey-haired. —n.   large variety of brown bear, found in n. America and n. Russia.",2.6
"Groan  | 1 a make a deep sound expressing pain, grief, or disapproval. B utter with groans. 2  be loaded or oppressed. —n. Sound made in groaning. ",Groan  ,"1 a make a deep sound expressing pain, grief, or disapproval. B utter with groans. 2  be loaded or oppressed. —n. Sound made in groaning.",2.5
Groat  | Hist. Silver coin worth four old pence. ,Groat  ,Hist. Silver coin worth four old pence.,2.7
"Groats  |pl. Hulled or crushed grain, esp. Oats. ",Groats  ,"pl. Hulled or crushed grain, esp. Oats.",2.7
Grocer  | Dealer in food and household provisions. ,Grocer  ,Dealer in food and household provisions.,2.9
"Grocery  |  1 grocer's trade or shop. 2  Goods, esp. Food, sold by a grocer.",Grocery  ,"1 grocer's trade or shop. 2  Goods, esp. Food, sold by a grocer.",2.9
Grog  | Drink of spirit  and water. ,Grog  ,Drink of spirit  and water.,2.8
Groggy  |  incapable or unsteady.  groggily adv. Grogginess n.,Groggy  ,incapable or unsteady.  groggily adv. Grogginess n.,2.8
Groin1  —| 1 depression between the belly and the thigh. 2 archit. A edge formed by intersecting vaults. B arch supporting a vault. —v. Archit. Build with groins. ,Groin1  ,1 depression between the belly and the thigh. 2 archit. A edge formed by intersecting vaults. B arch supporting a vault. —v. Archit. Build with groins.,2.7
"Groin  |  timber, stone, or concrete wall built at right angles to the coast to check beach erosion. ",Groin  ,"timber, stone, or concrete wall built at right angles to the coast to check beach erosion.",2.6
"Grommet  |  1 metal, plastic, or rubber eyelet placed in a hole to protect or insulate a rope or cable etc. Passed through it. 2 tube passed through the eardrum to make a communication with the middle ear. ",Grommet  ,"1 metal, plastic, or rubber eyelet placed in a hole to protect or insulate a rope or cable etc. Passed through it. 2 tube passed through the eardrum to make a communication with the middle ear.",2.8
Groom  —| 1 person employed to take care of horses. 2 = ~bridegroom. 3 mil. Any of certain officers of the royal household. —v. 1 a curry or tend . B give a neat appearance to .,Groom  ,1 person employed to take care of horses. 2 = ~bridegroom. 3 mil. Any of certain officers of the royal household. —v. 1 a curry or tend . B give a neat appearance to .,2.5
"Groove  —| 1 channel or elongated hollow, esp. One made to guide motion or receive a corresponding ridge. 2 spiral track cut in a gramophone record. —v.  1 make a groove or grooves in. 2 slang enjoy oneself. ",Groove  ,"1 channel or elongated hollow, esp. One made to guide motion or receive a corresponding ridge. 2 spiral track cut in a gramophone record. —v.  1 make a groove or grooves in. 2 slang enjoy oneself.",3.2
Groovy  |  1 slang excellent. 2 of or like a groove.,Groovy  ,1 slang excellent. 2 of or like a groove.,2.8
Grope  |  1  feel about or search blindly. 2  search mentally. 3 feel  towards something. 4 slang fondle clumsily for sexual pleasure. —n. Act of groping. ,Grope  ,1  feel about or search blindly. 2  search mentally. 3 feel  towards something. 4 slang fondle clumsily for sexual pleasure. —n. Act of groping.,2.7
Grosgrain  | Corded fabric of silk etc. ,Grosgrain  ,Corded fabric of silk etc.,3.0
Gros point  | Cross-stitch embroidery on canvas. ,Gros point  ,Cross-stitch embroidery on canvas.,3.2
"Gross  | 1 overfed, bloated. 2  coarse, unrefined, or indecent. 3 flagrant . 4 total; not net . 5  Dull. —v. Produce as gross profit. —n.  amount equal to twelve dozen.  grossly adv. Grossness n. ",Gross  ,"1 overfed, bloated. 2  coarse, unrefined, or indecent. 3 flagrant . 4 total; not net . 5  Dull. —v. Produce as gross profit. —n.  amount equal to twelve dozen.  grossly adv. Grossness n.",2.7
Gross domestic product  | Total value of goods produced and services provided in a country in one year.,Gross domestic product  ,Total value of goods produced and services provided in a country in one year.,3.2
Gross national product  | Gross domestic product plus the total of net income from abroad.,Gross national product  ,Gross domestic product plus the total of net income from abroad.,4.2
"Grotesque  | 1 comically or repulsively distorted. 2 incongruous, absurd. —n. 1 decorative form interweaving human and animal features. 2 comically distorted figure or design.  grotesquely adv. Grotesqueness n. ",Grotesque  ,"1 comically or repulsively distorted. 2 incongruous, absurd. —n. 1 decorative form interweaving human and animal features. 2 comically distorted figure or design.  grotesquely adv. Grotesqueness n.",2.8
Grotto  |  1 picturesque cave. 2 artificial ornamental cave. ,Grotto  ,1 picturesque cave. 2 artificial ornamental cave.,2.6
"Grotty  |  slang unpleasant, dirty, shabby, unattractive. ",Grotty  ,"slang unpleasant, dirty, shabby, unattractive.",2.5
Grouch  | —v. Grumble. —n. 1 discontented person. 2 fit of grumbling or the sulks.  grouchy adj. . ,Grouch  ,—v. Grumble. —n. 1 discontented person. 2 fit of grumbling or the sulks.  grouchy adj. .,2.4
"Ground1  —| 1 a surface of the earth, esp. As contrasted with the air around it. B part of this specified in some way . 2 a position, area, or distance on the earth's surface. B extent of a subject dealt with . 3  Reason, justification. 4 area of a special kind or use . 5  Enclosed land attached to a house etc. 6 area or basis for agreement etc. . 7  The surface giving the predominant colour. 8  Solid particles, esp. Of coffee, forming a residue. 9 us electr. = ~earth n. 4. 10 bottom of the sea. 11 floor of a room etc. 12  mus. Short theme in the bass constantly repeated with the upper parts of the music varied. 13   living on or in the ground;  dwarfish or trailing. —v. 1 refuse authority for  to fly. 2 a run  aground; strand. B  run aground. 3  instruct thoroughly . 4   base  On. 5 us electr. = ~earth v.  break new  ground treat a subject previously not dealt with. Get off the ground colloq. Make a successful start. Give  ground retreat, decline. Go to ground 1  Enter its earth etc. 2  become inaccessible for a prolonged period. Hold one's ground not retreat. On the grounds of because of. ",Ground1  ,"1 a surface of the earth, esp. As contrasted with the air around it. B part of this specified in some way . 2 a position, area, or distance on the earth's surface. B extent of a subject dealt with . 3  Reason, justification. 4 area of a special kind or use . 5  Enclosed land attached to a house etc. 6 area or basis for agreement etc. . 7  The surface giving the predominant colour. 8  Solid particles, esp. Of coffee, forming a residue. 9 us electr. = ~earth n. 4. 10 bottom of the sea. 11 floor of a room etc. 12  mus. Short theme in the bass constantly repeated with the upper parts of the music varied. 13   living on or in the ground;  dwarfish or trailing. —v. 1 refuse authority for  to fly. 2 a run  aground; strand. B  run aground. 3  instruct thoroughly . 4   base  On. 5 us electr. = ~earth v.  break new  ground treat a subject previously not dealt with. Get off the ground colloq. Make a successful start. Give  ground retreat, decline. Go to ground 1  Enter its earth etc. 2  become inaccessible for a prolonged period. Hold one's ground not retreat. On the grounds of because of.",2.8
Ground2  | Of ~grind.,Ground2  ,Of ~grind.,2.7
Ground control  | Personnel directing the landing etc. Of aircraft etc.,Ground control  ,Personnel directing the landing etc. Of aircraft etc.,3.0
Ground cover  | Low-growing plants covering the surface of the earth.,Ground cover  ,Low-growing plants covering the surface of the earth.,3.0
Ground elder  | Garden weed spreading by means of underground stems.,Ground elder  ,Garden weed spreading by means of underground stems.,3.3
Ground floor  | Floor of a building at ground level.,Ground floor  ,Floor of a building at ground level.,2.7
Ground frost  | Frost on the surface of the ground or in the top layer of soil.,Ground frost  ,Frost on the surface of the ground or in the top layer of soil.,2.8
Ground glass  | 1 glass made non-transparent by grinding etc. 2 glass ground to a powder.,Ground glass  ,1 glass made non-transparent by grinding etc. 2 glass ground to a powder.,3.4
Grounding  | Basic training or instruction.,Grounding  ,Basic training or instruction.,2.6
Groundless  | Without motive or foundation.,Groundless  ,Without motive or foundation.,2.0
"Groundnut  | = ~peanut 1, 2.",Groundnut  ,"= ~peanut 1, 2.",2.6
Ground-plan  | 1 plan of a building at ground level. 2 general outline of a scheme.,Ground-plan  ,1 plan of a building at ground level. 2 general outline of a scheme.,3.3
Ground-rent  | Rent for land leased for building.,Ground-rent  ,Rent for land leased for building.,2.9
"Groundsel  | Wild plant with small yellow flowers, used as a food for cage-birds etc. ",Groundsel  ,"Wild plant with small yellow flowers, used as a food for cage-birds etc.",2.7
Groundsheet  | Waterproof sheet for spreading on the ground.,Groundsheet  ,Waterproof sheet for spreading on the ground.,2.5
Groundsman  | Person who maintains a sports ground.,Groundsman  ,Person who maintains a sports ground.,2.8
Ground speed  | Aircraft's speed relative to the ground.,Ground speed  ,Aircraft's speed relative to the ground.,3.8
Ground swell  | Heavy sea caused by a distant or past storm or an earthquake.,Ground swell  ,Heavy sea caused by a distant or past storm or an earthquake.,2.2
"Groundwater  | Water found in soil or in pores, crevices, etc., in rock.",Groundwater  ,"Water found in soil or in pores, crevices, etc., in rock.",2.4
Groundwork  | Preliminary or basic work.,Groundwork  ,Preliminary or basic work.,3.3
"Group  —| 1 number of persons or things located close together, or considered or classed together. 2 number of people working together etc. 3 number of commercial companies under common ownership. 4 ensemble playing popular music. 5 division of an air force etc. —v. 1 form or be formed into a group. 2  place in a group or groups. ",Group  ,"1 number of persons or things located close together, or considered or classed together. 2 number of people working together etc. 3 number of commercial companies under common ownership. 4 ensemble playing popular music. 5 division of an air force etc. —v. 1 form or be formed into a group. 2  place in a group or groups.",2.8
Group captain  | Raf officer next below air commodore.,Group captain  ,Raf officer next below air commodore.,3.0
"Groupie  | Slang ardent follower of touring pop groups, esp. A young woman seeking sexual relations with them.",Groupie  ,"Slang ardent follower of touring pop groups, esp. A young woman seeking sexual relations with them.",2.8
Group therapy  | Therapy in which people are brought together to assist one another psychologically.,Group therapy  ,Therapy in which people are brought together to assist one another psychologically.,3.2
Grouse1  |  1 game-bird with a plump body and feathered legs. 2 its flesh as food. ,Grouse1  ,1 game-bird with a plump body and feathered legs. 2 its flesh as food.,2.8
Grouse2  | —v.  grumble or complain. —n. Complaint. ,Grouse2  ,—v.  grumble or complain. —n. Complaint.,2.5
Grout  —| Thin fluid mortar. —v. Provide or fill with grout. ,Grout  ,Thin fluid mortar. —v. Provide or fill with grout.,2.4
Grove  | Small wood or group of trees. ,Grove  ,Small wood or group of trees.,2.7
Grovel  |  1 behave obsequiously. 2 lie prone in abject humility.  grovelling adj. ,Grovel  ,1 behave obsequiously. 2 lie prone in abject humility.  grovelling adj.,2.9
"Grow  |  1 increase in size, height, quantity, degree, etc. 2 develop or exist as a living plant or natural product. 3 a produce  By cultivation. B allow  To develop. 4 become gradually . 5  become gradually more favoured by. 6  Be covered with a growth.  grow out of 1 become too large to wear. 2 become too mature to retain . 3 develop from. Grow up 1 advance to maturity. 2  arise. ",Grow  ,"1 increase in size, height, quantity, degree, etc. 2 develop or exist as a living plant or natural product. 3 a produce  By cultivation. B allow  To develop. 4 become gradually . 5  become gradually more favoured by. 6  Be covered with a growth.  grow out of 1 become too large to wear. 2 become too mature to retain . 3 develop from. Grow up 1 advance to maturity. 2  arise.",2.7
Grower  | 1  Person growing produce . 2 plant that grows in a specified way .,Grower  ,1  Person growing produce . 2 plant that grows in a specified way .,2.9
Growing pains  |pl. 1 early difficulties in the development of a project etc. 2 neuralgic pain in children's legs due to fatigue etc.,Growing pains  ,pl. 1 early difficulties in the development of a project etc. 2 neuralgic pain in children's legs due to fatigue etc.,2.0
"Growl  | 1 a  make a low guttural sound, usu. Of anger. B murmur angrily. 2 rumble. 3  utter with a growl. —n. 1 growling sound. 2 angry murmur. 3 rumble. ",Growl  ,"1 a  make a low guttural sound, usu. Of anger. B murmur angrily. 2 rumble. 3  utter with a growl. —n. 1 growling sound. 2 angry murmur. 3 rumble.",2.9
Grown  | Of ~grow.,Grown  ,Of ~grow.,3.3
Grown-up  | Adult. —n. Adult person.,Grown-up  ,Adult. —n. Adult person.,3.2
Growth  | 1 act or process of growing. 2 increase in size or value. 3 something that has grown or is growing. 4 med. Morbid formation.,Growth  ,1 act or process of growing. 2 increase in size or value. 3 something that has grown or is growing. 4 med. Morbid formation.,3.1
Growth industry  | Industry that is developing rapidly.,Growth industry  ,Industry that is developing rapidly.,3.0
"Groyne  |  timber, stone, or concrete wall built at right angles to the coast to check beach erosion. ",Groyne  ,"timber, stone, or concrete wall built at right angles to the coast to check beach erosion.",2.6
Grub  —| 1 larva of an insect. 2 colloq. Food. —v.  1 dig superficially. 2  a extract by digging. B extract  By searching in books etc. 3 rummage. ,Grub  ,1 larva of an insect. 2 colloq. Food. —v.  1 dig superficially. 2  a extract by digging. B extract  By searching in books etc. 3 rummage.,2.5
Grubby  |  1 dirty. 2 of or infested with grubs.  grubbily adv. Grubbiness n.,Grubby  ,1 dirty. 2 of or infested with grubs.  grubbily adv. Grubbiness n.,2.5
Grudge  —| Persistent feeling of ill will or resentment. —v.  1 be resentfully unwilling to give or allow. 2  Be reluctant to do. ,Grudge  ,Persistent feeling of ill will or resentment. —v.  1 be resentfully unwilling to give or allow. 2  Be reluctant to do.,2.1
Gruel  | Liquid food of oatmeal etc. Boiled in milk or water. ,Gruel  ,Liquid food of oatmeal etc. Boiled in milk or water.,2.6
Grueling  |  extremely demanding or tiring.,Grueling  ,extremely demanding or tiring.,2.3
Gruelling  |  extremely demanding or tiring.,Gruelling  ,extremely demanding or tiring.,2.1
"Gruesome  | Horrible, grisly, disgusting.  gruesomely adv. ",Gruesome  ,"Horrible, grisly, disgusting.  gruesomely adv.",2.5
Gruff  | 1 a  low and harsh. B  having a gruff voice. 2 surly.  gruffly adv. Gruffness n. ,Gruff  ,1 a  low and harsh. B  having a gruff voice. 2 surly.  gruffly adv. Gruffness n.,2.9
Grumble  |  1 complain peevishly. 2 rumble. —n. 1 complaint. 2 rumble.  grumbler n. ,Grumble  ,1 complain peevishly. 2 rumble. —n. 1 complaint. 2 rumble.  grumbler n.,2.7
Grummet  | Of ~grommet.,Grummet  ,Of ~grommet.,2.7
Grumpy  |  morosely irritable.  grumpily adv. Grumpiness n. ,Grumpy  ,morosely irritable.  grumpily adv. Grumpiness n.,2.8
"Grunt  —| 1 low guttural sound made by a pig. 2 similar sound. —v. 1 make a grunt. 2 make a similar sound, esp. To express discontent. 3 utter with a grunt. ",Grunt  ,"1 low guttural sound made by a pig. 2 similar sound. —v. 1 make a grunt. 2 make a similar sound, esp. To express discontent. 3 utter with a grunt.",2.8
Gruyère  | A firm pale cheese. ,Gruyère  ,A firm pale cheese.,2.5
Gryphon  | Of ~griffin.,Gryphon  ,Of ~griffin.,3.3
