"Neanderthal  | Of the type of human widely distributed in palaeolithic europe, with a retreating forehead and massive brow-ridges. ",Neanderthal  ,"Of the type of human widely distributed in palaeolithic europe, with a retreating forehead and massive brow-ridges.",2.9
Neap  |  tide at the times of the month when there is least difference between high and low water. ,Neap  ,tide at the times of the month when there is least difference between high and low water.,2.7
Neapolitan  —| Native or citizen of naples. —adj. Of naples. ,Neapolitan  ,Native or citizen of naples. —adj. Of naples.,3.2
"Near  —| 1  to or at a short distance in space or time. 2 closely . —prep. 1 to or at a short distance from . 2  Almost . —adj. 1 close , not far  . 2 a closely related. B intimate. 3  on the left side. 4 close; narrow . 5 similar  . 6 colloq. Niggardly. —v. Approach; draw near to.  come  near  be on the point of, almost succeed in. Near at hand within easy reach. Near the knuckle colloq. Verging on the indecent.  nearish adj. Nearness n. ",Near  ,"1  to or at a short distance in space or time. 2 closely . —prep. 1 to or at a short distance from . 2  Almost . —adj. 1 close , not far  . 2 a closely related. B intimate. 3  on the left side. 4 close; narrow . 5 similar  . 6 colloq. Niggardly. —v. Approach; draw near to.  come  near  be on the point of, almost succeed in. Near at hand within easy reach. Near the knuckle colloq. Verging on the indecent.  nearish adj. Nearness n.",2.7
Nearby  | Near in position. —adv. Close; not far away.,Nearby  ,Near in position. —adv. Close; not far away.,3.1
Near east  |  region comprising the countries of the eastern mediterranean.  near eastern adj.,Near east  ,region comprising the countries of the eastern mediterranean.  near eastern adj.,2.8
Nearly  | 1 almost. 2 closely.  not nearly nothing like.,Nearly  ,1 almost. 2 closely.  not nearly nothing like.,2.7
Near miss  | 1 bomb etc. Falling close to the target. 2 narrowly avoided collision. 3 not quite successful attempt.,Near miss  ,1 bomb etc. Falling close to the target. 2 narrowly avoided collision. 3 not quite successful attempt.,2.6
"Nearside  |  Left side of a vehicle, animal, etc.",Nearside  ,"Left side of a vehicle, animal, etc.",3.0
Near-sighted  | = ~short-sighted.,Near-sighted  ,= ~short-sighted.,3.0
Near thing  | Narrow escape.,Near thing  ,Narrow escape.,2.9
"Neat  | 1 tidy and methodical. 2 elegantly simple. 3 brief, clear, and pointed. 4 a cleverly executed. B dexterous. 5  undiluted.  neatly adv. Neatness n. ",Neat  ,"1 tidy and methodical. 2 elegantly simple. 3 brief, clear, and pointed. 4 a cleverly executed. B dexterous. 5  undiluted.  neatly adv. Neatness n.",2.8
Neaten  | Make neat.,Neaten  ,Make neat.,3.1
Neath  | Poet. Beneath. ,Neath  ,Poet. Beneath.,2.7
"Nebula  |  cloud of gas and dust seen in the night sky, sometimes glowing and sometimes appearing as a dark silhouette.   nebular adj. ",Nebula  ,"cloud of gas and dust seen in the night sky, sometimes glowing and sometimes appearing as a dark silhouette.   nebular adj.",2.7
"Nebulous  | 1 cloudlike. 2 indistinct, vague. ",Nebulous  ,"1 cloudlike. 2 indistinct, vague.",2.2
"Necessary  | 1 requiring to be done; requisite, essential. 2 determined, existing, or happening by natural laws etc., not by free will; inevitable. —n.   Any of the basic requirements of life.  the necessary colloq. 1 money. 2 an action etc. Needed for a purpose.  necessarily adv. ",Necessary  ,"1 requiring to be done; requisite, essential. 2 determined, existing, or happening by natural laws etc., not by free will; inevitable. —n.   Any of the basic requirements of life.  the necessary colloq. 1 money. 2 an action etc. Needed for a purpose.  necessarily adv.",2.8
Necessitarian  —| Person who holds that all action is predetermined and free will is impossible. —adj. Of such a person or theory.  necessitarianism n.,Necessitarian  ,Person who holds that all action is predetermined and free will is impossible. —adj. Of such a person or theory.  necessitarianism n.,3.3
Necessitate  |  make necessary  .,Necessitate  ,make necessary  .,3.5
Necessitous  | Poor; needy.,Necessitous  ,Poor; needy.,2.2
Necessity  |  1 indispensable thing. 2 pressure of circumstances. 3 imperative need. 4 want; poverty. 5 constraint or compulsion regarded as a natural law governing all human action.  of necessity unavoidably.,Necessity  ,1 indispensable thing. 2 pressure of circumstances. 3 imperative need. 4 want; poverty. 5 constraint or compulsion regarded as a natural law governing all human action.  of necessity unavoidably.,2.6
"Neck  —| 1 a part of the body connecting the head to the shoulders. B part of a garment round the neck. 2 something resembling a neck; narrow part of a cavity, vessel, or object such as a bottle or violin. 3 length of a horse's head and neck as a measure of its lead in a race. 4 flesh of an animal's neck as food. 5 slang impudence. —v. Colloq. Kiss and caress amorously.  get it in the neck colloq. 1 be severely reprimanded or punished. 2 suffer a severe blow. Up to one's neck  colloq. Very deeply involved; very busy. ",Neck  ,"1 a part of the body connecting the head to the shoulders. B part of a garment round the neck. 2 something resembling a neck; narrow part of a cavity, vessel, or object such as a bottle or violin. 3 length of a horse's head and neck as a measure of its lead in a race. 4 flesh of an animal's neck as food. 5 slang impudence. —v. Colloq. Kiss and caress amorously.  get it in the neck colloq. 1 be severely reprimanded or punished. 2 suffer a severe blow. Up to one's neck  colloq. Very deeply involved; very busy.",2.7
Neck and neck  | & adv.  level in a race etc.,Neck and neck  ,& adv.  level in a race etc.,3.2
Neckband  | Strip of material round the neck of a garment.,Neckband  ,Strip of material round the neck of a garment.,3.3
Neckerchief  | Square of cloth worn round the neck. ,Neckerchief  ,Square of cloth worn round the neck.,2.8
"Necklace  | 1 chain or string of beads, precious stones, etc., worn round the neck. 2 s.afr. Tyre soaked or filled with petrol, placed round a victim's neck, and set alight.",Necklace  ,"1 chain or string of beads, precious stones, etc., worn round the neck. 2 s.afr. Tyre soaked or filled with petrol, placed round a victim's neck, and set alight.",2.8
Neckline  | Edge or shape of a garment-opening at the neck.,Neckline  ,Edge or shape of a garment-opening at the neck.,2.8
Necktie  | Esp. Us = ~tie n. 2.,Necktie  ,Esp. Us = ~tie n. 2.,2.9
Necro-  | Form corpse. ,Necro-  ,Form corpse.,2.9
Necromancy  | 1 divination by supposed communication with the dead. 2 magic.  necromancer n. ,Necromancy  ,1 divination by supposed communication with the dead. 2 magic.  necromancer n.,2.9
Necrophilia  | Morbid and esp. Sexual attraction to corpses.,Necrophilia  ,Morbid and esp. Sexual attraction to corpses.,2.4
Necropolis  | Ancient cemetery or burial place. ,Necropolis  ,Ancient cemetery or burial place.,3.1
Necrosis  | Death of tissue.  necrotic adj. ,Necrosis  ,Death of tissue.  necrotic adj.,2.6
Nectar  | 1 sugary substance produced by plants and made into honey by bees. 2  the drink of the gods. 3 drink compared to this.  nectarous adj. ,Nectar  ,1 sugary substance produced by plants and made into honey by bees. 2  the drink of the gods. 3 drink compared to this.  nectarous adj.,2.8
Nectarine  | Smooth-skinned variety of peach. ,Nectarine  ,Smooth-skinned variety of peach.,2.7
Neddy  |  colloq. 1 donkey. 2  = ~nedc. ,Neddy  ,colloq. 1 donkey. 2  = ~nedc.,3.0
Nee  |   born . ,Nee  ,born .,3.3
Need  | 1 stand in want of; require. 2  be under the necessity or obligation . —n. 1 requirement . 2 circumstances requiring some course of action .,Need  ,1 stand in want of; require. 2  be under the necessity or obligation . —n. 1 requirement . 2 circumstances requiring some course of action .,2.8
Needful  | Requisite.  needfully adv.,Needful  ,Requisite.  needfully adv.,2.7
"Needle  —| 1 a very thin pointed rod of smooth steel etc. With a slit  for thread at the blunt end, used in sewing. B larger plastic, wooden, etc. Slender rod without an eye, used in knitting etc. 2 pointer on a dial. 3 any of several small thin pointed instruments, esp.: a the end of a hypodermic syringe. B = ~stylus 1. 4 a obelisk . B pointed rock or peak. 5 leaf of a fir or pine tree. 6  slang fit of bad temper or nervousness. —v.  colloq. Irritate; provoke. ",Needle  ,"1 a very thin pointed rod of smooth steel etc. With a slit  for thread at the blunt end, used in sewing. B larger plastic, wooden, etc. Slender rod without an eye, used in knitting etc. 2 pointer on a dial. 3 any of several small thin pointed instruments, esp.: a the end of a hypodermic syringe. B = ~stylus 1. 4 a obelisk . B pointed rock or peak. 5 leaf of a fir or pine tree. 6  slang fit of bad temper or nervousness. —v.  colloq. Irritate; provoke.",3.2
Needlecord  | Fine-ribbed corduroy fabric.,Needlecord  ,Fine-ribbed corduroy fabric.,2.9
"Needle-point  | 1 lace made with needles, not bobbins. 2 = ~gros point or ~petit point.",Needle-point  ,"1 lace made with needles, not bobbins. 2 = ~gros point or ~petit point.",3.1
Needless  | 1 unnecessary. 2 uncalled for.  needlessly adv.,Needless  ,1 unnecessary. 2 uncalled for.  needlessly adv.,2.1
Needlewoman  | 1 seamstress. 2 woman or girl with specified sewing skill.,Needlewoman  ,1 seamstress. 2 woman or girl with specified sewing skill.,3.1
Needlework  | Sewing or embroidery.,Needlework  ,Sewing or embroidery.,3.0
Needs  | Archaic  of necessity.,Needs  ,Archaic  of necessity.,3.2
Needy  |  poor; destitute.  neediness n.,Needy  ,poor; destitute.  neediness n.,2.4
Ne'er  | Poet. = ~never. ,Ne,Poet. = ~never.,3.3
Ne'er-do-well  —| Good-for-nothing person. —adj. Good-for-nothing.,Ne,Good-for-nothing person. —adj. Good-for-nothing.,3.3
Nefarious  | Wicked. ,Nefarious  ,Wicked.,2.6
Negate  |  1 nullify. 2 assert or imply the non-existence of. ,Negate  ,1 nullify. 2 assert or imply the non-existence of.,3.1
Negation  | 1 absence or opposite of something actual or positive. 2 act of denying. 3 negative statement. 4 negative or unreal thing.,Negation  ,1 absence or opposite of something actual or positive. 2 act of denying. 3 negative statement. 4 negative or unreal thing.,2.7
"Negative  | 1 expressing or implying denial, prohibition, or refusal . 2  lacking positive attributes. 3 marked by the absence of qualities . 4 of the opposite nature to a thing regarded as positive. 5  less than zero, to be subtracted from others or from zero. 6 electr. A of the kind of charge carried by electrons. B containing or producing such a charge. —n. 1 negative statement or word. 2 photog. A image with black and white reversed or colours replaced by complementary ones, from which positive pictures are obtained. B developed film or plate bearing such an image. —v.  1 refuse to accept or countenance; veto. 2 disprove. 3 contradict . 4 neutralize .  in the negative with negative effect.  negatively adv. Negativity n.",Negative  ,"1 expressing or implying denial, prohibition, or refusal . 2  lacking positive attributes. 3 marked by the absence of qualities . 4 of the opposite nature to a thing regarded as positive. 5  less than zero, to be subtracted from others or from zero. 6 electr. A of the kind of charge carried by electrons. B containing or producing such a charge. —n. 1 negative statement or word. 2 photog. A image with black and white reversed or colours replaced by complementary ones, from which positive pictures are obtained. B developed film or plate bearing such an image. —v.  1 refuse to accept or countenance; veto. 2 disprove. 3 contradict . 4 neutralize .  in the negative with negative effect.  negatively adv. Negativity n.",2.7
Negativism  | Negative attitude; extreme scepticism.,Negativism  ,Negative attitude; extreme scepticism.,2.4
Neglect  | 1 fail to care for or to do; be remiss about. 2  Fail; overlook the need to. 3 not pay attention to; disregard. —n. 1 negligence. 2 neglecting or being neglected. 3  disregard.  neglectful adj. Neglectfully adv. ,Neglect  ,1 fail to care for or to do; be remiss about. 2  Fail; overlook the need to. 3 not pay attention to; disregard. —n. 1 negligence. 2 neglecting or being neglected. 3  disregard.  neglectful adj. Neglectfully adv.,2.1
Negligée  |  woman's flimsy dressing-gown. ,Negligée  ,woman's flimsy dressing-gown.,2.7
Negligence  | 1 lack of proper care and attention. 2 culpable carelessness.  negligent adj. Negligently adv. ,Negligence  ,1 lack of proper care and attention. 2 culpable carelessness.  negligent adj. Negligently adv.,2.7
Negligible  | Not worth considering; insignificant.  negligibly adv. ,Negligible  ,Not worth considering; insignificant.  negligibly adv.,2.2
Negotiable  | 1 open to discussion. 2 able to be negotiated.,Negotiable  ,1 open to discussion. 2 able to be negotiated.,2.9
"Negotiate  |  1  confer in order to reach an agreement. 2 arrange  or bring about  by negotiating. 3 find a way over, through, etc. . 4 convert  Into money.  negotiation n. Negotiator n. ",Negotiate  ,"1  confer in order to reach an agreement. 2 arrange  or bring about  by negotiating. 3 find a way over, through, etc. . 4 convert  Into money.  negotiation n. Negotiator n.",3.3
Negress  | Female negro.,Negress  ,Female negro.,2.9
Negritude  | 1 state of being black. 2 affirmation of black culture. ,Negritude  ,1 state of being black. 2 affirmation of black culture.,3.2
Negro  —|  member of a dark-skinned race orig. Native to africa. —adj. 1 of negroes. 2  zool. Black or dark. ,Negro  ,member of a dark-skinned race orig. Native to africa. —adj. 1 of negroes. 2  zool. Black or dark.,3.0
Negroid  |  Characteristic of black people. —n. Black.,Negroid  ,Characteristic of black people. —n. Black.,2.7
Neigh  —| Cry of a horse. —v. Make a neigh. ,Neigh  ,Cry of a horse. —v. Make a neigh.,2.7
Neighbor   —| 1 person living next door to or near or nearest another. 2 fellow human being. 3 person or thing near or next to another. —v. Border on; adjoin. ,Neighbor   ,1 person living next door to or near or nearest another. 2 fellow human being. 3 person or thing near or next to another. —v. Border on; adjoin.,2.6
Neighborhood  |  1 district; vicinity. 2 people of a district.  in the neighbourhood of roughly; about.,Neighborhood  ,1 district; vicinity. 2 people of a district.  in the neighbourhood of roughly; about.,2.8
Neighborly  |  like a good neighbour; friendly; kind.  neighbourliness n.,Neighborly  ,like a good neighbour; friendly; kind.  neighbourliness n.,2.6
Neighbour   —| 1 person living next door to or near or nearest another. 2 fellow human being. 3 person or thing near or next to another. —v. Border on; adjoin. ,Neighbour   ,1 person living next door to or near or nearest another. 2 fellow human being. 3 person or thing near or next to another. —v. Border on; adjoin.,2.9
Neighbourhood  |  1 district; vicinity. 2 people of a district.  in the neighbourhood of roughly; about.,Neighbourhood  ,1 district; vicinity. 2 people of a district.  in the neighbourhood of roughly; about.,3.1
Neighbourhood watch  | Organized local vigilance by householders to discourage crime.,Neighbourhood watch  ,Organized local vigilance by householders to discourage crime.,3.4
Neighbourly  |  like a good neighbour; friendly; kind.  neighbourliness n.,Neighbourly  ,like a good neighbour; friendly; kind.  neighbourliness n.,2.9
Neither  | & pron.  not the one nor the other ; not either . —adv. 1 not either; not on the one hand . 2 also not . —conj. Archaic nor yet; nor . ,Neither  ,& pron.  not the one nor the other ; not either . —adv. 1 not either; not on the one hand . 2 also not . —conj. Archaic nor yet; nor .,2.9
"Nelson  | Wrestling-hold in which one arm is passed under the opponent's arm from behind and the hand is applied to the neck , or both arms and hands are applied . ",Nelson  ,"Wrestling-hold in which one arm is passed under the opponent's arm from behind and the hand is applied to the neck , or both arms and hands are applied .",3.3
Nematode  | Worm with a slender unsegmented cylindrical shape. ,Nematode  ,Worm with a slender unsegmented cylindrical shape.,2.8
Nemesis  |  1 retributive justice. 2 downfall caused by this. ,Nemesis  ,1 retributive justice. 2 downfall caused by this.,2.7
"Neo-  | Form 1 new, modern. 2 new form of. ",Neo-  ,"Form 1 new, modern. 2 new form of.",2.7
Neoclassicism  | Revival of classical style or treatment in the arts.  neoclassical adj.,Neoclassicism  ,Revival of classical style or treatment in the arts.  neoclassical adj.,2.6
Neodymium  | Metallic element of the lanthanide series. ,Neodymium  ,Metallic element of the lanthanide series.,2.9
Neolithic  | Of the later part of the stone age. ,Neolithic  ,Of the later part of the stone age.,3.0
Neologism  | 1 new word. 2 coining of new words. ,Neologism  ,1 new word. 2 coining of new words.,2.7
Neon  | Inert gaseous element giving an orange glow when electricity is passed through it. ,Neon  ,Inert gaseous element giving an orange glow when electricity is passed through it.,2.7
Neophyte  | 1 new convert. 2 rc ch. Novice of a religious order. 3 beginner. ,Neophyte  ,1 new convert. 2 rc ch. Novice of a religious order. 3 beginner.,1.9
Nephew  | Son of one's brother or sister or of one's spouse's brother or sister. ,Nephew  ,Son of one's brother or sister or of one's spouse's brother or sister.,2.7
Nephritic  | 1 of or in the kidneys. 2 of nephritis. ,Nephritic  ,1 of or in the kidneys. 2 of nephritis.,1.5
Nephritis  | Inflammation of the kidneys.,Nephritis  ,Inflammation of the kidneys.,1.6
"Ne plus ultra  | 1 furthest attainable point. 2 acme, perfection. ",Ne plus ultra  ,"1 furthest attainable point. 2 acme, perfection.",3.6
Nepotism  | Favouritism shown to relatives in conferring offices. ,Nepotism  ,Favouritism shown to relatives in conferring offices.,2.6
Neptunium  | Transuranic metallic element produced when uranium atoms absorb bombarding neutrons. ,Neptunium  ,Transuranic metallic element produced when uranium atoms absorb bombarding neutrons.,3.0
"Nerd  |  esp. Us slang foolish, feeble, or uninteresting person. ",Nerd  ,"esp. Us slang foolish, feeble, or uninteresting person.",2.4
Nereid  | Sea-nymph. ,Nereid  ,Sea-nymph.,2.4
"Nerve  —| 1 a fibre or bundle of fibres that transmits impulses of sensation or motion between the brain or spinal cord and other parts of the body. B material constituting these. 2 a coolness in danger; bravery. B colloq. Impudence. 3  Nervousness; mental or physical stress. —v.  1  Brace  to face danger etc. 2 give strength, vigour, or courage to.  get on a person's nerves irritate a person. ",Nerve  ,"1 a fibre or bundle of fibres that transmits impulses of sensation or motion between the brain or spinal cord and other parts of the body. B material constituting these. 2 a coolness in danger; bravery. B colloq. Impudence. 3  Nervousness; mental or physical stress. —v.  1  Brace  to face danger etc. 2 give strength, vigour, or courage to.  get on a person's nerves irritate a person.",2.3
Nerve-cell  | Cell transmitting impulses in nerve tissue.,Nerve-cell  ,Cell transmitting impulses in nerve tissue.,2.3
Nerve-centre  | 1 group of closely connected nerve-cells. 2 centre of control.,Nerve-centre  ,1 group of closely connected nerve-cells. 2 centre of control.,2.2
Nerve gas  | Poisonous gas affecting the nervous system.,Nerve gas  ,Poisonous gas affecting the nervous system.,2.3
Nerveless  | 1 lacking vigour. 2  diffuse.,Nerveless  ,1 lacking vigour. 2  diffuse.,1.8
Nerve-racking  | Causing mental strain.,Nerve-racking  ,Causing mental strain.,2.2
"Nervous  | 1 easily upset, timid, highly strung. 2 anxious. 3 affecting the nerves. 4  afraid .  nervously adv. Nervousness n.",Nervous  ,"1 easily upset, timid, highly strung. 2 anxious. 3 affecting the nerves. 4  afraid .  nervously adv. Nervousness n.",3.0
"Nervous breakdown  | Period of mental illness, usu. Resulting from severe stress.",Nervous breakdown  ,"Period of mental illness, usu. Resulting from severe stress.",2.5
Nervous system  | Body's network of nerve cells.,Nervous system  ,Body's network of nerve cells.,2.9
Nervy  |  colloq. Nervous; easily excited.,Nervy  ,colloq. Nervous; easily excited.,2.4
Nescient  | Literary  lacking knowledge.  nescience n. ,Nescient  ,Literary  lacking knowledge.  nescience n.,2.9
"Nest  —| 1 structure or place where a bird lays eggs and shelters its young. 2 any creature's breeding-place or lair. 3 snug retreat or shelter. 4 brood or swarm. 5 group or set of similar objects, often of different sizes and fitting one inside the other . —v. 1 use or build a nest. 2 take wild birds' nests or eggs. 3  fit together or one inside another. ",Nest  ,"1 structure or place where a bird lays eggs and shelters its young. 2 any creature's breeding-place or lair. 3 snug retreat or shelter. 4 brood or swarm. 5 group or set of similar objects, often of different sizes and fitting one inside the other . —v. 1 use or build a nest. 2 take wild birds' nests or eggs. 3  fit together or one inside another.",3.3
Nest egg  | Sum of money saved for the future.,Nest egg  ,Sum of money saved for the future.,3.1
Nestle  |  1  Settle oneself comfortably. 2 press oneself against another in affection etc. 3  Push  Affectionately or snugly. 4 lie half hidden or embedded. ,Nestle  ,1  Settle oneself comfortably. 2 press oneself against another in affection etc. 3  Push  Affectionately or snugly. 4 lie half hidden or embedded.,3.2
Nestling  | Bird too young to leave its nest.,Nestling  ,Bird too young to leave its nest.,3.2
"Net1  —| 1 open-meshed fabric of cord, rope, etc. 2 piece of net used esp. To restrain, contain, or delimit, or to catch fish etc. 3 structure with a net used in various games. —v.  1 a cover, confine, or catch with a net. B procure as with a net. 2  hit  into the net, esp. Of a goal. ",Net1  ,"1 open-meshed fabric of cord, rope, etc. 2 piece of net used esp. To restrain, contain, or delimit, or to catch fish etc. 3 structure with a net used in various games. —v.  1 a cover, confine, or catch with a net. B procure as with a net. 2  hit  into the net, esp. Of a goal.",3.1
"Net2   | 1  remaining after all necessary deductions. 2  not reducible. 3  excluding that of the packaging etc. 4  Ultimate, actual. —v.  gain or yield  as net profit. ",Net2   ,"1  remaining after all necessary deductions. 2  not reducible. 3  excluding that of the packaging etc. 4  Ultimate, actual. —v.  gain or yield  as net profit.",3.3
Netball  | Team game in which goals are scored by throwing a ball through a high horizontal ring from which a net hangs.,Netball  ,Team game in which goals are scored by throwing a ball through a high horizontal ring from which a net hangs.,3.2
Nether  | Archaic = ~lower1. ,Nether  ,Archaic = ~lower1.,3.0
Nether regions  |pl.  hell; the underworld.,Nether regions  ,pl.  hell; the underworld.,3.0
Net profit  | Actual gain after working expenses have been paid.,Net profit  ,Actual gain after working expenses have been paid.,2.7
Nett  | Of ~net2.,Nett  ,Of ~net2.,2.6
Netting  | 1 netted fabric. 2 piece of this.,Netting  ,1 netted fabric. 2 piece of this.,2.8
"Nettle  —| 1 plant with jagged leaves covered with stinging hairs. 2 plant resembling this. —v.  irritate, provoke. ",Nettle  ,"1 plant with jagged leaves covered with stinging hairs. 2 plant resembling this. —v.  irritate, provoke.",2.8
Nettle-rash  | Skin eruption like nettle stings.,Nettle-rash  ,Skin eruption like nettle stings.,2.4
"Network  —| 1 arrangement of intersecting horizontal and vertical lines. 2 complex system of railways etc. 3 people connected by the exchange of information etc., professionally or socially. 4 system of connected electrical conductors. 5 group of broadcasting stations connected for the simultaneous broadcast of a programme. 6 chain of interconnected computers. —v. Broadcast on a network.",Network  ,"1 arrangement of intersecting horizontal and vertical lines. 2 complex system of railways etc. 3 people connected by the exchange of information etc., professionally or socially. 4 system of connected electrical conductors. 5 group of broadcasting stations connected for the simultaneous broadcast of a programme. 6 chain of interconnected computers. —v. Broadcast on a network.",3.2
Neural  | Of a nerve or the central nervous system. ,Neural  ,Of a nerve or the central nervous system.,2.7
"Neuralgia  | Intense pain along a nerve, esp. In the head or face.  neuralgic adj.",Neuralgia  ,"Intense pain along a nerve, esp. In the head or face.  neuralgic adj.",2.5
Neuritis  | Inflammation of a nerve or nerves.,Neuritis  ,Inflammation of a nerve or nerves.,2.9
Neuro-  | Form nerve or nerves. ,Neuro-  ,Form nerve or nerves.,3.2
Neurology  | The study of nerve systems.  neurological adj. Neurologist n.,Neurology  ,The study of nerve systems.  neurological adj. Neurologist n.,2.9
Neuron  |  nerve-cell.,Neuron  ,nerve-cell.,3.4
"Neurosis  |  irrational or disturbed behaviour pattern, associated with nervous distress.",Neurosis  ,"irrational or disturbed behaviour pattern, associated with nervous distress.",3.0
"Neurosurgery  | Surgery on the nervous system, esp. The brain or spinal cord.  neurosurgeon n. Neurosurgical adj.",Neurosurgery  ,"Surgery on the nervous system, esp. The brain or spinal cord.  neurosurgeon n. Neurosurgical adj.",3.0
Neurotic  | 1 caused by or relating to neurosis. 2 suffering from neurosis. 3 colloq. Abnormally sensitive or obsessive. —n. Neurotic person.  neurotically adv.,Neurotic  ,1 caused by or relating to neurosis. 2 suffering from neurosis. 3 colloq. Abnormally sensitive or obsessive. —n. Neurotic person.  neurotically adv.,2.3
"Neuter  | 1 neither masculine nor feminine. 2  having neither pistils nor stamen. 3  sexually undeveloped. —n. 1 neuter gender or word. 2 a non-fertile insect, esp. A worker bee or ant. B castrated animal. —v. Castrate or spay. ",Neuter  ,"1 neither masculine nor feminine. 2  having neither pistils nor stamen. 3  sexually undeveloped. —n. 1 neuter gender or word. 2 a non-fertile insect, esp. A worker bee or ant. B castrated animal. —v. Castrate or spay.",3.0
"Neutral  | 1 not supporting either of two opposing sides, impartial. 2 belonging to a neutral state etc. . 3 indistinct, vague, indeterminate. 4  in which the engine is disconnected from the driven parts. 5  not strong or positive; grey or beige. 6 chem. Neither acid nor alkaline. 7 electr. Neither positive nor negative. 8 biol. Sexually undeveloped; asexual. —n. 1 a neutral state or person. B citizen of a neutral state. 2 neutral gear.  neutrality n. ",Neutral  ,"1 not supporting either of two opposing sides, impartial. 2 belonging to a neutral state etc. . 3 indistinct, vague, indeterminate. 4  in which the engine is disconnected from the driven parts. 5  not strong or positive; grey or beige. 6 chem. Neither acid nor alkaline. 7 electr. Neither positive nor negative. 8 biol. Sexually undeveloped; asexual. —n. 1 a neutral state or person. B citizen of a neutral state. 2 neutral gear.  neutrality n.",2.7
Neutralize  |   1 make neutral. 2 make ineffective by an opposite force or effect. 3 exempt or exclude  from the sphere of hostilities.  neutralization n.,Neutralize  ,1 make neutral. 2 make ineffective by an opposite force or effect. 3 exempt or exclude  from the sphere of hostilities.  neutralization n.,2.4
Neutrino  |  elementary particle with zero electric charge and probably zero mass. ,Neutrino  ,elementary particle with zero electric charge and probably zero mass.,2.4
Neutron  | Elementary particle of about the same mass as a proton but without an electric charge. ,Neutron  ,Elementary particle of about the same mass as a proton but without an electric charge.,3.1
"Neutron bomb  | Bomb producing neutrons and little blast, destroying life but not property.",Neutron bomb  ,"Bomb producing neutrons and little blast, destroying life but not property.",2.4
Never  | 1 a at no time; on no occasion; not ever. B colloq. As an emphatic negative . 2 not at all . 3 colloq.  surely not .  well i never! Expressing great surprise. ,Never  ,1 a at no time; on no occasion; not ever. B colloq. As an emphatic negative . 2 not at all . 3 colloq.  surely not .  well i never! Expressing great surprise.,2.8
Nevermore  | At no future time.,Nevermore  ,At no future time.,3.1
Never-never  |  colloq. Hire purchase.,Never-never  ,colloq. Hire purchase.,3.2
Nevertheless  | In spite of that; notwithstanding.,Nevertheless  ,In spite of that; notwithstanding.,2.7
Nevus  |   1 raised red birthmark. 2 = ~mole2. ,Nevus  ,1 raised red birthmark. 2 = ~mole2.,2.7
"New  | 1 a of recent origin or arrival. B made, discovered, acquired, or experienced recently or now for the first time. 2 in original condition; not worn or used. 3 a renewed; reformed . B reinvigorated . 4 different from a recent previous one . 5  unfamiliar or strange . 6  often derog. A later, modern. B newfangled. C given to new or modern ideas. D recently affected by social change . 7  advanced in method or theory. 8  discovered or founded later than and named after . —adv.  Newly, recently .  newish adj. Newness n. ",New  ,"1 a of recent origin or arrival. B made, discovered, acquired, or experienced recently or now for the first time. 2 in original condition; not worn or used. 3 a renewed; reformed . B reinvigorated . 4 different from a recent previous one . 5  unfamiliar or strange . 6  often derog. A later, modern. B newfangled. C given to new or modern ideas. D recently affected by social change . 7  advanced in method or theory. 8  discovered or founded later than and named after . —adv.  Newly, recently .  newish adj. Newness n.",2.8
"New age  | Set of beliefs replacing traditional western culture, with alternative approaches to religion, medicine, the environment, etc.",New age  ,"Set of beliefs replacing traditional western culture, with alternative approaches to religion, medicine, the environment, etc.",3.1
New arrival  | Colloq. Newborn child.,New arrival  ,Colloq. Newborn child.,3.2
Newborn  | Recently born.,Newborn  ,Recently born.,3.1
New broom  | New employee etc. Eager to make changes.,New broom  ,New employee etc. Eager to make changes.,3.5
Newcomer  | 1 person who has recently arrived. 2 beginner in some activity.,Newcomer  ,1 person who has recently arrived. 2 beginner in some activity.,3.2
Newel  | 1 supporting central post of winding stairs. 2  top or bottom supporting post of a stair-rail. ,Newel  ,1 supporting central post of winding stairs. 2  top or bottom supporting post of a stair-rail.,2.8
Newfangled  | Derog. Different from what one is used to; objectionably new. ,Newfangled  ,Derog. Different from what one is used to; objectionably new.,3.0
"Newly  | 1 recently. 2 afresh, anew.",Newly  ,"1 recently. 2 afresh, anew.",2.7
Newly-wed  | Recently married person.,Newly-wed  ,Recently married person.,3.1
New mathematics  |pl.   System of elementary maths teaching with an emphasis on investigation and set theory.,New mathematics  ,pl.   System of elementary maths teaching with an emphasis on investigation and set theory.,3.3
New moon  | 1 moon when first seen as a crescent after conjunction with the sun. 2 time of its appearance.,New moon  ,1 moon when first seen as a crescent after conjunction with the sun. 2 time of its appearance.,3.4
New potatoes  |pl. Earliest potatoes of a new crop.,New potatoes  ,pl. Earliest potatoes of a new crop.,3.0
"News  |pl.  1 information about important or interesting recent events, esp. When published or broadcast. 2  broadcast report of news. 3 newly received or noteworthy information. ",News  ,"pl.  1 information about important or interesting recent events, esp. When published or broadcast. 2  broadcast report of news. 3 newly received or noteworthy information.",2.7
Newsagent  | Seller of or shop selling newspapers etc.,Newsagent  ,Seller of or shop selling newspapers etc.,2.9
Newscast  | Radio or television broadcast of news reports.,Newscast  ,Radio or television broadcast of news reports.,3.2
Newscaster  | = ~newsreader.,Newscaster  ,= ~newsreader.,3.1
News conference  | Press conference.,News conference  ,Press conference.,3.4
"Newsflash  | Single item of important news, broadcast urgently and often interrupting other programmes.",Newsflash  ,"Single item of important news, broadcast urgently and often interrupting other programmes.",1.8
Newsletter  | Informal printed report issued periodically to members of a club etc.,Newsletter  ,Informal printed report issued periodically to members of a club etc.,3.4
"Newspaper  | 1 printed publication of loose folded sheets containing news, advertisements, correspondence, etc. 2 paper forming this .",Newspaper  ,"1 printed publication of loose folded sheets containing news, advertisements, correspondence, etc. 2 paper forming this .",2.8
Newspeak  | Ambiguous euphemistic language used esp. In political propaganda. ,Newspeak  ,Ambiguous euphemistic language used esp. In political propaganda.,2.5
Newsprint  | Low-quality paper on which newspapers are printed.,Newsprint  ,Low-quality paper on which newspapers are printed.,2.9
Newsreader  | Person who reads out broadcast news bulletins.,Newsreader  ,Person who reads out broadcast news bulletins.,2.8
Newsreel  | Short cinema film of recent events.,Newsreel  ,Short cinema film of recent events.,2.6
News room  | Room in a newspaper or broadcasting office where news is processed.,News room  ,Room in a newspaper or broadcasting office where news is processed.,2.8
News-sheet  | Simple form of newspaper; newsletter.,News-sheet  ,Simple form of newspaper; newsletter.,3.3
News-stand  | Stall for the sale of newspapers.,News-stand  ,Stall for the sale of newspapers.,3.3
New star  | Nova.,New star  ,Nova.,3.7
New style  | Dating reckoned by the gregorian calendar.,New style  ,Dating reckoned by the gregorian calendar.,3.3
News-vendor  | Newspaper-seller.,News-vendor  ,Newspaper-seller.,3.2
Newsworthy  | Topical; noteworthy as news.,Newsworthy  ,Topical; noteworthy as news.,3.0
Newsy  |  colloq. Full of news.,Newsy  ,colloq. Full of news.,2.8
Newt  | Small amphibian with a well-developed tail. ,Newt  ,Small amphibian with a well-developed tail.,2.9
New testament  | Part of the bible concerned with the life and teachings of christ and his earliest followers.,New testament  ,Part of the bible concerned with the life and teachings of christ and his earliest followers.,3.7
"Newton  | Si unit of force that, acting on a mass of one kilogram, increases its velocity by one metre per second every second. ",Newton  ,"Si unit of force that, acting on a mass of one kilogram, increases its velocity by one metre per second every second.",2.8
New town  | Town planned and built all at once with government funds.,New town  ,Town planned and built all at once with government funds.,3.4
New wave  | A style of rock music.,New wave  ,A style of rock music.,3.5
New world  | North and south america.,New world  ,North and south america.,3.2
New year  | Year just begun or about to begin; first few days of a year.,New year  ,Year just begun or about to begin; first few days of a year.,3.6
New year's day  | 1 january.,New year,1 january.,3.6
New year's eve  | 31 december.,New year,31 december.,3.6
"Next  | 1  being, positioned, or living nearest. 2 nearest in order of time; soonest encountered . —adv. 1  in the nearest place or degree . 2 on the first or soonest occasion . —n. Next person or thing. —prep. Colloq. Next to.  next to almost . ",Next  ,"1  being, positioned, or living nearest. 2 nearest in order of time; soonest encountered . —adv. 1  in the nearest place or degree . 2 on the first or soonest occasion . —n. Next person or thing. —prep. Colloq. Next to.  next to almost .",2.9
Next-best  | The next in order of preference.,Next-best  ,The next in order of preference.,4.4
Next door  | & adv.  in the next house or room.,Next door  ,& adv.  in the next house or room.,3.3
Next of kin  |sing. & pl. Closest living relative.,Next of kin  ,sing. & pl. Closest living relative.,2.8
Next world  |  life after death.,Next world  ,life after death.,3.2
Nexus  |  connected group or series. ,Nexus  ,connected group or series.,3.3
