Foal  —| Young of a horse or related animal. —v. Give birth to .  in  foal  Pregnant. ,Foal  ,Young of a horse or related animal. —v. Give birth to .  in  foal  Pregnant.,2.9
"Foam  —| 1 mass of small bubbles formed on or in liquid by agitation, fermentation, etc. 2 froth of saliva or sweat. 3 substance resembling these, e.g. Spongy rubber or plastic. —v. Emit or run with foam; froth.  foam at the mouth be very angry.  foamy adj. . ",Foam  ,"1 mass of small bubbles formed on or in liquid by agitation, fermentation, etc. 2 froth of saliva or sweat. 3 substance resembling these, e.g. Spongy rubber or plastic. —v. Emit or run with foam; froth.  foam at the mouth be very angry.  foamy adj. .",3.0
Fob1  | 1 chain of a pocket-watch. 2 small pocket for a watch etc. 3 tab on a key-ring. ,Fob1  ,1 chain of a pocket-watch. 2 small pocket for a watch etc. 3 tab on a key-ring.,2.9
Fob2  |   fob off 1  deceive into accepting something inferior. 2  offload . ,Fob2  , fob off 1  deceive into accepting something inferior. 2  offload .,2.7
Focal  | Of or at a focus. ,Focal  ,Of or at a focus.,2.8
Focal distance  |  distance between the centre of a mirror or lens and its focus.,Focal distance  ,distance between the centre of a mirror or lens and its focus.,3.0
Focal point  | 1 = ~focus n. 1. 2 centre of interest or activity.,Focal point  ,1 = ~focus n. 1. 2 centre of interest or activity.,3.0
Fo'c's'le  | Of ~forecastle.,Fo,Of ~forecastle.,2.8
Focus  —|  1 a point at which rays or waves meet after reflection or refraction. B point from which rays etc. Appear to proceed. 2 a point at which an object must be situated for a lens or mirror to give a well-defined image. B adjustment of the eye or a lens to give a clear image. C state of clear definition . 3 = ~focal point 2. —v.  1 bring into focus. 2 adjust the focus of . 3 concentrate or be concentrated on. 4 converge or make converge to a focus. ,Focus  ,1 a point at which rays or waves meet after reflection or refraction. B point from which rays etc. Appear to proceed. 2 a point at which an object must be situated for a lens or mirror to give a well-defined image. B adjustment of the eye or a lens to give a clear image. C state of clear definition . 3 = ~focal point 2. —v.  1 bring into focus. 2 adjust the focus of . 3 concentrate or be concentrated on. 4 converge or make converge to a focus.,2.8
Fodder  | Dried hay or straw etc. As animal food. ,Fodder  ,Dried hay or straw etc. As animal food.,2.9
Foe  | Esp. Poet. Enemy. ,Foe  ,Esp. Poet. Enemy.,2.8
Foetid  | Of ~fetid.,Foetid  ,Of ~fetid.,2.8
"Foetus  |   unborn mammalian offspring, esp. A human embryo of eight weeks or more.  foetal adj. ",Foetus  ,"unborn mammalian offspring, esp. A human embryo of eight weeks or more.  foetal adj.",3.1
Fog  —| 1 thick cloud of water droplets or smoke suspended at or near the earth's surface. 2 cloudiness on a photographic negative etc. 3 uncertain or confused position or state. —v.  1 cover or become covered with or as with fog. 2 perplex. ,Fog  ,1 thick cloud of water droplets or smoke suspended at or near the earth's surface. 2 cloudiness on a photographic negative etc. 3 uncertain or confused position or state. —v.  1 cover or become covered with or as with fog. 2 perplex.,2.8
Fog-bank  | Mass of fog at sea.,Fog-bank  ,Mass of fog at sea.,3.0
Fog-bound  | Unable to travel because of fog.,Fog-bound  ,Unable to travel because of fog.,2.9
Fogey  | Of ~fogy.,Fogey  ,Of ~fogy.,2.9
"Foggy  |  1 full of fog. 2 of or like fog. 3 vague, indistinct.  not have the foggiest colloq. Have no idea at all.  fogginess n. ",Foggy  ,"1 full of fog. 2 of or like fog. 3 vague, indistinct.  not have the foggiest colloq. Have no idea at all.  fogginess n.",3.1
Foghorn  | 1 horn warning ships in fog. 2 colloq. Loud penetrating voice.,Foghorn  ,1 horn warning ships in fog. 2 colloq. Loud penetrating voice.,2.9
Fog-lamp  | Powerful lamp for use in fog.,Fog-lamp  ,Powerful lamp for use in fog.,3.5
Fogy  |   dull old-fashioned person . ,Fogy  ,dull old-fashioned person .,2.8
Foible  | Minor weakness or idiosyncrasy. ,Foible  ,Minor weakness or idiosyncrasy.,2.7
"Foil1  | Frustrate, baffle, defeat. ",Foil1  ,"Frustrate, baffle, defeat.",2.7
Foil2  | 1 metal rolled into a very thin sheet. 2 person or thing setting off another to advantage. ,Foil2  ,1 metal rolled into a very thin sheet. 2 person or thing setting off another to advantage.,2.8
Foil3  | Light blunt fencing sword. ,Foil3  ,Light blunt fencing sword.,3.0
Foist  |  force  on to an unwilling person. ,Foist  ,force  on to an unwilling person.,2.8
"Fold1  | 1 a bend or close  over upon itself. B  bend part of  . 2 become or be able to be folded. 3  make compact by folding. 4  colloq. Collapse, cease to function. 5 enfold . 6  clasp . 7  mix  gently. —n. 1 folding. 2 line made by folding. 3 folded part. 4 hollow among hills. 5 curvature of geological strata.",Fold1  ,"1 a bend or close  over upon itself. B  bend part of  . 2 become or be able to be folded. 3  make compact by folding. 4  colloq. Collapse, cease to function. 5 enfold . 6  clasp . 7  mix  gently. —n. 1 folding. 2 line made by folding. 3 folded part. 4 hollow among hills. 5 curvature of geological strata.",3.3
Fold2  —| 1 = ~sheepfold. 2 religious group or congregation. —v. Enclose  in a fold. ,Fold2  ,1 = ~sheepfold. 2 religious group or congregation. —v. Enclose  in a fold.,3.0
Folder  | Folding cover or holder for loose papers.,Folder  ,Folding cover or holder for loose papers.,3.2
Foliaceous  | 1 of or like leaves. 2 laminated. ,Foliaceous  ,1 of or like leaves. 2 laminated.,2.0
"Foliage  | Leaves, leafage. ",Foliage  ,"Leaves, leafage.",2.7
Foliar  | Of leaves. ,Foliar  ,Of leaves.,2.7
Foliar feed  | Fertilizer supplied to the leaves of plants.,Foliar feed  ,Fertilizer supplied to the leaves of plants.,2.7
Foliate  | 1 leaflike. 2 having leaves. —v.  split or beat into thin layers.  foliation n. ,Foliate  ,1 leaflike. 2 having leaves. —v.  split or beat into thin layers.  foliation n.,2.6
"Folio  —|  1 leaf of paper etc., esp. Numbered only on the front. 2 sheet of paper folded once making two leaves of a book. 3 book of such sheets. —adj.  made of folios, of the largest size.  in folio made of folios. ",Folio  ,"1 leaf of paper etc., esp. Numbered only on the front. 2 sheet of paper folded once making two leaves of a book. 3 book of such sheets. —adj.  made of folios, of the largest size.  in folio made of folios.",2.8
Folk  |  1  People in general or of a specified class . 2   one's parents or relatives. 3  A people or nation. 4   Colloq. Traditional music or modern music in this style. 5  Of popular origin . ,Folk  ,1  People in general or of a specified class . 2   one's parents or relatives. 3  A people or nation. 4   Colloq. Traditional music or modern music in this style. 5  Of popular origin .,3.0
Folk-dance  | Dance of popular origin.,Folk-dance  ,Dance of popular origin.,3.4
Folklore  | Traditional beliefs and stories of a people; the study of these.,Folklore  ,Traditional beliefs and stories of a people; the study of these.,3.3
Folk-singer  | Singer of folk-songs.,Folk-singer  ,Singer of folk-songs.,3.3
Folk-song  | Song of popular or traditional origin or style.,Folk-song  ,Song of popular or traditional origin or style.,3.1
"Folksy  |  1 of or like folk art, culture, etc. 2 friendly, unpretentious.  folksiness n.",Folksy  ,"1 of or like folk art, culture, etc. 2 friendly, unpretentious.  folksiness n.",2.9
Folk-tale  | Traditional story.,Folk-tale  ,Traditional story.,3.1
Folkweave  | Rough loosely woven fabric.,Folkweave  ,Rough loosely woven fabric.,3.2
"Follicle  | Small sac or vesicle in the body, esp. One containing a hair-root.  follicular adj. ",Follicle  ,"Small sac or vesicle in the body, esp. One containing a hair-root.  follicular adj.",2.7
"Follow  | 1  go or come after . 2 go along . 3 come after in order or time . 4 take as a guide or leader. 5 conform to. 6 practise . 7 undertake . 8 understand . 9 take an interest in . 10  provide with a sequel or successor. 11 happen after something else; ensue. 12 a be necessarily true as a consequence. B  result.  follow on 1 continue. 2  have to bat twice in succession. Follow out carry out . Follow suit 1 play a card of the suit led. 2 conform to another's actions. Follow through 1 continue to a conclusion. 2 continue the movement of a stroke after hitting the ball. Follow up  1 develop, supplement. 2 investigate further. ",Follow  ,"1  go or come after . 2 go along . 3 come after in order or time . 4 take as a guide or leader. 5 conform to. 6 practise . 7 undertake . 8 understand . 9 take an interest in . 10  provide with a sequel or successor. 11 happen after something else; ensue. 12 a be necessarily true as a consequence. B  result.  follow on 1 continue. 2  have to bat twice in succession. Follow out carry out . Follow suit 1 play a card of the suit led. 2 conform to another's actions. Follow through 1 continue to a conclusion. 2 continue the movement of a stroke after hitting the ball. Follow up  1 develop, supplement. 2 investigate further.",2.9
Follower  | 1 supporter or devotee. 2 person who follows.,Follower  ,1 supporter or devotee. 2 person who follows.,2.9
Following  —| After in time; as a sequel to. —n. Supporters or devotees. —adj. That follows or comes after.  the following 1 what follows. 2 now to be given or named .,Following  ,After in time; as a sequel to. —n. Supporters or devotees. —adj. That follows or comes after.  the following 1 what follows. 2 now to be given or named .,2.9
Follow-on  | Cricket instance of following on.,Follow-on  ,Cricket instance of following on.,3.0
Follow-through  | Action of following through.,Follow-through  ,Action of following through.,3.2
Follow-up  | Subsequent or continued action.,Follow-up  ,Subsequent or continued action.,3.2
"Folly  |  1 foolishness. 2 foolish act, behaviour, idea, etc. 3 fanciful ornamental building created for display. ",Folly  ,"1 foolishness. 2 foolish act, behaviour, idea, etc. 3 fanciful ornamental building created for display.",2.7
Foment  | Instigate or stir up .  fomentation n. ,Foment  ,Instigate or stir up .  fomentation n.,3.3
Fond  | 1  liking. 2 a affectionate. B doting. 3  Foolishly optimistic or credulous.  fondly adv. Fondness n. ,Fond  ,1  liking. 2 a affectionate. B doting. 3  Foolishly optimistic or credulous.  fondly adv. Fondness n.,3.3
Fondant  | Soft sugary sweet. ,Fondant  ,Soft sugary sweet.,3.2
Fondle  |  caress. ,Fondle  ,caress.,3.0
Fondue  | Dish of melted cheese. ,Fondue  ,Dish of melted cheese.,2.7
Font1  | Receptacle in a church for baptismal water. ,Font1  ,Receptacle in a church for baptismal water.,3.4
Font2  | Of ~fount2.,Font2  ,Of ~fount2.,3.2
Fontanel  |  membranous space in an infant's skull at the angles of the parietal bones. ,Fontanel  ,membranous space in an infant's skull at the angles of the parietal bones.,3.1
Fontanelle  |  membranous space in an infant's skull at the angles of the parietal bones. ,Fontanelle  ,membranous space in an infant's skull at the angles of the parietal bones.,3.6
Food  | 1 a substance taken in to maintain life and growth. B solid food . 2 mental stimulus . ,Food  ,1 a substance taken in to maintain life and growth. B solid food . 2 mental stimulus .,3.2
Food additive  | Substance added to food to colour or flavour it etc.,Food additive  ,Substance added to food to colour or flavour it etc.,3.9
Food-chain  | Series of organisms each dependent on the next for food.,Food-chain  ,Series of organisms each dependent on the next for food.,3.3
Foodie  | Colloq. Person who makes a cult of food; gourmet.,Foodie  ,Colloq. Person who makes a cult of food; gourmet.,2.9
Food poisoning  | Illness due to bacteria etc. In food.,Food poisoning  ,Illness due to bacteria etc. In food.,2.3
Food processor  | Machine for chopping and mixing food.,Food processor  ,Machine for chopping and mixing food.,3.6
Foodstuff  | Substance used as food.,Foodstuff  ,Substance used as food.,2.5
Food value  | Nourishing power of a food.,Food value  ,Nourishing power of a food.,3.8
"Fool1  —| 1 rash, unwise, or stupid person. 2 hist. Jester; clown. 3 dupe. —v. 1 deceive. 2  trick; cheat. 3 joke or tease. 4  play or trifle.  act  the fool behave in a silly way. Be no  fool be shrewd or prudent. Make a fool of make  look foolish; trick, deceive. ",Fool1  ,"1 rash, unwise, or stupid person. 2 hist. Jester; clown. 3 dupe. —v. 1 deceive. 2  trick; cheat. 3 joke or tease. 4  play or trifle.  act  the fool behave in a silly way. Be no  fool be shrewd or prudent. Make a fool of make  look foolish; trick, deceive.",2.9
Fool2  | Dessert of fruit purée with cream or custard. ,Fool2  ,Dessert of fruit purée with cream or custard.,3.1
Foolery  | Foolish behaviour.,Foolery  ,Foolish behaviour.,3.1
Foolhardy  |  rashly or foolishly bold; reckless.  foolhardily adv. Foolhardiness n.,Foolhardy  ,rashly or foolishly bold; reckless.  foolhardily adv. Foolhardiness n.,2.9
Foolish  | Lacking good sense or judgement; unwise.  foolishly adv. Foolishness n.,Foolish  ,Lacking good sense or judgement; unwise.  foolishly adv. Foolishness n.,2.8
Foolproof  |  Incapable of misuse or mistake.,Foolproof  ,Incapable of misuse or mistake.,2.8
"Foolscap  | Large size of paper, about 330 x 200  mm. ",Foolscap  ,"Large size of paper, about 330 x 200  mm.",2.9
Fool's paradise  | Illusory happiness.,Fool,Illusory happiness.,3.2
"Foot  —|  1 a part of the leg below the ankle. B part of a sock etc. Covering this. 2 a lowest part of a page, stairs, etc. B end of a bed where the feet rest. C part of a chair, appliance, etc. On which it rests. 3 step, pace, or tread . 4  linear measure of 12 inches . 5 metrical unit of verse forming part of a line. 6 hist. Infantry. —v. 1 pay . 2  go or traverse on foot.  feet of clay fundamental weakness in a respected person. Have one's  feet on the ground be practical. Have one foot in the grave be near death or very old. My foot! Int. Expressing strong contradiction. On foot walking. Put one's feet up colloq. Take a rest. Put one's foot down colloq. 1 insist firmly. 2 accelerate a vehicle. Put one's foot in it colloq. Make a tactless blunder. Under one's feet in the way. Under foot on the ground.  footless adj. ",Foot  ,"1 a part of the leg below the ankle. B part of a sock etc. Covering this. 2 a lowest part of a page, stairs, etc. B end of a bed where the feet rest. C part of a chair, appliance, etc. On which it rests. 3 step, pace, or tread . 4  linear measure of 12 inches . 5 metrical unit of verse forming part of a line. 6 hist. Infantry. —v. 1 pay . 2  go or traverse on foot.  feet of clay fundamental weakness in a respected person. Have one's  feet on the ground be practical. Have one foot in the grave be near death or very old. My foot! Int. Expressing strong contradiction. On foot walking. Put one's feet up colloq. Take a rest. Put one's foot down colloq. 1 insist firmly. 2 accelerate a vehicle. Put one's foot in it colloq. Make a tactless blunder. Under one's feet in the way. Under foot on the ground.  footless adj.",2.8
Footage  | 1 a length of tv or cinema film etc. 2 length in feet.,Footage  ,1 a length of tv or cinema film etc. 2 length in feet.,2.8
Foot-and-mouth disease  | Contagious viral disease of cattle etc.,Foot-and-mouth disease  ,Contagious viral disease of cattle etc.,2.6
Football  | 1 large inflated ball of leather or plastic. 2 outdoor team game played with this.  footballer n.,Football  ,1 large inflated ball of leather or plastic. 2 outdoor team game played with this.  footballer n.,3.2
Football pool  |  Large-scale organized gambling on the results of football matches.,Football pool  ,Large-scale organized gambling on the results of football matches.,2.3
Footbrake  | Foot-operated brake on a vehicle.,Footbrake  ,Foot-operated brake on a vehicle.,2.8
Footbridge  | Bridge for pedestrians.,Footbridge  ,Bridge for pedestrians.,3.0
Footfall  | Sound of a footstep.,Footfall  ,Sound of a footstep.,2.5
Foot-fault  |  placing of the foot over the baseline while serving.,Foot-fault  ,placing of the foot over the baseline while serving.,2.6
Foothill  | Any of the low hills at the base of a mountain or range.,Foothill  ,Any of the low hills at the base of a mountain or range.,3.0
Foothold  | 1 secure place for a foot when climbing etc. 2 secure initial position.,Foothold  ,1 secure place for a foot when climbing etc. 2 secure initial position.,3.0
Footing  | 1 foothold; secure position . 2 operational basis. 3 relative position or status . 4  Foundations of a wall.,Footing  ,1 foothold; secure position . 2 operational basis. 3 relative position or status . 4  Foundations of a wall.,2.6
Footle  |   colloq. Potter or fiddle about. ,Footle  ,colloq. Potter or fiddle about.,2.8
Footlights  |pl. Row of floor-level lights at the front of a stage.,Footlights  ,pl. Row of floor-level lights at the front of a stage.,2.9
"Footling  | Colloq. Trivial, silly.",Footling  ,"Colloq. Trivial, silly.",2.8
Footloose  | Free to act as one pleases.,Footloose  ,Free to act as one pleases.,2.9
Footman  | Liveried servant.,Footman  ,Liveried servant.,2.8
Footmark  | Footprint.,Footmark  ,Footprint.,3.0
Footnote  | Note printed at the foot of a page.,Footnote  ,Note printed at the foot of a page.,3.1
Footpad  | Hist. Unmounted highwayman.,Footpad  ,Hist. Unmounted highwayman.,2.6
Footpath  | Path for pedestrians; pavement.,Footpath  ,Path for pedestrians; pavement.,2.6
Footplate  | Platform for the crew in a locomotive.,Footplate  ,Platform for the crew in a locomotive.,2.5
Footprint  | Impression left by a foot or shoe.,Footprint  ,Impression left by a foot or shoe.,2.8
"Footrest  | Stool, rail, etc. For the feet.",Footrest  ,"Stool, rail, etc. For the feet.",2.2
Footsie  | = ~ft-se. ,Footsie  ,= ~ft-se.,2.9
Footsie  | Colloq. Amorous play with the feet.,Footsie  ,Colloq. Amorous play with the feet.,2.9
"Footsore  | With sore feet, esp. From walking.",Footsore  ,"With sore feet, esp. From walking.",2.9
Footstep  | 1 step taken in walking. 2 sound of this.  follow in a person's footsteps do as another did before.,Footstep  ,1 step taken in walking. 2 sound of this.  follow in a person's footsteps do as another did before.,2.8
Footstool  | Stool for resting the feet on when sitting.,Footstool  ,Stool for resting the feet on when sitting.,2.5
Footway  | Path for pedestrians.,Footway  ,Path for pedestrians.,2.6
"Footwear  | Shoes, socks, etc.",Footwear  ,"Shoes, socks, etc.",2.9
"Footwork  | Use or agility of the feet in sports, dancing, etc.",Footwork  ,"Use or agility of the feet in sports, dancing, etc.",3.2
Fop  | Dandy.  foppery n. Foppish adj. ,Fop  ,Dandy.  foppery n. Foppish adj.,2.8
"For  —| 1 in the interest or to the benefit of; intended to go to . 2 in defence, support, or favour of. 3 suitable or appropriate to . 4 in respect of or with reference to; regarding . 5 representing or in place of . 6 in exchange with, at the price of, corresponding to . 7 as a consequence of . 8 a with a view to; in the hope or quest of; in order to get . B on account of . 9 to reach; towards . 10 so as to start promptly at . 11 through or over ; during . 12 as being . 13 in spite of; notwithstanding . 14 considering or making due allowance in respect of . —conj. Because, since, seeing that.  be for it colloq. Be about to be punished etc. For all  in spite of, although. For ever for all time . ",For  ,"1 in the interest or to the benefit of; intended to go to . 2 in defence, support, or favour of. 3 suitable or appropriate to . 4 in respect of or with reference to; regarding . 5 representing or in place of . 6 in exchange with, at the price of, corresponding to . 7 as a consequence of . 8 a with a view to; in the hope or quest of; in order to get . B on account of . 9 to reach; towards . 10 so as to start promptly at . 11 through or over ; during . 12 as being . 13 in spite of; notwithstanding . 14 considering or making due allowance in respect of . —conj. Because, since, seeing that.  be for it colloq. Be about to be punished etc. For all  in spite of, although. For ever for all time .",2.8
Forage  —| 1 food for horses and cattle. 2 searching for food. —v. 1 search for food; rummage. 2 collect food from. 3 get by foraging. ,Forage  ,1 food for horses and cattle. 2 searching for food. —v. 1 search for food; rummage. 2 collect food from. 3 get by foraging.,3.1
Forage cap  | Infantry undress cap.,Forage cap  ,Infantry undress cap.,2.4
"Forasmuch as  | Archaic because, since. ",Forasmuch as  ,"Archaic because, since.",2.4
Foray  —| Sudden attack; raid. —v. Make a foray. ,Foray  ,Sudden attack; raid. —v. Make a foray.,3.0
Forbade   past of ~forbid.,Forbade   past of ,Forbade   past of ~forbid.,2.6
Forbear1  |  formal abstain or desist   speaking out; forbore to mention it). ,Forbear1  ,formal abstain or desist   speaking out; forbore to mention it).,3.0
Forbear2  | Of ~forebear.,Forbear2  ,Of ~forebear.,3.0
Forbearance  | Patient self-control; tolerance.,Forbearance  ,Patient self-control; tolerance.,2.6
Forbid  |  1  Order not . 2 refuse to allow . 3 refuse a person entry to.  god forbid! May it not happen! ,Forbid  ,1  Order not . 2 refuse to allow . 3 refuse a person entry to.  god forbid! May it not happen!,2.5
Forbidden degrees  |pl.  family relationship too close for marriage to be permitted.,Forbidden degrees  ,pl.  family relationship too close for marriage to be permitted.,2.8
Forbidden fruit  | Something desired esp. Because not allowed.,Forbidden fruit  ,Something desired esp. Because not allowed.,3.0
"Forbidding  | Stern, threatening.  forbiddingly adv.",Forbidding  ,"Stern, threatening.  forbiddingly adv.",2.3
Forbore  past of ~forbear1.,Forbore  past of ,Forbore  past of ~forbear1.,3.2
Forborne  | Of ~forbear1.,Forborne  ,Of ~forbear1.,2.9
"Force1  —| 1 power; strength, impetus; intense effort. 2 coercion, compulsion. 3 a military strength. B organized body of soldiers, police, etc. 4 a moral, intellectual, or legal power, influence, or validity. B person etc. With such power . 5 effect; precise significance. 6 a influence tending to cause a change in the motion of a body. B intensity of this. —v.  1 compel or coerce  by force. 2 make a forcible entry into; break open by force. 3 drive or propel violently or against resistance. 4 make  by force. 5  impose or press on . 6 cause, produce, or attain by effort . 7 strain or increase to the utmost. 8 artificially hasten the growth of . 9 seek quick results from; accelerate .  force a person's hand make a person act prematurely or unwillingly. Force the issue make an immediate decision necessary. In force 1 valid . 2 in great strength or numbers . ",Force1  ,"1 power; strength, impetus; intense effort. 2 coercion, compulsion. 3 a military strength. B organized body of soldiers, police, etc. 4 a moral, intellectual, or legal power, influence, or validity. B person etc. With such power . 5 effect; precise significance. 6 a influence tending to cause a change in the motion of a body. B intensity of this. —v.  1 compel or coerce  by force. 2 make a forcible entry into; break open by force. 3 drive or propel violently or against resistance. 4 make  by force. 5  impose or press on . 6 cause, produce, or attain by effort . 7 strain or increase to the utmost. 8 artificially hasten the growth of . 9 seek quick results from; accelerate .  force a person's hand make a person act prematurely or unwillingly. Force the issue make an immediate decision necessary. In force 1 valid . 2 in great strength or numbers .",2.9
Force2  | N.engl. Waterfall. ,Force2  ,N.engl. Waterfall.,2.7
"Forced labour  | Compulsory labour, esp. In prison.",Forced labour  ,"Compulsory labour, esp. In prison.",3.2
Forced landing  | Emergency landing of an aircraft.,Forced landing  ,Emergency landing of an aircraft.,3.0
"Forced march  | Long and vigorous march, esp. By troops.",Forced march  ,"Long and vigorous march, esp. By troops.",2.2
Force-feed  | Force  to take food.,Force-feed  ,Force  to take food.,3.6
"Forceful  | Vigorous, powerful, impressive.  forcefully adv. Forcefulness n.",Forceful  ,"Vigorous, powerful, impressive.  forcefully adv. Forcefulness n.",2.8
Force majeure  | 1 irresistible force. 2 unforeseeable circumstances excusing a person from the fulfilment of a contract. ,Force majeure  ,1 irresistible force. 2 unforeseeable circumstances excusing a person from the fulfilment of a contract.,2.5
Forcemeat  | Minced seasoned meat for stuffing or garnish. ,Forcemeat  ,Minced seasoned meat for stuffing or garnish.,2.9
Forceps  |  surgical pincers. ,Forceps  ,surgical pincers.,2.5
Forcible  | Done by or involving force; forceful.  forcibly adv. ,Forcible  ,Done by or involving force; forceful.  forcibly adv.,3.0
"Ford  —| Shallow place where a river or stream may be crossed by wading, in a vehicle, etc. —v. Cross  at a ford.  fordable adj. ",Ford  ,"Shallow place where a river or stream may be crossed by wading, in a vehicle, etc. —v. Cross  at a ford.  fordable adj.",2.8
Fore  | Situated in front. —n. Front part; bow of a ship. —int.  warning to a person in the path of a ball.  to the fore in or into a conspicuous position. ,Fore  ,Situated in front. —n. Front part; bow of a ship. —int.  warning to a person in the path of a ball.  to the fore in or into a conspicuous position.,3.1
Fore and aft  —| At bow and stern; all over the ship. —adj.   lengthwise.,Fore and aft  ,At bow and stern; all over the ship. —adj.   lengthwise.,3.0
Forearm1  | The arm from the elbow to the wrist or fingertips.,Forearm1  ,The arm from the elbow to the wrist or fingertips.,2.6
"Forearm2  | Arm beforehand, prepare.",Forearm2  ,"Arm beforehand, prepare.",2.6
Forebear  |   Ancestor. ,Forebear  ,Ancestor.,3.1
"Forebode  |  1 be an advance sign of, portend. 2  have a presentiment of .",Forebode  ,"1 be an advance sign of, portend. 2  have a presentiment of .",2.7
Foreboding  | Expectation of trouble.,Foreboding  ,Expectation of trouble.,2.4
"Forecast  |  predict; estimate beforehand. —n. Prediction, esp. Of weather.  forecaster n.",Forecast  ,"predict; estimate beforehand. —n. Prediction, esp. Of weather.  forecaster n.",3.3
"Forecastle  |  forward part of a ship, formerly the living quarters.",Forecastle  ,"forward part of a ship, formerly the living quarters.",3.1
"Foreclose  |  1 stop  from being redeemable. 2 repossess the mortgaged property of  when a loan is not duly repaid. 3 exclude, prevent.  foreclosure n. ",Foreclose  ,"1 stop  from being redeemable. 2 repossess the mortgaged property of  when a loan is not duly repaid. 3 exclude, prevent.  foreclosure n.",2.9
Forecourt  | 1 part of a filling-station with petrol pumps. 2 enclosed space in front of a building.,Forecourt  ,1 part of a filling-station with petrol pumps. 2 enclosed space in front of a building.,3.2
Forefather  |  Ancestor of a family or people.,Forefather  ,Ancestor of a family or people.,3.3
Forefinger  | Finger next to the thumb.,Forefinger  ,Finger next to the thumb.,3.0
Forefoot  | Front foot of an animal.,Forefoot  ,Front foot of an animal.,3.1
Forefront  | 1 leading position. 2 foremost part.,Forefront  ,1 leading position. 2 foremost part.,3.1
Forego  | Of ~forgo.,Forego  ,Of ~forgo.,2.7
Foregoing  | Preceding; previously mentioned.,Foregoing  ,Preceding; previously mentioned.,2.7
Foregone conclusion  | Easily predictable result.,Foregone conclusion  ,Easily predictable result.,3.1
Foreground  | 1 part of a view or picture nearest the observer. 2 most conspicuous position. ,Foreground  ,1 part of a view or picture nearest the observer. 2 most conspicuous position.,3.4
Forehand  | 1  Stroke played with the palm of the hand facing forward. 2   of or made with a forehand.,Forehand  ,1  Stroke played with the palm of the hand facing forward. 2   of or made with a forehand.,2.6
Forehead  | The part of the face above the eyebrows.,Forehead  ,The part of the face above the eyebrows.,3.4
"Foreign  | 1 of, from, in, or characteristic of, a country or language other than one's own. 2 dealing with other countries . 3 of another district, society, etc. 4  unfamiliar, alien. 5 coming from outside .  foreignness n. ",Foreign  ,"1 of, from, in, or characteristic of, a country or language other than one's own. 2 dealing with other countries . 3 of another district, society, etc. 4  unfamiliar, alien. 5 coming from outside .  foreignness n.",2.8
Foreign and commonwealth office  | British government department dealing with foreign affairs.,Foreign and commonwealth office  ,British government department dealing with foreign affairs.,3.3
Foreigner  | Person born in or coming from another country.,Foreigner  ,Person born in or coming from another country.,2.9
Foreign legion  | Body of foreign volunteers in the  army.,Foreign legion  ,Body of foreign volunteers in the  army.,3.4
Foreign minister  |  government minister in charge of foreign affairs.,Foreign minister  ,government minister in charge of foreign affairs.,3.0
Foreign office  | Hist. Or informal = ~foreign and commonwealth office.,Foreign office  ,Hist. Or informal = ~foreign and commonwealth office.,3.2
Foreknow  |  literary know beforehand.  foreknowledge n.,Foreknow  ,literary know beforehand.  foreknowledge n.,2.9
"Foreland  | Cape, promontory.",Foreland  ,"Cape, promontory.",3.0
Foreleg  | Front leg of an animal.,Foreleg  ,Front leg of an animal.,2.9
Forelimb  | Front limb of an animal.,Forelimb  ,Front limb of an animal.,2.7
Forelock  | Lock of hair just above the forehead.  touch one's forelock defer to a person of higher social rank.,Forelock  ,Lock of hair just above the forehead.  touch one's forelock defer to a person of higher social rank.,3.3
Foreman  | 1 worker supervising others. 2 president and spokesman of a jury.,Foreman  ,1 worker supervising others. 2 president and spokesman of a jury.,2.7
Foremast  | Mast nearest the bow of a ship.,Foremast  ,Mast nearest the bow of a ship.,3.0
"Foremost  | 1 most notable, best. 2 first, front. —adv. Most importantly . ",Foremost  ,"1 most notable, best. 2 first, front. —adv. Most importantly .",3.2
Forename  | First or christian name.,Forename  ,First or christian name.,3.2
Forenoon  | Morning.,Forenoon  ,Morning.,3.2
Forensic  | 1 of or used in courts of law . 2 of or involving forensic science . forensically adv. ,Forensic  ,1 of or used in courts of law . 2 of or involving forensic science . forensically adv.,2.8
Foreordain  | Destine beforehand.,Foreordain  ,Destine beforehand.,2.5
Forepaw  | Front paw of an animal.,Forepaw  ,Front paw of an animal.,3.0
Foreplay  | Stimulation preceding sexual intercourse.,Foreplay  ,Stimulation preceding sexual intercourse.,3.4
Forerunner  | 1 predecessor. 2 herald.,Forerunner  ,1 predecessor. 2 herald.,3.2
Foresail  | Principal sail on a foremast.,Foresail  ,Principal sail on a foremast.,3.0
Foresee  |  see or be aware of beforehand.  foreseeable adj.,Foresee  ,see or be aware of beforehand.  foreseeable adj.,2.7
Foreshadow  | Be a warning or indication of .,Foreshadow  ,Be a warning or indication of .,3.1
Foreshore  | Shore between high- and low-water marks.,Foreshore  ,Shore between high- and low-water marks.,2.6
Foreshorten  | Show or portray  with the apparent shortening due to visual perspective.,Foreshorten  ,Show or portray  with the apparent shortening due to visual perspective.,3.0
Foresight  | 1 regard or provision for the future. 2 foreseeing. 3 front sight of a gun.,Foresight  ,1 regard or provision for the future. 2 foreseeing. 3 front sight of a gun.,3.5
Foreskin  | Fold of skin covering the end of the penis.,Foreskin  ,Fold of skin covering the end of the penis.,3.0
Forest  —| 1  Large area of trees and undergrowth. 2 trees in this. 3 large number or dense mass. —v. 1 plant with trees. 2 convert into a forest. ,Forest  ,1  Large area of trees and undergrowth. 2 trees in this. 3 large number or dense mass. —v. 1 plant with trees. 2 convert into a forest.,2.7
Forestall  | 1 prevent by advance action. 2 deal with beforehand. ,Forestall  ,1 prevent by advance action. 2 deal with beforehand.,2.9
Forester  | 1 person managing a forest or skilled in forestry. 2 dweller in a forest.,Forester  ,1 person managing a forest or skilled in forestry. 2 dweller in a forest.,2.8
Forestry  | Science or management of forests.,Forestry  ,Science or management of forests.,2.8
Foretaste  | Small preliminary experience of something.,Foretaste  ,Small preliminary experience of something.,2.8
"Foretell  |  1 predict, prophesy. 2 indicate the approach of.",Foretell  ,"1 predict, prophesy. 2 indicate the approach of.",2.7
Forethought  | 1 care or provision for the future. 2 deliberate intention.,Forethought  ,1 care or provision for the future. 2 deliberate intention.,2.6
"Forever  | Continually, persistently  .",Forever  ,"Continually, persistently  .",2.8
Forewarn  | Warn beforehand.,Forewarn  ,Warn beforehand.,2.7
Forewoman  | 1 female worker with supervisory responsibilities. 2 president and spokeswoman of a jury.,Forewoman  ,1 female worker with supervisory responsibilities. 2 president and spokeswoman of a jury.,3.3
"Foreword  | Introductory remarks at the beginning of a book, often not by the author.",Foreword  ,"Introductory remarks at the beginning of a book, often not by the author.",3.5
"Forfeit  —| 1 penalty. 2 thing surrendered as a penalty. —adj. Lost or surrendered as a penalty. —v.  lose the right to, surrender as a penalty.  forfeiture n. ",Forfeit  ,"1 penalty. 2 thing surrendered as a penalty. —adj. Lost or surrendered as a penalty. —v.  lose the right to, surrender as a penalty.  forfeiture n.",2.5
Forgather  | Assemble; associate. ,Forgather  ,Assemble; associate.,2.6
Forgave  past of ~forgive.,Forgave  past of ,Forgave  past of ~forgive.,3.5
Forge1  |  1 make or write in fraudulent imitation. 2 shape  by heating and hammering. —n. 1 furnace or workshop etc. For melting or refining metal. 2 blacksmith's workshop; smithy.  forger n. ,Forge1  ,1 make or write in fraudulent imitation. 2 shape  by heating and hammering. —n. 1 furnace or workshop etc. For melting or refining metal. 2 blacksmith's workshop; smithy.  forger n.,2.9
Forge2  |  move forward gradually or steadily.  forge ahead 1 take the lead. 2 progress rapidly. ,Forge2  ,move forward gradually or steadily.  forge ahead 1 take the lead. 2 progress rapidly.,2.8
Forgery  |  1 act of forging. 2 forged document etc.,Forgery  ,1 act of forging. 2 forged document etc.,3.0
Forget  |  1  lose remembrance of; not remember. 2 neglect or overlook. 3 cease to think of.  forget oneself 1 act without dignity. 2 act selflessly.  forgettable adj. ,Forget  ,1  lose remembrance of; not remember. 2 neglect or overlook. 3 cease to think of.  forget oneself 1 act without dignity. 2 act selflessly.  forgettable adj.,2.9
"Forgetful  | 1 apt to forget, absent-minded. 2  neglectful.  forgetfully adj. Forgetfulness n.",Forgetful  ,"1 apt to forget, absent-minded. 2  neglectful.  forgetfully adj. Forgetfulness n.",2.4
Forget-me-not  | Plant with small blue flowers.,Forget-me-not  ,Plant with small blue flowers.,2.0
Forgive  |  1 cease to feel angry or resentful towards; pardon. 2 remit .  forgivable adj. ,Forgive  ,1 cease to feel angry or resentful towards; pardon. 2 remit .  forgivable adj.,3.1
Forgiveness  | Forgiving or being forgiven.,Forgiveness  ,Forgiving or being forgiven.,2.8
Forgiving  | Inclined to forgive.,Forgiving  ,Inclined to forgive.,3.0
Forgo  |   go without; relinquish. ,Forgo  ,go without; relinquish.,2.7
Forgot  past of ~forget.,Forgot  past of ,Forgot  past of ~forget.,2.5
Forgotten  | Of ~forget.,Forgotten  ,Of ~forget.,2.8
"Fork  —| 1 pronged item of cutlery. 2 similar large tool used for digging, lifting, etc. 3 forked support for a bicycle wheel. 4 a divergence of a branch, road, etc. Into two parts. B place of this. C either part. —v. 1 form a fork or branch by separating into two parts. 2 take one road at a fork. 3 dig, lift, etc., with a fork.  fork out slang pay, esp. Reluctantly. ",Fork  ,"1 pronged item of cutlery. 2 similar large tool used for digging, lifting, etc. 3 forked support for a bicycle wheel. 4 a divergence of a branch, road, etc. Into two parts. B place of this. C either part. —v. 1 form a fork or branch by separating into two parts. 2 take one road at a fork. 3 dig, lift, etc., with a fork.  fork out slang pay, esp. Reluctantly.",2.7
Fork-lift truck  | Vehicle with a fork for lifting and carrying loads.,Fork-lift truck  ,Vehicle with a fork for lifting and carrying loads.,3.7
Forlorn  | 1 sad and abandoned. 2 in a pitiful state.  forlornly adv. ,Forlorn  ,1 sad and abandoned. 2 in a pitiful state.  forlornly adv.,3.2
Forlorn hope  | Faint remaining hope or chance. ,Forlorn hope  ,Faint remaining hope or chance.,3.8
"Form  —| 1 shape; arrangement of parts; visible aspect. 2 person or animal as visible or tangible. 3 mode of existence or manifestation. 4 kind or variety . 5 printed document with blank spaces for information to be inserted. 6 class in a school. 7 customary method. 8 set order of words. 9 etiquette or specified adherence to it . 10  correct procedure . 11 a  Condition of health and training. B racing history of a horse etc. 12 state or disposition . 13 any of the spellings, inflections, etc. Of a word. 14 arrangement and style in a literary or musical composition. 15 long low bench. 16 hare's lair. —v. 1 make or be made . 2 make up or constitute. 3 develop or establish as a concept, institution, or practice . 4  mould or organize to become . 5   Bring or move into formation. 6 train or instruct.  off form not playing or performing well. On form playing or performing well. Out of form not fit for racing etc. ",Form  ,"1 shape; arrangement of parts; visible aspect. 2 person or animal as visible or tangible. 3 mode of existence or manifestation. 4 kind or variety . 5 printed document with blank spaces for information to be inserted. 6 class in a school. 7 customary method. 8 set order of words. 9 etiquette or specified adherence to it . 10  correct procedure . 11 a  Condition of health and training. B racing history of a horse etc. 12 state or disposition . 13 any of the spellings, inflections, etc. Of a word. 14 arrangement and style in a literary or musical composition. 15 long low bench. 16 hare's lair. —v. 1 make or be made . 2 make up or constitute. 3 develop or establish as a concept, institution, or practice . 4  mould or organize to become . 5   Bring or move into formation. 6 train or instruct.  off form not playing or performing well. On form playing or performing well. Out of form not fit for racing etc.",3.1
Form  | Form  forming adjectives meaning: 1 having the form of . 2 having so many forms .,Form  ,Form  forming adjectives meaning: 1 having the form of . 2 having so many forms .,3.1
"Formal  | 1 in accordance with rules, convention, or ceremony . 2 precise or symmetrical . 3 prim or stiff. 4 perfunctory, in form only. 5 drawn up etc. Correctly; explicit . 6 of or concerned with  form, not content or matter.  formally adv. ",Formal  ,"1 in accordance with rules, convention, or ceremony . 2 precise or symmetrical . 3 prim or stiff. 4 perfunctory, in form only. 5 drawn up etc. Correctly; explicit . 6 of or concerned with  form, not content or matter.  formally adv.",2.8
Formaldehyde  | Colourless pungent gas used as a disinfectant and preservative. ,Formaldehyde  ,Colourless pungent gas used as a disinfectant and preservative.,2.4
Formalin  | Solution of formaldehyde in water.,Formalin  ,Solution of formaldehyde in water.,2.9
"Formalism  | Strict adherence to external form without regard to content, esp. In art.  formalist n.",Formalism  ,"Strict adherence to external form without regard to content, esp. In art.  formalist n.",3.0
"Formality  |  1 a formal, esp. Meaningless, act, regulation, or custom. B thing done simply to comply with a rule. 2 rigid observance of rules or convention.",Formality  ,"1 a formal, esp. Meaningless, act, regulation, or custom. B thing done simply to comply with a rule. 2 rigid observance of rules or convention.",3.0
Formalize  |   1 give definite  form to. 2 make formal.  formalization n.,Formalize  ,1 give definite  form to. 2 make formal.  formalization n.,2.7
Format  —| 1 shape and size . 2 style or manner of procedure etc. 3 computing arrangement of data etc. —v.  1 arrange or put into a format. 2 computing prepare  to receive data. ,Format  ,1 shape and size . 2 style or manner of procedure etc. 3 computing arrangement of data etc. —v.  1 arrange or put into a format. 2 computing prepare  to receive data.,3.0
Formation  | 1 forming. 2 thing formed. 3 particular arrangement . 4 rocks or strata with a common characteristic. ,Formation  ,1 forming. 2 thing formed. 3 particular arrangement . 4 rocks or strata with a common characteristic.,2.9
Formative  | Serving to form or fashion; of formation .,Formative  ,Serving to form or fashion; of formation .,2.8
Forme  | Printing body of type secured in a chase ready for printing. ,Forme  ,Printing body of type secured in a chase ready for printing.,2.8
"Former  | Adj. 1 of the past, earlier, previous . 2   The first or first-mentioned of two. ",Former  ,"Adj. 1 of the past, earlier, previous . 2   The first or first-mentioned of two.",3.1
Formerly  | In former times.,Formerly  ,In former times.,3.1
Formica  | Propr. Hard durable plastic laminate used for surfaces. ,Formica  ,Propr. Hard durable plastic laminate used for surfaces.,2.8
Formic acid  | Colourless irritant volatile acid contained in fluid emitted by ants; methanoic acid. ,Formic acid  ,Colourless irritant volatile acid contained in fluid emitted by ants; methanoic acid.,2.7
"Formidable  | 1 inspiring dread, awe, or respect. 2 hard to overcome or deal with.  formidably adv. ",Formidable  ,"1 inspiring dread, awe, or respect. 2 hard to overcome or deal with.  formidably adv.",3.1
Formless  | Without definite or regular form.  formlessness n.,Formless  ,Without definite or regular form.  formlessness n.,1.8
"Formula  |  -lae) 1 chemical symbols showing the constituents of a substance. 2 mathematical rule expressed in symbols. 3 a fixed form of esp. Ceremonial or polite words. B words used to formulate a treaty etc. 4 a list of ingredients. B us infant's food. 5 classification of a racing car, esp. By engine capacity.",Formula  ,"-lae) 1 chemical symbols showing the constituents of a substance. 2 mathematical rule expressed in symbols. 3 a fixed form of esp. Ceremonial or polite words. B words used to formulate a treaty etc. 4 a list of ingredients. B us infant's food. 5 classification of a racing car, esp. By engine capacity.",3.1
Formulary  |  1 collection of esp. Religious formulas or set forms. 2 pharm. Compendium of drug formulae. ,Formulary  ,1 collection of esp. Religious formulas or set forms. 2 pharm. Compendium of drug formulae.,3.2
Formulate  |  1 express in a formula. 2 express clearly and precisely.  formulation n.,Formulate  ,1 express in a formula. 2 express clearly and precisely.  formulation n.,2.9
Fornicate  |  archaic or joc.  have sexual intercourse.  fornication n. Fornicator n. ,Fornicate  ,archaic or joc.  have sexual intercourse.  fornication n. Fornicator n.,2.7
"Forsake  |  literary 1 give up; renounce. 2 desert, abandon. ",Forsake  ,"literary 1 give up; renounce. 2 desert, abandon.",2.7
Forsooth  | Archaic or joc. Truly; no doubt. ,Forsooth  ,Archaic or joc. Truly; no doubt.,2.6
Forswear  |  1 abjure; renounce. 2  Perjured.  forswear oneself perjure oneself. ,Forswear  ,1 abjure; renounce. 2  Perjured.  forswear oneself perjure oneself.,3.4
Forsythia  | Shrub with bright yellow flowers in early spring. ,Forsythia  ,Shrub with bright yellow flowers in early spring.,2.5
Fort  | Fortified military building or position. ,Fort  ,Fortified military building or position.,2.8
Forte1  | Person's strong point or speciality. ,Forte1  ,Person's strong point or speciality.,2.9
Forte2  mus. | Loud. —adv. Loudly. —n. Loud playing or passage. ,Forte2  mus,Loud. —adv. Loudly. —n. Loud playing or passage.,3.3
Forth  | Archaic except in set phrases 1 forward; into view . 2 onwards in time . 3 forwards . 4 out from a starting-point .  and so forth see ~so1. ,Forth  ,Archaic except in set phrases 1 forward; into view . 2 onwards in time . 3 forwards . 4 out from a starting-point .  and so forth see ~so1.,2.9
"Forthcoming  | 1 coming or available soon. 2 produced when wanted. 3  informative, responsive.",Forthcoming  ,"1 coming or available soon. 2 produced when wanted. 3  informative, responsive.",3.2
Forthright  | 1 outspoken; straightforward. 2 decisive. ,Forthright  ,1 outspoken; straightforward. 2 decisive.,3.2
Forthwith  | At once; without delay. ,Forthwith  ,At once; without delay.,3.2
"Fortification  | 1 act of fortifying. 2  Defensive works, walls, etc.",Fortification  ,"1 act of fortifying. 2  Defensive works, walls, etc.",3.6
"Fortify  |  1 provide with fortifications. 2 strengthen physically, mentally, or morally. 3 strengthen  with alcohol. 4 increase the nutritive value of . ",Fortify  ,"1 provide with fortifications. 2 strengthen physically, mentally, or morally. 3 strengthen  with alcohol. 4 increase the nutritive value of .",3.0
Fortissimo  mus. | Very loud. —adv. Very loudly. —n.  very loud playing or passage. ,Fortissimo  mus,Very loud. —adv. Very loudly. —n.  very loud playing or passage.,3.8
Fortitude  | Courage in pain or adversity. ,Fortitude  ,Courage in pain or adversity.,3.1
Fortnight  | Two weeks. ,Fortnight  ,Two weeks.,3.1
"Fortnightly  | Done, produced, or occurring once a fortnight. —adv. Every fortnight. —n.  fortnightly magazine etc.",Fortnightly  ,"Done, produced, or occurring once a fortnight. —adv. Every fortnight. —n.  fortnightly magazine etc.",3.3
Fortran  |  computer language used esp. For scientific calculations. ,Fortran  ,computer language used esp. For scientific calculations.,2.8
Fortress  | Fortified building or town. ,Fortress  ,Fortified building or town.,2.7
Fortuitous  | Happening by esp. Lucky chance; accidental.  fortuitously adv. Fortuitousness n. Fortuity n. . ,Fortuitous  ,Happening by esp. Lucky chance; accidental.  fortuitously adv. Fortuitousness n. Fortuity n. .,2.7
Fortunate  | 1 lucky. 2 auspicious.  fortunately adv. ,Fortunate  ,1 lucky. 2 auspicious.  fortunately adv.,2.9
Fortune  | 1 a chance or luck in human affairs. B person's destiny. 2  Luck that befalls a person or enterprise. 3 good luck. 4 prosperity. 5 colloq. Great wealth.  make a  fortune become very rich. ,Fortune  ,1 a chance or luck in human affairs. B person's destiny. 2  Luck that befalls a person or enterprise. 3 good luck. 4 prosperity. 5 colloq. Great wealth.  make a  fortune become very rich.,2.7
Fortune-teller  | Person who claims to foretell one's destiny.  fortune-telling n.,Fortune-teller  ,Person who claims to foretell one's destiny.  fortune-telling n.,3.4
"Forty  | & n.  1 four times ten. 2 symbol for this . 3  Numbers from 40 to 49, esp. The years of a century or of a person's life.  fortieth adj. & n. ",Forty  ,"& n.  1 four times ten. 2 symbol for this . 3  Numbers from 40 to 49, esp. The years of a century or of a person's life.  fortieth adj. & n.",3.1
Forty winks  | Colloq. Short sleep.,Forty winks  ,Colloq. Short sleep.,3.5
Forum  | 1 place of or meeting for public discussion. 2 court or tribunal. 3 hist. Public square in an ancient roman city used for judicial and other business. ,Forum  ,1 place of or meeting for public discussion. 2 court or tribunal. 3 hist. Public square in an ancient roman city used for judicial and other business.,3.5
"Forward  | 1 onward; towards the front. 2 lying in the direction in which one is moving. 3 precocious; bold; presumptuous. 4 relating to the future . 5 a approaching maturity or completion. B  Early. —n. Attacking player near the front in football, hockey, etc. —adv. 1 to the front; into prominence . 2 in advance; ahead . 3 onward so as to make progress . 4 towards the future . 5  a towards the front in the direction one is facing. B in the normal direction of motion. C with continuous forward motion . —v. 1 a send  On to a further destination. B dispatch . 2 help to advance; promote. ",Forward  ,"1 onward; towards the front. 2 lying in the direction in which one is moving. 3 precocious; bold; presumptuous. 4 relating to the future . 5 a approaching maturity or completion. B  Early. —n. Attacking player near the front in football, hockey, etc. —adv. 1 to the front; into prominence . 2 in advance; ahead . 3 onward so as to make progress . 4 towards the future . 5  a towards the front in the direction one is facing. B in the normal direction of motion. C with continuous forward motion . —v. 1 a send  On to a further destination. B dispatch . 2 help to advance; promote.",2.7
Forwent  past of ~forgo.,Forwent  past of ,Forwent  past of ~forgo.,3.1
"Fosse  | Long ditch or trench, esp. In a fortification. ",Fosse  ,"Long ditch or trench, esp. In a fortification.",3.3
Fossil  —| 1 remains or impression of a  plant or animal hardened in rock. 2 colloq. Antiquated or unchanging person or thing. —attrib. Adj. Of or like a fossil; antiquated.  fossilize v.  . Fossilization n. ,Fossil  ,1 remains or impression of a  plant or animal hardened in rock. 2 colloq. Antiquated or unchanging person or thing. —attrib. Adj. Of or like a fossil; antiquated.  fossilize v.  . Fossilization n.,3.1
Fossil fuel  | Natural fuel extracted from the ground.,Fossil fuel  ,Natural fuel extracted from the ground.,2.9
Foster  | 1 a promote the growth or development of. B encourage or harbour . 2 a bring up . B  Assign  to be fostered. 3  be favourable to. —attrib. Adj. 1 having a family connection by fostering . 2 concerned with fostering a child . ,Foster  ,1 a promote the growth or development of. B encourage or harbour . 2 a bring up . B  Assign  to be fostered. 3  be favourable to. —attrib. Adj. 1 having a family connection by fostering . 2 concerned with fostering a child .,3.5
Fought  | Of ~fight.,Fought  ,Of ~fight.,2.7
"Foul  | 1 offensive; loathsome, stinking. 2 soiled, filthy. 3 colloq. Disgusting, awful. 4 a noxious . B clogged, choked. 5 obscenely abusive . 6 unfair; against the rules . 7  rough, stormy. 8  Entangled. —n. 1 sport foul stroke or play. 2 collision, entanglement. —adv. Unfairly. —v. 1 make or become foul. 2  foul with excrement. 3 sport commit a foul against . 4  a  become entangled or blocked. B bungle. 5 collide with.  foully adv. Foulness n. ",Foul  ,"1 offensive; loathsome, stinking. 2 soiled, filthy. 3 colloq. Disgusting, awful. 4 a noxious . B clogged, choked. 5 obscenely abusive . 6 unfair; against the rules . 7  rough, stormy. 8  Entangled. —n. 1 sport foul stroke or play. 2 collision, entanglement. —adv. Unfairly. —v. 1 make or become foul. 2  foul with excrement. 3 sport commit a foul against . 4  a  become entangled or blocked. B bungle. 5 collide with.  foully adv. Foulness n.",2.9
Foul-mouthed  | Using obscene or offensive language.,Foul-mouthed  ,Using obscene or offensive language.,2.1
"Foul play  | 1 unfair play in games. 2 treacherous or violent act, esp. Murder.",Foul play  ,"1 unfair play in games. 2 treacherous or violent act, esp. Murder.",3.2
"Foul-up  | Muddle, bungle.",Foul-up  ,"Muddle, bungle.",2.7
Found1  | Of ~find.,Found1  ,Of ~find.,2.8
"Found2  | 1 establish ; initiate, originate. 2 be the original builder of . 3 lay the base of . 4  construct or base  On.  founder n. ",Found2  ,"1 establish ; initiate, originate. 2 be the original builder of . 3 lay the base of . 4  construct or base  On.  founder n.",2.7
Found3  | 1 a melt and mould . B fuse . 2 make by founding.  founder n. ,Found3  ,1 a melt and mould . B fuse . 2 make by founding.  founder n.,2.8
"Foundation  | 1 a solid ground or base beneath a building. B  Lowest part of a building, usu. Below ground level. 2 material base. 3 basis, underlying principle. 4 a establishing . B college, hospital, etc. So founded; its revenues. 5  woman's supporting undergarment, e.g. A corset. ",Foundation  ,"1 a solid ground or base beneath a building. B  Lowest part of a building, usu. Below ground level. 2 material base. 3 basis, underlying principle. 4 a establishing . B college, hospital, etc. So founded; its revenues. 5  woman's supporting undergarment, e.g. A corset.",3.3
Foundation-stone  | 1 stone laid ceremonially at the founding of a building. 2 basis.,Foundation-stone  ,1 stone laid ceremonially at the founding of a building. 2 basis.,3.1
"Founder  | 1  fill with water and sink. 2  Fail. 3  stumble, fall lame, stick in mud etc. ",Founder  ,"1  fill with water and sink. 2  Fail. 3  stumble, fall lame, stick in mud etc.",2.9
Founding father  | American statesman at the time of the revolution.,Founding father  ,American statesman at the time of the revolution.,3.0
Foundling  | Abandoned infant of unknown parentage. ,Foundling  ,Abandoned infant of unknown parentage.,2.9
Foundry  |  workshop for or business of casting metal.,Foundry  ,workshop for or business of casting metal.,2.8
Fount1  | Poet. Spring or fountain; source. ,Fount1  ,Poet. Spring or fountain; source.,2.7
Fount2  |  set of printing-type of same face and size. ,Fount2  ,set of printing-type of same face and size.,2.6
Fountain  | 1 a spouting jet or jets of water as an ornament or for drinking. B structure for this. 2 spring. 3  source. ,Fountain  ,1 a spouting jet or jets of water as an ornament or for drinking. B structure for this. 2 spring. 3  source.,3.1
Fountain-head  | Source.,Fountain-head  ,Source.,2.8
Fountain-pen  | Pen with a reservoir or cartridge for ink.,Fountain-pen  ,Pen with a reservoir or cartridge for ink.,3.1
Four  | & n. 1 one more than three. 2 symbol for this . 3 size etc. Denoted by four. 4 team or crew of four; four-oared rowing-boat. 5 four o'clock.  on all fours on hands and knees. ,Four  ,& n. 1 one more than three. 2 symbol for this . 3 size etc. Denoted by four. 4 team or crew of four; four-oared rowing-boat. 5 four o'clock.  on all fours on hands and knees.,3.3
Fourfold  | & adv. 1 four times as much or as many. 2 of four parts.,Fourfold  ,& adv. 1 four times as much or as many. 2 of four parts.,3.4
Four-in-hand  | Four-horse carriage with one driver.,Four-in-hand  ,Four-horse carriage with one driver.,3.5
Four-letter word  | Short obscene word.,Four-letter word  ,Short obscene word.,2.9
Four-poster  | Bed with four posts supporting a canopy.,Four-poster  ,Bed with four posts supporting a canopy.,3.5
Foursome  | 1 group of four people. 2 golf match between two pairs.,Foursome  ,1 group of four people. 2 golf match between two pairs.,3.1
"Four-square  | 1 solidly based. 2 steady, resolute. —adv. Steadily, resolutely.",Four-square  ,"1 solidly based. 2 steady, resolute. —adv. Steadily, resolutely.",3.7
Four-stroke  |  having a cycle of four strokes of the piston with the cylinder firing once.,Four-stroke  ,having a cycle of four strokes of the piston with the cylinder firing once.,3.6
Fourteen  | & n. 1 one more than thirteen. 2 symbol for this . 3 size etc. Denoted by fourteen.  fourteenth adj. & n. ,Fourteen  ,& n. 1 one more than thirteen. 2 symbol for this . 3 size etc. Denoted by fourteen.  fourteenth adj. & n.,2.8
Fourth  | & n. 1 next after third. 2 any of four equal parts of a thing.  fourthly adv. ,Fourth  ,& n. 1 next after third. 2 any of four equal parts of a thing.  fourthly adv.,2.8
Fourth estate  | The press.,Fourth estate  ,The press.,3.5
Four-wheel drive  | Drive acting on all four wheels of a vehicle.,Four-wheel drive  ,Drive acting on all four wheels of a vehicle.,4.4
Fowl  —|  1 chicken kept for eggs and meat. 2 poultry as food. 3 archaic  Bird . —v. Catch or hunt wildfowl. ,Fowl  ,1 chicken kept for eggs and meat. 2 poultry as food. 3 archaic  Bird . —v. Catch or hunt wildfowl.,3.1
"Fox  —| 1 a wild canine animal with a bushy tail and red or grey fur. B its fur. 2 cunning person. —v. 1 deceive, baffle, trick. 2  Discolour  With brownish marks.  foxlike adj. ",Fox  ,"1 a wild canine animal with a bushy tail and red or grey fur. B its fur. 2 cunning person. —v. 1 deceive, baffle, trick. 2  Discolour  With brownish marks.  foxlike adj.",2.8
Foxglove  | Tall plant with purple or white flowers like glove-fingers.,Foxglove  ,Tall plant with purple or white flowers like glove-fingers.,2.7
Foxhole  | Hole in the ground used as a shelter etc. In battle.,Foxhole  ,Hole in the ground used as a shelter etc. In battle.,2.6
Foxhound  | A kind of hound bred and trained to hunt foxes.,Foxhound  ,A kind of hound bred and trained to hunt foxes.,2.3
Fox-hunting  | Hunting foxes with hounds.,Fox-hunting  ,Hunting foxes with hounds.,3.2
Fox-terrier  | A kind of short-haired terrier.,Fox-terrier  ,A kind of short-haired terrier.,3.4
Foxtrot  —| 1 ballroom dance with slow and quick steps. 2 music for this. —v.  perform this.,Foxtrot  ,1 ballroom dance with slow and quick steps. 2 music for this. —v.  perform this.,3.0
Foxy  |  1 foxlike. 2 sly or cunning. 3 reddish-brown.  foxily adv. Foxiness n.,Foxy  ,1 foxlike. 2 sly or cunning. 3 reddish-brown.  foxily adv. Foxiness n.,3.0
"Foyer  | Entrance-hall in a hotel, theatre, etc. ",Foyer  ,"Entrance-hall in a hotel, theatre, etc.",2.7
