Roach  |  small freshwater fish of the carp family. ,Roach  ,small freshwater fish of the carp family.,2.8
"Road  | 1 a way with a prepared surface, for vehicles, pedestrians, etc. B part of this for vehicles only . 2 one's way or route. 3  Piece of water near the shore in which ships can ride at anchor.  any road dial. = ~anyway 2, 3. Get out of the  Road dial. Stop obstructing a person. In the  road dial. Forming an obstruction. One for the road colloq. Final  drink before departure. On the road travelling, esp.",Road  ,"1 a way with a prepared surface, for vehicles, pedestrians, etc. B part of this for vehicles only . 2 one's way or route. 3  Piece of water near the shore in which ships can ride at anchor.  any road dial. = ~anyway 2, 3. Get out of the  Road dial. Stop obstructing a person. In the  road dial. Forming an obstruction. One for the road colloq. Final  drink before departure. On the road travelling, esp.",2.8
Roadbed  | 1 foundation structure of a railway. 2 foundation material for a road. 3 us part of a road on which vehicles travel.,Roadbed  ,1 foundation structure of a railway. 2 foundation material for a road. 3 us part of a road on which vehicles travel.,2.8
Roadblock  | Barrier set up on a road in order to stop and examine traffic.,Roadblock  ,Barrier set up on a road in order to stop and examine traffic.,1.7
Road fund licence  | Disc displayed on a vehicle certifying payment of road tax.,Road fund licence  ,Disc displayed on a vehicle certifying payment of road tax.,2.9
Road-hog  | Colloq. Reckless or inconsiderate road-user.,Road-hog  ,Colloq. Reckless or inconsiderate road-user.,3.5
Road-holding  | Stability of a moving vehicle.,Road-holding  ,Stability of a moving vehicle.,3.5
Road-house  | Inn or club on a major road.,Road-house  ,Inn or club on a major road.,3.3
"Roadie  | Colloq. Assistant of a touring band etc., erecting and maintaining equipment.",Roadie  ,"Colloq. Assistant of a touring band etc., erecting and maintaining equipment.",2.9
Road-metal  | Broken stone used in road-making etc.,Road-metal  ,Broken stone used in road-making etc.,3.5
Road sense  | Capacity for safe behaviour in traffic etc.,Road sense  ,Capacity for safe behaviour in traffic etc.,1.9
Roadshow  | 1 television or radio series broadcasting each programme from a different venue. 2  any touring political or advertising campaign or touring entertainment.,Roadshow  ,1 television or radio series broadcasting each programme from a different venue. 2  any touring political or advertising campaign or touring entertainment.,2.9
Roadside  |  Strip of land beside a road.,Roadside  ,Strip of land beside a road.,2.6
Road sign  | Sign giving information or instructions to road users.,Road sign  ,Sign giving information or instructions to road users.,3.5
Roadstead  | = ~road 3.,Roadstead  ,= ~road 3.,2.8
Roadster  | Open car without rear seats.,Roadster  ,Open car without rear seats.,2.7
Road tax  | Periodic tax payable on road vehicles.,Road tax  ,Periodic tax payable on road vehicles.,2.8
Road test  —| Test of a vehicle's roadworthiness. —v.  test  on the road.,Road test  ,Test of a vehicle's roadworthiness. —v.  test  on the road.,3.4
Roadway  | 1 road. 2 part of a road intended for vehicles.,Roadway  ,1 road. 2 part of a road intended for vehicles.,2.8
"Roadworks  |pl. Construction, repair, etc. Of roads.",Roadworks  ,"pl. Construction, repair, etc. Of roads.",3.4
Roadworthy  | Fit to be used on the road.  roadworthiness n.,Roadworthy  ,Fit to be used on the road.  roadworthiness n.,3.0
"Roam  | 1 ramble, wander. 2 travel unsystematically over, through, or about. —n. Act of roaming; ramble.  roamer n. ",Roam  ,"1 ramble, wander. 2 travel unsystematically over, through, or about. —n. Act of roaming; ramble.  roamer n.",2.9
Roan  |  having a coat thickly interspersed with hairs of another colour. —n. Roan animal. ,Roan  ,having a coat thickly interspersed with hairs of another colour. —n. Roan animal.,3.1
"Roar  —| 1 a loud deep hoarse sound, as made by a lion. B similar sound. 2 loud laugh. —v. 1  utter loudly or make a roar, roaring laugh, etc. 2 travel in a vehicle at high speed, esp. With the engine roaring. ",Roar  ,"1 a loud deep hoarse sound, as made by a lion. B similar sound. 2 loud laugh. —v. 1  utter loudly or make a roar, roaring laugh, etc. 2 travel in a vehicle at high speed, esp. With the engine roaring.",2.8
Roaring drunk  | Adj. Very drunk and noisy.,Roaring drunk  ,Adj. Very drunk and noisy.,1.8
Roaring forties  |pl. Stormy ocean tracts between lat. 40° and 50° s.,Roaring forties  ,pl. Stormy ocean tracts between lat. 40° and 50° s.,2.9
Roaring success  | Great success.,Roaring success  ,Great success.,2.6
Roaring trade  |  very brisk trade or business.,Roaring trade  ,very brisk trade or business.,2.5
Roaring twenties  |pl. Decade of the 1920s.,Roaring twenties  ,pl. Decade of the 1920s.,2.3
"Roast  | 1  a cook  or  be cooked in an oven or by open heat . B heat  before grinding. 2 refl. Expose  To fire or heat. 3 criticize severely, denounce. —attrib. Adj. Roasted . —n. 1 a roast meat. B dish of this. C piece of meat for roasting. 2 process of roasting. ",Roast  ,"1  a cook  or  be cooked in an oven or by open heat . B heat  before grinding. 2 refl. Expose  To fire or heat. 3 criticize severely, denounce. —attrib. Adj. Roasted . —n. 1 a roast meat. B dish of this. C piece of meat for roasting. 2 process of roasting.",3.3
"Roaster  | 1 oven, dish, apparatus, etc. For roasting. 2 fowl, potato, etc. For roasting.",Roaster  ,"1 oven, dish, apparatus, etc. For roasting. 2 fowl, potato, etc. For roasting.",2.8
Roasting  | Very hot. —n. Severe criticism or denunciation.,Roasting  ,Very hot. —n. Severe criticism or denunciation.,2.6
"Rob  |   1  Take unlawfully from, esp. By force or threat . 2 deprive of what is due or normal .  robber n. ",Rob  ,"1  Take unlawfully from, esp. By force or threat . 2 deprive of what is due or normal .  robber n.",2.9
Robbery  |  1 act of robbing. 2  colloq. Excessive charge or cost.,Robbery  ,1 act of robbing. 2  colloq. Excessive charge or cost.,2.5
"Robe  —| 1 a long loose outer garment. B  This worn as an indication of rank, office, profession, etc. 2 esp. Us dressing-gown. —v.  clothe in a robe; dress. ",Robe  ,"1 a long loose outer garment. B  This worn as an indication of rank, office, profession, etc. 2 esp. Us dressing-gown. —v.  clothe in a robe; dress.",2.8
Robin  | 1  small brown red-breasted bird. 2 us red-breasted thrush. ,Robin  ,1  small brown red-breasted bird. 2 us red-breasted thrush.,2.7
Robin hood  | Person who steals from the rich to give to the poor.,Robin hood  ,Person who steals from the rich to give to the poor.,2.8
"Robinia  | Any of various n. American trees or shrubs, e.g. A locust tree or false acacia. ",Robinia  ,"Any of various n. American trees or shrubs, e.g. A locust tree or false acacia.",2.6
Robot  | 1 machine resembling or functioning like a human. 2 machine automatically completing a mechanical process. 3 person who acts mechanically.  robotic adj. Robotize v.  . ,Robot  ,1 machine resembling or functioning like a human. 2 machine automatically completing a mechanical process. 3 person who acts mechanically.  robotic adj. Robotize v.  .,2.7
"Robotics  |pl.  Art, science, or study of robot design and operation.",Robotics  ,"pl.  Art, science, or study of robot design and operation.",2.8
"Robust  |  1 strong and sturdy, esp. In physique or construction. 2  Vigorous, requiring strength. 3  Straightforward, vigorous. 4  Bold, firm, unyielding.  robustly adv. Robustness n. ",Robust  ,"1 strong and sturdy, esp. In physique or construction. 2  Vigorous, requiring strength. 3  Straightforward, vigorous. 4  Bold, firm, unyielding.  robustly adv. Robustness n.",2.7
Roc  | Gigantic bird of eastern legend. ,Roc  ,Gigantic bird of eastern legend.,3.3
Rochet  | Surplice-like vestment of a bishop or abbot. ,Rochet  ,Surplice-like vestment of a bishop or abbot.,2.7
"Rock1  | 1 a hard material of the earth's crust, often exposed on the surface. B similar material on other planets. 2 geol. Any natural material, hard or soft , consisting of one or more minerals. 3 a projecting rock forming a hill, cliff, reef, etc. B  gibraltar. 4 large detached stone. 5 us stone of any size. 6 firm and dependable support or protection. 7 hard sweet usu. In the form of a peppermint-flavoured stick. 8 slang precious stone, esp. A diamond.  get one's rocks off coarse slang achieve  satisfaction. On the rocks colloq. 1 short of money. 2  Broken down. 3  served neat with ice-cubes. ",Rock1  ,"1 a hard material of the earth's crust, often exposed on the surface. B similar material on other planets. 2 geol. Any natural material, hard or soft , consisting of one or more minerals. 3 a projecting rock forming a hill, cliff, reef, etc. B  gibraltar. 4 large detached stone. 5 us stone of any size. 6 firm and dependable support or protection. 7 hard sweet usu. In the form of a peppermint-flavoured stick. 8 slang precious stone, esp. A diamond.  get one's rocks off coarse slang achieve  satisfaction. On the rocks colloq. 1 short of money. 2  Broken down. 3  served neat with ice-cubes.",2.7
"Rock2  | 1 move gently to and fro; set, maintain, or be in, such motion. 2  sway; shake, oscillate, reel. 3 distress, perturb . —n. 1 rocking movement. 2 spell of this. 3 a = ~rock and roll. B rock and roll-influenced popular music.  rock the boat colloq. Disturb a stable situation. ",Rock2  ,"1 move gently to and fro; set, maintain, or be in, such motion. 2  sway; shake, oscillate, reel. 3 distress, perturb . —n. 1 rocking movement. 2 spell of this. 3 a = ~rock and roll. B rock and roll-influenced popular music.  rock the boat colloq. Disturb a stable situation.",2.7
Rockabilly  | Rock and roll combined with hill-billy music.,Rockabilly  ,Rock and roll combined with hill-billy music.,2.5
Rock and roll  |  popular dance-music originating in the 1950s with a heavy beat and often a blues element.,Rock and roll  ,popular dance-music originating in the 1950s with a heavy beat and often a blues element.,3.1
Rock-bottom  |  The very lowest. —n. Very lowest level.,Rock-bottom  ,The very lowest. —n. Very lowest level.,2.8
Rock-cake  | Small rough-surfaced spicy currant bun.,Rock-cake  ,Small rough-surfaced spicy currant bun.,3.0
"Rock-crystal  | Transparent colourless quartz, usu. In hexagonal prisms.",Rock-crystal  ,"Transparent colourless quartz, usu. In hexagonal prisms.",3.0
"Rocker  | 1 curved bar etc. On which something can rock. 2 rocking-chair. 3 devotee of rock music, esp. A leather-clad motor cyclist. 4 a device for rocking. B pivoted switch operating between ‘on’ and ‘off’ positions.  off one's rocker slang crazy.",Rocker  ,"1 curved bar etc. On which something can rock. 2 rocking-chair. 3 devotee of rock music, esp. A leather-clad motor cyclist. 4 a device for rocking. B pivoted switch operating between ‘on’ and ‘off’ positions.  off one's rocker slang crazy.",2.8
Rockery  |  construction of stones with soil between them for growing rock-plants on.,Rockery  ,construction of stones with soil between them for growing rock-plants on.,2.7
"Rocket  —| 1 cylindrical firework or signal etc. Propelled to a great height after ignition. 2 engine operating on the same principle, providing thrust but not dependent on air intake. 3 rocket-propelled missile, spacecraft, etc. 4 slang severe reprimand. —v.  1 a move rapidly upwards or away. B increase rapidly . 2 bombard with rockets. ",Rocket  ,"1 cylindrical firework or signal etc. Propelled to a great height after ignition. 2 engine operating on the same principle, providing thrust but not dependent on air intake. 3 rocket-propelled missile, spacecraft, etc. 4 slang severe reprimand. —v.  1 a move rapidly upwards or away. B increase rapidly . 2 bombard with rockets.",2.7
Rocketry  | Science or practice of rocket propulsion.,Rocketry  ,Science or practice of rocket propulsion.,3.0
Rock-face  | Vertical surface of natural rock.,Rock-face  ,Vertical surface of natural rock.,2.8
Rockfall  | Descent or mass of loose fallen rocks.,Rockfall  ,Descent or mass of loose fallen rocks.,2.7
Rock-garden  | = ~rockery.,Rock-garden  ,= ~rockery.,3.1
Rocking-chair  | Chair mounted on rockers or springs for gently rocking in.,Rocking-chair  ,Chair mounted on rockers or springs for gently rocking in.,3.0
Rocking-horse  | Toy horse on rockers or springs.,Rocking-horse  ,Toy horse on rockers or springs.,3.0
Rock-plant  | Plant growing on or among rocks.,Rock-plant  ,Plant growing on or among rocks.,2.9
"Rock-salmon  | Any of several fishes, esp. The catfish and dogfish.",Rock-salmon  ,"Any of several fishes, esp. The catfish and dogfish.",2.9
Rock-salt  | Common salt as a solid mineral.,Rock-salt  ,Common salt as a solid mineral.,3.0
"Rocky1  |  of, like, or full of rock or rocks.  rockiness n.",Rocky1  ,"of, like, or full of rock or rocks.  rockiness n.",2.7
"Rocky2  |  colloq. Unsteady, tottering, unstable.  rockiness n.",Rocky2  ,"colloq. Unsteady, tottering, unstable.  rockiness n.",2.6
Rococo  | 1 of a late baroque style of 18th-c. Decoration. 2  Highly ornate. —n. This style. ,Rococo  ,1 of a late baroque style of 18th-c. Decoration. 2  Highly ornate. —n. This style.,2.9
Rod  | 1 slender straight cylindrical bar or stick. 2 a cane for flogging. B  use of this. 3 = ~fishing-rod. 4 hist.  perch or square perch .  make a rod for one's own back make trouble for oneself.  ,Rod  ,1 slender straight cylindrical bar or stick. 2 a cane for flogging. B  use of this. 3 = ~fishing-rod. 4 hist.  perch or square perch .  make a rod for one's own back make trouble for oneself.,2.8
Rode  past of ~ride.,Rode  past of ,Rode  past of ~ride.,3.4
"Rodent  | Mammal with strong incisors and no canine teeth, e.g. The rat, mouse, squirrel, beaver, and porcupine. ",Rodent  ,"Mammal with strong incisors and no canine teeth, e.g. The rat, mouse, squirrel, beaver, and porcupine.",2.9
Rodeo  |  1 exhibition of cowboys' skills in handling animals. 2 round-up of cattle on a ranch for branding etc. ,Rodeo  ,1 exhibition of cowboys' skills in handling animals. 2 round-up of cattle on a ranch for branding etc.,3.2
Rodomontade  | Boastful talk or behaviour. ,Rodomontade  ,Boastful talk or behaviour.,2.4
Roe1  | 1  mass of eggs in a female fish's ovary. 2  milt of a male fish. ,Roe1  ,1  mass of eggs in a female fish's ovary. 2  milt of a male fish.,2.7
Roe2  |   small kind of deer. ,Roe2  ,small kind of deer.,2.6
Roebuck  | Male roe-deer.,Roebuck  ,Male roe-deer.,2.4
Roentgen  |  unit of ionizing radiation. ,Roentgen  ,unit of ionizing radiation.,2.6
Rogation  |  Litany of the saints chanted on the three days before ascension day. ,Rogation  ,Litany of the saints chanted on the three days before ascension day.,2.5
Rogation days  |pl. The three days before ascension day.,Rogation days  ,pl. The three days before ascension day.,2.4
Roger  | 1 your message has been received and understood . 2 slang i agree. ,Roger  ,1 your message has been received and understood . 2 slang i agree.,3.2
"Rogue  | 1 dishonest or unprincipled person. 2 joc. Mischievous person, esp. A child. 3  Wild fierce animal driven away or living apart from others . 4  Inexplicably aberrant result or phenomenon; inferior or defective specimen. ",Rogue  ,"1 dishonest or unprincipled person. 2 joc. Mischievous person, esp. A child. 3  Wild fierce animal driven away or living apart from others . 4  Inexplicably aberrant result or phenomenon; inferior or defective specimen.",2.7
Roguery  |  conduct or action characteristic of rogues.,Roguery  ,conduct or action characteristic of rogues.,2.6
"Rogues' gallery  | Colloq. Collection of photographs of known criminals etc., used for identification.",Rogues,"Colloq. Collection of photographs of known criminals etc., used for identification.",2.8
Roguish  | 1 playfully mischievous. 2 characteristic of rogues.  roguishly adv. Roguishness n.,Roguish  ,1 playfully mischievous. 2 characteristic of rogues.  roguishly adv. Roguishness n.,2.7
Roister  |  Revel noisily; be uproarious.  roisterer n. ,Roister  ,Revel noisily; be uproarious.  roisterer n.,3.1
"Role  |  1 actor's part in a play, film, etc. 2 person's or thing's function. ",Role  ,"1 actor's part in a play, film, etc. 2 person's or thing's function.",3.2
Role model  | Person on whom others model themselves.,Role model  ,Person on whom others model themselves.,3.2
"Role-playing  |  acting of characters or situations as an aid in psychotherapy, language-teaching, etc.  role-play v.",Role-playing  ,"acting of characters or situations as an aid in psychotherapy, language-teaching, etc.  role-play v.",3.2
"Roll  | 1  move or go in some direction by turning on an axis . 2 a make cylindrical or spherical by revolving between two surfaces or over on itself . B make thus . C gather into a mass or shape . 3   move, advance, or be conveyed on or  As if on wheels etc. . 4 flatten or form by passing a roller etc. Over or by passing between rollers . 5 rotate . 6 a wallow . B  Lie on its back and kick about. 7  sway to and fro sideways or walk unsteadily . 8 a undulate . B carry or propel with undulations . 9  start functioning or moving . 10 sound or utter with vibrations or a trill . —n. 1 rolling motion or gait; undulation . 2 a spell of rolling .",Roll  ,"1  move or go in some direction by turning on an axis . 2 a make cylindrical or spherical by revolving between two surfaces or over on itself . B make thus . C gather into a mass or shape . 3   move, advance, or be conveyed on or  As if on wheels etc. . 4 flatten or form by passing a roller etc. Over or by passing between rollers . 5 rotate . 6 a wallow . B  Lie on its back and kick about. 7  sway to and fro sideways or walk unsteadily . 8 a undulate . B carry or propel with undulations . 9  start functioning or moving . 10 sound or utter with vibrations or a trill . —n. 1 rolling motion or gait; undulation . 2 a spell of rolling .",2.8
Roll-call  | Calling out a list of names to establish who is present.,Roll-call  ,Calling out a list of names to establish who is present.,3.2
Rolled gold  | Thin coating of gold applied to a base metal by rolling.,Rolled gold  ,Thin coating of gold applied to a base metal by rolling.,2.7
Rolled oats  |pl. Husked and crushed oats.,Rolled oats  ,pl. Husked and crushed oats.,2.7
"Roller  | 1 a revolving cylinder for smoothing, spreading, crushing, stamping, hanging a towel on, etc., used alone or in a machine. B cylinder for diminishing friction when moving a heavy object. 2 small cylinder on which hair is rolled for setting. 3 long swelling wave.",Roller  ,"1 a revolving cylinder for smoothing, spreading, crushing, stamping, hanging a towel on, etc., used alone or in a machine. B cylinder for diminishing friction when moving a heavy object. 2 small cylinder on which hair is rolled for setting. 3 long swelling wave.",3.1
Roller bearing  | Bearing like a ball-bearing but with small cylinders instead of balls.,Roller bearing  ,Bearing like a ball-bearing but with small cylinders instead of balls.,3.2
Roller blind  | Blind on a roller.,Roller blind  ,Blind on a roller.,2.7
"Roller-coaster  | 1 switchback at a fair etc. 2   Uncontrollable, unstable.",Roller-coaster  ,"1 switchback at a fair etc. 2   Uncontrollable, unstable.",3.8
"Roller-skate  —| Metal frame with small wheels, fitted to shoes for riding on a hard surface. —v.  move on roller-skates.  roller-skater n.",Roller-skate  ,"Metal frame with small wheels, fitted to shoes for riding on a hard surface. —v.  move on roller-skates.  roller-skater n.",4.3
"Roller towel  | Towel with the ends joined, hung on a roller.",Roller towel  ,"Towel with the ends joined, hung on a roller.",3.0
"Rollicking  | Jovial, exuberant. ",Rollicking  ,"Jovial, exuberant.",2.7
Rolling drunk  | Adj. Swaying or staggering from drunkenness.,Rolling drunk  ,Adj. Swaying or staggering from drunkenness.,1.9
Rolling-mill  | Machine or factory for rolling metal into shape.,Rolling-mill  ,Machine or factory for rolling metal into shape.,3.3
"Rolling-pin  | Cylinder for rolling out pastry, dough, etc.",Rolling-pin  ,"Cylinder for rolling out pastry, dough, etc.",3.2
"Rolling-stock  | 1 locomotives, carriages, etc. Used on a railway. 2 us road vehicles of a company.",Rolling-stock  ,"1 locomotives, carriages, etc. Used on a railway. 2 us road vehicles of a company.",3.2
Rolling stone  | Unsettled rootless person.,Rolling stone  ,Unsettled rootless person.,2.9
Rollmop  | Rolled uncooked pickled herring fillet. ,Rollmop  ,Rolled uncooked pickled herring fillet.,2.6
Roll-neck  |  having a high loosely turned-over neck.,Roll-neck  ,having a high loosely turned-over neck.,3.2
"Roll of honour  | List of those honoured, esp. The dead in war.",Roll of honour  ,"List of those honoured, esp. The dead in war.",3.1
Roll-on  —| Adj.  Applied by means of a rotating ball in the neck of the container. —n. Light elastic corset.,Roll-on  ,Adj.  Applied by means of a rotating ball in the neck of the container. —n. Light elastic corset.,3.1
Roll-on roll-off  |  In which vehicles are driven directly on and off.,Roll-on roll-off  ,In which vehicles are driven directly on and off.,3.2
Roll-top desk  | Desk with a flexible cover sliding in curved grooves.,Roll-top desk  ,Desk with a flexible cover sliding in curved grooves.,3.5
Roll-up  |  hand-rolled cigarette.,Roll-up  ,hand-rolled cigarette.,3.2
"Roly-poly  —|   pudding made of a rolled strip of suet pastry covered with jam etc. And boiled or baked. —adj. Podgy, plump. ",Roly-poly  ,"pudding made of a rolled strip of suet pastry covered with jam etc. And boiled or baked. —adj. Podgy, plump.",3.3
Rom  | Computing read-only memory. ,Rom  ,Computing read-only memory.,2.7
"Roman  | 1 of ancient rome, its territory, people, etc. 2 of medieval or modern rome. 3 = ~roman catholic. 4   plain and upright, used in ordinary print. 5  Based on the ancient roman system with letters a–z. —n. 1 citizen or soldier of the ancient roman republic or empire. 2 citizen of modern rome. 3 = ~roman catholic. 4  roman type. ",Roman  ,"1 of ancient rome, its territory, people, etc. 2 of medieval or modern rome. 3 = ~roman catholic. 4   plain and upright, used in ordinary print. 5  Based on the ancient roman system with letters a–z. —n. 1 citizen or soldier of the ancient roman republic or empire. 2 citizen of modern rome. 3 = ~roman catholic. 4  roman type.",3.3
Roman candle  | Firework discharging flaming coloured balls.,Roman candle  ,Firework discharging flaming coloured balls.,3.1
Roman catholic  | Of the part of the christian church acknowledging the pope as its head. —n. Member of this church.  roman catholicism n.,Roman catholic  ,Of the part of the christian church acknowledging the pope as its head. —n. Member of this church.  roman catholicism n.,3.0
"Romance  —| 1 idealized, poetic, or unworldly atmosphere or tendency. 2 a love affair. B mutual attraction in this. C sentimental or idealized love. 3 a literary genre concerning romantic love, stirring action, etc. B work of this genre. 4 medieval, esp. Verse, tale of chivalry, common in the romance languages. 5 a exaggeration, lies. B instance of this. 6   Languages descended from latin. 7 mus. Short informal piece. —v.  1 exaggerate, distort the truth, fantasize. 2 court, woo. ",Romance  ,"1 idealized, poetic, or unworldly atmosphere or tendency. 2 a love affair. B mutual attraction in this. C sentimental or idealized love. 3 a literary genre concerning romantic love, stirring action, etc. B work of this genre. 4 medieval, esp. Verse, tale of chivalry, common in the romance languages. 5 a exaggeration, lies. B instance of this. 6   Languages descended from latin. 7 mus. Short informal piece. —v.  1 exaggerate, distort the truth, fantasize. 2 court, woo.",3.1
Roman empire  | Hist. That established by augustus in 27 bc and divided by theodosius in ad 395.,Roman empire  ,Hist. That established by augustus in 27 bc and divided by theodosius in ad 395.,2.8
"Romanesque  —| Style of european architecture c. 900–1200, with massive vaulting and round arches. —adj. Of this style.",Romanesque  ,"Style of european architecture c. 900–1200, with massive vaulting and round arches. —adj. Of this style.",3.6
"Romanian   —| 1 a native or national of romania. B person of romanian descent. 2 language of romania. —adj. Of romania, its people, or language.",Romanian   ,"1 a native or national of romania. B person of romanian descent. 2 language of romania. —adj. Of romania, its people, or language.",3.2
"Romanic  —| = ~romance n. 6. —adj. 1 a of romance. B romance-speaking. 2 descended from, or inheriting the civilization etc. Of, the ancient romans. ",Romanic  ,"= ~romance n. 6. —adj. 1 a of romance. B romance-speaking. 2 descended from, or inheriting the civilization etc. Of, the ancient romans.",3.1
Romanize  |   1 make roman or roman catholic in character. 2 put into the roman alphabet or roman type.  romanization n.,Romanize  ,1 make roman or roman catholic in character. 2 put into the roman alphabet or roman type.  romanization n.,3.4
"Roman law  | Law-code of ancient rome, forming the basis of many modern codes.",Roman law  ,"Law-code of ancient rome, forming the basis of many modern codes.",2.7
Roman nose  | Aquiline high-bridged nose.,Roman nose  ,Aquiline high-bridged nose.,2.0
"Roman numeral  | Any of the roman letters representing numbers: i = 1, v = 5, x = 10, l = 50, c = 100, d = 500, m = 1000.",Roman numeral  ,"Any of the roman letters representing numbers: i = 1, v = 5, x = 10, l = 50, c = 100, d = 500, m = 1000.",3.1
Romano-  | Form roman; roman and .,Romano-  ,Form roman; roman and .,3.2
"Romantic  | 1 of, characterized by, or suggestive of romance . 2 inclined towards or suggestive of romance in love . 3  imaginative, visionary, idealistic. 4 a  Concerned more with feeling and emotion than with form and aesthetic qualities. B  of the 18th–19th-c. Romantic movement or style in the european arts. 5  Unpractical, fantastic. —n. 1 romantic person. 2 romanticist.  romantically adv. ",Romantic  ,"1 of, characterized by, or suggestive of romance . 2 inclined towards or suggestive of romance in love . 3  imaginative, visionary, idealistic. 4 a  Concerned more with feeling and emotion than with form and aesthetic qualities. B  of the 18th–19th-c. Romantic movement or style in the european arts. 5  Unpractical, fantastic. —n. 1 romantic person. 2 romanticist.  romantically adv.",2.8
"Romanticism  |  adherence to a romantic style in art, music, etc.",Romanticism  ,"adherence to a romantic style in art, music, etc.",2.3
Romanticist  |  writer or artist of the romantic school.,Romanticist  ,writer or artist of the romantic school.,2.6
Romanticize  |   1 make romantic; exaggerate . 2 indulge in romantic thoughts or actions.,Romanticize  ,1 make romantic; exaggerate . 2 indulge in romantic thoughts or actions.,2.4
Romany  —|  1 gypsy. 2 language of the gypsies. —adj. Of gypsies or the romany language. ,Romany  ,1 gypsy. 2 language of the gypsies. —adj. Of gypsies or the romany language.,2.9
Romeo  |  passionate male lover or seducer. ,Romeo  ,passionate male lover or seducer.,3.4
Romp  | 1 play roughly and energetically. 2  Colloq. Proceed without effort. —n. Spell of romping.  romp in  colloq. Win easily. ,Romp  ,1 play roughly and energetically. 2  Colloq. Proceed without effort. —n. Spell of romping.  romp in  colloq. Win easily.,2.9
Rompers  | Pl.  young child's one-piece garment covering the legs and trunk.,Rompers  ,Pl.  young child's one-piece garment covering the legs and trunk.,2.8
Rondeau  |  poem of ten or thirteen lines with only two rhymes throughout and with the opening words used twice as a refrain. ,Rondeau  ,poem of ten or thirteen lines with only two rhymes throughout and with the opening words used twice as a refrain.,3.1
"Rondel  | Rondeau, esp. One of special form. ",Rondel  ,"Rondeau, esp. One of special form.",3.3
Rondo  |  musical form with a recurring leading theme. ,Rondo  ,musical form with a recurring leading theme.,3.4
"Rood  | 1 crucifix, esp. One raised on a rood-screen. 2 quarter of an acre. ",Rood  ,"1 crucifix, esp. One raised on a rood-screen. 2 quarter of an acre.",2.8
Rood-screen  | Carved screen separating nave and chancel.,Rood-screen  ,Carved screen separating nave and chancel.,2.9
"Roof  —|  1 a upper covering of a building. B top of a covered vehicle. C top inner surface of an oven, refrigerator, etc. 2 overhead rock in a cave or mine etc. —v. 1  cover with or as with a roof. 2 be the roof of.  go through the roof colloq.  Rise dramatically. Hit  the roof colloq. Become very angry. ",Roof  ,"1 a upper covering of a building. B top of a covered vehicle. C top inner surface of an oven, refrigerator, etc. 2 overhead rock in a cave or mine etc. —v. 1  cover with or as with a roof. 2 be the roof of.  go through the roof colloq.  Rise dramatically. Hit  the roof colloq. Become very angry.",3.2
Roof-garden  | Garden on the flat roof of a building.,Roof-garden  ,Garden on the flat roof of a building.,3.3
Roofing  | Material for a roof.,Roofing  ,Material for a roof.,3.0
Roof of the mouth  | Palate.,Roof of the mouth  ,Palate.,3.3
Roof-rack  | Framework for luggage on top of a vehicle.,Roof-rack  ,Framework for luggage on top of a vehicle.,3.7
Rooftop  | 1 outer surface of a roof. 2  Tops of houses etc.  shout it from the rooftops make a thing embarrassingly public.,Rooftop  ,1 outer surface of a roof. 2  Tops of houses etc.  shout it from the rooftops make a thing embarrassingly public.,3.2
Roof-tree  | Ridge-piece of a roof.,Roof-tree  ,Ridge-piece of a roof.,3.5
"Rook1  —| Black bird of the crow family nesting in colonies. —v. 1 colloq. Charge  extortionately. 2 win money at cards etc., esp. By swindling. ",Rook1  ,"Black bird of the crow family nesting in colonies. —v. 1 colloq. Charge  extortionately. 2 win money at cards etc., esp. By swindling.",2.7
Rook2  | Chess piece with a battlement-shaped top. ,Rook2  ,Chess piece with a battlement-shaped top.,2.5
"Rookery  |  colony of rooks, penguins, or seals.",Rookery  ,"colony of rooks, penguins, or seals.",2.4
Rookie  | Slang new recruit. ,Rookie  ,Slang new recruit.,3.1
"Room  —| 1 space for, or occupied by, something; capacity . 2 a part of a building enclosed by walls, floor, and ceiling. B  Apartments or lodgings. C people in a room . —v. Us have room; lodge, board. ",Room  ,"1 space for, or occupied by, something; capacity . 2 a part of a building enclosed by walls, floor, and ceiling. B  Apartments or lodgings. C people in a room . —v. Us have room; lodge, board.",2.9
Rooming-house  | Lodging house.,Rooming-house  ,Lodging house.,3.2
Room-mate  | Person sharing a room.,Room-mate  ,Person sharing a room.,3.4
Room service  | Provision of food etc. In a hotel bedroom.,Room service  ,Provision of food etc. In a hotel bedroom.,3.3
"Roomy  |  having much room, spacious.  roominess n.",Roomy  ,"having much room, spacious.  roominess n.",2.7
"Roost  —| Branch or perch for a bird, esp. To sleep. —v. Settle for rest or sleep.  come home to roost  Recoil unfavourably. ",Roost  ,"Branch or perch for a bird, esp. To sleep. —v. Settle for rest or sleep.  come home to roost  Recoil unfavourably.",2.7
Rooster  | Domestic cock.,Rooster  ,Domestic cock.,2.5
"Root1  —| 1 a part of a plant normally below the ground, conveying nourishment from the soil. B  Branches or fibres of this. C small plant with a root for transplanting. 2 a plant with an edible root. B such a root. 3  Emotional attachment or family ties to a place or community. 4 a embedded part of a hair, tooth, nail, etc. B part of a thing attaching it to a greater whole. 5  Basic cause, source, nature, or origin . 6 a number that when multiplied by itself a usu. Specified number of times gives a specified number or quantity . B square root. C value of an unknown quantity satisfying a given equation. 7 core of a word, without prefixes, suffixes, etc. —v. 1  take root; grow roots . 2  Fix firmly; establish . 3 (usu. Foll.",Root1  ,"1 a part of a plant normally below the ground, conveying nourishment from the soil. B  Branches or fibres of this. C small plant with a root for transplanting. 2 a plant with an edible root. B such a root. 3  Emotional attachment or family ties to a place or community. 4 a embedded part of a hair, tooth, nail, etc. B part of a thing attaching it to a greater whole. 5  Basic cause, source, nature, or origin . 6 a number that when multiplied by itself a usu. Specified number of times gives a specified number or quantity . B square root. C value of an unknown quantity satisfying a given equation. 7 core of a word, without prefixes, suffixes, etc. —v. 1  take root; grow roots . 2  Fix firmly; establish . 3 (usu. Foll.",2.9
Rootstock  | 1 rhizome. 2 plant into which a graft is inserted. 3 primary form from which offshoots have arisen.,Rootstock  ,1 rhizome. 2 plant into which a graft is inserted. 3 primary form from which offshoots have arisen.,2.3
"Rope  —| 1 a stout cord made by twisting together strands of hemp, wire, etc. B piece of this. 2  quantity of onions, pearls, etc. Strung together. 3  a halter for hanging a person. B execution by hanging. —v.  1 fasten, secure, or catch with rope. 2  enclose with rope. 3 mountaineering connect with or attach to a rope.  know  the ropes know  how to do a thing properly. Rope in persuade to take part. Rope into persuade to take part in . ",Rope  ,"1 a stout cord made by twisting together strands of hemp, wire, etc. B piece of this. 2  quantity of onions, pearls, etc. Strung together. 3  a halter for hanging a person. B execution by hanging. —v.  1 fasten, secure, or catch with rope. 2  enclose with rope. 3 mountaineering connect with or attach to a rope.  know  the ropes know  how to do a thing properly. Rope in persuade to take part. Rope into persuade to take part in .",2.8
"Rope-ladder  | Two ropes with crosspieces, used as a ladder.",Rope-ladder  ,"Two ropes with crosspieces, used as a ladder.",3.2
Ropy  |   colloq. Poor in quality.  ropiness n.,Ropy  ,colloq. Poor in quality.  ropiness n.,3.3
Roquefort  | Propr. Soft blue cheese made from ewes' milk. ,Roquefort  ,Propr. Soft blue cheese made from ewes' milk.,3.1
Ro-ro  | Adj. Roll-on roll-off. ,Ro-ro  ,Adj. Roll-on roll-off.,3.0
Rorqual  | Whale with a dorsal fin. ,Rorqual  ,Whale with a dorsal fin.,2.8
Rorschach test  | Personality test based on the subject's interpretation of a standard set of ink-blots. ,Rorschach test  ,Personality test based on the subject's interpretation of a standard set of ink-blots.,3.3
Rosaceous  |  Of a large plant family including the rose. ,Rosaceous  ,Of a large plant family including the rose.,2.2
Rosary  |  1 rc ch. Repeated sequence of prayers. 2 string of beads for keeping count in this. ,Rosary  ,1 rc ch. Repeated sequence of prayers. 2 string of beads for keeping count in this.,2.9
"Rose1  —| 1 prickly bush or shrub bearing usu. Fragrant red, pink, yellow, or white flowers. 2 this flower. 3 flowering plant resembling this . 4 a pinkish-red colour. B  Rosy complexion . 5 sprinkling-nozzle of a watering-can etc. 6 circular electric light mounting on a ceiling. 7 a representation of a rose in heraldry etc. B rose-shaped design. 8  Used to express luck, ease, success, etc. . —adj. = ~rose-coloured 1. ",Rose1  ,"1 prickly bush or shrub bearing usu. Fragrant red, pink, yellow, or white flowers. 2 this flower. 3 flowering plant resembling this . 4 a pinkish-red colour. B  Rosy complexion . 5 sprinkling-nozzle of a watering-can etc. 6 circular electric light mounting on a ceiling. 7 a representation of a rose in heraldry etc. B rose-shaped design. 8  Used to express luck, ease, success, etc. . —adj. = ~rose-coloured 1.",2.6
Rose2  past of ~rise.,Rose2  past of ,Rose2  past of ~rise.,2.6
Rosé  | Light pink wine. ,Rosé  ,Light pink wine.,2.8
"Rosebowl  | Bowl for cut roses, esp. As a prize in a competition.",Rosebowl  ,"Bowl for cut roses, esp. As a prize in a competition.",2.7
Rosebud  | 1 bud of a rose. 2 pretty young woman.,Rosebud  ,1 bud of a rose. 2 pretty young woman.,2.6
Rose-bush  | Rose plant.,Rose-bush  ,Rose plant.,3.0
"Rose-coloured  | 1 pinkish-red. 2 optimistic, cheerful .",Rose-coloured  ,"1 pinkish-red. 2 optimistic, cheerful .",2.9
Rose-hip  | = ~hip2.,Rose-hip  ,= ~hip2.,3.2
Rosemary  | Evergreen fragrant shrub used as a herb. ,Rosemary  ,Evergreen fragrant shrub used as a herb.,2.6
"Rosette  | 1 rose-shaped ornament of ribbon etc., esp. As a supporter's badge or as a prize in a competition. 2 rose-shaped carving. ",Rosette  ,"1 rose-shaped ornament of ribbon etc., esp. As a supporter's badge or as a prize in a competition. 2 rose-shaped carving.",2.4
Rose-water  | Perfume made from roses.,Rose-water  ,Perfume made from roses.,2.7
Rose-window  | Circular window with roselike tracery.,Rose-window  ,Circular window with roselike tracery.,2.9
Rosewood  | Any of several fragrant close-grained woods used in making furniture.,Rosewood  ,Any of several fragrant close-grained woods used in making furniture.,3.0
"Rosin  —| Resin, esp. In solid form. —v.  rub  With rosin. ",Rosin  ,"Resin, esp. In solid form. —v.  rub  With rosin.",2.8
Roster  —| List or plan of turns of duty etc. —v. Place on a roster. ,Roster  ,List or plan of turns of duty etc. —v. Place on a roster.,3.3
"Rostrum  |  platform for public speaking, an orchestral conductor, etc. ",Rostrum  ,"platform for public speaking, an orchestral conductor, etc.",2.7
"Rosy  |  1 pink or red. 2 optimistic, hopeful .  rosily adv. Rosiness n.",Rosy  ,"1 pink or red. 2 optimistic, hopeful .  rosily adv. Rosiness n.",2.9
"Rot  |  1  lose its original form by the chemical action of bacteria, fungi, etc.; decay. 2 gradually perish or waste away . 3 cause to rot, make rotten. —n. 1 rotting; decay. 2 slang nonsense . 3 decline in standards etc. . —int. Expressing incredulity or ridicule. ",Rot  ,"1  lose its original form by the chemical action of bacteria, fungi, etc.; decay. 2 gradually perish or waste away . 3 cause to rot, make rotten. —n. 1 rotting; decay. 2 slang nonsense . 3 decline in standards etc. . —int. Expressing incredulity or ridicule.",2.8
Rota  | List of duties to be done or names of people to do them in turn; roster. ,Rota  ,List of duties to be done or names of people to do them in turn; roster.,2.7
Rotarian  —| Member of rotary. —adj. Of rotary.,Rotarian  ,Member of rotary. —adj. Of rotary.,2.7
"Rotary  | Acting by rotation . —n.  1 rotary machine. 2   worldwide charitable society of businessmen, orig. Entertaining in rotation. ",Rotary  ,"Acting by rotation . —n.  1 rotary machine. 2   worldwide charitable society of businessmen, orig. Entertaining in rotation.",3.5
Rotary club  | Local branch of rotary.,Rotary club  ,Local branch of rotary.,3.8
"Rotate  |  1 move round an axis or centre, revolve. 2 take or arrange  in rotation. 3 act or take place in rotation .  rotatable adj. Rotatory adj. ",Rotate  ,"1 move round an axis or centre, revolve. 2 take or arrange  in rotation. 3 act or take place in rotation .  rotatable adj. Rotatory adj.",2.8
Rotation  | 1 rotating or being rotated. 2 recurrence; recurrent series or period; regular succession. 3 the growing of different crops in regular order to avoid exhausting the soil.  rotational adj.,Rotation  ,1 rotating or being rotated. 2 recurrence; recurrent series or period; regular succession. 3 the growing of different crops in regular order to avoid exhausting the soil.  rotational adj.,3.2
Rotavator  |  propr. Machine with a rotating blade for breaking up or tilling the soil. ,Rotavator  ,propr. Machine with a rotating blade for breaking up or tilling the soil.,3.3
Rote  |  Mechanical or habitual repetition  . ,Rote  ,Mechanical or habitual repetition  .,2.8
Rot-gut  | Slang cheap harmful alcohol.,Rot-gut  ,Slang cheap harmful alcohol.,3.7
Rotisserie  | 1 restaurant etc. Where meat is roasted or barbecued. 2 rotating spit for roasting or barbecuing meat. ,Rotisserie  ,1 restaurant etc. Where meat is roasted or barbecued. 2 rotating spit for roasting or barbecuing meat.,3.6
"Rotor  | 1 rotary part of a machine. 2 rotary aerofoil on a helicopter, providing lift. ",Rotor  ,"1 rotary part of a machine. 2 rotary aerofoil on a helicopter, providing lift.",3.1
Rotovator  | Of ~rotavator.,Rotovator  ,Of ~rotavator.,3.0
"Rotten  |  1 rotting or rotted; fragile from age or use. 2 morally or politically corrupt. 3 slang a disagreeable, unpleasant, bad . B worthless . C ill .  rottenly adv. Rottenness n. ",Rotten  ,"1 rotting or rotted; fragile from age or use. 2 morally or politically corrupt. 3 slang a disagreeable, unpleasant, bad . B worthless . C ill .  rottenly adv. Rottenness n.",3.0
Rotten borough  | Hist.  english borough electing an mp though having very few voters.,Rotten borough  ,Hist.  english borough electing an mp though having very few voters.,2.9
Rotter  | Slang nasty or contemptible person. ,Rotter  ,Slang nasty or contemptible person.,2.8
Rottweiler  | Black-and-tan dog noted for ferocity. ,Rottweiler  ,Black-and-tan dog noted for ferocity.,3.4
"Rotund  | 1 plump, podgy. 2  Sonorous, grandiloquent.  rotundity n. ",Rotund  ,"1 plump, podgy. 2  Sonorous, grandiloquent.  rotundity n.",3.0
"Rotunda  | Circular building, hall, or room, esp. Domed. ",Rotunda  ,"Circular building, hall, or room, esp. Domed.",3.1
Rouble  |  chief monetary unit of russia etc. ,Rouble  ,chief monetary unit of russia etc.,2.4
Roué  |  debauchee. ,Roué  ,debauchee.,2.8
"Rouge  —| Red cosmetic for colouring the cheeks. —v.  1 colour with or apply rouge. 2 become red, blush. ",Rouge  ,"Red cosmetic for colouring the cheeks. —v.  1 colour with or apply rouge. 2 become red, blush.",2.7
"Rough  | 1 uneven or bumpy, not smooth, level, or polished. 2 shaggy or coarse-haired. 3 boisterous, coarse; violent, not mild, quiet, or gentle . 4  Sharp or harsh in taste. 5 harsh, insensitive . 6 a unpleasant, severe, demanding . B unfortunate; undeserved . C  hard or unfair . 7 lacking finish etc. 8 incomplete, rudimentary, approximate . 9  Used for rough notes etc. 10 colloq. Unwell; depressed . —adv. In a rough manner . —n. 1  hardship . 2 rough ground, esp. On a golf-course . 3 violent person . 4 unfinished or natural state . —v. 1  ruffle , esp. By rubbing. 2  shape, plan, or sketch roughly.  rough it colloq. Do without basic comforts. Rough up slang attack violently.  roughish adj. Roughness n. ",Rough  ,"1 uneven or bumpy, not smooth, level, or polished. 2 shaggy or coarse-haired. 3 boisterous, coarse; violent, not mild, quiet, or gentle . 4  Sharp or harsh in taste. 5 harsh, insensitive . 6 a unpleasant, severe, demanding . B unfortunate; undeserved . C  hard or unfair . 7 lacking finish etc. 8 incomplete, rudimentary, approximate . 9  Used for rough notes etc. 10 colloq. Unwell; depressed . —adv. In a rough manner . —n. 1  hardship . 2 rough ground, esp. On a golf-course . 3 violent person . 4 unfinished or natural state . —v. 1  ruffle , esp. By rubbing. 2  shape, plan, or sketch roughly.  rough it colloq. Do without basic comforts. Rough up slang attack violently.  roughish adj. Roughness n.",2.7
"Roughage  | Coarse fibrous material in food, stimulating intestinal action.",Roughage  ,"Coarse fibrous material in food, stimulating intestinal action.",2.8
Rough-and-ready  | Crude but effective; not over-particular.,Rough-and-ready  ,Crude but effective; not over-particular.,3.8
"Rough-and-tumble  | Irregular, scrambling, disorderly. —n. Disorderly fight; scuffle.",Rough-and-tumble  ,"Irregular, scrambling, disorderly. —n. Disorderly fight; scuffle.",2.5
"Roughcast  —|  Plaster of lime and gravel, used on outside walls. —adj.  Roughly formed, preliminary. —v.  1 coat with roughcast. 2 prepare in outline.",Roughcast  ,"Plaster of lime and gravel, used on outside walls. —adj.  Roughly formed, preliminary. —v.  1 coat with roughcast. 2 prepare in outline.",3.0
Rough diamond  | 1  uncut diamond. 2 rough-mannered but honest person.,Rough diamond  ,1  uncut diamond. 2 rough-mannered but honest person.,3.5
Rough-dry  | Dry  without ironing.,Rough-dry  ,Dry  without ironing.,2.6
Roughen  | Make or become rough.,Roughen  ,Make or become rough.,3.1
"Rough-hewn  | Uncouth, unrefined.",Rough-hewn  ,"Uncouth, unrefined.",2.5
Rough house  | Slang disturbance or row; boisterous play.,Rough house  ,Slang disturbance or row; boisterous play.,3.1
Rough justice  | 1 treatment that is approximately fair. 2 unjust treatment.,Rough justice  ,1 treatment that is approximately fair. 2 unjust treatment.,3.2
Roughly  | 1 in a rough manner. 2 approximately .  roughly speaking approximately.,Roughly  ,1 in a rough manner. 2 approximately .  roughly speaking approximately.,2.8
Roughneck  | Colloq. 1 worker on an oil rig. 2 rough or rowdy person.,Roughneck  ,Colloq. 1 worker on an oil rig. 2 rough or rowdy person.,2.7
Rough-rider  | Person who breaks in or rides unbroken horses.,Rough-rider  ,Person who breaks in or rides unbroken horses.,2.9
Roughshod  |  having shoes with nail-heads projecting to prevent slipping.  ride roughshod over treat inconsiderately or arrogantly.,Roughshod  ,having shoes with nail-heads projecting to prevent slipping.  ride roughshod over treat inconsiderately or arrogantly.,2.2
"Roulade  | 1 rolled piece of meat, sponge, etc. With a filling. 2 quick succession of notes, usu. Sung to one syllable. ",Roulade  ,"1 rolled piece of meat, sponge, etc. With a filling. 2 quick succession of notes, usu. Sung to one syllable.",2.6
Roulette  | Gambling game in which a ball is dropped on to a revolving numbered wheel. ,Roulette  ,Gambling game in which a ball is dropped on to a revolving numbered wheel.,3.1
"Round  | 1 shaped like a circle, sphere, or cylinder; convex; circular, curved, not angular. 2 done with or involving circular motion. 3 entire, continuous, complete . 4 candid, outspoken. 5   expressed for brevity as a complete number . 6  Flowing, sonorous. —n. 1 round object or form. 2 a revolving motion or course . B recurring series of activities, meetings, etc. . 3 a fixed route for deliveries . B route etc. For supervision or inspection . 4 drink etc. For each member of a group. 5 a one bullet, shell, etc. B act of firing this. 6 a slice from a loaf of bread. B sandwich made from two slices. C joint of beef from the haunch. 7 set, series, or sequence of actions in turn, esp.: a one spell of play in a game etc. B one stage in a competition. 8 golf playing of all the holes in a course once. 9 song for unaccompanied voices overlapping at intervals. 10 rung of a ladder. 11  circumference or extent of . —adv. 1 with circular motion .",Round  ,"1 shaped like a circle, sphere, or cylinder; convex; circular, curved, not angular. 2 done with or involving circular motion. 3 entire, continuous, complete . 4 candid, outspoken. 5   expressed for brevity as a complete number . 6  Flowing, sonorous. —n. 1 round object or form. 2 a revolving motion or course . B recurring series of activities, meetings, etc. . 3 a fixed route for deliveries . B route etc. For supervision or inspection . 4 drink etc. For each member of a group. 5 a one bullet, shell, etc. B act of firing this. 6 a slice from a loaf of bread. B sandwich made from two slices. C joint of beef from the haunch. 7 set, series, or sequence of actions in turn, esp.: a one spell of play in a game etc. B one stage in a competition. 8 golf playing of all the holes in a course once. 9 song for unaccompanied voices overlapping at intervals. 10 rung of a ladder. 11  circumference or extent of . —adv. 1 with circular motion .",2.8
Round brackets  |pl. Brackets of the form .,Round brackets  ,pl. Brackets of the form .,2.9
Round dance  | Dance in which couples move in circles or dancers form one large circle.,Round dance  ,Dance in which couples move in circles or dancers form one large circle.,3.5
"Roundel  | 1 circular mark, esp. Identifying military aircraft. 2 small disc, esp. A medallion. ",Roundel  ,"1 circular mark, esp. Identifying military aircraft. 2 small disc, esp. A medallion.",2.9
Roundelay  | Short simple song with a refrain. ,Roundelay  ,Short simple song with a refrain.,2.6
Rounder  | 1  Ball game in which players hit the ball and run through a round of bases. 2 complete run as a unit of scoring in rounders.,Rounder  ,1  Ball game in which players hit the ball and run through a round of bases. 2 complete run as a unit of scoring in rounders.,2.9
Roundhead  | Hist. Member of the parliamentary party in the english civil war.,Roundhead  ,Hist. Member of the parliamentary party in the english civil war.,3.2
"Roundly  | Bluntly, severely .",Roundly  ,"Bluntly, severely .",2.7
"Round robin  | 1 petition, esp. With signatures in a circle to conceal the order of writing. 2 us tournament in which each competitor plays every other.",Round robin  ,"1 petition, esp. With signatures in a circle to conceal the order of writing. 2 us tournament in which each competitor plays every other.",2.9
Round-shouldered  | Having shoulders bent forward and a rounded back.,Round-shouldered  ,Having shoulders bent forward and a rounded back.,3.2
Roundsman  |  Tradesman's employee delivering goods.,Roundsman  ,Tradesman's employee delivering goods.,2.9
"Round table  | 1 international charitable association. 2  assembly for discussion, esp. At a conference .",Round table  ,"1 international charitable association. 2  assembly for discussion, esp. At a conference .",3.6
Round trip  | Trip to one or more places and back again.,Round trip  ,Trip to one or more places and back again.,2.9
Round-up  | 1 systematic rounding up. 2 summary or résumé.,Round-up  ,1 systematic rounding up. 2 summary or résumé.,3.3
Roundworm  | Worm with a rounded body.,Roundworm  ,Worm with a rounded body.,2.4
"Rouse  |  1  wake. 2  Stir up, make or become active or excited . 3 anger . 4 evoke . ",Rouse  ,"1  wake. 2  Stir up, make or become active or excited . 3 anger . 4 evoke .",2.6
"Rousing  | Exciting, stirring .",Rousing  ,"Exciting, stirring .",2.3
Roustabout  | 1 labourer on an oil rig. 2 unskilled or casual labourer. ,Roustabout  ,1 labourer on an oil rig. 2 unskilled or casual labourer.,2.1
"Rout1  —| 1 disorderly retreat of defeated troops . 2 overthrow, defeat. —v. Put to flight, defeat. ",Rout1  ,"1 disorderly retreat of defeated troops . 2 overthrow, defeat. —v. Put to flight, defeat.",3.2
Rout2  | = ~root2. ,Rout2  ,= ~root2.,3.2
"Route  —| Way or course taken  from one place to another. —v.  send, forward, or direct by a particular route. ",Route  ,"Way or course taken  from one place to another. —v.  send, forward, or direct by a particular route.",2.8
Route march  | Training-march for troops.,Route march  ,Training-march for troops.,2.1
"Routine  —| 1 regular course or procedure, unvarying performance of certain acts. 2 set sequence in a dance, comedy act, etc. 3 computing sequence of instructions for a particular task. —adj. 1 performed as part of a routine . 2 of a customary or standard kind.  routinely adv. ",Routine  ,"1 regular course or procedure, unvarying performance of certain acts. 2 set sequence in a dance, comedy act, etc. 3 computing sequence of instructions for a particular task. —adj. 1 performed as part of a routine . 2 of a customary or standard kind.  routinely adv.",2.8
Roux  |  mixture of fat and flour used in sauces etc. ,Roux  ,mixture of fat and flour used in sauces etc.,3.1
"Rove1  |  1 wander without settling; roam, ramble. 2  look about. ",Rove1  ,"1 wander without settling; roam, ramble. 2  look about.",3.3
Rove2  past of ~reeve2.,Rove2  past of ,Rove2  past of ~reeve2.,3.0
Rover1  | Wanderer.,Rover1  ,Wanderer.,3.3
Rover2  | Pirate. ,Rover2  ,Pirate.,3.2
Roving eye  | Tendency to infidelity.,Roving eye  ,Tendency to infidelity.,2.8
Row1  | 1 line of persons or things. 2 line of seats across a theatre etc. 3 street with houses along one or each side.  in a row 1 forming a row. 2 colloq. In succession . ,Row1  ,1 line of persons or things. 2 line of seats across a theatre etc. 3 street with houses along one or each side.  in a row 1 forming a row. 2 colloq. In succession .,2.8
Row2  | 1  Propel  with oars. 2 convey  thus. —n. 1 spell of rowing. 2 trip in a rowing-boat.  rower n. ,Row2  ,1  Propel  with oars. 2 convey  thus. —n. 1 spell of rowing. 2 trip in a rowing-boat.  rower n.,2.7
Row3  | —n. 1 loud noise or commotion. 2 fierce quarrel or dispute. 3 severe reprimand. —v. 1 make or engage in a row. 2 reprimand. ,Row3  ,—n. 1 loud noise or commotion. 2 fierce quarrel or dispute. 3 severe reprimand. —v. 1 make or engage in a row. 2 reprimand.,2.9
Rowan  |  1 scot. & n.engl. Mountain ash. 2  its scarlet berry. ,Rowan  ,1 scot. & n.engl. Mountain ash. 2  its scarlet berry.,3.1
Row-boat  | Us = ~rowing-boat.,Row-boat  ,Us = ~rowing-boat.,2.8
Rowdy  |  noisy and disorderly. —n.  rowdy person.  rowdily adv. Rowdiness n. Rowdyism n. ,Rowdy  ,noisy and disorderly. —n.  rowdy person.  rowdily adv. Rowdiness n. Rowdyism n.,2.7
Rowel  | Spiked revolving disc at the end of a spur. ,Rowel  ,Spiked revolving disc at the end of a spur.,3.2
Rowing-boat  | Small boat propelled by oars.,Rowing-boat  ,Small boat propelled by oars.,3.1
Rowlock  | Device on a boat's side for holding an oar in place. ,Rowlock  ,Device on a boat's side for holding an oar in place.,3.1
"Royal  | 1 of, suited to, or worthy of a king or queen. 2 in the service or under the patronage of a king or queen. 3 of the family of a king or queen. 4 majestic, splendid. 5 exceptional, first-rate . —n. Colloq. Member of the royal family.  royally adv. ",Royal  ,"1 of, suited to, or worthy of a king or queen. 2 in the service or under the patronage of a king or queen. 3 of the family of a king or queen. 4 majestic, splendid. 5 exceptional, first-rate . —n. Colloq. Member of the royal family.  royally adv.",2.8
Royal blue  | & n.  deep vivid blue.,Royal blue  ,& n.  deep vivid blue.,2.6
"Royal british legion  | National association of ex-members of the armed forces, founded in 1921.",Royal british legion  ,"National association of ex-members of the armed forces, founded in 1921.",3.1
Royal commission  | Commission of inquiry appointed by the crown at the request of government.,Royal commission  ,Commission of inquiry appointed by the crown at the request of government.,2.9
Royal family  | Family of a sovereign.,Royal family  ,Family of a sovereign.,3.2
Royal flush  | Straight poker flush headed by an ace.,Royal flush  ,Straight poker flush headed by an ace.,2.4
Royal icing  | Hard white icing for cakes.,Royal icing  ,Hard white icing for cakes.,2.8
"Royalist  | Supporter of monarchy, or hist. Of the royal side in the english civil war.  royalism n.",Royalist  ,"Supporter of monarchy, or hist. Of the royal side in the english civil war.  royalism n.",3.0
Royal jelly  | Substance secreted by worker bees and fed by them to future queen bees.,Royal jelly  ,Substance secreted by worker bees and fed by them to future queen bees.,2.8
Royal marine  | British marine .,Royal marine  ,British marine .,3.3
Royal navy  | British navy.,Royal navy  ,British navy.,2.9
"Royalty  |  1 royal office, dignity, or power; being royal. 2 a royal persons. B member of a royal family. 3 percentage of profit from a book, public performance, patent, etc. Paid to the author etc. 4 a royal right  granted by the sovereign. B payment made by a producer of minerals etc. To the owner of the site etc. ",Royalty  ,"1 royal office, dignity, or power; being royal. 2 a royal persons. B member of a royal family. 3 percentage of profit from a book, public performance, patent, etc. Paid to the author etc. 4 a royal right  granted by the sovereign. B payment made by a producer of minerals etc. To the owner of the site etc.",3.1
Royal warrant  | Warrant authorizing a tradesperson to supply goods to a specified royal person.,Royal warrant  ,Warrant authorizing a tradesperson to supply goods to a specified royal person.,3.1
Royal ‘we’  | Use of ‘we’ instead of ‘i’ by a single person.,Royal ,Use of ‘we’ instead of ‘i’ by a single person.,2.8
