Pi  | 1 sixteenth letter of the greek alphabet . 2  the symbol of the ratio of the circumference of a circle to its diameter . ,Pi  ,1 sixteenth letter of the greek alphabet . 2  the symbol of the ratio of the circumference of a circle to its diameter .,2.8
Pia mater  | Delicate innermost membrane enveloping the brain and spinal cord. ,Pia mater  ,Delicate innermost membrane enveloping the brain and spinal cord.,3.8
Pianissimo  mus. | Very soft. —adv. Very softly. —n.  very soft playing or passage. ,Pianissimo  mus,Very soft. —adv. Very softly. —n.  very soft playing or passage.,2.9
Pianist  | Piano-player.,Pianist  ,Piano-player.,3.0
Piano1  |  keyboard instrument with metal strings struck by hammers. ,Piano1  ,keyboard instrument with metal strings struck by hammers.,2.9
Piano2  mus. | Soft. —adv. Softly. —n.  soft playing or passage. ,Piano2  mus,Soft. —adv. Softly. —n.  soft playing or passage.,3.3
Piano-accordion  | Accordion with a small keyboard like that of a piano.,Piano-accordion  ,Accordion with a small keyboard like that of a piano.,3.3
Pianoforte  | Formal or archaic = ~piano1. ,Pianoforte  ,Formal or archaic = ~piano1.,2.8
Pianola  | Propr. A kind of automatic piano. ,Pianola  ,Propr. A kind of automatic piano.,2.8
Piazza  | Public square or market-place. ,Piazza  ,Public square or market-place.,3.1
Pibroch  | Martial or funerary bagpipe music. ,Pibroch  ,Martial or funerary bagpipe music.,2.3
Pica  | 1 unit of type-size . 2 size of letters in typewriting . ,Pica  ,1 unit of type-size . 2 size of letters in typewriting .,3.1
Picador  | Mounted man with a lance in a bullfight. ,Picador  ,Mounted man with a lance in a bullfight.,2.8
Picaresque  |  dealing with the episodic adventures of rogues etc. ,Picaresque  ,dealing with the episodic adventures of rogues etc.,2.6
Picayune  us | —n. 1  small coin. 2 insignificant person or thing. —adj. Mean; contemptible; petty. ,Picayune  us ,—n. 1  small coin. 2 insignificant person or thing. —adj. Mean; contemptible; petty.,2.7
"Piccalilli  |  pickle of chopped vegetables, mustard, and hot spices. ",Piccalilli  ,"pickle of chopped vegetables, mustard, and hot spices.",3.0
Piccaninny  |   often offens. Small black or australian aboriginal child. ,Piccaninny  ,often offens. Small black or australian aboriginal child.,2.6
Piccolo  |  small flute sounding an octave higher than the ordinary one. ,Piccolo  ,small flute sounding an octave higher than the ordinary one.,2.7
"Pick1  | 1  Choose carefully. 2 detach or pluck  From a stem, tree, etc. 3 a probe with the finger, an instrument, etc. To remove unwanted matter. B clear  Of scraps of meat etc. 4   eat  In small bits. —n. 1 act of picking. 2 a selection, choice. B right to select . 3  best .  pick and choose select fastidiously. Pick at 1 eat  without interest. 2 find fault with. Pick a person's brains extract ideas, information, etc., from a person for one's own use. Pick holes in find fault with . Pick a lock open a lock with an instrument other than the proper key, esp. With criminal intent. Pick off 1 pluck  Off. 2 shoot  One by one without haste. Pick on 1 find fault with; nag at. 2 select. Pick out 1 take from a larger number. 2 distinguish from surrounding objects; identify. 3 play  by ear on the piano etc. 4  accentuate  With a contrasting colour. Pick over select the best from. Pick a person's pockets steal from a person's pockets. Pick a quarrel start an argument deliberately. Pick to pieces = take to pieces . Pick up 1 grasp and raise. 2 a acquire by chance or without effort. B learn effortlessly. 3 stop for and take along with one. 4 become acquainted with  casually, esp for sexual purposes. 5  Recover, improve, etc. 6  Recover speed. 7  Arrest. 8 detect by scrutiny or with a telescope, radio, etc. 9 accept the responsibility of paying . 10 resume, take up anew .  picker n. ",Pick1  ,"1  Choose carefully. 2 detach or pluck  From a stem, tree, etc. 3 a probe with the finger, an instrument, etc. To remove unwanted matter. B clear  Of scraps of meat etc. 4   eat  In small bits. —n. 1 act of picking. 2 a selection, choice. B right to select . 3  best .  pick and choose select fastidiously. Pick at 1 eat  without interest. 2 find fault with. Pick a person's brains extract ideas, information, etc., from a person for one's own use. Pick holes in find fault with . Pick a lock open a lock with an instrument other than the proper key, esp. With criminal intent. Pick off 1 pluck  Off. 2 shoot  One by one without haste. Pick on 1 find fault with; nag at. 2 select. Pick out 1 take from a larger number. 2 distinguish from surrounding objects; identify. 3 play  by ear on the piano etc. 4  accentuate  With a contrasting colour. Pick over select the best from. Pick a person's pockets steal from a person's pockets. Pick a quarrel start an argument deliberately. Pick to pieces = take to pieces . Pick up 1 grasp and raise. 2 a acquire by chance or without effort. B learn effortlessly. 3 stop for and take along with one. 4 become acquainted with  casually, esp for sexual purposes. 5  Recover, improve, etc. 6  Recover speed. 7  Arrest. 8 detect by scrutiny or with a telescope, radio, etc. 9 accept the responsibility of paying . 10 resume, take up anew .  picker n.",2.8
"Pick2  | 1 long-handled tool with a usu. Curved iron bar pointed at one or both ends, used for breaking up hard ground etc. 2 colloq. Plectrum. 3 any instrument for picking. ",Pick2  ,"1 long-handled tool with a usu. Curved iron bar pointed at one or both ends, used for breaking up hard ground etc. 2 colloq. Plectrum. 3 any instrument for picking.",2.6
Pickaback  | Of ~piggyback.,Pickaback  ,Of ~piggyback.,2.4
Pickaninny  |   often offens. Small black or australian aboriginal child. ,Pickaninny  ,often offens. Small black or australian aboriginal child.,2.9
Pickax  |  = ~pick2 1. ,Pickax  ,= ~pick2 1.,3.0
Pickaxe  |  = ~pick2 1. ,Pickaxe  ,= ~pick2 1.,3.0
Picket  —| 1 one or more persons stationed outside a place of work to persuade others not to enter during a strike etc. 2 pointed stake driven into the ground. 3  a small body of troops sent out to watch for the enemy. B group of sentries. —v.  1 a station or act as a picket. B beset or guard with a picket or pickets. 2 secure  with stakes. 3 tether .,Picket  ,1 one or more persons stationed outside a place of work to persuade others not to enter during a strike etc. 2 pointed stake driven into the ground. 3  a small body of troops sent out to watch for the enemy. B group of sentries. —v.  1 a station or act as a picket. B beset or guard with a picket or pickets. 2 secure  with stakes. 3 tether .,3.1
"Picket line  | Boundary established by workers on strike, esp. At the entrance to the place of work, which others are asked not to cross.",Picket line  ,"Boundary established by workers on strike, esp. At the entrance to the place of work, which others are asked not to cross.",3.2
Pickings  |pl. 1 profits or gains acquired easily or dishonestly. 2 leftovers.,Pickings  ,pl. 1 profits or gains acquired easily or dishonestly. 2 leftovers.,2.7
"Pickle  —| 1 a  Food, esp. Vegetables, preserved in brine, vinegar, mustard, etc. B the liquid used for this. 2 colloq. Plight . —v.  1 preserve in or treat with pickle. 2  Slang drunk. ",Pickle  ,"1 a  Food, esp. Vegetables, preserved in brine, vinegar, mustard, etc. B the liquid used for this. 2 colloq. Plight . —v.  1 preserve in or treat with pickle. 2  Slang drunk.",3.0
Pick-me-up  | 1 tonic for the nerves etc. 2 a good experience that cheers.,Pick-me-up  ,1 tonic for the nerves etc. 2 a good experience that cheers.,2.6
Pickpocket  | Person who steals from people's pockets.,Pickpocket  ,Person who steals from people's pockets.,2.8
"Pick-up  | 1 slang person met casually, esp. For sexual purposes. 2 small open motor truck. 3 part of a record-player carrying the stylus. 4 device on an electric guitar etc. That converts string vibrations into electrical signals. 5 act of picking up.",Pick-up  ,"1 slang person met casually, esp. For sexual purposes. 2 small open motor truck. 3 part of a record-player carrying the stylus. 4 device on an electric guitar etc. That converts string vibrations into electrical signals. 5 act of picking up.",3.2
Picky  |  colloq. Excessively fastidious.,Picky  ,colloq. Excessively fastidious.,2.6
Pick-your-own  |   dug or picked by the customer at the farm etc.,Pick-your-own  ,dug or picked by the customer at the farm etc.,3.3
Picnic  —| 1 outing including an outdoor meal. 2 meal eaten out of doors. 3  Colloq. Something agreeable or easily accomplished etc. —v.  take part in a picnic. ,Picnic  ,1 outing including an outdoor meal. 2 meal eaten out of doors. 3  Colloq. Something agreeable or easily accomplished etc. —v.  take part in a picnic.,3.3
Pico-  | Form denoting a factor of 10-12 . ,Pico-  ,Form denoting a factor of 10-12 .,2.8
Pict  | Member of an ancient people of n. Britain.  pictish adj. ,Pict  ,Member of an ancient people of n. Britain.  pictish adj.,3.1
Pictograph  |  1 pictorial symbol for a word or phrase. 2 pictorial representation of statistics etc.  pictographic adj. ,Pictograph  ,1 pictorial symbol for a word or phrase. 2 pictorial representation of statistics etc.  pictographic adj.,3.7
Pictorial  | 1 of or expressed in a picture or pictures. 2 illustrated. —n. Periodical with pictures as the main feature.  pictorially adv. ,Pictorial  ,1 of or expressed in a picture or pictures. 2 illustrated. —n. Periodical with pictures as the main feature.  pictorially adv.,3.1
"Picture  —| 1 a  Painting, drawing, photograph, etc., esp. As a work of art. B portrait. C beautiful object. 2 total mental or visual impression produced; scene. 3 a film. B  cinema; cinema performance. —v.  1  imagine . 2 represent in a picture. 3 describe graphically.  get the picture colloq. Grasp the drift of information etc. In the picture colloq. Fully informed. ",Picture  ,"1 a  Painting, drawing, photograph, etc., esp. As a work of art. B portrait. C beautiful object. 2 total mental or visual impression produced; scene. 3 a film. B  cinema; cinema performance. —v.  1  imagine . 2 represent in a picture. 3 describe graphically.  get the picture colloq. Grasp the drift of information etc. In the picture colloq. Fully informed.",2.8
Picture postcard  | Postcard with a picture on one side.,Picture postcard  ,Postcard with a picture on one side.,3.1
Picturesque  | 1 beautiful or striking to look at. 2  Strikingly graphic. ,Picturesque  ,1 beautiful or striking to look at. 2  Strikingly graphic.,3.1
Picture window  | Large window of one pane of glass.,Picture window  ,Large window of one pane of glass.,2.5
Piddle  |  1 colloq. Urinate. 2  Colloq. Trivial; trifling. 3  work or act in a trifling way. ,Piddle  ,1 colloq. Urinate. 2  Colloq. Trivial; trifling. 3  work or act in a trifling way.,3.0
Pidgin  | Simplified language used between people not having a common language. ,Pidgin  ,Simplified language used between people not having a common language.,2.8
"Pidgin english  | Pidgin in which the chief language is english, used orig. Between chinese and europeans.",Pidgin english  ,"Pidgin in which the chief language is english, used orig. Between chinese and europeans.",2.9
"Pie1  | 1 baked dish of meat, fish, fruit, etc., usu. With a top and base of pastry. 2 thing resembling a pie .  easy as pie very easy. ",Pie1  ,"1 baked dish of meat, fish, fruit, etc., usu. With a top and base of pastry. 2 thing resembling a pie .  easy as pie very easy.",2.8
Pie2  | Archaic magpie. ,Pie2  ,Archaic magpie.,2.8
"Piebald  |  having irregular patches of two colours, esp. Black and white. —n. Piebald animal. ",Piebald  ,"having irregular patches of two colours, esp. Black and white. —n. Piebald animal.",2.8
Piece  —| 1 a  distinct portion forming part of or broken off from a larger object. B each of the parts of which a set or category is composed . 2 coin. 3  literary or musical composition; picture; play.,Piece  ,1 a  distinct portion forming part of or broken off from a larger object. B each of the parts of which a set or category is composed . 2 coin. 3  literary or musical composition; picture; play.,2.8
"Pièce de résistance  |  most important or remarkable item, esp. A dish at a meal. ",Pièce de résistance  ,"most important or remarkable item, esp. A dish at a meal.",3.0
Piecemeal  —| Piece by piece; gradually. —adj. Gradual; unsystematic. ,Piecemeal  ,Piece by piece; gradually. —adj. Gradual; unsystematic.,2.5
Piece-work  | Work paid for according to the amount produced.,Piece-work  ,Work paid for according to the amount produced.,3.1
Pie chart  | Circle divided into sectors to represent relative quantities.,Pie chart  ,Circle divided into sectors to represent relative quantities.,3.4
Piecrust  | Baked pastry crust of a pie.,Piecrust  ,Baked pastry crust of a pie.,3.5
Pied  | Particoloured. ,Pied  ,Particoloured.,2.9
"Pied-à-terre  |   flat, house, etc. Kept for occasional use. ",Pied-à-terre  ,"flat, house, etc. Kept for occasional use.",2.9
Pie-eyed  | Slang drunk.,Pie-eyed  ,Slang drunk.,3.1
Pie in the sky  |  unrealistic prospect of future happiness.,Pie in the sky  ,unrealistic prospect of future happiness.,3.3
"Pier  | 1 a structure built out into the sea, a lake, etc., as a promenade and landing-stage. B breakwater. 2 a support of an arch or of the span of a bridge; pillar. B solid masonry between windows etc. ",Pier  ,"1 a structure built out into the sea, a lake, etc., as a promenade and landing-stage. B breakwater. 2 a support of an arch or of the span of a bridge; pillar. B solid masonry between windows etc.",3.0
"Pierce  |  1 a  Penetrate. B  make a hole in or through with a sharp-pointed instrument. C make . 2   Keen, sharp, or unpleasantly penetrating. 3  force a way through or into, penetrate. ",Pierce  ,"1 a  Penetrate. B  make a hole in or through with a sharp-pointed instrument. C make . 2   Keen, sharp, or unpleasantly penetrating. 3  force a way through or into, penetrate.",3.2
"Pier-glass  | Large mirror, used orig. To fill wall-space between windows.",Pier-glass  ,"Large mirror, used orig. To fill wall-space between windows.",3.5
Pierrot  |  1 white-faced entertainer in pier shows etc. With a loose white clown's costume. 2 french pantomime character so dressed. ,Pierrot  ,1 white-faced entertainer in pier shows etc. With a loose white clown's costume. 2 french pantomime character so dressed.,2.7
Pietà  | Representation of the virgin mary holding the dead body of christ on her lap. ,Pietà  ,Representation of the virgin mary holding the dead body of christ on her lap.,2.8
Pietism  | 1 pious sentiment. 2 exaggerated or affected piety. ,Pietism  ,1 pious sentiment. 2 exaggerated or affected piety.,2.5
Piety  |  1 quality of being pious. 2 pious act. ,Piety  ,1 quality of being pious. 2 pious act.,3.2
Piffle  | —n. Nonsense; empty speech. —v.  talk or act feebly; trifle. ,Piffle  ,—n. Nonsense; empty speech. —v.  talk or act feebly; trifle.,3.1
Piffling  | Colloq. Trivial; worthless.,Piffling  ,Colloq. Trivial; worthless.,2.8
"Pig  —| 1 omnivorous hoofed bristly broad-snouted mammal, esp. A domesticated kind. 2 its flesh as food. 3 colloq. Greedy, dirty, or unpleasant person. 4 oblong mass of metal  from a smelting-furnace. 5 slang derog. Police officer. —v.  colloq. Eat  greedily.  buy a pig in a poke acquire something without previous sight or knowledge of it. Pig it colloq. Live in a disorderly or filthy fashion. Pig out  esp. Us slang eat gluttonously. ",Pig  ,"1 omnivorous hoofed bristly broad-snouted mammal, esp. A domesticated kind. 2 its flesh as food. 3 colloq. Greedy, dirty, or unpleasant person. 4 oblong mass of metal  from a smelting-furnace. 5 slang derog. Police officer. —v.  colloq. Eat  greedily.  buy a pig in a poke acquire something without previous sight or knowledge of it. Pig it colloq. Live in a disorderly or filthy fashion. Pig out  esp. Us slang eat gluttonously.",3.1
Pigeon  | Bird of the dove family. ,Pigeon  ,Bird of the dove family.,3.1
"Pigeon-hole  —| Each of a set of compartments on a wall etc. For papers, letters, etc. —v. 1 assign to a preconceived category. 2 deposit in a pigeon-hole. 3 put aside for future consideration.",Pigeon-hole  ,"Each of a set of compartments on a wall etc. For papers, letters, etc. —v. 1 assign to a preconceived category. 2 deposit in a pigeon-hole. 3 put aside for future consideration.",3.1
Pigeon-toed  | Having the toes turned inwards.,Pigeon-toed  ,Having the toes turned inwards.,3.1
Piggery  |  1 pig farm. 2 = ~pigsty.,Piggery  ,1 pig farm. 2 = ~pigsty.,2.5
Piggish  | Greedy; dirty; mean.,Piggish  ,Greedy; dirty; mean.,2.7
Piggy  —|  colloq. Little pig. —adj.  1 like a pig. 2  Like those of a pig.,Piggy  ,colloq. Little pig. —adj.  1 like a pig. 2  Like those of a pig.,2.8
Piggyback   —| Ride on the back and shoulders of another person. —adv. On the back and shoulders of another person. ,Piggyback   ,Ride on the back and shoulders of another person. —adv. On the back and shoulders of another person.,2.6
Piggy bank  | Pig-shaped money box.,Piggy bank  ,Pig-shaped money box.,2.4
Pigheaded  | Obstinate.  pigheadedness n.,Pigheaded  ,Obstinate.  pigheadedness n.,2.6
Pig-iron  | Crude iron from a smelting-furnace.,Pig-iron  ,Crude iron from a smelting-furnace.,3.3
Piglet  | Young pig.,Piglet  ,Young pig.,2.7
Pigment  —| 1 colouring-matter used as paint or dye. 2 natural colouring-matter of animal or plant tissue. —v. Colour with or as if with pigment.  pigmentary adj. ,Pigment  ,1 colouring-matter used as paint or dye. 2 natural colouring-matter of animal or plant tissue. —v. Colour with or as if with pigment.  pigmentary adj.,2.8
"Pigmentation  | 1 natural colouring of plants, animals, etc. 2 excessive colouring of tissue by the deposition of pigment.",Pigmentation  ,"1 natural colouring of plants, animals, etc. 2 excessive colouring of tissue by the deposition of pigment.",2.7
Pigmy  | Of ~pygmy.,Pigmy  ,Of ~pygmy.,3.0
Pigskin  | 1 hide of a pig. 2 leather made from this.,Pigskin  ,1 hide of a pig. 2 leather made from this.,2.5
"Pigsty  |  1 pen for pigs. 2 filthy house, room, etc.",Pigsty  ,"1 pen for pigs. 2 filthy house, room, etc.",2.8
Pigswill  | Kitchen refuse and scraps fed to pigs.,Pigswill  ,Kitchen refuse and scraps fed to pigs.,2.5
Pigtail  | Plait of hair hanging from the back of the head.,Pigtail  ,Plait of hair hanging from the back of the head.,3.0
Pike  |  1 large voracious freshwater fish with a long narrow snout. 2 hist. Weapon with a pointed metal head on a long wooden shaft. ,Pike  ,1 large voracious freshwater fish with a long narrow snout. 2 hist. Weapon with a pointed metal head on a long wooden shaft.,2.8
Pikestaff  | Wooden shaft of a pike.  plain as a pikestaff quite plain or obvious.,Pikestaff  ,Wooden shaft of a pike.  plain as a pikestaff quite plain or obvious.,2.8
Pilaster  | Rectangular column projecting slightly from a wall.  pilastered adj. ,Pilaster  ,Rectangular column projecting slightly from a wall.  pilastered adj.,3.2
"Pilau  |  middle eastern or indian dish of rice boiled with meat, vegetables, spices, etc. ",Pilau  ,"middle eastern or indian dish of rice boiled with meat, vegetables, spices, etc.",3.1
Pilchard  | Small marine fish of the herring family. ,Pilchard  ,Small marine fish of the herring family.,2.8
Pile1  —| 1 heap of things laid upon one another. 2 large imposing building. 3 colloq. A large quantity. B large amount of money. 4 a series of plates of dissimilar metals laid one on another alternately to produce an electric current. B = ~nuclear reactor. 5 funeral pyre. —v.  1 a  heap up. B  load. 2  Crowd hurriedly or tightly.  pile it on colloq. Exaggerate. Pile up 1 accumulate; heap up. 2 colloq. Cause  To crash. ,Pile1  ,1 heap of things laid upon one another. 2 large imposing building. 3 colloq. A large quantity. B large amount of money. 4 a series of plates of dissimilar metals laid one on another alternately to produce an electric current. B = ~nuclear reactor. 5 funeral pyre. —v.  1 a  heap up. B  load. 2  Crowd hurriedly or tightly.  pile it on colloq. Exaggerate. Pile up 1 accumulate; heap up. 2 colloq. Cause  To crash.,2.8
"Pile2  | 1 heavy beam driven vertically into the ground to support a bridge, the foundations of a house, etc. 2 pointed stake or post. ",Pile2  ,"1 heavy beam driven vertically into the ground to support a bridge, the foundations of a house, etc. 2 pointed stake or post.",2.7
"Pile3  | Soft projecting surface on a carpet, velvet, etc. ",Pile3  ,"Soft projecting surface on a carpet, velvet, etc.",2.8
Pile-driver  | Machine for driving piles into the ground.,Pile-driver  ,Machine for driving piles into the ground.,3.4
Piles  |pl. Colloq. Haemorrhoids. ,Piles  ,pl. Colloq. Haemorrhoids.,2.9
Pile-up  | Colloq. Multiple crash of road vehicles.,Pile-up  ,Colloq. Multiple crash of road vehicles.,3.8
"Pilfer  |  Steal , esp. In small quantities. ",Pilfer  ,"Steal , esp. In small quantities.",2.9
Pilgrim  | 1 person who journeys to a sacred place for religious reasons. 2 traveller. ,Pilgrim  ,1 person who journeys to a sacred place for religious reasons. 2 traveller.,3.4
Pilgrimage  | 1 pilgrim's journey. 2 any journey taken for sentimental reasons.,Pilgrimage  ,1 pilgrim's journey. 2 any journey taken for sentimental reasons.,3.2
"Pilgrim fathers  |pl. English puritans who founded the colony of plymouth, massachusetts, in 1620.",Pilgrim fathers  ,"pl. English puritans who founded the colony of plymouth, massachusetts, in 1620.",3.3
Pill  | 1 a ball or flat disc of solid medicine for swallowing whole. B  colloq. Contraceptive pill. 2 unpleasant or painful necessity. ,Pill  ,1 a ball or flat disc of solid medicine for swallowing whole. B  colloq. Contraceptive pill. 2 unpleasant or painful necessity.,2.9
"Pillage  |   Plunder, sack. —n. Pillaging, esp. In war. ",Pillage  ,"Plunder, sack. —n. Pillaging, esp. In war.",2.8
"Pillar  | 1 slender vertical structure of stone etc. Used as a support or for ornament. 2 person regarded as a mainstay . 3 upright mass of air, water, rock, etc.  from pillar to post  From one place to another. ",Pillar  ,"1 slender vertical structure of stone etc. Used as a support or for ornament. 2 person regarded as a mainstay . 3 upright mass of air, water, rock, etc.  from pillar to post  From one place to another.",2.6
Pillar-box  | Public postbox shaped like a pillar.,Pillar-box  ,Public postbox shaped like a pillar.,3.1
Pillar-box red  | & n. Bright red.,Pillar-box red  ,& n. Bright red.,2.7
Pillbox  | 1 shallow cylindrical box for holding pills. 2 hat of a similar shape. 3 mil. Small partly underground enclosed concrete fort.,Pillbox  ,1 shallow cylindrical box for holding pills. 2 hat of a similar shape. 3 mil. Small partly underground enclosed concrete fort.,3.2
Pillion  | Seating for a passenger behind a motor cyclist.  ride pillion travel seated behind a motor cyclist. ,Pillion  ,Seating for a passenger behind a motor cyclist.  ride pillion travel seated behind a motor cyclist.,3.0
"Pillory  —|  hist. Wooden framework with holes for the head and hands, holding a person and allowing him or her to be publicly ridiculed. —v.  1 expose to ridicule. 2 hist. Put in the pillory. ",Pillory  ,"hist. Wooden framework with holes for the head and hands, holding a person and allowing him or her to be publicly ridiculed. —v.  1 expose to ridicule. 2 hist. Put in the pillory.",2.9
"Pillow  —| 1 soft support for the head, esp. In bed. 2 pillow-shaped block or support. —v. Rest on or as if on a pillow. ",Pillow  ,"1 soft support for the head, esp. In bed. 2 pillow-shaped block or support. —v. Rest on or as if on a pillow.",3.0
Pillowcase  |  washable cover for a pillow.,Pillowcase  ,washable cover for a pillow.,2.8
Pilot  —| 1 person who operates the controls of an aircraft. 2 person qualified to take charge of a ship entering or leaving harbour. 3  Experimental undertaking or test . 4 guide. —v.  1 act as a pilot of. 2 conduct or initiate as a pilot. ,Pilot  ,1 person who operates the controls of an aircraft. 2 person qualified to take charge of a ship entering or leaving harbour. 3  Experimental undertaking or test . 4 guide. —v.  1 act as a pilot of. 2 conduct or initiate as a pilot.,3.0
Pilot-light  | 1 small gas burner kept alight to light another. 2 electric indicator light or control light.,Pilot-light  ,1 small gas burner kept alight to light another. 2 electric indicator light or control light.,3.2
Pilot officer  | Lowest commissioned rank in the raf.,Pilot officer  ,Lowest commissioned rank in the raf.,3.1
"Pimento  |  1 tree native to jamaica. 2 berries of this, usu. Crushed for culinary use; allspice. 3 = ~pimiento. ",Pimento  ,"1 tree native to jamaica. 2 berries of this, usu. Crushed for culinary use; allspice. 3 = ~pimiento.",3.0
Pi meson  | Of ~pion.,Pi meson  ,Of ~pion.,3.0
Pimiento  |  = ~sweet pepper. ,Pimiento  ,= ~sweet pepper.,2.8
Pimp  —| Man who lives off the earnings of a prostitute or a brothel. —v. Act as a pimp. ,Pimp  ,Man who lives off the earnings of a prostitute or a brothel. —v. Act as a pimp.,3.0
Pimpernel  | = ~scarlet pimpernel. ,Pimpernel  ,= ~scarlet pimpernel.,2.6
Pimple  | 1 small hard inflamed spot on the skin. 2 anything resembling a pimple.  pimply adj. ,Pimple  ,1 small hard inflamed spot on the skin. 2 anything resembling a pimple.  pimply adj.,3.0
"Pin  —| 1 small thin pointed piece of metal with a round or flattened head used  for holding things in place, attaching one thing to another, etc. 2 peg of wood or metal for various purposes. 3  something of small value . 4  Colloq. Legs. —v.  1 a  fasten with a pin or pins. B transfix with a pin, lance, etc. 2  put  On . 3  Seize and hold fast.  pin down 1  bind  To a promise, arrangement, etc. 2 force  to declare his or her intentions. 3 restrict the actions of . 4 specify  precisely. Pin one's faith  On rely implicitly on. ",Pin  ,"1 small thin pointed piece of metal with a round or flattened head used  for holding things in place, attaching one thing to another, etc. 2 peg of wood or metal for various purposes. 3  something of small value . 4  Colloq. Legs. —v.  1 a  fasten with a pin or pins. B transfix with a pin, lance, etc. 2  put  On . 3  Seize and hold fast.  pin down 1  bind  To a promise, arrangement, etc. 2 force  to declare his or her intentions. 3 restrict the actions of . 4 specify  precisely. Pin one's faith  On rely implicitly on.",2.7
"Pina colada  | Cocktail of pineapple juice, rum, and coconut. ",Pina colada  ,"Cocktail of pineapple juice, rum, and coconut.",2.2
"Pinafore  | 1 apron, esp. With a bib. 2  collarless sleeveless dress worn over a blouse or jumper. ",Pinafore  ,"1 apron, esp. With a bib. 2  collarless sleeveless dress worn over a blouse or jumper.",2.9
Pinball  | Game in which small metal balls are shot across a board to strike pins.,Pinball  ,Game in which small metal balls are shot across a board to strike pins.,3.1
Pince-nez  |  pair of eyeglasses with a nose-clip. ,Pince-nez  ,pair of eyeglasses with a nose-clip.,2.2
Pincer movement  | Movement by two wings of an army converging to surround an enemy.,Pincer movement  ,Movement by two wings of an army converging to surround an enemy.,2.8
Pincers  |pl. 1  gripping-tool resembling scissors but with blunt jaws. 2 front claws of lobsters and some other crustaceans. ,Pincers  ,pl. 1  gripping-tool resembling scissors but with blunt jaws. 2 front claws of lobsters and some other crustaceans.,2.6
"Pinch  | 1 a squeeze tightly, esp. Between finger and thumb. B   Constrict painfully. 2  Affect painfully. 3  slang a steal. B arrest. 4   drawn. 5 a  Stint. B be niggardly. 6  remove  To encourage bushy growth. —n. 1 act of pinching. 2 amount that can be taken up with fingers and thumb . 3 the stress caused by poverty etc.  at  a pinch in an emergency. ",Pinch  ,"1 a squeeze tightly, esp. Between finger and thumb. B   Constrict painfully. 2  Affect painfully. 3  slang a steal. B arrest. 4   drawn. 5 a  Stint. B be niggardly. 6  remove  To encourage bushy growth. —n. 1 act of pinching. 2 amount that can be taken up with fingers and thumb . 3 the stress caused by poverty etc.  at  a pinch in an emergency.",2.8
"Pinchbeck  —| Goldlike alloy of copper and zinc used in cheap jewellery etc. —adj. Counterfeit, sham. ",Pinchbeck  ,"Goldlike alloy of copper and zinc used in cheap jewellery etc. —adj. Counterfeit, sham.",2.4
Pincushion  | Small pad for holding pins.,Pincushion  ,Small pad for holding pins.,2.7
Pine1  | 1 evergreen coniferous tree with needle-shaped leaves growing in clusters. 2 its wood. 3  Made of pine. ,Pine1  ,1 evergreen coniferous tree with needle-shaped leaves growing in clusters. 2 its wood. 3  Made of pine.,3.0
Pine2  |  1  decline or waste away from grief etc. 2 long eagerly. ,Pine2  ,1  decline or waste away from grief etc. 2 long eagerly.,2.9
Pineal  | Shaped like a pine cone. ,Pineal  ,Shaped like a pine cone.,3.1
"Pineal body  |  conical gland in the brain, secreting a hormone-like substance.",Pineal body  ,"conical gland in the brain, secreting a hormone-like substance.",3.2
Pineapple  | 1 large juicy tropical fruit with yellow flesh and tough segmented skin. 2 plant bearing this. ,Pineapple  ,1 large juicy tropical fruit with yellow flesh and tough segmented skin. 2 plant bearing this.,2.5
Pine cone  | Fruit of the pine.,Pine cone  ,Fruit of the pine.,3.2
Pine nut  | Edible seed of various pines.,Pine nut  ,Edible seed of various pines.,3.1
Ping  —| Single short high ringing sound. —v.  make a ping. ,Ping  ,Single short high ringing sound. —v.  make a ping.,3.1
Ping-pong  | Colloq. = ~table tennis. ,Ping-pong  ,Colloq. = ~table tennis.,2.8
Pinhead  | 1 head of a pin. 2 very small thing or spot. 3 colloq. Stupid person.,Pinhead  ,1 head of a pin. 2 very small thing or spot. 3 colloq. Stupid person.,3.1
Pinhole  | 1 hole made by a pin. 2 hole into which a peg fits.,Pinhole  ,1 hole made by a pin. 2 hole into which a peg fits.,2.5
Pinhole camera  | Camera with a pinhole aperture and no lens.,Pinhole camera  ,Camera with a pinhole aperture and no lens.,3.1
Pinion1  —| 1 outer part of a bird's wing. 2 poet. Wing; flight-feather. —v. 1 cut off the pinion of  to prevent flight. 2 a bind the arms of . B  bind  Fast to a thing.  ,Pinion1  ,1 outer part of a bird's wing. 2 poet. Wing; flight-feather. —v. 1 cut off the pinion of  to prevent flight. 2 a bind the arms of . B  bind  Fast to a thing.,2.4
Pinion2  | 1 small cog-wheel engaging with a larger one. 2 cogged spindle engaging with a wheel. ,Pinion2  ,1 small cog-wheel engaging with a larger one. 2 cogged spindle engaging with a wheel.,2.4
"Pink1  —| 1 pale red colour. 2 cultivated plant with fragrant flowers. 3  the most perfect condition, the peak . 4 person with socialist tendencies. —adj. 1 of a pale red colour. 2 tending to socialism.  in the pink colloq. In very good health.  pinkish adj. Pinkness n. Pinky adj. ",Pink1  ,"1 pale red colour. 2 cultivated plant with fragrant flowers. 3  the most perfect condition, the peak . 4 person with socialist tendencies. —adj. 1 of a pale red colour. 2 tending to socialism.  in the pink colloq. In very good health.  pinkish adj. Pinkness n. Pinky adj.",2.9
Pink2  | 1 pierce slightly. 2 cut a scalloped or zigzag edge on. ,Pink2  ,1 pierce slightly. 2 cut a scalloped or zigzag edge on.,2.6
Pink3  |  emit high-pitched explosive sounds caused by faulty combustion. ,Pink3  ,emit high-pitched explosive sounds caused by faulty combustion.,2.7
Pink gin  | Gin flavoured with angostura bitters.,Pink gin  ,Gin flavoured with angostura bitters.,3.0
Pinking shears  |pl. Dressmaker's serrated shears for cutting a zigzag edge.,Pinking shears  ,pl. Dressmaker's serrated shears for cutting a zigzag edge.,2.5
Pinko  |  esp. Us slang socialist.,Pinko  ,esp. Us slang socialist.,2.8
Pin-money  | 1 hist. Allowance to a woman from her husband. 2 very small sum of money.,Pin-money  ,1 hist. Allowance to a woman from her husband. 2 very small sum of money.,2.4
Pinnace  | Ship's small boat. ,Pinnace  ,Ship's small boat.,2.6
"Pinnacle  | 1 culmination or climax. 2 natural peak. 3 small ornamental turret crowning a buttress, roof, etc. ",Pinnacle  ,"1 culmination or climax. 2 natural peak. 3 small ornamental turret crowning a buttress, roof, etc.",2.6
Pinnate  |  having leaflets on either side of the leaf-stalk. ,Pinnate  ,having leaflets on either side of the leaf-stalk.,3.0
Pinny  |  colloq. Pinafore. ,Pinny  ,colloq. Pinafore.,2.8
"Pinpoint  —| 1 point of a pin. 2 something very small or sharp. 3  Precise, accurate. —v. Locate with precision.",Pinpoint  ,"1 point of a pin. 2 something very small or sharp. 3  Precise, accurate. —v. Locate with precision.",3.0
Pinprick  | Trifling irritation.,Pinprick  ,Trifling irritation.,2.2
Pins and needles  |pl. Tingling sensation in a limb recovering from numbness.,Pins and needles  ,pl. Tingling sensation in a limb recovering from numbness.,3.1
Pinstripe  | 1  Narrow stripe in cloth . 2  Pinstripe suit .  pinstriped adj.,Pinstripe  ,1  Narrow stripe in cloth . 2  Pinstripe suit .  pinstriped adj.,2.9
"Pint  | 1 measure of capacity for liquids etc., 1/8 gal. . 2  a colloq. Pint of beer. B pint of a liquid, esp. Milk. 3 measure of shellfish containable in a pint mug. ",Pint  ,"1 measure of capacity for liquids etc., 1/8 gal. . 2  a colloq. Pint of beer. B pint of a liquid, esp. Milk. 3 measure of shellfish containable in a pint mug.",3.0
Pinta  | Colloq. Pint of milk. ,Pinta  ,Colloq. Pint of milk.,2.7
Pin-table  | Table used in playing pinball.,Pin-table  ,Table used in playing pinball.,2.8
Pintail  | Duck or grouse with a pointed tail.,Pintail  ,Duck or grouse with a pointed tail.,2.8
"Pintle  | Pin or bolt, esp. One on which some other part turns. ",Pintle  ,"Pin or bolt, esp. One on which some other part turns.",2.8
Pint-sized  | Colloq. Very small.,Pint-sized  ,Colloq. Very small.,3.4
Pin-tuck  | Very narrow ornamental tuck.,Pin-tuck  ,Very narrow ornamental tuck.,2.4
"Pin-up  | 1 photograph of a popular or sexually attractive person, hung on the wall. 2 person in such a photograph.",Pin-up  ,"1 photograph of a popular or sexually attractive person, hung on the wall. 2 person in such a photograph.",2.9
Pin-wheel  | Small catherine wheel.,Pin-wheel  ,Small catherine wheel.,3.2
Pinyin  | System of romanized spelling for transliterating chinese. ,Pinyin  ,System of romanized spelling for transliterating chinese.,3.6
Pion  |  subatomic particle having a mass many times greater than that of an electron. ,Pion  ,subatomic particle having a mass many times greater than that of an electron.,3.2
Pioneer  —| 1 initiator of an enterprise; investigator of a subject etc. 2 explorer or settler; colonist. —v. 1 initiate  For others to follow. 2 be a pioneer. ,Pioneer  ,1 initiator of an enterprise; investigator of a subject etc. 2 explorer or settler; colonist. —v. 1 initiate  For others to follow. 2 be a pioneer.,3.2
Pious  | 1 devout; religious. 2 sanctimonious. 3 dutiful.  piously adv. Piousness n. ,Pious  ,1 devout; religious. 2 sanctimonious. 3 dutiful.  piously adv. Piousness n.,2.5
"Pip1  —| Seed of an apple, pear, orange, grape, etc. —v.  remove the pips from .  pipless adj. ",Pip1  ,"Seed of an apple, pear, orange, grape, etc. —v.  remove the pips from .  pipless adj.",2.8
"Pip2  | Short high-pitched sound, usu. Electronically produced, esp. As a time signal. ",Pip2  ,"Short high-pitched sound, usu. Electronically produced, esp. As a time signal.",2.5
Pip3  |  colloq. 1 hit with a shot. 2  defeat narrowly or at the last moment. ,Pip3  ,colloq. 1 hit with a shot. 2  defeat narrowly or at the last moment.,2.9
"Pip4  | 1 any of the spots on a playing-card, dice, or domino. 2  star  on the shoulder of an army officer's uniform. ",Pip4  ,"1 any of the spots on a playing-card, dice, or domino. 2  star  on the shoulder of an army officer's uniform.",2.9
Pip5  | 1 disease of poultry etc. 2 colloq. Fit of disgust or bad temper . ,Pip5  ,1 disease of poultry etc. 2 colloq. Fit of disgust or bad temper .,3.1
"Pipe  —| 1 tube of metal, plastic, etc., used to convey water, gas, etc. 2 a narrow tube with a bowl at one end containing tobacco for smoking. B quantity of tobacco held by this. 3  a wind instrument of a single tube. B any of the tubes by which sound is produced in an organ. C  = ~bagpipes. 4 tubular organ, vessel, etc. In an animal's body. 5 high note or song, esp. Of a bird. 6 a boatswain's whistle. B sounding of this. 7 cask for wine, esp. As a measure, usu. = 105 gal. . —v.  1 a convey  By pipes. B provide with pipes. 2 play  On a pipe or pipes. 3  Transmit  By wire or cable. 4  Naut. A summon . B signal the arrival of  On board. 5 utter in a shrill voice. 6 decorate or trim with piping. 7 lead or bring  By the sound of a pipe or pipes.  pipe down colloq. Be quiet or less insistent. Pipe up begin to play, sing, speak, etc.  pipeful n. . ",Pipe  ,"1 tube of metal, plastic, etc., used to convey water, gas, etc. 2 a narrow tube with a bowl at one end containing tobacco for smoking. B quantity of tobacco held by this. 3  a wind instrument of a single tube. B any of the tubes by which sound is produced in an organ. C  = ~bagpipes. 4 tubular organ, vessel, etc. In an animal's body. 5 high note or song, esp. Of a bird. 6 a boatswain's whistle. B sounding of this. 7 cask for wine, esp. As a measure, usu. = 105 gal. . —v.  1 a convey  By pipes. B provide with pipes. 2 play  On a pipe or pipes. 3  Transmit  By wire or cable. 4  Naut. A summon . B signal the arrival of  On board. 5 utter in a shrill voice. 6 decorate or trim with piping. 7 lead or bring  By the sound of a pipe or pipes.  pipe down colloq. Be quiet or less insistent. Pipe up begin to play, sing, speak, etc.  pipeful n. .",3.2
"Pipeclay  | Fine white clay used for tobacco-pipes, whitening leather, etc.",Pipeclay  ,"Fine white clay used for tobacco-pipes, whitening leather, etc.",2.6
Pipe-cleaner  | Piece of flexible tufted wire for cleaning a tobacco-pipe.,Pipe-cleaner  ,Piece of flexible tufted wire for cleaning a tobacco-pipe.,3.9
Pipedream  | Unattainable or fanciful hope or scheme. ,Pipedream  ,Unattainable or fanciful hope or scheme.,2.7
"Pipeline  | 1 long, usu. Underground, pipe for conveying esp. Oil. 2 channel supplying goods, information, etc.  in the pipeline being dealt with or prepared; under discussion, on the way.",Pipeline  ,"1 long, usu. Underground, pipe for conveying esp. Oil. 2 channel supplying goods, information, etc.  in the pipeline being dealt with or prepared; under discussion, on the way.",2.9
"Piper  | Person who plays a pipe, esp. The bagpipes.",Piper  ,"Person who plays a pipe, esp. The bagpipes.",3.3
Pipette  | Chem slender tube for transferring or measuring small quantities of liquids. ,Pipette  ,Chem slender tube for transferring or measuring small quantities of liquids.,3.1
"Piping  | 1 pipelike fold or cord for edging or decorating clothing, upholstery, etc. 2 ornamental lines of icing, cream, potato, etc. On a cake etc. 3 lengths of pipe, system of pipes.  piping hot  Very hot.",Piping  ,"1 pipelike fold or cord for edging or decorating clothing, upholstery, etc. 2 ornamental lines of icing, cream, potato, etc. On a cake etc. 3 lengths of pipe, system of pipes.  piping hot  Very hot.",2.7
Pipit  | Small bird resembling a lark. ,Pipit  ,Small bird resembling a lark.,2.8
Pippin  | 1 apple grown from seed. 2 red and yellow eating apple. ,Pippin  ,1 apple grown from seed. 2 red and yellow eating apple.,2.8
Pipsqueak  | Colloq. Insignificant or contemptible person or thing. ,Pipsqueak  ,Colloq. Insignificant or contemptible person or thing.,3.0
"Piquant  | 1 agreeably pungent, sharp, or appetizing. 2 pleasantly stimulating to the mind.  piquancy n. ",Piquant  ,"1 agreeably pungent, sharp, or appetizing. 2 pleasantly stimulating to the mind.  piquancy n.",2.9
"Pique  |  1 wound the pride of, irritate. 2 arouse . —n. Resentment; hurt pride. ",Pique  ,"1 wound the pride of, irritate. 2 arouse . —n. Resentment; hurt pride.",2.9
Piquet  | Card-game for two players with a pack of 32 cards. ,Piquet  ,Card-game for two players with a pack of 32 cards.,2.9
"Piracy  |  1 robbery of ships at sea. 2 similar practice, esp. Hijacking. 3 infringement of copyright etc. ",Piracy  ,"1 robbery of ships at sea. 2 similar practice, esp. Hijacking. 3 infringement of copyright etc.",2.8
Piranha  | Voracious s. American freshwater fish. ,Piranha  ,Voracious s. American freshwater fish.,2.8
Pirate  —| 1 a seafaring robber attacking ships. B ship used by pirates. 2  Person who infringes another's copyright or business rights or who broadcasts without official authorization . —v.  reproduce  Or trade  without permission.  piratical adj. ,Pirate  ,1 a seafaring robber attacking ships. B ship used by pirates. 2  Person who infringes another's copyright or business rights or who broadcasts without official authorization . —v.  reproduce  Or trade  without permission.  piratical adj.,3.2
Pirouette  —| Dancer's spin on one foot or the point of the toe. —v.  perform a pirouette. ,Pirouette  ,Dancer's spin on one foot or the point of the toe. —v.  perform a pirouette.,2.9
Piscatorial  | Of fishermen or fishing.  piscatorially adv. ,Piscatorial  ,Of fishermen or fishing.  piscatorially adv.,2.3
Pisces  |  1 constellation and twelfth sign of the zodiac . 2 person born when the sun is in this sign. ,Pisces  ,1 constellation and twelfth sign of the zodiac . 2 person born when the sun is in this sign.,2.8
Piscina  |  1 stone basin near the altar in a church for draining water used in rinsing the chalice etc. 2 fish-pond. ,Piscina  ,1 stone basin near the altar in a church for draining water used in rinsing the chalice etc. 2 fish-pond.,3.0
Piss  | —v. 1 urinate. 2 discharge  With urine. 3  Drunk. —n. 1 urine. 2 act of urinating.  piss about fool or mess about. Piss down rain heavily. Piss off 1 go away. 2  Annoy; depress. Piss on  show utter contempt for. Take the piss  mock; make fun of. ,Piss  ,—v. 1 urinate. 2 discharge  With urine. 3  Drunk. —n. 1 urine. 2 act of urinating.  piss about fool or mess about. Piss down rain heavily. Piss off 1 go away. 2  Annoy; depress. Piss on  show utter contempt for. Take the piss  mock; make fun of.,2.9
Piss artist  | 1 drunkard. 2 person who fools about.,Piss artist  ,1 drunkard. 2 person who fools about.,3.1
Piss-taking  | Mockery.  piss-take n. Piss-taker n.,Piss-taking  ,Mockery.  piss-take n. Piss-taker n.,3.0
Piss-up  | Drinking spree.,Piss-up  ,Drinking spree.,2.6
Pistachio  |  1 edible pale-green nut. 2 tree yielding this. ,Pistachio  ,1 edible pale-green nut. 2 tree yielding this.,2.7
Piste  | Ski-run of compacted snow. ,Piste  ,Ski-run of compacted snow.,3.2
"Pistil  | Female organs of a flower, comprising the stigma, style, and ovary.  pistillate adj.  ",Pistil  ,"Female organs of a flower, comprising the stigma, style, and ovary.  pistillate adj.",2.9
Pistol  | Small handgun. ,Pistol  ,Small handgun.,3.3
"Piston  | 1 sliding cylinder fitting closely in a tube in which it moves up and down, used in an internal-combustion engine to impart motion, or in a pump to receive motion. 2 sliding valve in a trumpet etc. ",Piston  ,"1 sliding cylinder fitting closely in a tube in which it moves up and down, used in an internal-combustion engine to impart motion, or in a pump to receive motion. 2 sliding valve in a trumpet etc.",2.5
Piston-ring  | Ring on a piston sealing the gap between piston and cylinder wall.,Piston-ring  ,Ring on a piston sealing the gap between piston and cylinder wall.,3.0
Piston-rod  | Rod or crankshaft by which a piston imparts motion.,Piston-rod  ,Rod or crankshaft by which a piston imparts motion.,3.2
"Pit1  —| 1 a deep hole in the ground, usu. Large. B coalmine. C covered hole as a trap for animals. 2 hollow on a surface, esp. An indentation of the skin. 3 a = orchestra pit . B usu. Hist. Seating at the back of the stalls. 4  slang worst imaginable place, situation, person, etc. 5 a area at the side of a track where racing cars are serviced and refuelled. B sunken area in a workshop floor for access to a car's underside. —v.  1  set  In competition. 2  Make pits, scars, craters, etc. In. 3 put into a pit. ",Pit1  ,"1 a deep hole in the ground, usu. Large. B coalmine. C covered hole as a trap for animals. 2 hollow on a surface, esp. An indentation of the skin. 3 a = orchestra pit . B usu. Hist. Seating at the back of the stalls. 4  slang worst imaginable place, situation, person, etc. 5 a area at the side of a track where racing cars are serviced and refuelled. B sunken area in a workshop floor for access to a car's underside. —v.  1  set  In competition. 2  Make pits, scars, craters, etc. In. 3 put into a pit.",2.8
Pit2  |   Remove stones from . ,Pit2  ,Remove stones from .,2.6
Pita  | Of ~pitta.,Pita  ,Of ~pitta.,2.9
Pit-a-pat   —| 1 with a sound like quick light steps. 2 falteringly . —n. Such a sound. ,Pit-a-pat   ,1 with a sound like quick light steps. 2 falteringly . —n. Such a sound.,3.2
Pit bull terrier  | Small american dog noted for ferocity.,Pit bull terrier  ,Small american dog noted for ferocity.,3.4
"Pitch1  | 1 erect and fix . 2 throw. 3 fix in a definite position. 4 express in a particular style or at a particular level. 5  Fall heavily, esp. Headlong. 6  Plunge backwards and forwards in a lengthwise direction. 7 mus. Set at a particular pitch. 8 cricket a cause  to strike the ground at a specified point etc. B  strike the ground thus. —n. 1 area of play in a field-game. 2 height, degree, intensity, etc. . 3 degree of slope, esp. Of a roof. 4 mus. Quality of a sound governed by the rate of vibrations producing it; highness or lowness of a note. 5 act of throwing. 6 pitching motion of a ship etc. 7 colloq.",Pitch1  ,"1 erect and fix . 2 throw. 3 fix in a definite position. 4 express in a particular style or at a particular level. 5  Fall heavily, esp. Headlong. 6  Plunge backwards and forwards in a lengthwise direction. 7 mus. Set at a particular pitch. 8 cricket a cause  to strike the ground at a specified point etc. B  strike the ground thus. —n. 1 area of play in a field-game. 2 height, degree, intensity, etc. . 3 degree of slope, esp. Of a roof. 4 mus. Quality of a sound governed by the rate of vibrations producing it; highness or lowness of a note. 5 act of throwing. 6 pitching motion of a ship etc. 7 colloq.",3.0
"Pitch2  —| Dark resinous substance from the distillation of tar or turpentine, used for making ships watertight etc. —v. Coat with pitch.  pitchy adj. . ",Pitch2  ,"Dark resinous substance from the distillation of tar or turpentine, used for making ships watertight etc. —v. Coat with pitch.  pitchy adj. .",2.8
Pitch-black  |  very or completely dark.,Pitch-black  ,very or completely dark.,3.3
Pitchblende  | Uranium oxide occurring in pitchlike masses and yielding radium. ,Pitchblende  ,Uranium oxide occurring in pitchlike masses and yielding radium.,3.2
Pitched battle  | 1 vigorous argument etc. 2 planned battle between sides in prepared positions and on chosen ground.,Pitched battle  ,1 vigorous argument etc. 2 planned battle between sides in prepared positions and on chosen ground.,3.4
Pitched roof  | Sloping roof.,Pitched roof  ,Sloping roof.,3.3
Pitcher1  | Large jug with a lip and a handle. ,Pitcher1  ,Large jug with a lip and a handle.,2.9
Pitcher2  | Player who delivers the ball in baseball.,Pitcher2  ,Player who delivers the ball in baseball.,2.6
"Pitchfork  —| Long-handled two-pronged fork for pitching hay etc. —v. 1 throw with or as if with a pitchfork. 2  thrust  forcibly into a position, office, etc.",Pitchfork  ,"Long-handled two-pronged fork for pitching hay etc. —v. 1 throw with or as if with a pitchfork. 2  thrust  forcibly into a position, office, etc.",3.5
Pitch-pine  | Pine-tree yielding much resin.,Pitch-pine  ,Pine-tree yielding much resin.,3.4
Piteous  | Deserving or arousing pity; wretched.  piteously adv. Piteousness n. ,Piteous  ,Deserving or arousing pity; wretched.  piteously adv. Piteousness n.,2.8
Pitfall  | 1 unsuspected danger or drawback. 2 covered pit for trapping animals.,Pitfall  ,1 unsuspected danger or drawback. 2 covered pit for trapping animals.,2.6
Pith  | 1 spongy white tissue lining the rind of an orange etc. 2 essential part. 3 spongy tissue in the stems and branches of plants. 4 strength; vigour; energy. ,Pith  ,1 spongy white tissue lining the rind of an orange etc. 2 essential part. 3 spongy tissue in the stems and branches of plants. 4 strength; vigour; energy.,2.6
Pit-head  | 1 top of a mineshaft. 2 area surrounding this .,Pit-head  ,1 top of a mineshaft. 2 area surrounding this .,3.1
Pith helmet  | Protective sun-helmet made of dried pith from plants.,Pith helmet  ,Protective sun-helmet made of dried pith from plants.,3.2
Pithy  |  1  Terse and forcible. 2 of or like pith.  pithily adv. Pithiness n.,Pithy  ,1  Terse and forcible. 2 of or like pith.  pithily adv. Pithiness n.,2.9
Pitiable  | Deserving or arousing pity or contempt.  pitiably adv. ,Pitiable  ,Deserving or arousing pity or contempt.  pitiably adv.,2.4
Pitiful  | 1 causing pity. 2 contemptible.  pitifully adv.,Pitiful  ,1 causing pity. 2 contemptible.  pitifully adv.,2.4
Pitiless  | Showing no pity .  pitilessly adv.,Pitiless  ,Showing no pity .  pitilessly adv.,1.8
Pit of the stomach  | Depression below the breastbone.,Pit of the stomach  ,Depression below the breastbone.,2.1
Piton  | Peg driven into rock or a crack to support a climber or rope. ,Piton  ,Peg driven into rock or a crack to support a climber or rope.,2.8
Pitta  |  flat hollow unleavened bread which can be split and filled. ,Pitta  ,flat hollow unleavened bread which can be split and filled.,2.6
Pittance  | Very small allowance or remuneration. ,Pittance  ,Very small allowance or remuneration.,2.7
Pitter-patter  | Of ~pit-a-pat.,Pitter-patter  ,Of ~pit-a-pat.,3.4
Pituitary  |   small ductless gland at the base of the brain. ,Pituitary  ,small ductless gland at the base of the brain.,2.4
Pity  —| 1 sorrow and compassion for another's suffering. 2 cause for regret . —v.  feel  pity for.  take pity on help out of pity for.  pitying adj. Pityingly adv. ,Pity  ,1 sorrow and compassion for another's suffering. 2 cause for regret . —v.  feel  pity for.  take pity on help out of pity for.  pitying adj. Pityingly adv.,2.7
"Pivot  —| 1 shaft or pin on which something turns or oscillates. 2 crucial or essential person, point, etc. —v.  1 turn on or as on a pivot. 2 provide with a pivot.  pivotal adj. ",Pivot  ,"1 shaft or pin on which something turns or oscillates. 2 crucial or essential person, point, etc. —v.  1 turn on or as on a pivot. 2 provide with a pivot.  pivotal adj.",2.9
Pixel  | Any of the minute areas of uniform illumination of which an image on a display screen is composed. ,Pixel  ,Any of the minute areas of uniform illumination of which an image on a display screen is composed.,3.1
Pixie  |   fairy-like being. ,Pixie  ,fairy-like being.,2.9
"Pizza  | Italian dish of a layer of dough baked with a topping of tomatoes, cheese, etc. ",Pizza  ,"Italian dish of a layer of dough baked with a topping of tomatoes, cheese, etc.",2.7
Pizzeria  | Pizza restaurant.,Pizzeria  ,Pizza restaurant.,2.9
"Pizzicato  mus. —| Plucking. —adj.  Performed pizzicato. —n.  note, passage, etc. Played pizzicato. ",Pizzicato  mus,"Plucking. —adj.  Performed pizzicato. —n.  note, passage, etc. Played pizzicato.",3.1
