Qua  | In the capacity of. ,Qua  ,In the capacity of.,2.8
Quack1  —| Harsh sound made by ducks. —v. Utter this sound. ,Quack1  ,Harsh sound made by ducks. —v. Utter this sound.,2.9
"Quack2  | 1  unqualified practitioner, esp. Of medicine; charlatan . 2 slang any doctor.  quackery n. ",Quack2  ,"1  unqualified practitioner, esp. Of medicine; charlatan . 2 slang any doctor.  quackery n.",2.8
Quad1  | Colloq. Quadrangle. ,Quad1  ,Colloq. Quadrangle.,3.5
Quad2  | Colloq. Quadruplet. ,Quad2  ,Colloq. Quadruplet.,3.3
Quad3  | —n. Quadraphonics. —adj. Quadraphonic. ,Quad3  ,—n. Quadraphonics. —adj. Quadraphonic.,3.5
Quadragesima  | First sunday in lent. ,Quadragesima  ,First sunday in lent.,3.2
"Quadrangle  | 1 four-sided plane figure, esp. A square or rectangle. 2 four-sided court, esp. In colleges.  quadrangular adj. ",Quadrangle  ,"1 four-sided plane figure, esp. A square or rectangle. 2 four-sided court, esp. In colleges.  quadrangular adj.",3.3
Quadrant  | 1 quarter of a circle's circumference. 2 quarter of a circle enclosed by two radii at right angles. 3 quarter of a sphere etc. 4 any of four parts of a plane divided by two lines at right angles. 5 a graduated quarter-circular strip of metal etc. B instrument graduated  for measuring angles. ,Quadrant  ,1 quarter of a circle's circumference. 2 quarter of a circle enclosed by two radii at right angles. 3 quarter of a sphere etc. 4 any of four parts of a plane divided by two lines at right angles. 5 a graduated quarter-circular strip of metal etc. B instrument graduated  for measuring angles.,2.4
Quadraphonic  |  using four transmission channels.  quadraphonically adv. Quadraphonics n.pl. ,Quadraphonic  ,using four transmission channels.  quadraphonically adv. Quadraphonics n.pl.,3.6
Quadrate  | Esp. Anat. & zool. Square or rectangular. —n. Rectangular object. —v.  make square.  ,Quadrate  ,Esp. Anat. & zool. Square or rectangular. —n. Rectangular object. —v.  make square.,3.3
Quadratic  math. | Involving the square  of an unknown quantity or variable . —n. Quadratic equation.,Quadratic  math,Involving the square  of an unknown quantity or variable . —n. Quadratic equation.,3.6
Quadri-  | Form four. ,Quadri-  ,Form four.,3.3
Quadriceps  | Four-headed muscle at the front of the thigh. ,Quadriceps  ,Four-headed muscle at the front of the thigh.,2.8
Quadrilateral  | Having four sides. —n. Four-sided figure.,Quadrilateral  ,Having four sides. —n. Four-sided figure.,3.2
Quadrille  | 1 a kind of square dance. 2 music for this. ,Quadrille  ,1 a kind of square dance. 2 music for this.,2.8
Quadriplegia  |  Paralysis of all four limbs.  quadriplegic adj. & n. ,Quadriplegia  ,Paralysis of all four limbs.  quadriplegic adj. & n.,2.9
"Quadruped  |  Four-footed animal, esp. A mammal. ",Quadruped  ,"Four-footed animal, esp. A mammal.",3.1
Quadruple  | 1 fourfold; having four parts. 2  having four beats in a bar. —n. Fourfold number or amount. —v.  multiply by four. ,Quadruple  ,1 fourfold; having four parts. 2  having four beats in a bar. —n. Fourfold number or amount. —v.  multiply by four.,3.2
Quadruplet  | Each of four children born at one birth.,Quadruplet  ,Each of four children born at one birth.,3.4
Quadruplicate  | 1 fourfold. 2 of which four copies are made. —v.  multiply by four.,Quadruplicate  ,1 fourfold. 2 of which four copies are made. —v.  multiply by four.,2.7
Quaff  | Literary 1 drink deeply. 2 drain  In long draughts.  quaffable adj. ,Quaff  ,Literary 1 drink deeply. 2 drain  In long draughts.  quaffable adj.,2.8
Quagmire  | 1 muddy or boggy area. 2 hazardous situation. ,Quagmire  ,1 muddy or boggy area. 2 hazardous situation.,2.8
Quail1  |  small game-bird related to the partridge. ,Quail1  ,small game-bird related to the partridge.,3.4
Quail2  | Flinch; show fear. ,Quail2  ,Flinch; show fear.,3.3
Quaint  | Attractively odd or old-fashioned.  quaintly adv. Quaintness n.  ,Quaint  ,Attractively odd or old-fashioned.  quaintly adv. Quaintness n.,3.3
"Quake  |  shake, tremble. —n. Colloq. Earthquake. ",Quake  ,"shake, tremble. —n. Colloq. Earthquake.",2.9
Quaker  | Member of the society of friends.  quakerism n.,Quaker  ,Member of the society of friends.  quakerism n.,2.6
Qualification  | 1 accomplishment fitting a person for a position or purpose. 2 thing that modifies or limits . 3 qualifying or being qualified.  qualificatory adj. ,Qualification  ,1 accomplishment fitting a person for a position or purpose. 2 thing that modifies or limits . 3 qualifying or being qualified.  qualificatory adj.,3.2
"Qualify  |  1  Make competent or fit for a position or purpose. 2 make legally entitled. 3   satisfy conditions or requirements. 4 modify or limit  . 5 gram.  attribute a quality to esp. A noun. 6 moderate, mitigate; make less severe. 7  be describable as, count as .  qualifier n. ",Qualify  ,"1  Make competent or fit for a position or purpose. 2 make legally entitled. 3   satisfy conditions or requirements. 4 modify or limit  . 5 gram.  attribute a quality to esp. A noun. 6 moderate, mitigate; make less severe. 7  be describable as, count as .  qualifier n.",3.4
Qualitative  | Of quality as opposed to quantity.  qualitatively adv.  ,Qualitative  ,Of quality as opposed to quantity.  qualitatively adv.,3.1
"Quality  |  1 degree of excellence. 2 a general excellence . B  Of high quality . 3 attribute, faculty . 4 relative nature or character. 5 timbre of a voice or sound. 6 archaic high social standing . ",Quality  ,"1 degree of excellence. 2 a general excellence . B  Of high quality . 3 attribute, faculty . 4 relative nature or character. 5 timbre of a voice or sound. 6 archaic high social standing .",2.8
Quality control  | Maintaining of standards in products or services by testing samples.,Quality control  ,Maintaining of standards in products or services by testing samples.,3.3
Qualm  | 1 misgiving; uneasy doubt. 2 scruple of conscience. 3 momentary faint or sick feeling. ,Qualm  ,1 misgiving; uneasy doubt. 2 scruple of conscience. 3 momentary faint or sick feeling.,3.0
Quandary  |  1 perplexed state. 2 practical dilemma. ,Quandary  ,1 perplexed state. 2 practical dilemma.,2.9
Quango  |  semi-public body with financial support from and senior appointments made by the government. ,Quango  ,semi-public body with financial support from and senior appointments made by the government.,2.5
Quanta  pl. Of ~quantum.,Quanta  pl,Quanta  pl. Of ~quantum.,3.1
Quantify  |  1 determine the quantity of. 2 express as a quantity.  quantifiable adj. Quantification n. ,Quantify  ,1 determine the quantity of. 2 express as a quantity.  quantifiable adj. Quantification n.,3.3
Quantitative  | 1 of quantity as opposed to quality. 2 measured or measurable by quantity.,Quantitative  ,1 of quantity as opposed to quality. 2 measured or measurable by quantity.,2.4
"Quantity  |  1 property of things that is measurable. 2 size, extent, weight, amount, or number. 3 specified or considerable portion, number, or amount . 4  Large amounts or numbers; an abundance. 5 length or shortness of vowel sounds or syllables. 6 math. Value, component, etc. That may be expressed in numbers. ",Quantity  ,"1 property of things that is measurable. 2 size, extent, weight, amount, or number. 3 specified or considerable portion, number, or amount . 4  Large amounts or numbers; an abundance. 5 length or shortness of vowel sounds or syllables. 6 math. Value, component, etc. That may be expressed in numbers.",2.9
Quantity surveyor  | Person who measures and prices building work.,Quantity surveyor  ,Person who measures and prices building work.,2.9
Quantum  |  1 physics discrete amount of energy proportional to the frequency of radiation it represents. 2 a required or allowed amount. ,Quantum  ,1 physics discrete amount of energy proportional to the frequency of radiation it represents. 2 a required or allowed amount.,3.1
Quantum jump  |  1 sudden large increase or advance. 2 physics abrupt transition in an atom or molecule from one quantum state to another.,Quantum jump  ,1 sudden large increase or advance. 2 physics abrupt transition in an atom or molecule from one quantum state to another.,3.4
Quantum mechanics  |pl.   physics theory assuming that energy exists in discrete units.,Quantum mechanics  ,pl.   physics theory assuming that energy exists in discrete units.,3.4
Quarantine  —| 1 isolation imposed on persons or animals to prevent infection or contagion. 2 period of this. —v.  put in quarantine. ,Quarantine  ,1 isolation imposed on persons or animals to prevent infection or contagion. 2 period of this. —v.  put in quarantine.,2.2
Quark1  | Physics component of elementary particles. ,Quark1  ,Physics component of elementary particles.,3.3
Quark2  | A kind of low-fat curd cheese. ,Quark2  ,A kind of low-fat curd cheese.,3.3
Quarrel  —| 1 severe or angry dispute or contention. 2 break in friendly relations. 3 cause of complaint . —v.  1  find fault. 2 dispute; break off friendly relations. ,Quarrel  ,1 severe or angry dispute or contention. 2 break in friendly relations. 3 cause of complaint . —v.  1  find fault. 2 dispute; break off friendly relations.,2.8
Quarrelsome  | Given to quarrelling.,Quarrelsome  ,Given to quarrelling.,2.4
Quarry1  —|  place from which stone etc. May be extracted. —v.  extract  from a quarry. ,Quarry1  ,place from which stone etc. May be extracted. —v.  extract  from a quarry.,2.7
Quarry2  |  1 intended victim or prey. 2 object of pursuit. ,Quarry2  ,1 intended victim or prey. 2 object of pursuit.,2.6
Quarry tile  | Unglazed floor-tile.,Quarry tile  ,Unglazed floor-tile.,3.3
Quart  | Liquid measure equal to a quarter of a gallon; two pints . ,Quart  ,Liquid measure equal to a quarter of a gallon; two pints .,3.3
"Quarter  —| 1 each of four equal parts into which a thing is divided. 2 period of three months. 3 point of time 15 minutes before or after any hour. 4 a 25 us or canadian cents. B coin for this. 5 part of a town, esp. As occupied by a particular class . 6 a point of the compass. B region at this. 7 direction, district, or source of supply . 8  A lodgings. B accommodation of troops etc. 9 a one fourth of a lunar month. B moon's position between the first and second  or third and fourth  of these. 10 a each of the four parts into which a carcass is divided. B  = ~hindquarters. 11 mercy towards an enemy etc. On condition of surrender. 12 a grain measure equivalent to 8 bushels. B one-fourth of a hundredweight. C colloq. One-fourth of a pound weight. 13 each of four divisions on a shield. —v. 1 divide into quarters. 2 hist. Divide  in this way. 3 a put  Into quarters. B provide with lodgings. 4 heraldry place  on the four quarters of a shield. ",Quarter  ,"1 each of four equal parts into which a thing is divided. 2 period of three months. 3 point of time 15 minutes before or after any hour. 4 a 25 us or canadian cents. B coin for this. 5 part of a town, esp. As occupied by a particular class . 6 a point of the compass. B region at this. 7 direction, district, or source of supply . 8  A lodgings. B accommodation of troops etc. 9 a one fourth of a lunar month. B moon's position between the first and second  or third and fourth  of these. 10 a each of the four parts into which a carcass is divided. B  = ~hindquarters. 11 mercy towards an enemy etc. On condition of surrender. 12 a grain measure equivalent to 8 bushels. B one-fourth of a hundredweight. C colloq. One-fourth of a pound weight. 13 each of four divisions on a shield. —v. 1 divide into quarters. 2 hist. Divide  in this way. 3 a put  Into quarters. B provide with lodgings. 4 heraldry place  on the four quarters of a shield.",2.8
Quarterback  | Player in american football who directs attacking play.,Quarterback  ,Player in american football who directs attacking play.,3.3
"Quarter day  | One of four days on which quarterly payments are due, tenancies begin and end, etc.",Quarter day  ,"One of four days on which quarterly payments are due, tenancies begin and end, etc.",3.0
"Quarterdeck  | Part of a ship's upper deck near the stern, usu. Reserved for officers.",Quarterdeck  ,"Part of a ship's upper deck near the stern, usu. Reserved for officers.",2.2
Quarter-final  | Match or round preceding the semifinal.,Quarter-final  ,Match or round preceding the semifinal.,3.4
Quarter-hour  | 1 period of 15 minutes. 2 = ~quarter n. 3.,Quarter-hour  ,1 period of 15 minutes. 2 = ~quarter n. 3.,3.5
"Quarter-light  |  Small pivoted window in the side of a car, carriage, etc.",Quarter-light  ,"Small pivoted window in the side of a car, carriage, etc.",3.2
Quarterly  | Produced or occurring once every quarter of a year. —adv. Once every quarter of a year. —n.  quarterly journal.,Quarterly  ,Produced or occurring once every quarter of a year. —adv. Once every quarter of a year. —n.  quarterly journal.,2.8
"Quartermaster  | 1 regimental officer in charge of quartering, rations, etc. 2 naval petty officer in charge of steering, signals, etc.",Quartermaster  ,"1 regimental officer in charge of quartering, rations, etc. 2 naval petty officer in charge of steering, signals, etc.",3.7
"Quarter sessions  |pl. Hist. Court of limited criminal and civil jurisdiction, usu. Held quarterly.",Quarter sessions  ,"pl. Hist. Court of limited criminal and civil jurisdiction, usu. Held quarterly.",3.5
"Quarterstaff  | Hist. Stout pole 6–8 feet long, formerly used as a weapon.",Quarterstaff  ,"Hist. Stout pole 6–8 feet long, formerly used as a weapon.",2.7
Quartet  | 1 mus. A composition for four performers. B the performers. 2 any group of four. ,Quartet  ,1 mus. A composition for four performers. B the performers. 2 any group of four.,3.5
Quarto  |  1 size of a book or page given by folding a sheet of standard size twice to form four leaves. 2 book or sheet of this size. ,Quarto  ,1 size of a book or page given by folding a sheet of standard size twice to form four leaves. 2 book or sheet of this size.,2.9
Quartz  | Silica in various mineral forms. ,Quartz  ,Silica in various mineral forms.,2.8
Quartz clock  |  clock or watch operated by vibrations of an electrically driven quartz crystal.,Quartz clock  ,clock or watch operated by vibrations of an electrically driven quartz crystal.,3.7
Quasar  | Astron. Starlike object with a large redshift. ,Quasar  ,Astron. Starlike object with a large redshift.,3.1
"Quash  | 1 annul; reject as invalid, esp. By a legal procedure. 2 suppress, crush. ",Quash  ,"1 annul; reject as invalid, esp. By a legal procedure. 2 suppress, crush.",2.5
"Quasi-  | Form 1 seemingly, not really. 2 almost. ",Quasi-  ,"Form 1 seemingly, not really. 2 almost.",2.9
Quaternary  | 1 having four parts. 2  geol. Of the most recent period in the cenozoic era. —n.  geol. This period. ,Quaternary  ,1 having four parts. 2  geol. Of the most recent period in the cenozoic era. —n.  geol. This period.,3.2
Quatrain  | Four-line stanza. ,Quatrain  ,Four-line stanza.,3.4
"Quatrefoil  | Four-pointed or -leafed figure, esp. As an architectural ornament. ",Quatrefoil  ,"Four-pointed or -leafed figure, esp. As an architectural ornament.",3.3
Quattrocento  | 15th-c. Italian art. ,Quattrocento  ,15th-c. Italian art.,4.0
"Quaver  | 1  vibrate, shake, tremble. 2 sing or say with a quavering voice. —n. 1 mus. Note half as long as a crotchet. 2 trill in singing. 3 tremble in speech.  quavery adj. ",Quaver  ,"1  vibrate, shake, tremble. 2 sing or say with a quavering voice. —n. 1 mus. Note half as long as a crotchet. 2 trill in singing. 3 tremble in speech.  quavery adj.",3.0
Quay  | Artificial landing-place for loading and unloading ships. ,Quay  ,Artificial landing-place for loading and unloading ships.,2.8
Quayside  | Land forming or near a quay.,Quayside  ,Land forming or near a quay.,2.9
"Queasy  |  1 a  nauseous. B  easily upset, weak of digestion. 2  Overscrupulous.  queasily adv. Queasiness n. ",Queasy  ,"1 a  nauseous. B  easily upset, weak of digestion. 2  Overscrupulous.  queasily adv. Queasiness n.",3.0
"Queen  —| 1  female sovereign. 2  king's wife. 3 woman, country, or thing pre-eminent of its kind. 4 fertile female among ants, bees, etc. 5 most powerful piece in chess. 6 court-card depicting a queen. 7  national anthem when the sovereign is female. 8 slang offens. Male homosexual. 9 belle or mock sovereign for some event . —v. Chess convert  into a queen when it reaches the opponent's side of the board.  queenly adj. . Queenliness n. ",Queen  ,"1  female sovereign. 2  king's wife. 3 woman, country, or thing pre-eminent of its kind. 4 fertile female among ants, bees, etc. 5 most powerful piece in chess. 6 court-card depicting a queen. 7  national anthem when the sovereign is female. 8 slang offens. Male homosexual. 9 belle or mock sovereign for some event . —v. Chess convert  into a queen when it reaches the opponent's side of the board.  queenly adj. . Queenliness n.",2.8
"Queen-anne  |  Style of english architecture, furniture, etc., in the early 18th c.",Queen-anne  ,"Style of english architecture, furniture, etc., in the early 18th c.",3.3
Queen bee  | 1 fertile female bee. 2 woman who behaves as if she is the most important person in a group.,Queen bee  ,1 fertile female bee. 2 woman who behaves as if she is the most important person in a group.,3.1
Queen mother  | Dowager who is mother of the sovereign.,Queen mother  ,Dowager who is mother of the sovereign.,2.8
Queen of the may  | = ~may queen.,Queen of the may  ,= ~may queen.,2.9
Queen-post  | Either of two upright timbers between the tie-beam and main rafters of a roof-truss.,Queen-post  ,Either of two upright timbers between the tie-beam and main rafters of a roof-truss.,3.3
"Queensberry rules  |pl. Standard rules, esp. Of boxing. ",Queensberry rules  ,"pl. Standard rules, esp. Of boxing.",3.0
"Queen's counsel  | Counsel to the crown, taking precedence over other barristers.",Queen,"Counsel to the crown, taking precedence over other barristers.",2.8
Queen's english  |  english language correctly written or spoken.,Queen,english language correctly written or spoken.,2.8
Queen's evidence  see ~evidence.,Queen,Queen's evidence  see ~evidence.,2.8
Queen's guide  | Guide who has reached the highest rank of proficiency.,Queen,Guide who has reached the highest rank of proficiency.,2.8
"Queen's highway  | Public road, regarded as being under the sovereign's protection.",Queen,"Public road, regarded as being under the sovereign's protection.",2.8
"Queen's proctor  | Official who has the right to intervene in probate, divorce, and nullity cases when collusion or the suppression of facts is alleged.",Queen,"Official who has the right to intervene in probate, divorce, and nullity cases when collusion or the suppression of facts is alleged.",2.8
Queen's scout  | Scout who has reached the highest standard of proficiency.,Queen,Scout who has reached the highest standard of proficiency.,2.8
"Queer  | 1 strange, odd, eccentric. 2 shady, suspect, of questionable character. 3 slightly ill; faint. 4 slang offens.  homosexual. —n. Slang offens. Homosexual. —v. Slang spoil, put out of order.  in queer street slang in difficulty, esp. In debt. Queer a person's pitch colloq. Spoil a person's chances. ",Queer  ,"1 strange, odd, eccentric. 2 shady, suspect, of questionable character. 3 slightly ill; faint. 4 slang offens.  homosexual. —n. Slang offens. Homosexual. —v. Slang spoil, put out of order.  in queer street slang in difficulty, esp. In debt. Queer a person's pitch colloq. Spoil a person's chances.",2.7
Quell  | 1 crush or put down . 2 suppress . ,Quell  ,1 crush or put down . 2 suppress .,2.8
"Quench  | 1 satisfy  by drinking. 2 extinguish . 3 cool, esp. With water. 4 esp. Metallurgy cool  in cold water etc. 5 stifle or suppress . ",Quench  ,"1 satisfy  by drinking. 2 extinguish . 3 cool, esp. With water. 4 esp. Metallurgy cool  in cold water etc. 5 stifle or suppress .",3.2
Quern  | Hand-mill for grinding corn. ,Quern  ,Hand-mill for grinding corn.,2.9
"Querulous  | Complaining, peevish.  querulously adj. ",Querulous  ,"Complaining, peevish.  querulously adj.",2.8
Query  —|  1 question. 2 question mark or the word query as a mark of interrogation. —v.  1 ask or inquire. 2 call in question. 3 dispute the accuracy of. ,Query  ,1 question. 2 question mark or the word query as a mark of interrogation. —v.  1 ask or inquire. 2 call in question. 3 dispute the accuracy of.,2.2
"Quest  —| 1 search or seeking. 2 thing sought, esp. By a medieval knight. —v.  go about in search of something . ",Quest  ,"1 search or seeking. 2 thing sought, esp. By a medieval knight. —v.  go about in search of something .",2.7
"Question  —| 1 sentence worded or expressed so as to seek information or an answer. 2 a doubt or dispute about a matter . B raising of such doubt etc. 3 matter to be discussed or decided. 4 problem requiring a solution. —v. 1 ask questions of; interrogate; subject  to examination. 2 throw doubt upon; raise objections to.  be just a question of time be certain to happen sooner or later. Be a question of be at issue, be a problem . Call in  question express doubts about.",Question  ,"1 sentence worded or expressed so as to seek information or an answer. 2 a doubt or dispute about a matter . B raising of such doubt etc. 3 matter to be discussed or decided. 4 problem requiring a solution. —v. 1 ask questions of; interrogate; subject  to examination. 2 throw doubt upon; raise objections to.  be just a question of time be certain to happen sooner or later. Be a question of be at issue, be a problem . Call in  question express doubts about.",2.9
"Questionable  | Doubtful as regards truth, quality, honesty, wisdom, etc.",Questionable  ,"Doubtful as regards truth, quality, honesty, wisdom, etc.",3.1
Question mark  | Punctuation mark  Indicating a question.,Question mark  ,Punctuation mark  Indicating a question.,3.3
Question-master  | Person presiding over a quiz game etc.,Question-master  ,Person presiding over a quiz game etc.,3.2
"Questionnaire  | Formulated series of questions, esp. For statistical analysis. ",Questionnaire  ,"Formulated series of questions, esp. For statistical analysis.",2.9
Question time  | Period in parliament when mps may question ministers.,Question time  ,Period in parliament when mps may question ministers.,2.9
"Queue  —| Line or sequence of persons, vehicles, etc. Waiting their turn. —v.   form or join a queue. ",Queue  ,"Line or sequence of persons, vehicles, etc. Waiting their turn. —v.   form or join a queue.",3.2
Queue-jump  | Push forward out of turn in a queue.,Queue-jump  ,Push forward out of turn in a queue.,3.2
Quibble  —| 1 petty objection; trivial point of criticism. 2 evasion; argument relying on ambiguity. 3 archaic pun. —v.  use quibbles.  quibbling adj. ,Quibble  ,1 petty objection; trivial point of criticism. 2 evasion; argument relying on ambiguity. 3 archaic pun. —v.  use quibbles.  quibbling adj.,2.9
Quiche  | Savoury flan. ,Quiche  ,Savoury flan.,2.9
"Quick  | 1 taking only a short time . 2 arriving after a short time, prompt. 3 with only a short interval . 4 lively, intelligent, alert. 5  easily roused. 6 archaic alive . —adv.  Quickly. —n. 1 soft sensitive flesh, esp. Below the nails. 2 seat of emotion .  quickly adv. ",Quick  ,"1 taking only a short time . 2 arriving after a short time, prompt. 3 with only a short interval . 4 lively, intelligent, alert. 5  easily roused. 6 archaic alive . —adv.  Quickly. —n. 1 soft sensitive flesh, esp. Below the nails. 2 seat of emotion .  quickly adv.",2.8
Quicken  | 1 make or become quicker; accelerate. 2 give life or vigour to; rouse. 3  a  reach a stage in pregnancy when movements of the foetus can be felt. B  begin to show signs of life.,Quicken  ,1 make or become quicker; accelerate. 2 give life or vigour to; rouse. 3  a  reach a stage in pregnancy when movements of the foetus can be felt. B  begin to show signs of life.,3.1
Quick-fire  | Adj. Rapid; in rapid succession.,Quick-fire  ,Adj. Rapid; in rapid succession.,3.2
Quick-freeze  | Freeze  rapidly so as to preserve its natural qualities.,Quick-freeze  ,Freeze  rapidly so as to preserve its natural qualities.,2.6
Quickie  | Colloq. Thing done or made quickly.,Quickie  ,Colloq. Thing done or made quickly.,2.7
Quicklime  | = ~lime1.,Quicklime  ,= ~lime1.,3.0
Quick one  | Colloq. Drink  taken quickly.,Quick one  ,Colloq. Drink  taken quickly.,2.7
Quicksand  |  1 area of loose wet sand that sucks in anything placed on it. 2 treacherous situation etc.,Quicksand  ,1 area of loose wet sand that sucks in anything placed on it. 2 treacherous situation etc.,2.4
"Quickset   —| Adj.  Formed of cuttings, esp. Hawthorn. —n. Hedge formed in this way.",Quickset   ,"Adj.  Formed of cuttings, esp. Hawthorn. —n. Hedge formed in this way.",2.9
Quicksilver  |  Mercury.,Quicksilver  ,Mercury.,2.9
Quickstep  | Fast foxtrot.,Quickstep  ,Fast foxtrot.,2.8
Quick-tempered  | Easily angered.,Quick-tempered  ,Easily angered.,2.9
"Quick-witted  | Quick to grasp a situation, make repartee, etc.  quick-wittedness n.",Quick-witted  ,"Quick to grasp a situation, make repartee, etc.  quick-wittedness n.",3.0
Quid1  |  slang one pound sterling.  quids in slang in a position of profit. ,Quid1  ,slang one pound sterling.  quids in slang in a position of profit.,2.9
Quid2  | Lump of tobacco for chewing. ,Quid2  ,Lump of tobacco for chewing.,2.9
Quiddity  |  1 philos. Essence of a thing. 2 quibble; trivial objection. ,Quiddity  ,1 philos. Essence of a thing. 2 quibble; trivial objection.,2.7
Quid pro quo  |  return made . ,Quid pro quo  ,return made .,2.7
"Quiescent  | Inert, dormant.  quiescence n. ",Quiescent  ,"Inert, dormant.  quiescence n.",2.6
"Quiet  | 1 with little or no sound or motion. 2 of gentle or peaceful disposition. 3 unobtrusive; not showy. 4 not overt; disguised. 5 undisturbed, uninterrupted; free or far from vigorous action. 6 informal . 7 enjoyed in quiet . 8 not anxious or remorseful. 9 not busy . 10 peaceful . —n. 1 silence; stillness. 2 undisturbed state; tranquillity. —v.  make or become quiet or calm.  be quiet  Cease talking etc.",Quiet  ,"1 with little or no sound or motion. 2 of gentle or peaceful disposition. 3 unobtrusive; not showy. 4 not overt; disguised. 5 undisturbed, uninterrupted; free or far from vigorous action. 6 informal . 7 enjoyed in quiet . 8 not anxious or remorseful. 9 not busy . 10 peaceful . —n. 1 silence; stillness. 2 undisturbed state; tranquillity. —v.  make or become quiet or calm.  be quiet  Cease talking etc.",2.7
Quieten  |  = ~quiet v.,Quieten  ,= ~quiet v.,3.0
"Quietism  | Passive contemplative attitude towards life, esp. As a form of mysticism.  quietist n. & adj. ",Quietism  ,"Passive contemplative attitude towards life, esp. As a form of mysticism.  quietist n. & adj.",3.0
Quietude  | State of quiet.,Quietude  ,State of quiet.,2.8
"Quietus  | Release from life; death, final riddance . ",Quietus  ,"Release from life; death, final riddance .",2.7
"Quiff  |  1 man's tuft of hair, brushed upward over the forehead. 2 curl plastered down on the forehead. ",Quiff  ,"1 man's tuft of hair, brushed upward over the forehead. 2 curl plastered down on the forehead.",2.8
Quill  | 1  large feather in a wing or tail. 2 hollow stem of this. 3  pen made of a quill. 4  Porcupine's spine. ,Quill  ,1  large feather in a wing or tail. 2 hollow stem of this. 3  pen made of a quill. 4  Porcupine's spine.,2.8
"Quilt  —| Coverlet, esp. Of quilted material. —v. Line a coverlet or garment with padding enclosed between layers of cloth by lines of stitching.  quilter n. Quilting n.  ",Quilt  ,"Coverlet, esp. Of quilted material. —v. Line a coverlet or garment with padding enclosed between layers of cloth by lines of stitching.  quilter n. Quilting n.",2.9
Quim  | Coarse slang female genitals. ,Quim  ,Coarse slang female genitals.,3.1
Quin  | Colloq. Quintuplet. ,Quin  ,Colloq. Quintuplet.,3.0
Quince  | 1 acid pear-shaped fruit used in jams etc. 2 tree bearing this. ,Quince  ,1 acid pear-shaped fruit used in jams etc. 2 tree bearing this.,2.7
Quincentenary  —|  500th anniversary; celebration of this. —adj. Of this anniversary. ,Quincentenary  ,500th anniversary; celebration of this. —adj. Of this anniversary.,2.8
"Quincunx  | Five objects, esp. Trees, at the corners and centre of a square or rectangle. ",Quincunx  ,"Five objects, esp. Trees, at the corners and centre of a square or rectangle.",2.7
"Quinine  | Bitter drug obtained from cinchona bark, used as a tonic and to reduce fever. ",Quinine  ,"Bitter drug obtained from cinchona bark, used as a tonic and to reduce fever.",2.9
Quinquagesima  | Sunday before lent. ,Quinquagesima  ,Sunday before lent.,2.9
Quinquennial  | 1 lasting five years. 2 recurring every five years.  quinquennially adv. ,Quinquennial  ,1 lasting five years. 2 recurring every five years.  quinquennially adv.,3.5
Quinquereme  | Ancient roman galley with five files of oarsmen on each side. ,Quinquereme  ,Ancient roman galley with five files of oarsmen on each side.,3.1
"Quintessence  | 1  purest and most perfect form, manifestation, or embodiment of a quality etc. 2 highly refined extract.  quintessential adj. Quintessentially adv.  ",Quintessence  ,"1  purest and most perfect form, manifestation, or embodiment of a quality etc. 2 highly refined extract.  quintessential adj. Quintessentially adv.",3.3
Quintet  | 1 mus. A composition for five performers. B the performers. 2 any group of five. ,Quintet  ,1 mus. A composition for five performers. B the performers. 2 any group of five.,3.3
Quintuple  | Fivefold; having five parts. —n. Fivefold number or amount. —v.  multiply by five. ,Quintuple  ,Fivefold; having five parts. —n. Fivefold number or amount. —v.  multiply by five.,3.1
Quintuplet  | Each of five children born at one birth.,Quintuplet  ,Each of five children born at one birth.,3.2
Quintuplicate  | 1 fivefold. 2 of which five copies are made. —v.  multiply by five.,Quintuplicate  ,1 fivefold. 2 of which five copies are made. —v.  multiply by five.,3.6
Quip  —| Clever saying; epigram. —v.  make quips. ,Quip  ,Clever saying; epigram. —v.  make quips.,2.8
Quire  | 25  sheets of paper. ,Quire  ,25  sheets of paper.,2.7
"Quirk  | 1 peculiar feature, peculiarity. 2 trick of fate.  quirky adj. . ",Quirk  ,"1 peculiar feature, peculiarity. 2 trick of fate.  quirky adj. .",2.8
"Quisling  | Traitor, collaborator. ",Quisling  ,"Traitor, collaborator.",2.9
"Quit  |  1  Give up, let go, abandon . 2 us cease, stop . 3 leave or depart from. —predic. Adj.  rid of . ",Quit  ,"1  Give up, let go, abandon . 2 us cease, stop . 3 leave or depart from. —predic. Adj.  rid of .",2.7
Quitch  |  = ~couch2. ,Quitch  ,= ~couch2.,2.8
"Quite  | 1 completely, entirely, wholly. 2 to some extent, rather. 3  said to indicate agreement.  quite a  remarkable or outstanding . Quite a few colloq. A fairly large number of. Quite something colloq. Remarkable thing or person. ",Quite  ,"1 completely, entirely, wholly. 2 to some extent, rather. 3  said to indicate agreement.  quite a  remarkable or outstanding . Quite a few colloq. A fairly large number of. Quite something colloq. Remarkable thing or person.",2.7
Quits  | Adj. On even terms by retaliation or repayment.  call it quits acknowledge that things are now even; agree to stop quarrelling. ,Quits  ,Adj. On even terms by retaliation or repayment.  call it quits acknowledge that things are now even; agree to stop quarrelling.,2.8
Quitter  | 1 person who gives up easily. 2 shirker.,Quitter  ,1 person who gives up easily. 2 shirker.,2.7
Quiver1  | Tremble or vibrate with a slight rapid motion. —n. Quivering motion or sound. ,Quiver1  ,Tremble or vibrate with a slight rapid motion. —n. Quivering motion or sound.,2.9
Quiver2  | Case for arrows. ,Quiver2  ,Case for arrows.,3.0
Quixotic  | Extravagantly and romantically chivalrous.  quixotically adv. ,Quixotic  ,Extravagantly and romantically chivalrous.  quixotically adv.,2.8
"Quiz  —|  1 test of knowledge, esp. As entertainment. 2 interrogation, examination. —v.  examine by questioning. ",Quiz  ,"1 test of knowledge, esp. As entertainment. 2 interrogation, examination. —v.  examine by questioning.",2.6
Quizzical  | Expressing or done with mild or amused perplexity.  quizzically adv.,Quizzical  ,Expressing or done with mild or amused perplexity.  quizzically adv.,3.0
Quod  |  Slang prison. ,Quod  ,Slang prison.,2.8
Quoin  | 1 external angle of a building. 2 cornerstone. 3 wedge used in printing and gunnery. ,Quoin  ,1 external angle of a building. 2 cornerstone. 3 wedge used in printing and gunnery.,2.9
Quoit  | 1 ring thrown to encircle an iron peg. 2  Game using these. ,Quoit  ,1 ring thrown to encircle an iron peg. 2  Game using these.,3.1
"Quondam  | Adj. That once was, sometime, former. ",Quondam  ,"Adj. That once was, sometime, former.",3.0
Quorate  | Constituting or having a quorum. ,Quorate  ,Constituting or having a quorum.,2.7
Quorum  | Minimum number of members that must be present to constitute a valid meeting. ,Quorum  ,Minimum number of members that must be present to constitute a valid meeting.,3.0
"Quota  | 1 share to be contributed to, or received from, a total. 2 number of goods, people, etc., stipulated or permitted. ",Quota  ,"1 share to be contributed to, or received from, a total. 2 number of goods, people, etc., stipulated or permitted.",2.8
Quotable  | Worth quoting.,Quotable  ,Worth quoting.,2.7
Quotation  | 1 passage or remark quoted. 2 quoting or being quoted. 3 contractor's estimate. ,Quotation  ,1 passage or remark quoted. 2 quoting or being quoted. 3 contractor's estimate.,2.5
Quotation marks  |pl. Inverted commas  used at the beginning and end of a quotation etc.,Quotation marks  ,pl. Inverted commas  used at the beginning and end of a quotation etc.,2.7
"Quote  |  1 cite or appeal to  In confirmation of some view. 2 a repeat or copy out a passage from. B  cite . 3  cite  As proof, evidence, etc. 4 a enclose  in quotation marks. B  Verbal formula indicating opening quotation marks . 5  State the price of. —n. Colloq. 1 passage quoted. 2 price quoted. 3  Quotation marks. ",Quote  ,"1 cite or appeal to  In confirmation of some view. 2 a repeat or copy out a passage from. B  cite . 3  cite  As proof, evidence, etc. 4 a enclose  in quotation marks. B  Verbal formula indicating opening quotation marks . 5  State the price of. —n. Colloq. 1 passage quoted. 2 price quoted. 3  Quotation marks.",2.8
Quoth  |  archaic said. ,Quoth  ,archaic said.,2.8
"Quotidian  | 1 occurring or recurring daily. 2 commonplace, trivial. ",Quotidian  ,"1 occurring or recurring daily. 2 commonplace, trivial.",2.9
Quotient  | Result of a division sum. ,Quotient  ,Result of a division sum.,2.7
