Mu  | 1 twelfth greek letter . 2  = ~micro- 2. ,Mu  ,1 twelfth greek letter . 2  = ~micro- 2.,2.7
"Much  | 1 existing or occurring in a great quantity . 2  With relative sense . —n. 1 a great quantity . 2  With relative sense . 3  Noteworthy or outstanding example . —adv. 1 in a great degree . 2 for a large part of one's time; often .  as much so . A bit much colloq. Excessive, immoderate. Much as even though . Much of a muchness very nearly the same. Not much of a colloq. A rather poor. ",Much  ,"1 existing or occurring in a great quantity . 2  With relative sense . —n. 1 a great quantity . 2  With relative sense . 3  Noteworthy or outstanding example . —adv. 1 in a great degree . 2 for a large part of one's time; often .  as much so . A bit much colloq. Excessive, immoderate. Much as even though . Much of a muchness very nearly the same. Not much of a colloq. A rather poor.",2.7
Mucilage  | 1 viscous substance obtained from plants. 2 adhesive gum. ,Mucilage  ,1 viscous substance obtained from plants. 2 adhesive gum.,2.6
Muck  —| 1 colloq. Dirt or filth; anything disgusting. 2 farmyard manure. 3 colloq. Mess. —v. 1  colloq. A bungle . B make dirty or untidy. 2  remove manure from.  make a muck of colloq. Bungle. Muck about  colloq. 1 potter or fool about. 2  fool or interfere with. Muck in  colloq. Share tasks etc. Equally. ,Muck  ,1 colloq. Dirt or filth; anything disgusting. 2 farmyard manure. 3 colloq. Mess. —v. 1  colloq. A bungle . B make dirty or untidy. 2  remove manure from.  make a muck of colloq. Bungle. Muck about  colloq. 1 potter or fool about. 2  fool or interfere with. Muck in  colloq. Share tasks etc. Equally.,2.6
"Mucker  | Slang friend, mate. ",Mucker  ,"Slang friend, mate.",2.7
Muckle  | Of ~mickle.,Muckle  ,Of ~mickle.,2.7
Muckrake  |  search out and reveal scandal.  muckraker n. Muckraking n.,Muckrake  ,search out and reveal scandal.  muckraker n. Muckraking n.,2.6
Muck-spreader  | Machine for spreading dung.  muck-spreading n.,Muck-spreader  ,Machine for spreading dung.  muck-spreading n.,2.9
"Mucky  |  covered with muck, dirty.",Mucky  ,"covered with muck, dirty.",2.5
Mucous  | Of or covered with mucus.  mucosity n. ,Mucous  ,Of or covered with mucus.  mucosity n.,2.3
Mucous membrane  | Mucus-secreting tissue lining body cavities etc.,Mucous membrane  ,Mucus-secreting tissue lining body cavities etc.,2.3
Mucus  | Slimy substance secreted by a mucous membrane. ,Mucus  ,Slimy substance secreted by a mucous membrane.,2.6
Mud  | Soft wet earth.  fling  mud speak disparagingly or slanderously. One's name is mud one is in disgrace. ,Mud  ,Soft wet earth.  fling  mud speak disparagingly or slanderously. One's name is mud one is in disgrace.,2.7
"Muddle  |   1 bring into disorder. 2 bewilder, confuse. —n. 1 disorder. 2 confusion.  muddle along  progress in a haphazard way. Muddle through succeed despite one's inefficiency. ",Muddle  ,"1 bring into disorder. 2 bewilder, confuse. —n. 1 disorder. 2 confusion.  muddle along  progress in a haphazard way. Muddle through succeed despite one's inefficiency.",2.4
"Muddle-headed  | Mentally disorganized, confused.",Muddle-headed  ,"Mentally disorganized, confused.",2.5
"Muddy  |  1 like mud. 2 covered in or full of mud. 3  not clear, impure. 4 vague, confused. —v.  make muddy.  muddiness n.",Muddy  ,"1 like mud. 2 covered in or full of mud. 3  not clear, impure. 4 vague, confused. —v.  make muddy.  muddiness n.",2.5
"Mudflap  | Flap hanging behind the wheel of a vehicle, to prevent splashes.",Mudflap  ,"Flap hanging behind the wheel of a vehicle, to prevent splashes.",2.6
Mud-flat  | Stretch of muddy land uncovered at low tide.,Mud-flat  ,Stretch of muddy land uncovered at low tide.,3.2
Mudguard  | Curved strip over a bicycle wheel etc. To protect the rider from splashes.,Mudguard  ,Curved strip over a bicycle wheel etc. To protect the rider from splashes.,3.0
Mud pack  | Cosmetic paste applied thickly to the face.,Mud pack  ,Cosmetic paste applied thickly to the face.,3.3
Mud-slinger  | Colloq. Person given to making abusive or disparaging remarks.  mud-slinging n.,Mud-slinger  ,Colloq. Person given to making abusive or disparaging remarks.  mud-slinging n.,3.4
"Muesli  | Breakfast food of crushed cereals, dried fruits, nuts, etc., eaten with milk. ",Muesli  ,"Breakfast food of crushed cereals, dried fruits, nuts, etc., eaten with milk.",2.9
Muezzin  | Muslim crier who proclaims the hours of prayer. ,Muezzin  ,Muslim crier who proclaims the hours of prayer.,2.7
"Muff1  | Covering, esp. Of fur, for keeping the hands or ears warm. ",Muff1  ,"Covering, esp. Of fur, for keeping the hands or ears warm.",2.9
Muff2  | Colloq. 1 bungle. 2 miss . ,Muff2  ,Colloq. 1 bungle. 2 miss .,2.6
"Muffin  | 1 light flat round spongy cake, eaten toasted and buttered. 2 us similar round cake made from batter or dough. ",Muffin  ,"1 light flat round spongy cake, eaten toasted and buttered. 2 us similar round cake made from batter or dough.",3.0
"Muffle  |  1  wrap or cover for warmth, or to deaden sound. 2  Stifle . ",Muffle  ,"1  wrap or cover for warmth, or to deaden sound. 2  Stifle .",3.1
Muffler  | 1 wrap or scarf worn for warmth. 2 thing used to deaden sound. 3 us silencer of a vehicle.,Muffler  ,1 wrap or scarf worn for warmth. 2 thing used to deaden sound. 3 us silencer of a vehicle.,3.0
Mufti  | Civilian clothes . ,Mufti  ,Civilian clothes .,3.2
"Mug1  —| 1 a drinking-vessel, usu. Cylindrical with a handle and no saucer. B its contents. 2 slang gullible person. 3 slang face or mouth. —v.  attack and rob, esp. In public.  a mug's game colloq. Foolish or unprofitable activity.  mugger n. Mugful n. . Mugging n. ",Mug1  ,"1 a drinking-vessel, usu. Cylindrical with a handle and no saucer. B its contents. 2 slang gullible person. 3 slang face or mouth. —v.  attack and rob, esp. In public.  a mug's game colloq. Foolish or unprofitable activity.  mugger n. Mugful n. . Mugging n.",3.0
Mug2  |   slang learn  by concentrated study. ,Mug2  ,slang learn  by concentrated study.,2.8
Muggins  |  colloq. Gullible person . ,Muggins  ,colloq. Gullible person .,2.9
Muggy  |   Oppressively humid.  mugginess n. ,Muggy  ,Oppressively humid.  mugginess n.,2.8
"Mug shot  | Slang photograph of a face, esp. For police records.",Mug shot  ,"Slang photograph of a face, esp. For police records.",2.6
Muhammadan  | & adj.  = ~muslim. ,Muhammadan  ,& adj.  = ~muslim.,2.9
"Mujahidin  |pl.  guerrilla fighters in islamic countries, esp. Muslim fundamentalists. ",Mujahidin  ,"pl.  guerrilla fighters in islamic countries, esp. Muslim fundamentalists.",2.6
Mulatto  |  person of mixed white and black parentage. ,Mulatto  ,person of mixed white and black parentage.,3.0
"Mulberry  |  1 tree bearing edible purple or white berries, and leaves used to feed silkworms. 2 its fruit. 3 dark-red or purple. ",Mulberry  ,"1 tree bearing edible purple or white berries, and leaves used to feed silkworms. 2 its fruit. 3 dark-red or purple.",2.9
"Mulch  —| Layer of wet straw, leaves, or plastic, etc., spread around or over a plant to enrich or insulate the soil. —v. Treat with mulch. ",Mulch  ,"Layer of wet straw, leaves, or plastic, etc., spread around or over a plant to enrich or insulate the soil. —v. Treat with mulch.",2.8
"Mule1  | 1 offspring of a male donkey and a female horse, or  of a female donkey and a male horse . 2 stupid or obstinate person. 3  a kind of spinning-machine. ",Mule1  ,"1 offspring of a male donkey and a female horse, or  of a female donkey and a male horse . 2 stupid or obstinate person. 3  a kind of spinning-machine.",2.9
Mule2  | Backless slipper. ,Mule2  ,Backless slipper.,2.7
Muleteer  | Mule-driver. ,Muleteer  ,Mule-driver.,2.8
Mulish  | Stubborn.,Mulish  ,Stubborn.,2.7
"Mull1  |  ponder, consider. ",Mull1  ,"ponder, consider.",2.8
"Mull2  | Warm  with added sugar, spices, etc. ",Mull2  ,"Warm  with added sugar, spices, etc.",2.6
Mull3  | Scot. Promontory. ,Mull3  ,Scot. Promontory.,2.8
Mullah  | Muslim learned in theology and sacred law. ,Mullah  ,Muslim learned in theology and sacred law.,2.4
Mullet  |  any of several kinds of marine fish valued for food. ,Mullet  ,any of several kinds of marine fish valued for food.,2.6
Mulligatawny  | Highly seasoned soup orig. From india. ,Mulligatawny  ,Highly seasoned soup orig. From india.,2.9
Mullion  | Vertical bar dividing the lights in a window.  mullioned adj. ,Mullion  ,Vertical bar dividing the lights in a window.  mullioned adj.,2.8
Multi-  | Form many. ,Multi-  ,Form many.,3.2
Multi-access  |  allowing access to the central processor from several terminals simultaneously.,Multi-access  ,allowing access to the central processor from several terminals simultaneously.,3.4
Multicoloured  | Of many colours.,Multicoloured  ,Of many colours.,2.8
Multicultural  | Of several cultural groups.  multiculturalism n.,Multicultural  ,Of several cultural groups.  multiculturalism n.,3.6
"Multidirectional  | Of, involving, or operating in several directions.",Multidirectional  ,"Of, involving, or operating in several directions.",3.3
Multifarious  | 1 many and various. 2 of great variety.  multifariousness n. ,Multifarious  ,1 many and various. 2 of great variety.  multifariousness n.,2.8
Multiform  | 1 having many forms. 2 of many kinds.,Multiform  ,1 having many forms. 2 of many kinds.,3.2
Multilateral  | 1  In which three or more parties participate. 2 having many sides.  multilaterally adv.,Multilateral  ,1  In which three or more parties participate. 2 having many sides.  multilaterally adv.,3.0
"Multilingual  | In, speaking, or using several languages.",Multilingual  ,"In, speaking, or using several languages.",3.4
Multimedia  —| Adj. Using more than one medium of communication. —n. = ~hypermedia.,Multimedia  ,Adj. Using more than one medium of communication. —n. = ~hypermedia.,3.3
Multimillion  | Adj. Costing or involving several million  .,Multimillion  ,Adj. Costing or involving several million  .,3.4
Multimillionaire  | Person with a fortune of several millions.,Multimillionaire  ,Person with a fortune of several millions.,3.2
Multinational  | 1 operating in several countries. 2 of several nationalities. —n. Multinational company.,Multinational  ,1 operating in several countries. 2 of several nationalities. —n. Multinational company.,2.7
"Multiple  | 1 having several parts, elements, or components. 2 many and various. —n. Number that contains another without a remainder . ",Multiple  ,"1 having several parts, elements, or components. 2 many and various. —n. Number that contains another without a remainder .",2.8
Multiple-choice  |  accompanied by several possible answers from which the correct one has to be chosen.,Multiple-choice  ,accompanied by several possible answers from which the correct one has to be chosen.,3.2
Multiple sclerosis  see ~sclerosis.,Multiple sclerosis  see ,Multiple sclerosis  see ~sclerosis.,2.0
Multiplex  | Manifold; of many elements. ,Multiplex  ,Manifold; of many elements.,3.1
Multiplicand  | Quantity to be multiplied by another.,Multiplicand  ,Quantity to be multiplied by another.,3.2
Multiplication  | Multiplying.,Multiplication  ,Multiplying.,3.2
Multiplication sign  | Sign  to indicate that one quantity is to be multiplied by another.,Multiplication sign  ,Sign  to indicate that one quantity is to be multiplied by another.,3.3
"Multiplication table  | List of multiples of a particular number, usu. From 1 to 12.",Multiplication table  ,"List of multiples of a particular number, usu. From 1 to 12.",3.7
Multiplicity  |  1 manifold variety. 2  great number.,Multiplicity  ,1 manifold variety. 2  great number.,3.7
Multiplier  | Quantity by which a given number is multiplied.,Multiplier  ,Quantity by which a given number is multiplied.,3.5
"Multiply  |  1  Obtain from  another that is a specified number of times its value . 2 increase in number, esp. By procreation. 3 produce a large number of . 4 a breed . B propagate . ",Multiply  ,"1  Obtain from  another that is a specified number of times its value . 2 increase in number, esp. By procreation. 3 produce a large number of . 4 a breed . B propagate .",3.1
Multi-purpose  | Adj. Having several purposes.,Multi-purpose  ,Adj. Having several purposes.,3.3
Multiracial  | Of several races.,Multiracial  ,Of several races.,3.1
Multi-storey  | Adj. Having several storeys.,Multi-storey  ,Adj. Having several storeys.,3.6
Multitude  | 1  great number. 2 large gathering of people; crowd. 3  the common people. ,Multitude  ,1  great number. 2 large gathering of people; crowd. 3  the common people.,3.4
Multitudinous  | 1 very numerous. 2 consisting of many individuals. ,Multitudinous  ,1 very numerous. 2 consisting of many individuals.,3.1
Multi-user  | Adj.  having a number of simultaneous users.,Multi-user  ,Adj.  having a number of simultaneous users.,3.1
Mum1  | Colloq. = ~mummy1.,Mum1  ,Colloq. = ~mummy1.,3.2
Mum2  | Colloq. Silent .  mum's the word say nothing. ,Mum2  ,Colloq. Silent .  mum's the word say nothing.,3.1
Mumble  |  speak or utter indistinctly. —n. Indistinct utterance or sound. ,Mumble  ,speak or utter indistinctly. —n. Indistinct utterance or sound.,3.0
Mumbo-jumbo  |  1 meaningless or ignorant ritual. 2 meaningless or unnecessarily complicated language; nonsense. ,Mumbo-jumbo  ,1 meaningless or ignorant ritual. 2 meaningless or unnecessarily complicated language; nonsense.,3.1
Mummer  | Actor in a traditional mime. ,Mummer  ,Actor in a traditional mime.,2.8
Mummery  |  1 ridiculous  ceremonial. 2 performance by mummers. ,Mummery  ,1 ridiculous  ceremonial. 2 performance by mummers.,2.8
Mummify  |  preserve  as a mummy.  mummification n.,Mummify  ,preserve  as a mummy.  mummification n.,2.8
Mummy1  |  colloq. Mother. ,Mummy1  ,colloq. Mother.,3.0
"Mummy2  |  body of a human being or animal embalmed for burial, esp. In ancient egypt. ",Mummy2  ,"body of a human being or animal embalmed for burial, esp. In ancient egypt.",2.9
Mumps  |pl.  Infectious disease with swelling of the neck and face. ,Mumps  ,pl.  Infectious disease with swelling of the neck and face.,2.8
Munch  | Eat steadily with a marked action of the jaws. ,Munch  ,Eat steadily with a marked action of the jaws.,2.9
"Mundane  | 1 dull, routine. 2 of this world.  mundanely adv. Mundanity n. ",Mundane  ,"1 dull, routine. 2 of this world.  mundanely adv. Mundanity n.",3.0
Mung  |  leguminous indian plant used as food. ,Mung  ,leguminous indian plant used as food.,2.7
Municipal  | Of a municipality or its self-government.  municipalize v.  . Municipally adv. ,Municipal  ,Of a municipality or its self-government.  municipalize v.  . Municipally adv.,3.4
Municipality  |  1 town or district having local self-government. 2 governing body of this area.,Municipality  ,1 town or district having local self-government. 2 governing body of this area.,3.2
Munificent  |  splendidly generous.  munificence n. ,Munificent  ,splendidly generous.  munificence n.,2.9
Muniment  |  Document kept as evidence of rights or privileges etc. ,Muniment  ,Document kept as evidence of rights or privileges etc.,2.7
"Munition  |  Military weapons, ammunition etc. ",Munition  ,"Military weapons, ammunition etc.",2.8
"Muon  | Physics unstable elementary particle like an electron, but with a much greater mass. ",Muon  ,"Physics unstable elementary particle like an electron, but with a much greater mass.",2.8
"Mural  —| Painting executed directly on a wall. —adj. Of, on, or like a wall. ",Mural  ,"Painting executed directly on a wall. —adj. Of, on, or like a wall.",2.2
"Murder  —| 1 intentional unlawful killing of a human being by another. 2 colloq. Unpleasant, troublesome, or dangerous state of affairs. —v. 1 kill  intentionally and unlawfully. 2 colloq. A utterly defeat. B spoil by a bad performance, mispronunciation, etc.  cry blue murder colloq. Make an extravagant outcry. Get away with murder colloq. Do whatever one wishes and escape punishment.",Murder  ,"1 intentional unlawful killing of a human being by another. 2 colloq. Unpleasant, troublesome, or dangerous state of affairs. —v. 1 kill  intentionally and unlawfully. 2 colloq. A utterly defeat. B spoil by a bad performance, mispronunciation, etc.  cry blue murder colloq. Make an extravagant outcry. Get away with murder colloq. Do whatever one wishes and escape punishment.",2.8
"Murderous  | 1  Capable of, intending, or involving murder or great harm. 2 colloq. Extremely arduous or unpleasant.",Murderous  ,"1  Capable of, intending, or involving murder or great harm. 2 colloq. Extremely arduous or unpleasant.",2.4
"Murk  | Darkness, poor visibility. ",Murk  ,"Darkness, poor visibility.",2.8
"Murky  |  1 dark, gloomy. 2  Thick, dirty. 3 suspiciously obscure .  murkily adv. Murkiness n.",Murky  ,"1 dark, gloomy. 2  Thick, dirty. 3 suspiciously obscure .  murkily adv. Murkiness n.",2.8
"Murmur  —| 1 subdued continuous sound, as made by waves, a brook, etc. 2 softly spoken or nearly inarticulate utterance. 3 subdued expression of discontent. —v. 1 make a murmur. 2 utter  in a low voice. 3  complain in low tones, grumble. ",Murmur  ,"1 subdued continuous sound, as made by waves, a brook, etc. 2 softly spoken or nearly inarticulate utterance. 3 subdued expression of discontent. —v. 1 make a murmur. 2 utter  in a low voice. 3  complain in low tones, grumble.",2.8
Murphy's law  | Joc. Any of various maxims about the perverseness of things. ,Murphy,Joc. Any of various maxims about the perverseness of things.,3.3
Murrain  | Infectious disease of cattle. ,Murrain  ,Infectious disease of cattle.,2.8
Muscadet  | 1 a dry white wine from the loire region of france. 2 variety of grape used for this. ,Muscadet  ,1 a dry white wine from the loire region of france. 2 variety of grape used for this.,2.9
Muscat  | 1 sweet usu. Fortified white wine made from musk-flavoured grapes. 2 this grape. ,Muscat  ,1 sweet usu. Fortified white wine made from musk-flavoured grapes. 2 this grape.,2.7
Muscatel  | 1 = ~muscat. 2 raisin from a muscat grape.,Muscatel  ,1 = ~muscat. 2 raisin from a muscat grape.,2.7
"Muscle  —| 1 fibrous tissue producing movement in or maintaining the position of an animal body. 2 part of an animal body that is composed of muscles. 3 strength, power. —v.   colloq. Force oneself on others; intrude by forceful means.  not move a muscle be completely motionless. ",Muscle  ,"1 fibrous tissue producing movement in or maintaining the position of an animal body. 2 part of an animal body that is composed of muscles. 3 strength, power. —v.   colloq. Force oneself on others; intrude by forceful means.  not move a muscle be completely motionless.",2.7
Muscle-bound  | With muscles stiff and inelastic through excessive exercise.,Muscle-bound  ,With muscles stiff and inelastic through excessive exercise.,2.5
Muscle-man  | Man with highly developed muscles.,Muscle-man  ,Man with highly developed muscles.,2.8
Muscovite  —| Native or citizen of moscow. —adj. Of moscow. ,Muscovite  ,Native or citizen of moscow. —adj. Of moscow.,3.1
Muscovy duck  | Crested duck with red markings on its head. ,Muscovy duck  ,Crested duck with red markings on its head.,2.8
Muscular  | 1 of or affecting the muscles. 2 having well-developed muscles. 3 robust.  muscularity n.,Muscular  ,1 of or affecting the muscles. 2 having well-developed muscles. 3 robust.  muscularity n.,2.6
Muscular christianity  | Christian life of cheerful physical activity as described in the writings of charles kingsley.,Muscular christianity  ,Christian life of cheerful physical activity as described in the writings of charles kingsley.,3.2
Muscular dystrophy  | Hereditary progressive wasting of the muscles.,Muscular dystrophy  ,Hereditary progressive wasting of the muscles.,2.1
Musculature  | Muscular system of a body or organ.,Musculature  ,Muscular system of a body or organ.,3.1
"Muse1  |  1  ponder, reflect. 2 say meditatively. ",Muse1  ,"1  ponder, reflect. 2 say meditatively.",3.0
"Muse2  | 1  any of the nine goddesses who inspire poetry, music, etc. 2  poet's inspiration. ",Muse2  ,"1  any of the nine goddesses who inspire poetry, music, etc. 2  poet's inspiration.",3.0
"Museum  | Building used for storing and exhibiting objects of historical, scientific, or cultural interest. ",Museum  ,"Building used for storing and exhibiting objects of historical, scientific, or cultural interest.",3.3
Museum piece  | 1 specimen of art etc. Fit for a museum. 2 derog. Old-fashioned or quaint person or object.,Museum piece  ,1 specimen of art etc. Fit for a museum. 2 derog. Old-fashioned or quaint person or object.,3.2
Mush  | 1 soft pulp. 2 feeble sentimentality. 3 us maize porridge. ,Mush  ,1 soft pulp. 2 feeble sentimentality. 3 us maize porridge.,2.6
Mushroom  —| 1 edible fungus with a stem and domed cap. 2 pinkish-brown colour of this. —v. Appear or develop rapidly. ,Mushroom  ,1 edible fungus with a stem and domed cap. 2 pinkish-brown colour of this. —v. Appear or develop rapidly.,2.6
Mushroom cloud  | Mushroom-shaped cloud from a nuclear explosion.,Mushroom cloud  ,Mushroom-shaped cloud from a nuclear explosion.,2.9
Mushy  |  1 like mush; soft. 2 feebly sentimental.  mushiness n.,Mushy  ,1 like mush; soft. 2 feebly sentimental.  mushiness n.,2.7
Music  | 1 art of combining vocal or instrumental sounds in a harmonious or expressive way. 2 sounds so produced. 3 musical composition. 4 written or printed score of this. 5 pleasant natural sound.  music to one's ears something one is pleased to hear. ,Music  ,1 art of combining vocal or instrumental sounds in a harmonious or expressive way. 2 sounds so produced. 3 musical composition. 4 written or printed score of this. 5 pleasant natural sound.  music to one's ears something one is pleased to hear.,3.3
"Musical  | 1 of music. 2  Melodious, harmonious. 3 fond of, sensitive to, or skilled in music. 4 set to or accompanied by music. —n. Musical film or play.  musicality n. Musically adv.",Musical  ,"1 of music. 2  Melodious, harmonious. 3 fond of, sensitive to, or skilled in music. 4 set to or accompanied by music. —n. Musical film or play.  musicality n. Musically adv.",3.2
Musical box  | Box containing a mechanism which plays a tune.,Musical box  ,Box containing a mechanism which plays a tune.,3.1
Musical chairs  |pl. 1 party game in which the players compete in successive rounds for a decreasing number of chairs. 2 series of changes or political manoeuvring etc.,Musical chairs  ,pl. 1 party game in which the players compete in successive rounds for a decreasing number of chairs. 2 series of changes or political manoeuvring etc.,3.3
"Music centre  | Equipment combining radio, record-player, tape recorder, etc.",Music centre  ,"Equipment combining radio, record-player, tape recorder, etc.",3.4
"Music-hall  | 1 variety entertainment with singing, dancing, etc. 2 theatre for this.",Music-hall  ,"1 variety entertainment with singing, dancing, etc. 2 theatre for this.",3.7
"Musician  | Person who plays a musical instrument, esp. Professionally.  musicianly adj. Musicianship n. ",Musician  ,"Person who plays a musical instrument, esp. Professionally.  musicianly adj. Musicianship n.",3.3
Musicology  | The academic study of music.  musicologist n. Musicological adj.,Musicology  ,The academic study of music.  musicologist n. Musicological adj.,3.3
Music stand  | Support for sheet music.,Music stand  ,Support for sheet music.,3.1
Music stool  | Piano stool.,Music stool  ,Piano stool.,2.9
Musk  | 1 substance secreted by the male musk deer and used in perfumes. 2 plant which orig. Had a smell of musk.  musky adj. . Muskiness n. ,Musk  ,1 substance secreted by the male musk deer and used in perfumes. 2 plant which orig. Had a smell of musk.  musky adj. . Muskiness n.,2.7
Musk deer  | Small hornless asian deer.,Musk deer  ,Small hornless asian deer.,3.1
Musket  | Hist. Infantryman's  light gun. ,Musket  ,Hist. Infantryman's  light gun.,2.8
Musketeer  | Hist. Soldier armed with a musket.,Musketeer  ,Hist. Soldier armed with a musket.,2.4
Musketry  | 1 muskets; soldiers armed with muskets. 2 knowledge of handling small arms.,Musketry  ,1 muskets; soldiers armed with muskets. 2 knowledge of handling small arms.,2.7
Musk ox  | Shaggy n. American ruminant with curved horns.,Musk ox  ,Shaggy n. American ruminant with curved horns.,3.0
Muskrat  | 1 large n. American aquatic rodent with a musky smell. 2 its fur.,Muskrat  ,1 large n. American aquatic rodent with a musky smell. 2 its fur.,3.2
Musk-rose  | Rambling rose smelling of musk.,Musk-rose  ,Rambling rose smelling of musk.,2.9
Muslim   —| Follower of the islamic religion. —adj. Of the muslims or their religion. ,Muslim   ,Follower of the islamic religion. —adj. Of the muslims or their religion.,3.0
Muslin  | Fine delicately woven cotton fabric. ,Muslin  ,Fine delicately woven cotton fabric.,3.0
Musquash  | = ~muskrat. ,Musquash  ,= ~muskrat.,2.3
"Mussel  | Bivalve mollusc, esp. Of the kind used for food. ",Mussel  ,"Bivalve mollusc, esp. Of the kind used for food.",2.8
"Must1  |aux.   1 a be obliged to . B in ironic questions . 2 be certainly . 3 ought to . 4 expressing insistence . 5  A not be permitted to, be forbidden to . B ought not; need not . C expressing insistence that something should not be done . —n. Colloq. Thing that should not be missed .  i must say often iron. I cannot refrain from saying . Must needs see ~needs. ",Must1  ,"aux.   1 a be obliged to . B in ironic questions . 2 be certainly . 3 ought to . 4 expressing insistence . 5  A not be permitted to, be forbidden to . B ought not; need not . C expressing insistence that something should not be done . —n. Colloq. Thing that should not be missed .  i must say often iron. I cannot refrain from saying . Must needs see ~needs.",3.1
Must2  | Grape juice before fermentation is complete. ,Must2  ,Grape juice before fermentation is complete.,2.8
Mustache  |  hair left to grow on a man's upper lip. ,Mustache  ,hair left to grow on a man's upper lip.,2.8
Mustang  | Small wild horse of mexico and california. ,Mustang  ,Small wild horse of mexico and california.,3.1
"Mustard  | 1 a plant with slender pods and yellow flowers. B seeds of this crushed into a paste and used as a spicy condiment. 2 plant eaten at the seedling stage, often with cress. 3 brownish-yellow colour. ",Mustard  ,"1 a plant with slender pods and yellow flowers. B seeds of this crushed into a paste and used as a spicy condiment. 2 plant eaten at the seedling stage, often with cress. 3 brownish-yellow colour.",2.7
"Mustard gas  | Colourless oily liquid, whose vapour is a powerful irritant.",Mustard gas  ,"Colourless oily liquid, whose vapour is a powerful irritant.",2.8
"Muster  | 1 collect  for inspection, to check numbers, etc. 2 collect, gather together. 3 summon . —n. Assembly of persons for inspection.  pass muster be accepted as adequate. ",Muster  ,"1 collect  for inspection, to check numbers, etc. 2 collect, gather together. 3 summon . —n. Assembly of persons for inspection.  pass muster be accepted as adequate.",2.8
Mustn't  contr. Must not.,Mustn,Mustn't  contr. Must not.,2.7
"Musty  |  1 mouldy, stale. 2 dull, antiquated.  mustily adv. Mustiness n. ",Musty  ,"1 mouldy, stale. 2 dull, antiquated.  mustily adv. Mustiness n.",2.8
Mutable  | Literary liable to change.  mutability n. ,Mutable  ,Literary liable to change.  mutability n.,2.6
Mutagen  | Agent promoting genetic mutation.  mutagenic adj. Mutagenesis n. ,Mutagen  ,Agent promoting genetic mutation.  mutagenic adj. Mutagenesis n.,2.8
Mutant  | Resulting from mutation. —n. Mutant organism or gene.,Mutant  ,Resulting from mutation. —n. Mutant organism or gene.,3.0
Mutate  |   undergo mutation.,Mutate  ,undergo mutation.,2.8
"Mutation  | 1 change, alteration. 2 genetic change which, when transmitted to offspring, gives rise to heritable variations. 3 mutant. ",Mutation  ,"1 change, alteration. 2 genetic change which, when transmitted to offspring, gives rise to heritable variations. 3 mutant.",3.2
Mutatis mutandis  |  making the necessary alterations. ,Mutatis mutandis  ,making the necessary alterations.,2.1
"Mute  | 1 silent, refraining from or temporarily bereft of speech. 2  dumb. 3 not expressed in speech . 4  not pronounced. —n. 1 dumb person. 2 device for damping the sound of a musical instrument. 3 unsounded consonant. —v.  1 deaden or soften the sound of . 2 a tone down, make less intense. B   Subdued.  mutely adv. Muteness n.  ",Mute  ,"1 silent, refraining from or temporarily bereft of speech. 2  dumb. 3 not expressed in speech . 4  not pronounced. —n. 1 dumb person. 2 device for damping the sound of a musical instrument. 3 unsounded consonant. —v.  1 deaden or soften the sound of . 2 a tone down, make less intense. B   Subdued.  mutely adv. Muteness n.",2.7
"Mute button  | Device on a telephone to temporarily prevent the caller from hearing what is being said at the receiver's end, or on a television etc. To temporarily turn off the sound.",Mute button  ,"Device on a telephone to temporarily prevent the caller from hearing what is being said at the receiver's end, or on a television etc. To temporarily turn off the sound.",2.7
Mute swan  | Common white swan.,Mute swan  ,Common white swan.,2.9
Mutilate  |  1 a deprive  of a limb or organ. B destroy the use of . 2 excise or damage part of .  mutilation n. ,Mutilate  ,1 a deprive  of a limb or organ. B destroy the use of . 2 excise or damage part of .  mutilation n.,3.0
Mutineer  | Person who mutinies. ,Mutineer  ,Person who mutinies.,2.6
Mutinous  | Rebellious; ready to mutiny.  mutinously adv.,Mutinous  ,Rebellious; ready to mutiny.  mutinously adv.,2.5
"Mutiny  —|  open revolt, esp. By soldiers or sailors against their officers. —v.   revolt; engage in mutiny.",Mutiny  ,"open revolt, esp. By soldiers or sailors against their officers. —v.   revolt; engage in mutiny.",2.8
Mutt  | 1 slang ignorant or stupid person. 2 derog. Dog. ,Mutt  ,1 slang ignorant or stupid person. 2 derog. Dog.,3.2
Mutter  | 1  Utter  in a barely audible manner. 2  murmur or grumble. —n. 1 muttered words or sounds. 2 muttering. ,Mutter  ,1  Utter  in a barely audible manner. 2  murmur or grumble. —n. 1 muttered words or sounds. 2 muttering.,2.7
Mutton  | Flesh of sheep as food. ,Mutton  ,Flesh of sheep as food.,2.9
Mutton dressed as lamb  | Colloq. Middle-aged or elderly woman dressed to appear younger.,Mutton dressed as lamb  ,Colloq. Middle-aged or elderly woman dressed to appear younger.,1.9
Mutton-head  | Colloq. Stupid person.,Mutton-head  ,Colloq. Stupid person.,3.1
Mutual  | 1  Experienced or done by each of two or more parties to or towards the other . 2 colloq. Common to two or more persons . 3 having the same  relationship to each other .  mutuality n. Mutually adv. ,Mutual  ,1  Experienced or done by each of two or more parties to or towards the other . 2 colloq. Common to two or more persons . 3 having the same  relationship to each other .  mutuality n. Mutually adv.,2.7
Muzak  | 1 propr. System of piped music used in public places. 2  recorded light background music. ,Muzak  ,1 propr. System of piped music used in public places. 2  recorded light background music.,3.1
"Muzzle  —| 1 projecting part of an animal's face, including the nose and mouth. 2 guard, usu. Of straps or wire, put over an animal's nose and mouth to stop it biting or feeding. 3 open end of a firearm. —v.  1 put a muzzle on. 2 impose silence on. ",Muzzle  ,"1 projecting part of an animal's face, including the nose and mouth. 2 guard, usu. Of straps or wire, put over an animal's nose and mouth to stop it biting or feeding. 3 open end of a firearm. —v.  1 put a muzzle on. 2 impose silence on.",3.4
"Muzzy  |  1 mentally hazy. 2 blurred, indistinct.  muzzily adv. Muzziness n. ",Muzzy  ,"1 mentally hazy. 2 blurred, indistinct.  muzzily adv. Muzziness n.",3.4
