"Image  —| 1 representation of an object, e.g. A statue. 2 reputation or persona of a person, company, etc. 3 appearance as seen in a mirror or through a lens. 4 mental picture or idea. 5 simile or metaphor. —v.  1 make an image of; portray. 2 reflect, mirror. 3 describe or imagine vividly.  be the image of be or look exactly like. ",Image  ,"1 representation of an object, e.g. A statue. 2 reputation or persona of a person, company, etc. 3 appearance as seen in a mirror or through a lens. 4 mental picture or idea. 5 simile or metaphor. —v.  1 make an image of; portray. 2 reflect, mirror. 3 describe or imagine vividly.  be the image of be or look exactly like.",2.7
"Imagery  | 1 figurative illustration, esp. In literature. 2 images; statuary, carving. 3 mental images collectively.",Imagery  ,"1 figurative illustration, esp. In literature. 2 images; statuary, carving. 3 mental images collectively.",2.9
Imaginary  | 1 existing only in the imagination. 2 math. Being the square root of a negative quantity. ,Imaginary  ,1 existing only in the imagination. 2 math. Being the square root of a negative quantity.,3.1
Imagination  | 1 mental faculty of forming images or concepts of objects or situations not existent or not directly experienced. 2 mental creativity or resourcefulness.,Imagination  ,1 mental faculty of forming images or concepts of objects or situations not existent or not directly experienced. 2 mental creativity or resourcefulness.,3.1
Imaginative  | Having or showing imagination.  imaginatively adv. Imaginativeness n.,Imaginative  ,Having or showing imagination.  imaginatively adv. Imaginativeness n.,2.6
Imagine  |  1 a form a mental image or concept of. B picture to oneself. 2 think of as probable . 3 guess . 4 suppose .  imaginable adj.  ,Imagine  ,1 a form a mental image or concept of. B picture to oneself. 2 think of as probable . 3 guess . 4 suppose .  imaginable adj.,3.0
"Imago  |  fully developed stage of an insect, e.g. A butterfly. ",Imago  ,"fully developed stage of an insect, e.g. A butterfly.",2.7
Imam  | 1 leader of prayers in a mosque. 2 title of various muslim leaders. ,Imam  ,1 leader of prayers in a mosque. 2 title of various muslim leaders.,3.0
Imbalance  | 1 lack of balance. 2 disproportion.,Imbalance  ,1 lack of balance. 2 disproportion.,2.7
"Imbecile  —| 1 colloq. Stupid person. 2 person with a mental age of about five. —adj. Mentally weak; stupid, idiotic.  imbecilic adj. Imbecility n. . ",Imbecile  ,"1 colloq. Stupid person. 2 person with a mental age of about five. —adj. Mentally weak; stupid, idiotic.  imbecilic adj. Imbecility n. .",2.9
Imbed  | Of ~embed.,Imbed  ,Of ~embed.,2.7
Imbibe  |  1 drink . 2 a assimilate . B absorb . 3 inhale . ,Imbibe  ,1 drink . 2 a assimilate . B absorb . 3 inhale .,2.9
Imbroglio  |  1 confused or complicated situation. 2 confused heap. ,Imbroglio  ,1 confused or complicated situation. 2 confused heap.,2.9
Imbue  |   1 inspire or permeate . 2 saturate. 3 dye. ,Imbue  ,1 inspire or permeate . 2 saturate. 3 dye.,3.2
Imitate  |  1 follow the example of; copy. 2 mimic. 3 make a copy of. 4 be like.  imitable adj. Imitator n. ,Imitate  ,1 follow the example of; copy. 2 mimic. 3 make a copy of. 4 be like.  imitable adj. Imitator n.,2.8
Imitation  | 1 imitating or being imitated. 2 copy. 3 counterfeit .,Imitation  ,1 imitating or being imitated. 2 copy. 3 counterfeit .,3.0
"Imitative  | 1  imitating; following a model or example. 2  reproducing a natural sound , or otherwise suggestive .",Imitative  ,"1  imitating; following a model or example. 2  reproducing a natural sound , or otherwise suggestive .",3.1
"Immaculate  | 1 perfectly clean and tidy. 2 perfect . 3 innocent, faultless.  immaculately adv. Immaculateness n. ",Immaculate  ,"1 perfectly clean and tidy. 2 perfect . 3 innocent, faultless.  immaculately adv. Immaculateness n.",2.9
Immaculate conception  | Rc ch. Doctrine that the virgin mary was without original sin from conception.,Immaculate conception  ,Rc ch. Doctrine that the virgin mary was without original sin from conception.,3.6
"Immanent  | 1  naturally present, inherent. 2  omnipresent.  immanence n. ",Immanent  ,"1  naturally present, inherent. 2  omnipresent.  immanence n.",2.5
Immaterial  | 1 unimportant; irrelevant. 2 not material; incorporeal.  immateriality n.,Immaterial  ,1 unimportant; irrelevant. 2 not material; incorporeal.  immateriality n.,3.3
"Immature  | 1 not mature. 2 undeveloped, esp. Emotionally. 3 unripe.  immaturely adv. Immaturity n.",Immature  ,"1 not mature. 2 undeveloped, esp. Emotionally. 3 unripe.  immaturely adv. Immaturity n.",2.7
Immeasurable  | Not measurable; immense.  immeasurably adv.,Immeasurable  ,Not measurable; immense.  immeasurably adv.,2.6
"Immediate  | 1 occurring or done at once . 2 nearest, next; direct . 3 most pressing or urgent .  immediacy n. Immediateness n. ",Immediate  ,"1 occurring or done at once . 2 nearest, next; direct . 3 most pressing or urgent .  immediacy n. Immediateness n.",2.7
Immediately  —| 1 without pause or delay. 2 without intermediary. —conj. As soon as.,Immediately  ,1 without pause or delay. 2 without intermediary. —conj. As soon as.,2.7
Immemorial  | Ancient beyond memory or record .,Immemorial  ,Ancient beyond memory or record .,3.1
Immense  | 1 extremely large; huge. 2 considerable .  immenseness n. Immensity n. ,Immense  ,1 extremely large; huge. 2 considerable .  immenseness n. Immensity n.,2.8
Immensely  | 1 colloq. Very much . 2 to an immense degree .,Immensely  ,1 colloq. Very much . 2 to an immense degree .,2.7
"Immerse  |  1 a  dip, plunge. B submerge . 2  absorb or involve deeply. 3  bury, embed. ",Immerse  ,"1 a  dip, plunge. B submerge . 2  absorb or involve deeply. 3  bury, embed.",2.8
Immersion  | 1 immersing or being immersed. 2 baptism by total bodily immersion. 3 mental absorption.,Immersion  ,1 immersing or being immersed. 2 baptism by total bodily immersion. 3 mental absorption.,2.8
"Immersion heater  | Electric device immersed in a liquid to heat it, esp. In a hot-water tank.",Immersion heater  ,"Electric device immersed in a liquid to heat it, esp. In a hot-water tank.",3.6
Immigrant  —| Person who immigrates. —adj. 1 immigrating. 2 of immigrants.,Immigrant  ,Person who immigrates. —adj. 1 immigrating. 2 of immigrants.,3.1
Immigrate  | Come into a country and settle.  immigration n. ,Immigrate  ,Come into a country and settle.  immigration n.,2.5
Imminent  | Impending; about to happen .  imminence n. Imminently adv. ,Imminent  ,Impending; about to happen .  imminence n. Imminently adv.,3.2
Immiscible  |  not able to be mixed.  immiscibility n.,Immiscible  ,not able to be mixed.  immiscibility n.,3.2
Immobile  | 1 not moving. 2 unable to move or be moved.  immobility n.,Immobile  ,1 not moving. 2 unable to move or be moved.  immobility n.,3.6
Immobilize  |   1 make or keep immobile. 2 keep  still for healing purposes.  immobilization n.,Immobilize  ,1 make or keep immobile. 2 keep  still for healing purposes.  immobilization n.,3.2
Immoderate  | Excessive; lacking moderation.  immoderately adv.,Immoderate  ,Excessive; lacking moderation.  immoderately adv.,3.7
"Immodest  | 1 lacking modesty; conceited. 2 shameless, indecent.  immodestly adv. Immodesty n.",Immodest  ,"1 lacking modesty; conceited. 2 shameless, indecent.  immodestly adv. Immodesty n.",3.9
Immolate  |  kill or offer as a sacrifice.  immolation n. ,Immolate  ,kill or offer as a sacrifice.  immolation n.,2.9
Immoral  | 1 not conforming to accepted morality; morally wrong. 2 sexually promiscuous or deviant.  immorality n. . Immorally adv.,Immoral  ,1 not conforming to accepted morality; morally wrong. 2 sexually promiscuous or deviant.  immorality n. . Immorally adv.,2.8
"Immortal  | 1 a living for ever; not mortal. B divine. 2 unfading. 3 famous for all time. —n. 1 a immortal being. B  Gods of antiquity. 2 person, esp. An author, remembered long after death.  immortality n. Immortalize v.  . Immortally adv.",Immortal  ,"1 a living for ever; not mortal. B divine. 2 unfading. 3 famous for all time. —n. 1 a immortal being. B  Gods of antiquity. 2 person, esp. An author, remembered long after death.  immortality n. Immortalize v.  . Immortally adv.",2.7
"Immovable  |  1 not able to be moved. 2 steadfast, unyielding. 3 emotionless. 4 not subject to change . 5 motionless. 6  consisting of land, houses, etc.  immovability n. Immovably adv.",Immovable  ,"1 not able to be moved. 2 steadfast, unyielding. 3 emotionless. 4 not subject to change . 5 motionless. 6  consisting of land, houses, etc.  immovability n. Immovably adv.",2.9
"Immune  | 1 a  protected against infection through inoculation etc. B relating to immunity . 2  exempt from or proof against a charge, duty, criticism, etc. ",Immune  ,"1 a  protected against infection through inoculation etc. B relating to immunity . 2  exempt from or proof against a charge, duty, criticism, etc.",2.6
Immunity  |  1 ability of an organism to resist infection by means of antibodies and white blood cells. 2  freedom or exemption.,Immunity  ,1 ability of an organism to resist infection by means of antibodies and white blood cells. 2  freedom or exemption.,2.8
"Immunize  |   make immune, usu. By inoculation.  immunization n.",Immunize  ,"make immune, usu. By inoculation.  immunization n.",2.7
Immunodeficiency  | Reduction in normal immune defences.,Immunodeficiency  ,Reduction in normal immune defences.,2.6
Immunoglobulin  | Any of a group of related proteins functioning as antibodies.,Immunoglobulin  ,Any of a group of related proteins functioning as antibodies.,2.8
Immunology  | The study of immunity.  immunological adj. Immunologist n.,Immunology  ,The study of immunity.  immunological adj. Immunologist n.,2.6
Immunotherapy  | Prevention or treatment of disease with substances that stimulate the immune response.,Immunotherapy  ,Prevention or treatment of disease with substances that stimulate the immune response.,2.5
Immure  |  1 imprison. 2 refl. Shut oneself away. ,Immure  ,1 imprison. 2 refl. Shut oneself away.,2.8
Immutable  | Unchangeable.  immutability n. Immutably adv.,Immutable  ,Unchangeable.  immutability n. Immutably adv.,2.8
Imp  | 1 mischievous child. 2 small devil or sprite. ,Imp  ,1 mischievous child. 2 small devil or sprite.,2.8
Impact  —| 1 effect of sudden forcible contact between two solid bodies etc.; collision. 2 strong effect or impression. —v. 1 press or fix firmly. 2   wedged between another tooth and the jaw. 3  have an impact on.  impaction n. ,Impact  ,1 effect of sudden forcible contact between two solid bodies etc.; collision. 2 strong effect or impression. —v. 1 press or fix firmly. 2   wedged between another tooth and the jaw. 3  have an impact on.  impaction n.,3.3
"Impair  | Damage, weaken.  impairment n. ",Impair  ,"Damage, weaken.  impairment n.",2.6
Impala  |  small african antelope. ,Impala  ,small african antelope.,3.0
Impale  |  transfix or pierce with a sharp stake etc.  impalement n. ,Impale  ,transfix or pierce with a sharp stake etc.  impalement n.,3.3
Impalpable  | 1 not easily grasped by the mind; intangible. 2 imperceptible to the touch. 3  very fine.  impalpability n. Impalpably adv.,Impalpable  ,1 not easily grasped by the mind; intangible. 2 imperceptible to the touch. 3  very fine.  impalpability n. Impalpably adv.,3.0
Impanel  | Of ~empanel.,Impanel  ,Of ~empanel.,3.0
Impart  |  1 communicate . 2 give a share of . ,Impart  ,1 communicate . 2 give a share of .,2.6
"Impartial  | Treating all alike; unprejudiced, fair.  impartiality n. Impartially adv.",Impartial  ,"Treating all alike; unprejudiced, fair.  impartiality n. Impartially adv.",3.2
Impassable  | Not able to be traversed.  impassability n. Impassableness n. Impassably adv.,Impassable  ,Not able to be traversed.  impassability n. Impassableness n. Impassably adv.,1.5
Impasse  | Deadlock. ,Impasse  ,Deadlock.,2.9
"Impassible  | 1 impassive. 2 incapable of feeling, emotion, or injury.  impassibility n. Impassibly adv. ",Impassible  ,"1 impassive. 2 incapable of feeling, emotion, or injury.  impassibility n. Impassibly adv.",3.5
Impassioned  | Filled with passion; ardent. ,Impassioned  ,Filled with passion; ardent.,1.8
Impassive  | Incapable of or not showing emotion; serene.  impassively adv. Impassiveness n. Impassivity n.,Impassive  ,Incapable of or not showing emotion; serene.  impassively adv. Impassiveness n. Impassivity n.,3.1
Impasto  | Art technique of laying on paint thickly. ,Impasto  ,Art technique of laying on paint thickly.,2.5
Impatiens  | Any of several plants including the busy lizzie. ,Impatiens  ,Any of several plants including the busy lizzie.,3.1
Impatient  | 1 lacking or showing a lack of patience or tolerance. 2 restlessly eager. 3  intolerant of.  impatience n. Impatiently adv.,Impatient  ,1 lacking or showing a lack of patience or tolerance. 2 restlessly eager. 3  intolerant of.  impatience n. Impatiently adv.,2.8
"Impeach  | 1 charge with a crime against the state, esp. Treason. 2 us charge  with misconduct. 3 call in question, disparage.  impeachable adj. Impeachment n. ",Impeach  ,"1 charge with a crime against the state, esp. Treason. 2 us charge  with misconduct. 3 call in question, disparage.  impeachable adj. Impeachment n.",2.5
"Impeccable  | Faultless, exemplary.  impeccability n. Impeccably adv. ",Impeccable  ,"Faultless, exemplary.  impeccability n. Impeccably adv.",2.7
Impecunious  | Having little or no money.  impecuniosity n. Impecuniousness n. ,Impecunious  ,Having little or no money.  impecuniosity n. Impecuniousness n.,3.1
Impedance  | Total effective resistance of an electric circuit etc. To an alternating current. ,Impedance  ,Total effective resistance of an electric circuit etc. To an alternating current.,3.1
Impede  |  obstruct; hinder. ,Impede  ,obstruct; hinder.,2.9
"Impediment  | 1 hindrance or obstruction. 2 speech defect, e.g. A stammer. ",Impediment  ,"1 hindrance or obstruction. 2 speech defect, e.g. A stammer.",2.7
"Impedimenta  |pl. 1 encumbrances. 2 baggage, esp. Of an army.",Impedimenta  ,"pl. 1 encumbrances. 2 baggage, esp. Of an army.",2.6
"Impel  |  1 drive, force, or urge. 2 propel. ",Impel  ,"1 drive, force, or urge. 2 propel.",2.8
Impend  |  1  Be threatening or imminent. 2 hang.  impending adj. ,Impend  ,1  Be threatening or imminent. 2 hang.  impending adj.,3.0
"Impenetrable  | 1 not able to be penetrated. 2 inscrutable. 3 inaccessible to ideas, influences, etc.  impenetrability n. Impenetrableness n. Impenetrably adv.",Impenetrable  ,"1 not able to be penetrated. 2 inscrutable. 3 inaccessible to ideas, influences, etc.  impenetrability n. Impenetrableness n. Impenetrably adv.",1.8
"Impenitent  | Not sorry, unrepentant.  impenitence n.",Impenitent  ,"Not sorry, unrepentant.  impenitence n.",2.9
"Imperative  | 1 urgent; obligatory. 2 commanding, peremptory. 3 gram.  expressing a command . —n. 1 gram. Imperative mood. 2 command. 3 essential or urgent thing. ",Imperative  ,"1 urgent; obligatory. 2 commanding, peremptory. 3 gram.  expressing a command . —n. 1 gram. Imperative mood. 2 command. 3 essential or urgent thing.",3.0
"Imperceptible  | 1 not perceptible. 2 very slight, gradual, or subtle.  imperceptibility n. Imperceptibly adv.",Imperceptible  ,"1 not perceptible. 2 very slight, gradual, or subtle.  imperceptibility n. Imperceptibly adv.",2.5
"Imperfect  | 1 not perfect; faulty, incomplete. 2 gram.  denoting action in progress but not completed . —n. Imperfect tense.  imperfectly adv.",Imperfect  ,"1 not perfect; faulty, incomplete. 2 gram.  denoting action in progress but not completed . —n. Imperfect tense.  imperfectly adv.",3.4
"Imperfection  | 1 state of being imperfect. 2 fault, blemish.",Imperfection  ,"1 state of being imperfect. 2 fault, blemish.",2.5
"Imperial  | 1 of or characteristic of an empire or similar sovereign state. 2 a of an emperor. B majestic, august; authoritative. 3  statutory in the uk, esp. Formerly .  imperially adv. ",Imperial  ,"1 of or characteristic of an empire or similar sovereign state. 2 a of an emperor. B majestic, august; authoritative. 3  statutory in the uk, esp. Formerly .  imperially adv.",2.7
Imperialism  | 1 imperial rule or system. 2 usu. Derog. Policy of dominating other nations by acquiring dependencies etc.  imperialist n. & adj. Imperialistic adj.,Imperialism  ,1 imperial rule or system. 2 usu. Derog. Policy of dominating other nations by acquiring dependencies etc.  imperialist n. & adj. Imperialistic adj.,2.9
Imperil  |  endanger.,Imperil  ,endanger.,3.0
"Imperious  | Overbearing, domineering.  imperiously adv. Imperiousness n.",Imperious  ,"Overbearing, domineering.  imperiously adv. Imperiousness n.",2.6
"Imperishable  | Not able to perish, indestructible.",Imperishable  ,"Not able to perish, indestructible.",2.2
Impermanent  | Not permanent.  impermanence n. Impermanency n.,Impermanent  ,Not permanent.  impermanence n. Impermanency n.,2.8
"Impermeable  | Not permeable, not allowing fluids to pass through.  impermeability n.",Impermeable  ,"Not permeable, not allowing fluids to pass through.  impermeability n.",2.0
Impermissible  | Not allowable.,Impermissible  ,Not allowable.,1.5
"Impersonal  | 1 without personal reference; objective, impartial. 2 without human attributes; cold, unfeeling. 3 gram. A  used esp. With it as a subject . B  = ~indefinite.  impersonality n. Impersonally adv.",Impersonal  ,"1 without personal reference; objective, impartial. 2 without human attributes; cold, unfeeling. 3 gram. A  used esp. With it as a subject . B  = ~indefinite.  impersonality n. Impersonally adv.",3.3
"Impersonate  |  1 pretend to be , esp. As entertainment or fraud. 2 act .  impersonation n. Impersonator n. ",Impersonate  ,"1 pretend to be , esp. As entertainment or fraud. 2 act .  impersonation n. Impersonator n.",3.0
"Impertinent  | 1 insolent, disrespectful. 2 esp. Law irrelevant.  impertinence n. Impertinently adv.",Impertinent  ,"1 insolent, disrespectful. 2 esp. Law irrelevant.  impertinence n. Impertinently adv.",2.1
Imperturbable  | Not excitable; calm.  imperturbability n. Imperturbably adv.,Imperturbable  ,Not excitable; calm.  imperturbability n. Imperturbably adv.,2.1
Impervious  |  1 impermeable. 2 not responsive .,Impervious  ,1 impermeable. 2 not responsive .,2.9
Impetigo  | Contagious skin infection forming pimples and sores. ,Impetigo  ,Contagious skin infection forming pimples and sores.,2.7
Impetuous  | 1 acting or done rashly or with sudden energy. 2 moving forcefully or rapidly.  impetuosity n. Impetuously adv. Impetuousness n. ,Impetuous  ,1 acting or done rashly or with sudden energy. 2 moving forcefully or rapidly.  impetuosity n. Impetuously adv. Impetuousness n.,2.2
Impetus  | 1 force with which a body moves. 2 driving force or impulse. ,Impetus  ,1 force with which a body moves. 2 driving force or impulse.,3.2
Impiety  |  1 lack of piety or reverence. 2 act etc. Showing this.,Impiety  ,1 lack of piety or reverence. 2 act etc. Showing this.,3.0
Impinge  |   1 make an impact or effect. 2 encroach.  impingement n. ,Impinge  ,1 make an impact or effect. 2 encroach.  impingement n.,2.9
"Impious  | 1 not pious. 2 wicked, profane.",Impious  ,"1 not pious. 2 wicked, profane.",3.0
Impish  | Of or like an imp; mischievous.  impishly adv. Impishness n.,Impish  ,Of or like an imp; mischievous.  impishly adv. Impishness n.,2.9
Implacable  | Unable to be appeased.  implacability n. Implacably adv.,Implacable  ,Unable to be appeased.  implacability n. Implacably adv.,2.1
"Implant  | 1  insert or fix. 2  instil  In a person's mind. 3 plant. 4 a insert  In a living body. B   become attached to the wall of the womb. —n. Thing implanted, esp. A piece of tissue.  implantation n. ",Implant  ,"1  insert or fix. 2  instil  In a person's mind. 3 plant. 4 a insert  In a living body. B   become attached to the wall of the womb. —n. Thing implanted, esp. A piece of tissue.  implantation n.",2.9
Implausible  | Not plausible.  implausibility n. Implausibly adv.,Implausible  ,Not plausible.  implausibility n. Implausibly adv.,2.2
"Implement  —| Tool, instrument, utensil. —v. Put  Into effect.  implementation n. ",Implement  ,"Tool, instrument, utensil. —v. Put  Into effect.  implementation n.",3.6
Implicate  |  1  show  to be involved . 2 imply. ,Implicate  ,1  show  to be involved . 2 imply.,3.1
Implication  | 1 thing implied. 2 implicating or implying.,Implication  ,1 thing implied. 2 implicating or implying.,3.3
"Implicit  | 1 implied though not plainly expressed. 2 absolute, unquestioning .  implicitly adv. ",Implicit  ,"1 implied though not plainly expressed. 2 absolute, unquestioning .  implicitly adv.",3.2
Implode  |   burst inwards.  implosion n. ,Implode  ,burst inwards.  implosion n.,2.8
Implore  |  1  Entreat . 2 beg earnestly for. ,Implore  ,1  Entreat . 2 beg earnestly for.,3.3
"Imply  |  1  strongly suggest or insinuate without directly stating . 2 signify, esp. As a consequence . ",Imply  ,"1  strongly suggest or insinuate without directly stating . 2 signify, esp. As a consequence .",3.0
"Impolite  |  ill-mannered, uncivil, rude.  impolitely adv. Impoliteness n.",Impolite  ,"ill-mannered, uncivil, rude.  impolitely adv. Impoliteness n.",2.9
"Impolitic  | Inexpedient, unwise.  impoliticly adv.",Impolitic  ,"Inexpedient, unwise.  impoliticly adv.",2.8
Imponderable  | 1 not able to be estimated. 2 very light; weightless. —n.  Imponderable thing.  imponderability n. Imponderably adv.,Imponderable  ,1 not able to be estimated. 2 very light; weightless. —n.  Imponderable thing.  imponderability n. Imponderably adv.,3.2
"Import  | 1 bring in  to a country. 2 imply, indicate, signify. —n. 1  Imported article or service. 2 importing. 3 what is implied; meaning. 4 importance.  importation n. Importer n.  ",Import  ,"1 bring in  to a country. 2 imply, indicate, signify. —n. 1  Imported article or service. 2 importing. 3 what is implied; meaning. 4 importance.  importation n. Importer n.",3.2
Important  | 1  of great effect or consequence; momentous. 2  having high rank or authority. 3 pompous.  importance n. Importantly adv. ,Important  ,1  of great effect or consequence; momentous. 2  having high rank or authority. 3 pompous.  importance n. Importantly adv.,2.7
Importunate  | Making persistent or pressing requests.  importunity n. ,Importunate  ,Making persistent or pressing requests.  importunity n.,3.1
Importune  |  1 pester  with requests. 2 solicit as a prostitute.,Importune  ,1 pester  with requests. 2 solicit as a prostitute.,2.8
Impose  |  1  lay  on. 2 enforce compliance with. 3 also refl.  Take advantage of . 4  inflict  on. ,Impose  ,1  lay  on. 2 enforce compliance with. 3 also refl.  Take advantage of . 4  inflict  on.,3.1
"Imposing  | Impressive, formidable, esp. In appearance.",Imposing  ,"Impressive, formidable, esp. In appearance.",3.3
"Imposition  | 1 imposing or being imposed. 2 unfair demand or burden. 3 tax, duty.",Imposition  ,"1 imposing or being imposed. 2 unfair demand or burden. 3 tax, duty.",2.7
"Impossible  | 1 not possible. 2 colloq. Not easy, convenient, or believable. 3 colloq.  outrageous, intolerable.  impossibility n. . Impossibly adv.",Impossible  ,"1 not possible. 2 colloq. Not easy, convenient, or believable. 3 colloq.  outrageous, intolerable.  impossibility n. . Impossibly adv.",2.7
"Impost1  | Tax, duty, or tribute. ",Impost1  ,"Tax, duty, or tribute.",3.0
"Impost2  | Upper course of a pillar, carrying an arch.",Impost2  ,"Upper course of a pillar, carrying an arch.",2.9
Impostor  |  1 person who assumes a false character or pretends to be someone else. 2 swindler.,Impostor  ,1 person who assumes a false character or pretends to be someone else. 2 swindler.,1.8
Imposture  | Fraudulent deception.,Imposture  ,Fraudulent deception.,2.6
"Impotent  | 1 powerless, ineffective. 2  unable to achieve an erection or orgasm.  impotence n.",Impotent  ,"1 powerless, ineffective. 2  unable to achieve an erection or orgasm.  impotence n.",2.6
Impound  | 1 confiscate. 2 take legal possession of. 3 shut up  in a pound.,Impound  ,1 confiscate. 2 take legal possession of. 3 shut up  in a pound.,2.1
Impoverish  | Make poor.  impoverishment n. ,Impoverish  ,Make poor.  impoverishment n.,2.4
Impracticable  | Not practicable.  impracticability n. Impracticably adv.,Impracticable  ,Not practicable.  impracticability n. Impracticably adv.,2.0
Impractical  | 1 not practical. 2 esp. Us not practicable.  impracticality n.,Impractical  ,1 not practical. 2 esp. Us not practicable.  impracticality n.,2.5
"Imprecation  | Formal oath, curse. ",Imprecation  ,"Formal oath, curse.",1.9
Imprecise  | Not precise.  imprecisely adv. Impreciseness n. Imprecision n.,Imprecise  ,Not precise.  imprecisely adv. Impreciseness n. Imprecision n.,1.9
Impregnable  | Strong enough to be secure against attack.  impregnability n. Impregnably adv. ,Impregnable  ,Strong enough to be secure against attack.  impregnability n. Impregnably adv.,1.9
Impregnate  |  1  fill or saturate. 2  imbue . 3 a make  pregnant. B fertilize .  impregnation n. ,Impregnate  ,1  fill or saturate. 2  imbue . 3 a make  pregnant. B fertilize .  impregnation n.,3.1
"Impresario  |  organizer of public entertainment, esp. A theatrical etc. Manager. ",Impresario  ,"organizer of public entertainment, esp. A theatrical etc. Manager.",3.2
"Impress  | 1  a affect or influence deeply. B affect  favourably . 2  emphasize  . 3 a  imprint or make . B mark  with a stamp, seal, etc. —n. 1 mark made by a seal, stamp, etc. 2 characteristic mark or quality.  impressible adj. ",Impress  ,"1  a affect or influence deeply. B affect  favourably . 2  emphasize  . 3 a  imprint or make . B mark  with a stamp, seal, etc. —n. 1 mark made by a seal, stamp, etc. 2 characteristic mark or quality.  impressible adj.",2.7
"Impression  | 1 effect . 2 notion or belief . 3 imitation of a person or sound, esp. As entertainment. 4 a impressing. B mark impressed.",Impression  ,"1 effect . 2 notion or belief . 3 imitation of a person or sound, esp. As entertainment. 4 a impressing. B mark impressed.",2.7
Impressionable  | Easily influenced.  impressionability n. Impressionably adv.,Impressionable  ,Easily influenced.  impressionability n. Impressionably adv.,2.5
Impressionism  | 1 style or movement in art concerned with conveying the effect of natural light on objects. 2 style of music or writing seeking to convey esp. Fleeting feelings or experience.  impressionist n. Impressionistic adj.,Impressionism  ,1 style or movement in art concerned with conveying the effect of natural light on objects. 2 style of music or writing seeking to convey esp. Fleeting feelings or experience.  impressionist n. Impressionistic adj.,2.4
"Impressive  | Arousing respect, approval, or admiration.  impressively adv. Impressiveness n.",Impressive  ,"Arousing respect, approval, or admiration.  impressively adv. Impressiveness n.",2.7
Imprimatur  | 1 rc ch. Licence to print . 2 official approval. ,Imprimatur  ,1 rc ch. Licence to print . 2 official approval.,2.9
"Imprint  | 1  impress firmly, esp. On the mind. 2 a  make a stamp or impression of  On a thing. B make an impression on  with a stamp etc. —n. 1 impression, stamp. 2 printer's or publisher's name etc. Printed in a book.",Imprint  ,"1  impress firmly, esp. On the mind. 2 a  make a stamp or impression of  On a thing. B make an impression on  with a stamp etc. —n. 1 impression, stamp. 2 printer's or publisher's name etc. Printed in a book.",2.8
Imprison  | 1 put in prison. 2 confine.  imprisonment n.,Imprison  ,1 put in prison. 2 confine.  imprisonment n.,2.6
Improbable  | 1 unlikely. 2 difficult to believe.  improbability n. Improbably adv.,Improbable  ,1 unlikely. 2 difficult to believe.  improbability n. Improbably adv.,2.0
Improbity  |  1 wickedness; dishonesty. 2 wicked or dishonest act.,Improbity  ,1 wickedness; dishonesty. 2 wicked or dishonest act.,2.2
"Impromptu  | & adv. Extempore, unrehearsed. —n.  1 extempore performance or speech. 2 short, usu. Solo, instrumental composition, often improvisatory in style. ",Impromptu  ,"& adv. Extempore, unrehearsed. —n.  1 extempore performance or speech. 2 short, usu. Solo, instrumental composition, often improvisatory in style.",2.0
"Improper  | 1 unseemly; indecent. 2 inaccurate, wrong.  improperly adv.",Improper  ,"1 unseemly; indecent. 2 inaccurate, wrong.  improperly adv.",2.8
Improper fraction  | Fraction in which the numerator is greater than or equal to the denominator.,Improper fraction  ,Fraction in which the numerator is greater than or equal to the denominator.,2.7
Impropriety  |  1 lack of propriety; indecency. 2 instance of this. 3 incorrectness.,Impropriety  ,1 lack of propriety; indecency. 2 instance of this. 3 incorrectness.,1.4
Improve  |  1 a make or become better. B  produce something better than. 2  Giving moral benefit .  improvable adj. Improvement n. ,Improve  ,1 a make or become better. B  produce something better than. 2  Giving moral benefit .  improvable adj. Improvement n.,3.2
Improvident  | 1 lacking foresight. 2 profligate; wasteful. 3 incautious.  improvidence n. Improvidently adv.,Improvident  ,1 lacking foresight. 2 profligate; wasteful. 3 incautious.  improvidence n. Improvidently adv.,3.0
Improvise  |   1 compose or perform  Extempore. 2 provide or construct from materials not intended for the purpose.  improvisation n. Improvisational adj. Improvisatory adj. ,Improvise  ,1 compose or perform  Extempore. 2 provide or construct from materials not intended for the purpose.  improvisation n. Improvisational adj. Improvisatory adj.,3.0
"Imprudent  | Unwise, indiscreet.  imprudence n. Imprudently adv.",Imprudent  ,"Unwise, indiscreet.  imprudence n. Imprudently adv.",3.4
Impudent  | Impertinent.  impudence n. Impudently adv. ,Impudent  ,Impertinent.  impudence n. Impudently adv.,2.8
Impugn  | Challenge or call in question.  impugnment n. ,Impugn  ,Challenge or call in question.  impugnment n.,2.8
Impulse  | 1 sudden urge . 2 tendency to follow such urges . 3 impelling; a push. 4 impetus. 5 physics a large temporary force producing a change of momentum . B change of momentum so produced. 6 wave of excitation in a nerve. ,Impulse  ,1 sudden urge . 2 tendency to follow such urges . 3 impelling; a push. 4 impetus. 5 physics a large temporary force producing a change of momentum . B change of momentum so produced. 6 wave of excitation in a nerve.,2.7
Impulse buying  | Purchasing goods on impulse.,Impulse buying  ,Purchasing goods on impulse.,3.0
Impulsion  | 1 impelling. 2 mental impulse. 3 impetus.,Impulsion  ,1 impelling. 2 mental impulse. 3 impetus.,3.0
Impulsive  | 1 tending to act on impulse. 2 done on impulse. 3 tending to impel.  impulsively adv. Impulsiveness n.,Impulsive  ,1 tending to act on impulse. 2 done on impulse. 3 tending to impel.  impulsively adv. Impulsiveness n.,3.0
"Impunity  | Exemption from punishment, bad consequences, etc.  with impunity without punishment etc. ",Impunity  ,"Exemption from punishment, bad consequences, etc.  with impunity without punishment etc.",2.9
Impure  | 1 adulterated. 2 dirty. 3 unchaste.,Impure  ,1 adulterated. 2 dirty. 3 unchaste.,2.8
Impurity  |  1 being impure. 2 impure thing or part.,Impurity  ,1 being impure. 2 impure thing or part.,2.9
Impute  |   attribute  To.  imputation n. ,Impute  ,attribute  To.  imputation n.,3.0
