An  see ~a1.,An  see ,An  see ~a1.,2.7
An-  see ~a-.,An-  see ,An-  see ~a-.,2.8
Anabaptist  | Member of a religious group believing in baptism only of adults. ,Anabaptist  ,Member of a religious group believing in baptism only of adults.,2.1
Anabolic steroid  | Synthetic steroid hormone used to increase muscle size.,Anabolic steroid  ,Synthetic steroid hormone used to increase muscle size.,2.5
Anabolism  | Synthesis of complex molecules in living organisms from simpler ones together with the storage of energy. ,Anabolism  ,Synthesis of complex molecules in living organisms from simpler ones together with the storage of energy.,2.8
"Anachronism  | 1 a attribution of a custom, event, etc., to the wrong period. B thing thus attributed. 2 out-of-date person or thing.  anachronistic adj. ",Anachronism  ,"1 a attribution of a custom, event, etc., to the wrong period. B thing thus attributed. 2 out-of-date person or thing.  anachronistic adj.",2.7
Anaconda  | Large non-poisonous snake killing its prey by constriction. ,Anaconda  ,Large non-poisonous snake killing its prey by constriction.,2.9
"Anaemia  |  deficiency of red blood cells or their haemoglobin, causing pallor and weariness. ",Anaemia  ,"deficiency of red blood cells or their haemoglobin, causing pallor and weariness.",3.1
"Anaemic  |  1 of or suffering from anaemia. 2 pale, listless.",Anaemic  ,"1 of or suffering from anaemia. 2 pale, listless.",3.2
"Anaesthesia  |  absence of sensation, esp. Artificially induced before surgery. ",Anaesthesia  ,"absence of sensation, esp. Artificially induced before surgery.",3.0
Anaesthetic   —| Substance producing anaesthesia. —adj. Producing anaesthesia.,Anaesthetic   ,Substance producing anaesthesia. —adj. Producing anaesthesia.,3.3
Anaesthetist  |  specialist in the administration of anaesthetics.,Anaesthetist  ,specialist in the administration of anaesthetics.,3.4
Anaesthetize  |    administer an anaesthetic to.,Anaesthetize  ,administer an anaesthetic to.,3.0
Anagram  | Word or phrase formed by transposing the letters of another. ,Anagram  ,Word or phrase formed by transposing the letters of another.,3.2
Anal  | Of the anus.,Anal  ,Of the anus.,3.0
Analgesia  | Absence or relief of pain. ,Analgesia  ,Absence or relief of pain.,3.1
Analgesic  | Relieving pain. —n. Analgesic drug.,Analgesic  ,Relieving pain. —n. Analgesic drug.,2.9
"Analog  |  1 analogous thing. 2    Using physical variables, e.g. Voltage, to represent numbers .",Analog  ,"1 analogous thing. 2    Using physical variables, e.g. Voltage, to represent numbers .",3.0
"Analogize  |   use, or represent or explain by, analogy.",Analogize  ,"use, or represent or explain by, analogy.",2.7
Analogous  |  partially similar or parallel. ,Analogous  ,partially similar or parallel.,2.6
"Analogue  |  1 analogous thing. 2    Using physical variables, e.g. Voltage, to represent numbers .",Analogue  ,"1 analogous thing. 2    Using physical variables, e.g. Voltage, to represent numbers .",2.8
Analogy  |  1 correspondence; partial similarity. 2 arguing or reasoning from parallel cases.  analogical adj. ,Analogy  ,1 correspondence; partial similarity. 2 arguing or reasoning from parallel cases.  analogical adj.,2.9
Analyse  |   1 examine in detail; ascertain the constituents of . 2 psychoanalyse.,Analyse  ,1 examine in detail; ascertain the constituents of . 2 psychoanalyse.,3.0
Analysis  |  1 a detailed examination of elements or structure. B statement of the result of this. 2 chem. Determination of the constituent parts of a mixture or compound. 3 psychoanalysis. ,Analysis  ,1 a detailed examination of elements or structure. B statement of the result of this. 2 chem. Determination of the constituent parts of a mixture or compound. 3 psychoanalysis.,2.9
Analyst  | 1 person skilled in  analysis. 2 psychoanalyst.,Analyst  ,1 person skilled in  analysis. 2 psychoanalyst.,2.9
Analytical  |  of or using analysis.,Analytical  ,of or using analysis.,2.5
Analyze  |  1 examine in detail; ascertain the constituents of . 2 psychoanalyse.,Analyze  ,1 examine in detail; ascertain the constituents of . 2 psychoanalyse.,3.0
Anapaest  | Metrical foot consisting of two short syllables followed by one long syllable . ,Anapaest  ,Metrical foot consisting of two short syllables followed by one long syllable .,3.2
Anarchism  | Political theory that all government and laws should be abolished. ,Anarchism  ,Political theory that all government and laws should be abolished.,2.3
Anarchist  | Advocate of anarchism.  anarchistic adj.,Anarchist  ,Advocate of anarchism.  anarchistic adj.,2.2
"Anarchy  | Disorder, esp. Political.  anarchic adj. ",Anarchy  ,"Disorder, esp. Political.  anarchic adj.",2.7
Anathema  |  1 detested thing . 2 ecclesiastical curse. ,Anathema  ,1 detested thing . 2 ecclesiastical curse.,3.0
Anathematize  |   curse.,Anathematize  ,curse.,2.3
Anatomy  |  1 science of animal or plant structure. 2 such a structure. 3 analysis.  anatomical adj. Anatomist n. ,Anatomy  ,1 science of animal or plant structure. 2 such a structure. 3 analysis.  anatomical adj. Anatomist n.,2.5
Anatto  | Of ~annatto.,Anatto  ,Of ~annatto.,2.8
"Ancestor  | 1 person, animal, or plant from which another has descended or evolved. 2 prototype or forerunner. ",Ancestor  ,"1 person, animal, or plant from which another has descended or evolved. 2 prototype or forerunner.",3.0
Ancestral  | Belonging to or inherited from one's ancestors.,Ancestral  ,Belonging to or inherited from one's ancestors.,2.8
"Ancestry  |  1 family descent, lineage. 2 ancestors collectively.",Ancestry  ,"1 family descent, lineage. 2 ancestors collectively.",2.8
Anchor  —| 1 heavy metal weight used to moor a ship or a balloon. 2 stabilizing thing. —v. 1 secure with an anchor. 2 fix firmly. 3 cast anchor. 4 be moored by an anchor. ,Anchor  ,1 heavy metal weight used to moor a ship or a balloon. 2 stabilizing thing. —v. 1 secure with an anchor. 2 fix firmly. 3 cast anchor. 4 be moored by an anchor.,2.8
Anchorage  | 1 place for anchoring. 2 anchoring or lying at anchor.,Anchorage  ,1 place for anchoring. 2 anchoring or lying at anchor.,2.6
Anchorite  | Hermit; religious recluse. ,Anchorite  ,Hermit; religious recluse.,2.7
"Anchorman  | Coordinator, esp. As compère in a broadcast.",Anchorman  ,"Coordinator, esp. As compère in a broadcast.",2.8
Anchovy  |  small strong-flavoured fish of the herring family. ,Anchovy  ,small strong-flavoured fish of the herring family.,3.3
Ancien régime  |  1 political and social system of pre-revolutionary  france. 2 any superseded regime. ,Ancien régime  ,1 political and social system of pre-revolutionary  france. 2 any superseded regime.,2.7
"Ancient  | 1 of long ago, esp. Before the fall of the roman empire in the west. 2 having lived or existed long.  the ancients people of ancient times, esp. The greeks and romans. ",Ancient  ,"1 of long ago, esp. Before the fall of the roman empire in the west. 2 having lived or existed long.  the ancients people of ancient times, esp. The greeks and romans.",3.3
"Ancillary  | 1  providing essential support. 2  subordinate, subservient. —n.  1 ancillary worker. 2 auxiliary or accessory. ",Ancillary  ,"1  providing essential support. 2  subordinate, subservient. —n.  1 ancillary worker. 2 auxiliary or accessory.",2.8
"And  | 1 a connecting words, clauses, or sentences, to be taken jointly . B implying progression . C implying causation . D implying great duration . E implying a great number . F implying addition . G implying variety . 2 colloq. To . 3 in relation to .  and/or either or both of two stated alternatives. ",And  ,"1 a connecting words, clauses, or sentences, to be taken jointly . B implying progression . C implying causation . D implying great duration . E implying a great number . F implying addition . G implying variety . 2 colloq. To . 3 in relation to .  and/or either or both of two stated alternatives.",2.9
Andante  mus. —| In a moderately slow tempo. —n. Such a passage or movement. ,Andante  mus,In a moderately slow tempo. —n. Such a passage or movement.,3.5
Andiron  | Metal stand  for supporting logs in a fireplace. ,Andiron  ,Metal stand  for supporting logs in a fireplace.,2.7
Androgynous  | 1 hermaphrodite. 2 bot. With stamens and pistils in the same flower. ,Androgynous  ,1 hermaphrodite. 2 bot. With stamens and pistils in the same flower.,3.0
Android  | Robot with a human appearance. ,Android  ,Robot with a human appearance.,2.8
"Anecdote  | Short, esp. True, account or story.  anecdotal adj. ",Anecdote  ,"Short, esp. True, account or story.  anecdotal adj.",3.1
"Anemia  |  deficiency of red blood cells or their haemoglobin, causing pallor and weariness. ",Anemia  ,"deficiency of red blood cells or their haemoglobin, causing pallor and weariness.",2.9
"Anemic  |  1 of or suffering from anemia. 2 pale, listless.",Anemic  ,"1 of or suffering from anemia. 2 pale, listless.",2.9
Anemometer  | Instrument for measuring wind force. ,Anemometer  ,Instrument for measuring wind force.,3.3
"Anemone  | Plant of the buttercup family, with vividly-coloured flowers. ",Anemone  ,"Plant of the buttercup family, with vividly-coloured flowers.",3.0
Aneroid  |  measuring air-pressure by its action on the lid of a box containing a vacuum. —n. Aneroid barometer. ,Aneroid  ,measuring air-pressure by its action on the lid of a box containing a vacuum. —n. Aneroid barometer.,2.7
"Anesthesia  |  absence of sensation, esp. Artificially induced before surgery. ",Anesthesia  ,"absence of sensation, esp. Artificially induced before surgery.",2.9
Anesthetic  —| Substance producing anesthesia. —adj.producing anesthesia,Anesthetic  ,Substance producing anesthesia. —adj.producing anesthesia,3.2
Aneurysm  |  excessive localized enlargement of an artery. ,Aneurysm  ,excessive localized enlargement of an artery.,2.2
Anew  | 1 again. 2 in a different way. ,Anew  ,1 again. 2 in a different way.,3.0
Angel  | 1  a attendant or messenger of god. B representation of this in human form with wings. 2 virtuous or obliging person. 3 slang financial backer of a play etc. ,Angel  ,1  a attendant or messenger of god. B representation of this in human form with wings. 2 virtuous or obliging person. 3 slang financial backer of a play etc.,2.7
Angel cake  | Light sponge cake.,Angel cake  ,Light sponge cake.,3.0
Angel-fish  | Fish with winglike fins.,Angel-fish  ,Fish with winglike fins.,2.9
Angelic  | Of or like an angel.  angelically adv.,Angelic  ,Of or like an angel.  angelically adv.,3.8
Angelica  | Aromatic plant or its candied stalks. ,Angelica  ,Aromatic plant or its candied stalks.,3.1
"Angelus  | 1 roman catholic prayers commemorating the incarnation, said at morning, noon, and sunset. 2 bell announcing this. ",Angelus  ,"1 roman catholic prayers commemorating the incarnation, said at morning, noon, and sunset. 2 bell announcing this.",2.6
Anger  —| Extreme or passionate displeasure. —v. Make angry. ,Anger  ,Extreme or passionate displeasure. —v. Make angry.,2.7
"Angina  |  chest pain brought on by exertion, caused by an inadequate blood supply to the heart. ",Angina  ,"chest pain brought on by exertion, caused by an inadequate blood supply to the heart.",2.6
"Angiosperm  | Plant producing flowers and reproducing by seeds enclosed within a carpel, including herbaceous plants, grasses, and most trees. ",Angiosperm  ,"Plant producing flowers and reproducing by seeds enclosed within a carpel, including herbaceous plants, grasses, and most trees.",3.0
Angle  |  Member of a n. German tribe that settled in e. Britain in the 5th c. ,Angle  ,Member of a n. German tribe that settled in e. Britain in the 5th c.,3.3
"Angle1  —| 1 space between two meeting lines or surfaces, esp. As measured in degrees. 2 corner. 3 point of view. —v.  1 move or place obliquely. 2 present  in a biased way. ",Angle1  ,"1 space between two meeting lines or surfaces, esp. As measured in degrees. 2 corner. 3 point of view. —v.  1 move or place obliquely. 2 present  in a biased way.",3.1
Angle2  |  1 fish with hook and line. 2  seek an objective indirectly .  angler n. ,Angle2  ,1 fish with hook and line. 2  seek an objective indirectly .  angler n.,3.1
Anglican  | Of the church of england. —n. Member of the anglican church.  anglicanism n. ,Anglican  ,Of the church of england. —n. Member of the anglican church.  anglicanism n.,2.8
Anglicism  | Peculiarly english word or custom. ,Anglicism  ,Peculiarly english word or custom.,3.0
Anglicize  |   make english in character etc.,Anglicize  ,make english in character etc.,2.8
Anglo-  | Form 1 english. 2 of english origin. 3 english or british and. ,Anglo-  ,Form 1 english. 2 of english origin. 3 english or british and.,3.6
Anglo-catholic  | Of a high church anglican wing emphasizing its catholic tradition. —n. Member of this group.,Anglo-catholic  ,Of a high church anglican wing emphasizing its catholic tradition. —n. Member of this group.,3.6
Anglo-french  | English  and french. —n. French language as developed in england after the norman conquest.,Anglo-french  ,English  and french. —n. French language as developed in england after the norman conquest.,3.3
Anglo-indian  | 1 of england and india. 2 of british descent but indian residence. —n. Anglo-indian person.,Anglo-indian  ,1 of england and india. 2 of british descent but indian residence. —n. Anglo-indian person.,3.2
Anglo-norman  | English and norman. —n. Norman dialect used in england after the norman conquest.,Anglo-norman  ,English and norman. —n. Norman dialect used in england after the norman conquest.,3.5
Anglophile  | Person who greatly admires england or the english.,Anglophile  ,Person who greatly admires england or the english.,3.2
Anglo-saxon  | 1 of the english saxons before the norman conquest. 2 of english descent. —n. 1 anglo-saxon person. 2 old english. 3 colloq. Plain  english.,Anglo-saxon  ,1 of the english saxons before the norman conquest. 2 of english descent. —n. 1 anglo-saxon person. 2 old english. 3 colloq. Plain  english.,3.6
"Angora  | 1 fabric or wool from the hair of the angora goat or rabbit. 2 long-haired variety of cat, goat, or rabbit. ",Angora  ,"1 fabric or wool from the hair of the angora goat or rabbit. 2 long-haired variety of cat, goat, or rabbit.",2.7
Angostura  | Aromatic bitter bark used as a flavouring. ,Angostura  ,Aromatic bitter bark used as a flavouring.,2.9
"Angry  |  1 feeling, showing, or suggesting anger . 2  Inflamed, painful.  angrily adv.",Angry  ,"1 feeling, showing, or suggesting anger . 2  Inflamed, painful.  angrily adv.",2.7
"Angst  | Anxiety, neurotic fear; guilt, remorse. ",Angst  ,"Anxiety, neurotic fear; guilt, remorse.",2.7
Angstrom  | Unit of length equal to 10-10 metre. ,Angstrom  ,Unit of length equal to 10-10 metre.,2.2
"Anguish  | 1 severe mental suffering. 2 pain, agony.  anguished adj. ",Anguish  ,"1 severe mental suffering. 2 pain, agony.  anguished adj.",2.3
Angular  | 1 having sharp corners or  features. 2 forming an angle. 3 measured by angle .  angularity n. ,Angular  ,1 having sharp corners or  features. 2 forming an angle. 3 measured by angle .  angularity n.,3.2
"Anhydrous  | Chem. Without water, esp. Water of crystallization. ",Anhydrous  ,"Chem. Without water, esp. Water of crystallization.",2.7
"Aniline  | Colourless oily liquid used in making dyes, drugs, and plastics. ",Aniline  ,"Colourless oily liquid used in making dyes, drugs, and plastics.",2.8
"Animadvert  |  literary criticize, censure.  animadversion n. ",Animadvert  ,"literary criticize, censure.  animadversion n.",3.0
"Animal  —| 1 living organism, esp. Other than man, which feeds and usu. Has sense-organs and a nervous system and can move quickly. 2 brutish person. —adj. 1 of or like an animal. 2 bestial; carnal. ",Animal  ,"1 living organism, esp. Other than man, which feeds and usu. Has sense-organs and a nervous system and can move quickly. 2 brutish person. —adj. 1 of or like an animal. 2 bestial; carnal.",3.2
Animalism  | 1 nature and activity of animals. 2 belief that humans are mere animals.,Animalism  ,1 nature and activity of animals. 2 belief that humans are mere animals.,2.8
Animality  | 1 the animal world. 2 animal behaviour.,Animality  ,1 the animal world. 2 animal behaviour.,2.9
"Animalize  |   make  bestial, sensualize.",Animalize  ,"make  bestial, sensualize.",2.8
Animate  | 1 having life. 2 lively. —v.  1 enliven. 2 give life to. ,Animate  ,1 having life. 2 lively. —v.  1 enliven. 2 give life to.,3.7
"Animated  | 1 lively, vigorous. 2 having life. 3  Using animation.",Animated  ,"1 lively, vigorous. 2 having life. 3  Using animation.",2.8
"Animation  | 1 vivacity, ardour. 2 being alive. 3 technique of producing a moving picture from a sequence of drawings or puppet poses etc.",Animation  ,"1 vivacity, ardour. 2 being alive. 3 technique of producing a moving picture from a sequence of drawings or puppet poses etc.",3.4
Animism  | Belief that inanimate and natural phenomena have souls.  animist n. Animistic adj.,Animism  ,Belief that inanimate and natural phenomena have souls.  animist n. Animistic adj.,3.1
Animosity  |  spirit or feeling of hostility. ,Animosity  ,spirit or feeling of hostility.,2.7
"Animus  | Animosity, ill feeling. ",Animus  ,"Animosity, ill feeling.",3.2
Anion  | Negatively charged ion.  anionic adj. ,Anion  ,Negatively charged ion.  anionic adj.,2.9
Anise  | Plant with aromatic seeds. ,Anise  ,Plant with aromatic seeds.,2.8
"Aniseed  | Seed of the anise, used for flavouring.",Aniseed  ,"Seed of the anise, used for flavouring.",2.2
Ankle  | 1 joint connecting the foot with the leg. 2 this part of the leg. ,Ankle  ,1 joint connecting the foot with the leg. 2 this part of the leg.,2.9
Anklet  | Ornament or fetter worn round the ankle.,Anklet  ,Ornament or fetter worn round the ankle.,3.0
Ankylosis  | Stiffening of a joint by fusion of the bones. ,Ankylosis  ,Stiffening of a joint by fusion of the bones.,2.9
Annals  |pl. 1 narrative of events year by year. 2 historical records.  annalist n. ,Annals  ,pl. 1 narrative of events year by year. 2 historical records.  annalist n.,3.1
"Annatto  |  orange-red dye from the pulp of a tropical fruit, used for colouring foods. ",Annatto  ,"orange-red dye from the pulp of a tropical fruit, used for colouring foods.",2.5
"Anneal  | Heat  and cool slowly, esp. To toughen it. ",Anneal  ,"Heat  and cool slowly, esp. To toughen it.",2.8
"Annelid  | Segmented worm, e.g. The earthworm. ",Annelid  ,"Segmented worm, e.g. The earthworm.",2.6
Annex  | 1  add as a subordinate part. 2 incorporate  into one's own. 3 add as a condition or consequence. 4 colloq. Take without right.  annexation n. ,Annex  ,1  add as a subordinate part. 2 incorporate  into one's own. 3 add as a condition or consequence. 4 colloq. Take without right.  annexation n.,2.8
Annexe  | 1 separate or added building. 2 addition to a document.,Annexe  ,1 separate or added building. 2 addition to a document.,2.8
Annihilate  |  completely destroy or defeat.  annihilation n. ,Annihilate  ,completely destroy or defeat.  annihilation n.,2.6
Anniversary  |  1 date of an event in a previous year. 2 celebration of this. ,Anniversary  ,1 date of an event in a previous year. 2 celebration of this.,3.3
Anno domini  | Years after christ's birth. ,Anno domini  ,Years after christ's birth.,3.7
Annotate  |  add explanatory notes to.  annotation n. ,Annotate  ,add explanatory notes to.  annotation n.,3.0
Announce  |  1 make publicly known. 2 make known the arrival or imminence of . 3 be a sign of.  announcement n. ,Announce  ,1 make publicly known. 2 make known the arrival or imminence of . 3 be a sign of.  announcement n.,2.6
"Announcer  | Person who announces, esp. In broadcasting.",Announcer  ,"Person who announces, esp. In broadcasting.",3.1
"Annoy  | 1  anger or distress slightly . 2 molest, harass.  annoyance n. ",Annoy  ,"1  anger or distress slightly . 2 molest, harass.  annoyance n.",2.7
Annual  | 1 reckoned by the year. 2 occurring yearly. 3 living or lasting  a year. —n. 1 book etc. Published yearly. 2 plant that lives only a year.  annually adv. ,Annual  ,1 reckoned by the year. 2 occurring yearly. 3 living or lasting  a year. —n. 1 book etc. Published yearly. 2 plant that lives only a year.  annually adv.,2.7
"Annualized  |  Calculated on an annual basis, as a projection from figures obtained for a shorter period.",Annualized  ,"Calculated on an annual basis, as a projection from figures obtained for a shorter period.",2.8
Annuity  |  1 yearly grant or allowance. 2 investment yielding a fixed annual sum.,Annuity  ,1 yearly grant or allowance. 2 investment yielding a fixed annual sum.,2.9
"Annul  |  1 declare invalid. 2 cancel, abolish.  annulment n. ",Annul  ,"1 declare invalid. 2 cancel, abolish.  annulment n.",3.2
Annular  | Ring-shaped. ,Annular  ,Ring-shaped.,3.0
Annular eclipse  | Solar eclipse in which a ring of light remains visible.,Annular eclipse  ,Solar eclipse in which a ring of light remains visible.,3.6
Annulate  | Marked with or formed of rings.,Annulate  ,Marked with or formed of rings.,3.3
"Annunciation  | 1 announcement, esp.  that made by the angel gabriel to mary. 2 festival of this. ",Annunciation  ,"1 announcement, esp.  that made by the angel gabriel to mary. 2 festival of this.",2.7
Anode  | Positive electrode in an electrolytic cell etc. ,Anode  ,Positive electrode in an electrolytic cell etc.,2.9
Anodize  |   coat  with a protective layer by electrolysis.,Anodize  ,coat  with a protective layer by electrolysis.,2.8
Anodyne  | 1 pain-relieving. 2 mentally soothing. —n. Anodyne drug etc. ,Anodyne  ,1 pain-relieving. 2 mentally soothing. —n. Anodyne drug etc.,3.4
"Anoint  | 1 apply oil or ointment to, esp. Ritually. 2  smear. ",Anoint  ,"1 apply oil or ointment to, esp. Ritually. 2  smear.",3.1
"Anomalous  | Irregular, deviant, abnormal. ",Anomalous  ,"Irregular, deviant, abnormal.",2.1
Anomaly  |  anomalous thing; irregularity.,Anomaly  ,anomalous thing; irregularity.,2.5
"Anon  | Archaic soon, shortly. ",Anon  ,"Archaic soon, shortly.",2.9
Anonymous  | 1 of unknown name or authorship. 2 without character; featureless.  anonymity n. ,Anonymous  ,1 of unknown name or authorship. 2 without character; featureless.  anonymity n.,2.8
Anorak  | Waterproof usu. Hooded jacket. ,Anorak  ,Waterproof usu. Hooded jacket.,3.0
"Anorexia  | Lack of appetite, esp.  an obsessive desire to lose weight by refusing to eat.  anorexic adj. & n. ",Anorexia  ,"Lack of appetite, esp.  an obsessive desire to lose weight by refusing to eat.  anorexic adj. & n.",2.9
"Another  | 1 an additional; one more . 2 person like . 3 a different . 4 some other . —pron. Additional, other, or different person or thing. ",Another  ,"1 an additional; one more . 2 person like . 3 a different . 4 some other . —pron. Additional, other, or different person or thing.",2.9
"Answer  —| 1 something said or done in reaction to a question, statement, or circumstance. 2 solution to a problem. —v. 1 make an answer or response  . 2 suit . 3  be responsible . 4  correspond, esp. To a description.  answer back answer insolently. ",Answer  ,"1 something said or done in reaction to a question, statement, or circumstance. 2 solution to a problem. —v. 1 make an answer or response  . 2 suit . 3  be responsible . 4  correspond, esp. To a description.  answer back answer insolently.",2.7
Answerable  | 1  responsible . 2 that can be answered.,Answerable  ,1  responsible . 2 that can be answered.,2.6
Answering machine  | Tape recorder which answers telephone calls and takes messages.,Answering machine  ,Tape recorder which answers telephone calls and takes messages.,2.7
Answerphone  | = ~answering machine.,Answerphone  ,= ~answering machine.,3.1
Ant  | Small usu. Wingless insect living in complex social colonies and proverbial for industry. ,Ant  ,Small usu. Wingless insect living in complex social colonies and proverbial for industry.,2.7
Antacid  | Preventing or correcting acidity. —n. Antacid agent.,Antacid  ,Preventing or correcting acidity. —n. Antacid agent.,2.4
Antagonism  | Active hostility. ,Antagonism  ,Active hostility.,2.9
Antagonist  | Opponent or adversary.  antagonistic adj.,Antagonist  ,Opponent or adversary.  antagonistic adj.,3.4
Antagonize  |   make hostile; provoke.,Antagonize  ,make hostile; provoke.,2.6
Antarctic  | Of the south polar regions. —n. This region. ,Antarctic  ,Of the south polar regions. —n. This region.,2.8
"Antarctic circle  | Parallel of latitude 66° 32´ s., forming an imaginary line round the antarctic region.",Antarctic circle  ,"Parallel of latitude 66° 32´ s., forming an imaginary line round the antarctic region.",3.1
"Ante  —| 1 stake put up by a player in poker etc. Before receiving cards. 2 amount payable in advance. —v.  1 put up as an ante. 2 us a bet, stake. B  pay.",Ante  ,"1 stake put up by a player in poker etc. Before receiving cards. 2 amount payable in advance. —v.  1 put up as an ante. 2 us a bet, stake. B  pay.",3.1
Anteater  | Any of various mammals feeding on ants and termites.,Anteater  ,Any of various mammals feeding on ants and termites.,2.9
Antecedent  —| 1 preceding thing or circumstance. 2 gram. Word or phrase etc. To which another word  refers. 3  Person's past history or ancestors. —adj. Previous. ,Antecedent  ,1 preceding thing or circumstance. 2 gram. Word or phrase etc. To which another word  refers. 3  Person's past history or ancestors. —adj. Previous.,3.0
Antechamber  | Ante-room.,Antechamber  ,Ante-room.,2.7
Antedate  |  1 precede in time. 2 assign an earlier than actual date to.,Antedate  ,1 precede in time. 2 assign an earlier than actual date to.,3.2
Antediluvian  | 1 of the time before the flood. 2 colloq. Very old or out of date. ,Antediluvian  ,1 of the time before the flood. 2 colloq. Very old or out of date.,2.9
"Antelope  |  swift-moving deerlike ruminant, e.g. The gazelle and gnu. ",Antelope  ,"swift-moving deerlike ruminant, e.g. The gazelle and gnu.",3.1
Antenatal  | 1 before birth. 2 of pregnancy.,Antenatal  ,1 before birth. 2 of pregnancy.,3.4
"Antenna  | 1  each of a pair of feelers on the heads of insects, crustaceans, etc. 2  = ~aerial n. ",Antenna  ,"1  each of a pair of feelers on the heads of insects, crustaceans, etc. 2  = ~aerial n.",3.4
Antepenultimate  | Last but two.,Antepenultimate  ,Last but two.,3.2
"Ante-post  |  done at odds determined at the time of betting, in advance of the event concerned. ",Ante-post  ,"done at odds determined at the time of betting, in advance of the event concerned.",3.2
Anterior  | 1 nearer the front. 2  prior. ,Anterior  ,1 nearer the front. 2  prior.,3.4
Ante-room  | Small room leading to a main one.,Ante-room  ,Small room leading to a main one.,3.0
"Anthem  | 1 elaborate choral composition usu. Based on a passage of scripture. 2 solemn hymn of praise etc., esp. = ~national anthem. ",Anthem  ,"1 elaborate choral composition usu. Based on a passage of scripture. 2 solemn hymn of praise etc., esp. = ~national anthem.",2.7
Anther  | Part of a stamen containing pollen. ,Anther  ,Part of a stamen containing pollen.,2.7
Anthill  | Moundlike nest built by ants or termites.,Anthill  ,Moundlike nest built by ants or termites.,3.1
"Anthology  |  collection of poems, essays, stories, etc.  anthologist n. ",Anthology  ,"collection of poems, essays, stories, etc.  anthologist n.",3.2
Anthracite  | Hard type of coal burning with little flame and smoke. ,Anthracite  ,Hard type of coal burning with little flame and smoke.,2.6
Anthrax  | Disease of sheep and cattle transmissible to humans. ,Anthrax  ,Disease of sheep and cattle transmissible to humans.,2.8
Anthropocentric  | Regarding mankind as the centre of existence. ,Anthropocentric  ,Regarding mankind as the centre of existence.,2.4
Anthropoid  | Human in form. —n. Anthropoid ape.,Anthropoid  ,Human in form. —n. Anthropoid ape.,1.7
"Anthropology  | The study of mankind, esp. Its societies and customs.  anthropological adj. Anthropologist n.",Anthropology  ,"The study of mankind, esp. Its societies and customs.  anthropological adj. Anthropologist n.",3.1
"Anthropomorphism  | Attribution of human characteristics to a god, animal, or thing.  anthropomorphic adj. ",Anthropomorphism  ,"Attribution of human characteristics to a god, animal, or thing.  anthropomorphic adj.",1.4
Anthropomorphous  | Human in form.,Anthropomorphous  ,Human in form.,1.8
Anti  —| Opposed to. —n.  person opposed to a policy etc.,Anti  ,Opposed to. —n.  person opposed to a policy etc.,2.7
Anti-abortion  | Opposing abortion.  anti-abortionist n.,Anti-abortion  ,Opposing abortion.  anti-abortionist n.,2.4
Anti-aircraft  |  used to attack enemy aircraft.,Anti-aircraft  ,used to attack enemy aircraft.,3.0
Antibiotic  —| Substance  that can inhibit or destroy susceptible micro-organisms. —adj. Functioning as an antibiotic. ,Antibiotic  ,Substance  that can inhibit or destroy susceptible micro-organisms. —adj. Functioning as an antibiotic.,2.4
Antibody  |  a blood protein produced in response to and then counteracting antigens. ,Antibody  ,a blood protein produced in response to and then counteracting antigens.,2.5
Antic  |  Foolish behaviour or action. ,Antic  ,Foolish behaviour or action.,2.9
Antichrist  | Enemy of christ.  antichristian adj.,Antichrist  ,Enemy of christ.  antichristian adj.,2.1
"Anticipate  |  1 deal with or use before the proper time. 2 expect, foresee . 3 forestall . 4 look forward to.  anticipation n. Anticipatory adj. ",Anticipate  ,"1 deal with or use before the proper time. 2 expect, foresee . 3 forestall . 4 look forward to.  anticipation n. Anticipatory adj.",2.5
"Anticlerical  | Opposed to clerical influence, esp. In politics.",Anticlerical  ,"Opposed to clerical influence, esp. In politics.",2.5
Anticlimax  | Disappointingly trivial conclusion to something significant.,Anticlimax  ,Disappointingly trivial conclusion to something significant.,3.2
Anticlockwise  | & adv. Moving in a curve opposite in direction to the hands of a clock.,Anticlockwise  ,& adv. Moving in a curve opposite in direction to the hands of a clock.,2.3
"Anticyclone  | System of winds rotating outwards from an area of high pressure, producing fine weather.",Anticyclone  ,"System of winds rotating outwards from an area of high pressure, producing fine weather.",2.4
Antidepressant  —| Drug etc. That alleviates depression. —adj. Alleviating depression.,Antidepressant  ,Drug etc. That alleviates depression. —adj. Alleviating depression.,2.0
Antidote  | 1 medicine etc. Used to counteract poison. 2 anything counteracting something unpleasant. ,Antidote  ,1 medicine etc. Used to counteract poison. 2 anything counteracting something unpleasant.,2.6
"Antifreeze  | Substance added to water to lower its freezing point, esp. In a vehicle's radiator.",Antifreeze  ,"Substance added to water to lower its freezing point, esp. In a vehicle's radiator.",2.8
Antigen  | Foreign substance  which causes the body to produce antibodies. ,Antigen  ,Foreign substance  which causes the body to produce antibodies.,3.0
"Anti-hero  |  central character in a story, lacking conventional heroic qualities.",Anti-hero  ,"central character in a story, lacking conventional heroic qualities.",3.3
"Antihistamine  | Drug that counteracts the effects of histamine, used esp. In treating allergies.",Antihistamine  ,"Drug that counteracts the effects of histamine, used esp. In treating allergies.",1.9
Antiknock  | Substance added to motor fuel to prevent premature combustion.,Antiknock  ,Substance added to motor fuel to prevent premature combustion.,1.9
Anti-lock  | Adj.  set up so as to prevent locking and skidding when applied suddenly.,Anti-lock  ,Adj.  set up so as to prevent locking and skidding when applied suddenly.,2.5
Antilog  | Colloq. = ~antilogarithm. ,Antilog  ,Colloq. = ~antilogarithm.,2.8
Antilogarithm  | Number to which a logarithm belongs.,Antilogarithm  ,Number to which a logarithm belongs.,3.1
Antimacassar  | Detachable protective cloth for the back of a chair etc.,Antimacassar  ,Detachable protective cloth for the back of a chair etc.,2.9
Antimatter  | Matter composed solely of antiparticles.,Antimatter  ,Matter composed solely of antiparticles.,2.4
Antimony  | Brittle silvery metallic element used esp. In alloys. ,Antimony  ,Brittle silvery metallic element used esp. In alloys.,2.5
Antinomian  | Believing that christians need not obey the moral law. —n.  hist. Person believing this. ,Antinomian  ,Believing that christians need not obey the moral law. —n.  hist. Person believing this.,2.6
Antinomy  |  contradiction between two reasonable beliefs or conclusions.,Antinomy  ,contradiction between two reasonable beliefs or conclusions.,2.6
Antinovel  | Novel avoiding the conventions of the form.,Antinovel  ,Novel avoiding the conventions of the form.,3.1
Anti-nuclear  | Opposed to the development of nuclear weapons or power.,Anti-nuclear  ,Opposed to the development of nuclear weapons or power.,2.8
Antiparticle  | Elementary particle with the same mass but opposite charge etc. To another particle.,Antiparticle  ,Elementary particle with the same mass but opposite charge etc. To another particle.,2.5
Antipathy  |   strong aversion or dislike.  antipathetic adj. ,Antipathy  ,strong aversion or dislike.  antipathetic adj.,2.8
Antiperspirant  | Substance preventing or reducing perspiration.,Antiperspirant  ,Substance preventing or reducing perspiration.,2.5
Antiphon  | 1 hymn sung alternately by two groups. 2 versicle or phrase from this.  antiphonal adj. ,Antiphon  ,1 hymn sung alternately by two groups. 2 versicle or phrase from this.  antiphonal adj.,3.0
"Antipodes  |pl. Places diametrically opposite to one another on the earth, esp.  australasia in relation to europe.  antipodean adj. & n. ",Antipodes  ,"pl. Places diametrically opposite to one another on the earth, esp.  australasia in relation to europe.  antipodean adj. & n.",2.4
Antipope  | Pope set up in opposition to one chosen by canon law.,Antipope  ,Pope set up in opposition to one chosen by canon law.,2.9
Antipyretic  | Preventing or reducing fever. —n. Antipyretic drug.,Antipyretic  ,Preventing or reducing fever. —n. Antipyretic drug.,2.3
Antiquarian  | Of or dealing in antiques or rare books. —n. Antiquary.  antiquarianism n.,Antiquarian  ,Of or dealing in antiques or rare books. —n. Antiquary.  antiquarianism n.,2.6
Antiquary  |  student or collector of antiques etc. ,Antiquary  ,student or collector of antiques etc.,2.7
Antiquated  | Old-fashioned.,Antiquated  ,Old-fashioned.,1.5
"Antique  —| Old object, esp. A piece of furniture, of high value. —adj. 1 of or from an early date. 2 old-fashioned. ",Antique  ,"Old object, esp. A piece of furniture, of high value. —adj. 1 of or from an early date. 2 old-fashioned.",3.1
"Antiquity  |  1 ancient times, esp. Before the middle ages. 2 great age. 3  Relics from ancient times. ",Antiquity  ,"1 ancient times, esp. Before the middle ages. 2 great age. 3  Relics from ancient times.",3.3
"Antirrhinum  | Plant with two-lipped flowers, esp. The snapdragon. ",Antirrhinum  ,"Plant with two-lipped flowers, esp. The snapdragon.",2.6
Anti-semite  | Person who is prejudiced against jews.  anti-semitic adj. Anti-semitism n.,Anti-semite  ,Person who is prejudiced against jews.  anti-semitic adj. Anti-semitism n.,2.9
"Antiseptic  | 1 counteracting sepsis, esp. By destroying germs. 2 sterile, uncontaminated. 3 lacking character. —n. Antiseptic agent.",Antiseptic  ,"1 counteracting sepsis, esp. By destroying germs. 2 sterile, uncontaminated. 3 lacking character. —n. Antiseptic agent.",2.2
Antiserum  | Serum with a high antibody content.,Antiserum  ,Serum with a high antibody content.,2.9
Antisocial  | 1 opposed or harmful to society. 2 not sociable.,Antisocial  ,1 opposed or harmful to society. 2 not sociable.,2.8
Antistatic  | Counteracting the effects of static electricity.,Antistatic  ,Counteracting the effects of static electricity.,2.4
Anti-tank  | Adj. Used against tanks.,Anti-tank  ,Adj. Used against tanks.,3.4
Antitetanus  | Effective against tetanus.,Antitetanus  ,Effective against tetanus.,2.8
Antithesis  |  1  direct opposite. 2 contrast. 3 rhetorical use of strongly contrasted words.  antithetical adj. ,Antithesis  ,1  direct opposite. 2 contrast. 3 rhetorical use of strongly contrasted words.  antithetical adj.,2.5
Antitoxin  | Antibody counteracting a toxin.  antitoxic adj.,Antitoxin  ,Antibody counteracting a toxin.  antitoxic adj.,2.1
Antitrades  |pl. Winds blowing in the opposite direction to  trade winds.,Antitrades  ,pl. Winds blowing in the opposite direction to  trade winds.,2.4
Antiviral  | Effective against viruses.,Antiviral  ,Effective against viruses.,2.4
Antler  | Branched horn of a stag or other deer.  antlered adj. ,Antler  ,Branched horn of a stag or other deer.  antlered adj.,2.9
Antonym  | Word opposite in meaning to another. ,Antonym  ,Word opposite in meaning to another.,2.9
"Antrum  |  natural cavity in the body, esp. In a bone. ",Antrum  ,"natural cavity in the body, esp. In a bone.",2.9
Anus  |  excretory opening at the end of the alimentary canal. ,Anus  ,excretory opening at the end of the alimentary canal.,3.1
Anvil  | Iron block on which metals are worked. ,Anvil  ,Iron block on which metals are worked.,3.3
"Anxiety  |  1 being anxious. 2 worry or concern. 3 eagerness, troubled desire. ",Anxiety  ,"1 being anxious. 2 worry or concern. 3 eagerness, troubled desire.",2.4
"Anxious  | 1 mentally troubled. 2 causing or marked by anxiety . 3 eager, uneasily wanting .  anxiously adv. ",Anxious  ,"1 mentally troubled. 2 causing or marked by anxiety . 3 eager, uneasily wanting .  anxiously adv.",2.8
"Any  | 1 a one, no matter which, of several . B some, no matter how much or many or of what sort . 2 a minimal amount of . 3 whichever is chosen . 4 an appreciable or significant . —pron. 1 any one . 2 any number or amount . —adv.  At all . ",Any  ,"1 a one, no matter which, of several . B some, no matter how much or many or of what sort . 2 a minimal amount of . 3 whichever is chosen . 4 an appreciable or significant . —pron. 1 any one . 2 any number or amount . —adv.  At all .",2.8
Anybody  | & pron. 1 any person. 2 person of importance .,Anybody  ,& pron. 1 any person. 2 person of importance .,2.5
Anyhow  | 1 anyway. 2 in a disorderly manner or state .,Anyhow  ,1 anyway. 2 in a disorderly manner or state .,3.3
Anyone  pro| Anybody.,Anyone  pro,Anybody.,3.2
Anything  pro| Any thing; thing of any sort.  anything but not at all.,Anything  pro,Any thing; thing of any sort.  anything but not at all.,3.3
Anyway  | 1 in any way or manner. 2 at any rate. 3 to resume .,Anyway  ,1 in any way or manner. 2 at any rate. 3 to resume .,2.9
Anywhere  —| In or to any place. —pron. Any place .,Anywhere  ,In or to any place. —pron. Any place .,3.2
