Jib1  | 1 triangular staysail. 2 projecting arm of a crane. ,Jib1  ,1 triangular staysail. 2 projecting arm of a crane.,3.0
Jib2  |  1  stop and refuse to go on. 2  show aversion to.  jibber n. ,Jib2  ,1  stop and refuse to go on. 2  show aversion to.  jibber n.,2.9
Jibe1  | Of ~gibe.,Jibe1  ,Of ~gibe.,3.0
Jibe2  |   1  swing across. 2 cause  to do this. 3  change course so that this happens. ,Jibe2  ,1  swing across. 2 cause  to do this. 3  change course so that this happens.,2.9
Jiff  |  colloq. Short time; moment . ,Jiff  ,colloq. Short time; moment .,2.9
Jiffy bag  | Propr. Padded envelope.,Jiffy bag  ,Propr. Padded envelope.,3.0
Jig  —| 1 a lively leaping dance. B music for this. 2 device that holds a piece of work and guides the tools operating on it. —v.  1 dance a jig. 2  move quickly and jerkily up and down; fidget. 3 work on or equip with a jig or jigs. ,Jig  ,1 a lively leaping dance. B music for this. 2 device that holds a piece of work and guides the tools operating on it. —v.  1 dance a jig. 2  move quickly and jerkily up and down; fidget. 3 work on or equip with a jig or jigs.,3.1
Jigger  | 1 billiards colloq. Cue-rest. 2 a measure of spirits etc. B small glass holding this. ,Jigger  ,1 billiards colloq. Cue-rest. 2 a measure of spirits etc. B small glass holding this.,2.9
Jiggered  | Colloq.  confounded . ,Jiggered  ,Colloq.  confounded .,2.8
Jiggery-pokery  | Colloq. Trickery; swindling. ,Jiggery-pokery  ,Colloq. Trickery; swindling.,3.0
Jiggle  |   Shake or jerk lightly; fidget. —n. Light shake. ,Jiggle  ,Shake or jerk lightly; fidget. —n. Light shake.,3.0
Jigsaw  | 1 a  picture on board or wood etc. Cut into irregular interlocking pieces to be reassembled as a pastime. B problem consisting of various pieces of information. 2 mechanical fretsaw with a fine blade.,Jigsaw  ,1 a  picture on board or wood etc. Cut into irregular interlocking pieces to be reassembled as a pastime. B problem consisting of various pieces of information. 2 mechanical fretsaw with a fine blade.,2.7
Jihad  |  muslim holy war against unbelievers. ,Jihad  ,muslim holy war against unbelievers.,2.9
Jilt  | Abruptly reject or abandon . ,Jilt  ,Abruptly reject or abandon .,2.8
Jim crow  | Us colloq. 1 segregation of blacks. 2 offens. A black. ,Jim crow  ,Us colloq. 1 segregation of blacks. 2 offens. A black.,2.9
Jim-jams  |pl. 1 slang = ~delirium tremens. 2 colloq. Nervousness; depression. ,Jim-jams  ,pl. 1 slang = ~delirium tremens. 2 colloq. Nervousness; depression.,3.4
"Jingle  —| 1 mixed ringing or clinking noise. 2 a repetition of sounds in a phrase etc. B short catchy verse or song in advertising etc. —v.  1  make a jingling sound. 2  be full of alliteration, rhymes, etc. ",Jingle  ,"1 mixed ringing or clinking noise. 2 a repetition of sounds in a phrase etc. B short catchy verse or song in advertising etc. —v.  1  make a jingling sound. 2  be full of alliteration, rhymes, etc.",2.9
Jingo  |  supporter of war; blustering patriot.  by jingo! Mild oath.  jingoism n. Jingoist n. Jingoistic adj. ,Jingo  ,supporter of war; blustering patriot.  by jingo! Mild oath.  jingoism n. Jingoist n. Jingoistic adj.,3.0
Jink  | 1 move elusively; dodge. 2 elude by dodging. —n. Dodging or eluding. ,Jink  ,1 move elusively; dodge. 2 elude by dodging. —n. Dodging or eluding.,2.6
Jinnee  |    spirit in human or animal form having power over people. ,Jinnee  ,spirit in human or animal form having power over people.,2.7
Jinx  | —n. Person or thing that seems to cause bad luck. —v.  Subject to bad luck. ,Jinx  ,—n. Person or thing that seems to cause bad luck. —v.  Subject to bad luck.,3.0
Jitter  | —n.  extreme nervousness. —v. Be nervous; act nervously.  jittery adj. Jitteriness n. ,Jitter  ,—n.  extreme nervousness. —v. Be nervous; act nervously.  jittery adj. Jitteriness n.,2.9
Jitterbug  —| 1 nervous person. 2 hist. Fast popular dance. —v.  hist. Dance the jitterbug.,Jitterbug  ,1 nervous person. 2 hist. Fast popular dance. —v.  hist. Dance the jitterbug.,3.0
Jiu-jitsu  | Of ~ju-jitsu.,Jiu-jitsu  ,Of ~ju-jitsu.,3.5
Jive  —| 1 lively dance popular esp. In the 1950s. 2 music for this. —v.  dance to or play jive music.  jiver n. ,Jive  ,1 lively dance popular esp. In the 1950s. 2 music for this. —v.  dance to or play jive music.  jiver n.,3.1
