"Lubber  | Clumsy fellow, lout. ",Lubber  ,"Clumsy fellow, lout.",2.9
Lubricant  | Substance used to reduce friction.,Lubricant  ,Substance used to reduce friction.,3.0
Lubricate  |  1 apply oil or grease etc. To. 2 make slippery.  lubrication n. Lubricator n. ,Lubricate  ,1 apply oil or grease etc. To. 2 make slippery.  lubrication n. Lubricator n.,3.0
"Lubricious  | 1 slippery, evasive. 2 lewd.  lubricity n. ",Lubricious  ,"1 slippery, evasive. 2 lewd.  lubricity n.",2.7
Lucerne  | = ~alfalfa. ,Lucerne  ,= ~alfalfa.,3.5
Lucid  | 1 expressing or expressed clearly. 2 sane.  lucidity n. Lucidly adv. Lucidness n. ,Lucid  ,1 expressing or expressed clearly. 2 sane.  lucidity n. Lucidly adv. Lucidness n.,2.6
Lucifer  | Satan. ,Lucifer  ,Satan.,2.8
Luck  | 1 good or bad fortune. 2 circumstances of life  brought by this. 3 good fortune; success due to chance .  no such luck colloq. Unfortunately not. ,Luck  ,1 good or bad fortune. 2 circumstances of life  brought by this. 3 good fortune; success due to chance .  no such luck colloq. Unfortunately not.,2.8
Luckless  | Unlucky; ending in failure.,Luckless  ,Unlucky; ending in failure.,2.1
Lucky  |  1 having or resulting from good luck. 2 bringing good luck .  luckily adv.,Lucky  ,1 having or resulting from good luck. 2 bringing good luck .  luckily adv.,2.7
Lucky dip  | Tub containing articles varying in value and chosen at random.,Lucky dip  ,Tub containing articles varying in value and chosen at random.,2.3
Lucrative  | Profitable.  lucratively adv. Lucrativeness n. ,Lucrative  ,Profitable.  lucratively adv. Lucrativeness n.,2.6
Lucre  | Derog. Financial gain. ,Lucre  ,Derog. Financial gain.,2.6
Luddite  —| 1 person opposed to industrial progress or new technology. 2 hist. Member of a band of english artisans who destroyed machinery . —adj. Of the luddites.  ludditism n. ,Luddite  ,1 person opposed to industrial progress or new technology. 2 hist. Member of a band of english artisans who destroyed machinery . —adj. Of the luddites.  ludditism n.,3.2
"Ludicrous  | Absurd, ridiculous, laughable.  ludicrously adv. Ludicrousness n. ",Ludicrous  ,"Absurd, ridiculous, laughable.  ludicrously adv. Ludicrousness n.",3.2
Ludo  | Simple board-game played with dice and counters. ,Ludo  ,Simple board-game played with dice and counters.,2.4
Luff  |  1 steer  nearer the wind. 2 raise or lower . ,Luff  ,1 steer  nearer the wind. 2 raise or lower .,2.8
"Lug  |  1 drag or carry with effort. 2 pull hard. —n. 1 hard or rough pull. 2 colloq. Ear. 3 projection on an object by which it may be carried, fixed in place, etc. ",Lug  ,"1 drag or carry with effort. 2 pull hard. —n. 1 hard or rough pull. 2 colloq. Ear. 3 projection on an object by which it may be carried, fixed in place, etc.",2.8
"Luggage  | Suitcases, bags, etc., for a traveller's belongings. ",Luggage  ,"Suitcases, bags, etc., for a traveller's belongings.",3.2
Lugger  | Small ship with four-cornered sails. ,Lugger  ,Small ship with four-cornered sails.,2.9
Lughole  | Slang ear.,Lughole  ,Slang ear.,3.1
Lugsail  | Four-cornered sail on a yard. ,Lugsail  ,Four-cornered sail on a yard.,2.5
Lugubrious  | Doleful.  lugubriously adv. Lugubriousness n. ,Lugubrious  ,Doleful.  lugubriously adv. Lugubriousness n.,2.8
Lugworm  | Large marine worm used as bait. ,Lugworm  ,Large marine worm used as bait.,2.5
"Lukewarm  | 1 moderately warm; tepid. 2 unenthusiastic, indifferent. ",Lukewarm  ,"1 moderately warm; tepid. 2 unenthusiastic, indifferent.",2.7
"Lull  | 1 soothe or send to sleep. 2  deceive  into undue confidence . 3 allay , usu. By deception. 4  Abate or fall quiet. —n. Temporary quiet period. ",Lull  ,"1 soothe or send to sleep. 2  deceive  into undue confidence . 3 allay , usu. By deception. 4  Abate or fall quiet. —n. Temporary quiet period.",2.8
Lullaby  |  soothing song to send a child to sleep. ,Lullaby  ,soothing song to send a child to sleep.,3.4
Lumbago  | Rheumatic pain in the muscles of the lower back. ,Lumbago  ,Rheumatic pain in the muscles of the lower back.,2.4
Lumbar  | Of the lower back area. ,Lumbar  ,Of the lower back area.,2.7
Lumbar puncture  | Withdrawal of spinal fluid from the lower back for diagnosis.,Lumbar puncture  ,Withdrawal of spinal fluid from the lower back for diagnosis.,2.9
"Lumber  —| 1 disused and cumbersome articles. 2 partly prepared timber. —v. 1  leave  With something unwanted or unpleasant. 2  obstruct, fill inconveniently. 3 cut and prepare forest timber. 4 move in a slow clumsy way. ",Lumber  ,"1 disused and cumbersome articles. 2 partly prepared timber. —v. 1  leave  With something unwanted or unpleasant. 2  obstruct, fill inconveniently. 3 cut and prepare forest timber. 4 move in a slow clumsy way.",3.1
Lumberjack  | Person who fells and transports lumber.,Lumberjack  ,Person who fells and transports lumber.,2.6
Lumber-jacket  | Jacket of the kind worn by lumberjacks.,Lumber-jacket  ,Jacket of the kind worn by lumberjacks.,3.2
Lumber-room  | Room where disused things are kept.,Lumber-room  ,Room where disused things are kept.,3.2
Luminary  |  1 literary natural light-giving body. 2 wise or inspiring person. 3 celebrated member of a group . ,Luminary  ,1 literary natural light-giving body. 2 wise or inspiring person. 3 celebrated member of a group .,3.0
Luminescence  | Emission of light without heat.  luminescent adj.,Luminescence  ,Emission of light without heat.  luminescent adj.,3.5
"Luminous  | 1 shedding light. 2 phosphorescent, visible in darkness .  luminosity n.",Luminous  ,"1 shedding light. 2 phosphorescent, visible in darkness .  luminosity n.",2.8
"Lump1  —| 1 compact shapeless mass. 2 tumour; swelling, bruise. 3 heavy, dull, or ungainly person. 4  slang casual workers in the building trade. —v. 1  Treat as all alike; put together in a lump. 2  Become lumpy.  lump in the throat feeling of pressure there, caused by emotion. ",Lump1  ,"1 compact shapeless mass. 2 tumour; swelling, bruise. 3 heavy, dull, or ungainly person. 4  slang casual workers in the building trade. —v. 1  Treat as all alike; put together in a lump. 2  Become lumpy.  lump in the throat feeling of pressure there, caused by emotion.",2.9
Lump2  | Colloq. Put up with ungraciously . ,Lump2  ,Colloq. Put up with ungraciously .,2.9
Lumpectomy  |  surgical removal of a lump from the breast.,Lumpectomy  ,surgical removal of a lump from the breast.,2.4
"Lumpish  | 1 heavy and clumsy. 2 stupid, lethargic.",Lumpish  ,"1 heavy and clumsy. 2 stupid, lethargic.",3.0
Lump sugar  | Sugar in cubes.,Lump sugar  ,Sugar in cubes.,2.7
Lump sum  | 1 sum covering a number of items. 2 money paid down at once.,Lump sum  ,1 sum covering a number of items. 2 money paid down at once.,3.0
Lumpy  |  full of or covered with lumps.  lumpily adv. Lumpiness n.,Lumpy  ,full of or covered with lumps.  lumpily adv. Lumpiness n.,2.8
Lunacy  |  1 insanity. 2 mental unsoundness. 3 great folly. ,Lunacy  ,1 insanity. 2 mental unsoundness. 3 great folly.,2.9
"Lunar  | Of, like, concerned with, or determined by the moon. ",Lunar  ,"Of, like, concerned with, or determined by the moon.",2.7
Lunar module  | Small craft for travelling between the moon and a spacecraft in orbit around it.,Lunar module  ,Small craft for travelling between the moon and a spacecraft in orbit around it.,3.1
"Lunar month  | 1 period of the moon's revolution, esp. The interval between new moons . 2  four weeks.",Lunar month  ,"1 period of the moon's revolution, esp. The interval between new moons . 2  four weeks.",2.5
Lunate  | Crescent-shaped.,Lunate  ,Crescent-shaped.,3.1
Lunatic  —| 1 insane person. 2 wildly foolish person. —adj. Insane; extremely reckless or foolish. ,Lunatic  ,1 insane person. 2 wildly foolish person. —adj. Insane; extremely reckless or foolish.,2.8
Lunatic asylum  | Hist. Mental home or hospital.,Lunatic asylum  ,Hist. Mental home or hospital.,2.5
Lunatic fringe  | Extreme or eccentric minority group.,Lunatic fringe  ,Extreme or eccentric minority group.,2.9
"Lunation  | Interval between new moons, about 291/2 days. ",Lunation  ,"Interval between new moons, about 291/2 days.",2.6
Lunch  —| Midday meal. —v. 1 take lunch. 2 entertain to lunch. ,Lunch  ,Midday meal. —v. 1 take lunch. 2 entertain to lunch.,2.8
Luncheon  | Formal lunch. ,Luncheon  ,Formal lunch.,3.0
Luncheon meat  | Tinned meat loaf of pork etc.,Luncheon meat  ,Tinned meat loaf of pork etc.,3.3
Luncheon voucher  | Voucher issued to employees and exchangeable for food at many restaurants and shops.,Luncheon voucher  ,Voucher issued to employees and exchangeable for food at many restaurants and shops.,2.9
Lung  | Either of the pair of respiratory organs in humans and many other vertebrates. ,Lung  ,Either of the pair of respiratory organs in humans and many other vertebrates.,2.6
Lunge  —| 1 sudden movement forward. 2 the basic attacking move in fencing. 3 long rope on which a horse is held and made to circle round its trainer. —v.   deliver or make a lunge. ,Lunge  ,1 sudden movement forward. 2 the basic attacking move in fencing. 3 long rope on which a horse is held and made to circle round its trainer. —v.   deliver or make a lunge.,2.7
Lupin  | Cultivated plant with long tapering spikes of flowers. ,Lupin  ,Cultivated plant with long tapering spikes of flowers.,2.6
Lupine  | Of or like wolves. ,Lupine  ,Of or like wolves.,3.0
Lupus  | Autoimmune inflammatory skin disease. ,Lupus  ,Autoimmune inflammatory skin disease.,2.7
Lurch1  —| Stagger; sudden unsteady movement or leaning. —v. Stagger; move or progress unsteadily. ,Lurch1  ,Stagger; sudden unsteady movement or leaning. —v. Stagger; move or progress unsteadily.,2.6
Lurch2  |  leave in the lurch desert  In difficulties. ,Lurch2  , leave in the lurch desert  In difficulties.,2.3
"Lurcher  | Crossbred dog, usu. A working dog crossed with a greyhound. ",Lurcher  ,"Crossbred dog, usu. A working dog crossed with a greyhound.",2.7
Lure  |  1  entice. 2 recall with a lure. —n. 1 thing used to entice. 2  enticing quality . 3 falconer's apparatus for recalling a hawk. ,Lure  ,1  entice. 2 recall with a lure. —n. 1 thing used to entice. 2  enticing quality . 3 falconer's apparatus for recalling a hawk.,2.7
Lurex  | Propr. 1 type of yarn incorporating a glittering metallic thread. 2 fabric made from this.,Lurex  ,Propr. 1 type of yarn incorporating a glittering metallic thread. 2 fabric made from this.,3.3
"Lurid  | 1 bright and glaring in colour. 2 sensational, shocking . 3 ghastly, wan .  luridly adv. ",Lurid  ,"1 bright and glaring in colour. 2 sensational, shocking . 3 ghastly, wan .  luridly adv.",2.7
"Lurk  | 1 linger furtively. 2 a lie in ambush. B  Hide, esp. For sinister purposes. 3  Dormant . ",Lurk  ,"1 linger furtively. 2 a lie in ambush. B  Hide, esp. For sinister purposes. 3  Dormant .",2.6
Luscious  | 1 richly sweet in taste or smell. 2  over-rich. 3 voluptuously attractive. ,Luscious  ,1 richly sweet in taste or smell. 2  over-rich. 3 voluptuously attractive.,2.3
Lush1  | 1  luxuriant and succulent. 2 luxurious. 3 slang excellent. ,Lush1  ,1  luxuriant and succulent. 2 luxurious. 3 slang excellent.,2.7
"Lush2  | Slang alcoholic, drunkard. ",Lush2  ,"Slang alcoholic, drunkard.",2.6
Lust  —| 1 strong sexual desire. 2  passionate desire for or enjoyment of . 3 sensuous appetite regarded as sinful . —v.  have a strong or excessive  desire.  lustful adj. Lustfully adv. ,Lust  ,1 strong sexual desire. 2  passionate desire for or enjoyment of . 3 sensuous appetite regarded as sinful . —v.  have a strong or excessive  desire.  lustful adj. Lustfully adv.,3.1
"Luster  |  1 gloss, shining surface. 2 brilliance, splendour. 3 iridescent glaze on pottery and porcelain.  lustrous adj. ",Luster  ,"1 gloss, shining surface. 2 brilliance, splendour. 3 iridescent glaze on pottery and porcelain.  lustrous adj.",3.1
"Lustre  |  1 gloss, shining surface. 2 brilliance, splendour. 3 iridescent glaze on pottery and porcelain.  lustrous adj. ",Lustre  ,"1 gloss, shining surface. 2 brilliance, splendour. 3 iridescent glaze on pottery and porcelain.  lustrous adj.",2.8
"Lusty  |  1 healthy and strong. 2 vigorous, lively.  lustily adv. Lustiness n. ",Lusty  ,"1 healthy and strong. 2 vigorous, lively.  lustily adv. Lustiness n.",3.0
Lutanist  | Of ~lutenist.,Lutanist  ,Of ~lutenist.,3.1
Lute1  | Guitar-like instrument with a long neck and a pear-shaped body. ,Lute1  ,Guitar-like instrument with a long neck and a pear-shaped body.,3.3
Lute2  —| Clay or cement for making joints airtight etc. —v.  apply lute to. ,Lute2  ,Clay or cement for making joints airtight etc. —v.  apply lute to.,3.2
Lutenist  |  lute-player. ,Lutenist  ,lute-player.,3.4
"Lutetium  | Silvery metallic element, the heaviest of the lanthanide series. ",Lutetium  ,"Silvery metallic element, the heaviest of the lanthanide series.",3.2
"Lutheran  —| 1 follower of luther. 2 member of the lutheran church. —adj. Of luther, or the protestant reformation and the doctrines associated with him.  lutheranism n. ",Lutheran  ,"1 follower of luther. 2 member of the lutheran church. —adj. Of luther, or the protestant reformation and the doctrines associated with him.  lutheranism n.",3.6
Lux  |   the si unit of illumination. ,Lux  ,the si unit of illumination.,2.9
Luxuriant  | 1 growing profusely. 2 exuberant. 3 florid.  luxuriance n. Luxuriantly adv. ,Luxuriant  ,1 growing profusely. 2 exuberant. 3 florid.  luxuriance n. Luxuriantly adv.,2.9
"Luxuriate  |  1  take self-indulgent delight in, enjoy as a luxury. 2 relax in comfort.",Luxuriate  ,"1  take self-indulgent delight in, enjoy as a luxury. 2 relax in comfort.",3.0
Luxurious  | 1 supplied with luxuries. 2 extremely comfortable. 3 fond of luxury.  luxuriously adv. ,Luxurious  ,1 supplied with luxuries. 2 extremely comfortable. 3 fond of luxury.  luxuriously adv.,3.0
"Luxury  |  1 choice or costly surroundings, possessions, etc. 2 thing giving comfort or enjoyment but not essential. 3  Comfortable and expensive . ",Luxury  ,"1 choice or costly surroundings, possessions, etc. 2 thing giving comfort or enjoyment but not essential. 3  Comfortable and expensive .",3.6
