Hyacinth  | 1 bulbous plant with racemes of bell-shaped  fragrant flowers. 2 purplish-blue. ,Hyacinth  ,1 bulbous plant with racemes of bell-shaped  fragrant flowers. 2 purplish-blue.,2.4
Hyaena  | Of ~hyena.,Hyaena  ,Of ~hyena.,3.0
"Hybrid  —| 1 offspring of two plants or animals of different species or varieties. 2 thing composed of diverse elements, e.g. A word with parts taken from different languages. —adj. 1 bred as a hybrid. 2 heterogeneous.  hybridism n. ",Hybrid  ,"1 offspring of two plants or animals of different species or varieties. 2 thing composed of diverse elements, e.g. A word with parts taken from different languages. —adj. 1 bred as a hybrid. 2 heterogeneous.  hybridism n.",3.2
Hybridize  |   1 subject  To crossbreeding. 2 a produce hybrids. B  interbreed.  hybridization n.,Hybridize  ,1 subject  To crossbreeding. 2 a produce hybrids. B  interbreed.  hybridization n.,2.7
Hydra  | 1 freshwater polyp with a tubular body and tentacles. 2 something hard to destroy. ,Hydra  ,1 freshwater polyp with a tubular body and tentacles. 2 something hard to destroy.,2.8
"Hydrangea  | Shrub with globular clusters of white, pink, or blue flowers. ",Hydrangea  ,"Shrub with globular clusters of white, pink, or blue flowers.",3.3
"Hydrant  | Outlet  with a nozzle for a hose, for drawing water from the main. ",Hydrant  ,"Outlet  with a nozzle for a hose, for drawing water from the main.",3.0
Hydrate  —| Compound in which water is chemically combined with another compound or an element. —v.  1 combine chemically with water. 2 cause to absorb water.  hydration n. ,Hydrate  ,Compound in which water is chemically combined with another compound or an element. —v.  1 combine chemically with water. 2 cause to absorb water.  hydration n.,3.3
Hydraulic  | 1  Conveyed through pipes or channels. 2  Operated by liquid moving in this way .  hydraulically adv. ,Hydraulic  ,1  Conveyed through pipes or channels. 2  Operated by liquid moving in this way .  hydraulically adv.,2.9
"Hydraulics  |pl.  Science of the conveyance of liquids through pipes etc., esp. As motive power.",Hydraulics  ,"pl.  Science of the conveyance of liquids through pipes etc., esp. As motive power.",2.8
Hydride  | Compound of hydrogen with an element.,Hydride  ,Compound of hydrogen with an element.,2.8
"Hydro  |  colloq. 1 hotel or clinic etc., orig. Providing hydropathic treatment. 2 hydroelectric power plant. ",Hydro  ,"colloq. 1 hotel or clinic etc., orig. Providing hydropathic treatment. 2 hydroelectric power plant.",3.0
Hydro-  | Form 1 having to do with water . 2 combined with hydrogen . ,Hydro-  ,Form 1 having to do with water . 2 combined with hydrogen .,3.3
Hydrocarbon  | Compound of hydrogen and carbon.,Hydrocarbon  ,Compound of hydrogen and carbon.,2.4
"Hydrocephalus  | Accumulated fluid in the brain, esp. In young children.  hydrocephalic adj. ",Hydrocephalus  ,"Accumulated fluid in the brain, esp. In young children.  hydrocephalic adj.",2.9
Hydrochloric acid  | Solution of the colourless gas hydrogen chloride in water.,Hydrochloric acid  ,Solution of the colourless gas hydrogen chloride in water.,2.7
Hydrocyanic acid  | Highly poisonous liquid smelling of bitter almonds; prussic acid.,Hydrocyanic acid  ,Highly poisonous liquid smelling of bitter almonds; prussic acid.,2.7
Hydrodynamics  |pl.  Science of forces acting on or exerted by fluids .  hydrodynamic adj.,Hydrodynamics  ,pl.  Science of forces acting on or exerted by fluids .  hydrodynamic adj.,3.0
Hydroelectric  | 1 generating electricity by water-power. 2  so generated.  hydroelectricity n.,Hydroelectric  ,1 generating electricity by water-power. 2  so generated.  hydroelectricity n.,3.2
Hydrofoil  | 1 boat equipped with planes for lifting its hull out of the water to increase its speed. 2 such a plane.,Hydrofoil  ,1 boat equipped with planes for lifting its hull out of the water to increase its speed. 2 such a plane.,2.8
"Hydrogen  | Tasteless odourless gas, the lightest element, occurring in water and all organic compounds.  hydrogenous adj. ",Hydrogen  ,"Tasteless odourless gas, the lightest element, occurring in water and all organic compounds.  hydrogenous adj.",2.9
Hydrogenate  |  charge with or cause to combine with hydrogen.  hydrogenation n.,Hydrogenate  ,charge with or cause to combine with hydrogen.  hydrogenation n.,3.1
Hydrogen bomb  | Immensely powerful bomb utilizing the explosive fusion of hydrogen nuclei.,Hydrogen bomb  ,Immensely powerful bomb utilizing the explosive fusion of hydrogen nuclei.,1.9
Hydrogen peroxide  | Viscous unstable liquid with strong oxidizing properties.,Hydrogen peroxide  ,Viscous unstable liquid with strong oxidizing properties.,3.1
Hydrogen sulphide  | Poisonous unpleasant-smelling gas formed by rotting animal matter.,Hydrogen sulphide  ,Poisonous unpleasant-smelling gas formed by rotting animal matter.,3.2
"Hydrography  | Science of surveying and charting seas, lakes, rivers, etc.  hydrographer n. Hydrographic adj.",Hydrography  ,"Science of surveying and charting seas, lakes, rivers, etc.  hydrographer n. Hydrographic adj.",2.6
"Hydrology  | Science of the properties of water, esp. Of its movement in relation to land.  hydrologist n.",Hydrology  ,"Science of the properties of water, esp. Of its movement in relation to land.  hydrologist n.",2.7
Hydrolyse  |   decompose by hydrolysis.,Hydrolyse  ,decompose by hydrolysis.,2.7
"Hydrolysis  | Chemical reaction of a substance with water, usu. Resulting in decomposition. ",Hydrolysis  ,"Chemical reaction of a substance with water, usu. Resulting in decomposition.",2.6
Hydrolyze  |   decompose by hydrolysis.,Hydrolyze  ,decompose by hydrolysis.,2.3
Hydrometer  | Instrument for measuring the density of liquids.,Hydrometer  ,Instrument for measuring the density of liquids.,3.1
Hydropathy  |  treatment of disease by water.  hydropathic adj. ,Hydropathy  ,treatment of disease by water.  hydropathic adj.,2.7
Hydrophilic  | 1 having an affinity for water. 2 wettable by water. ,Hydrophilic  ,1 having an affinity for water. 2 wettable by water.,2.2
"Hydrophobia  | 1 aversion to water, esp. As a symptom of rabies in humans. 2 rabies, esp. In humans.  hydrophobic adj.",Hydrophobia  ,"1 aversion to water, esp. As a symptom of rabies in humans. 2 rabies, esp. In humans.  hydrophobic adj.",2.3
Hydroplane  | 1 light fast motor boat that skims over water. 2 finlike attachment enabling a submarine to rise and descend.,Hydroplane  ,1 light fast motor boat that skims over water. 2 finlike attachment enabling a submarine to rise and descend.,2.8
"Hydroponics  | Growing plants without soil, in sand, gravel, or liquid, with added nutrients. ",Hydroponics  ,"Growing plants without soil, in sand, gravel, or liquid, with added nutrients.",3.0
Hydrosphere  | Waters of the earth's surface.,Hydrosphere  ,Waters of the earth's surface.,2.9
Hydrostatic  | Of the equilibrium of liquids and the pressure exerted by liquid at rest. ,Hydrostatic  ,Of the equilibrium of liquids and the pressure exerted by liquid at rest.,2.6
Hydrostatics  |pl.  Mechanics of the hydrostatic properties of liquids.,Hydrostatics  ,pl.  Mechanics of the hydrostatic properties of liquids.,3.2
"Hydrotherapy  | Use of water, esp. Swimming, in the treatment of arthritis, paralysis, etc.",Hydrotherapy  ,"Use of water, esp. Swimming, in the treatment of arthritis, paralysis, etc.",2.8
Hydrous  | Containing water. ,Hydrous  ,Containing water.,2.6
Hydroxide  | Compound containing oxygen and hydrogen as either a hydroxide ion or a hydroxyl group.,Hydroxide  ,Compound containing oxygen and hydrogen as either a hydroxide ion or a hydroxyl group.,2.5
Hydroxyl  |  Univalent group containing hydrogen and oxygen.,Hydroxyl  ,Univalent group containing hydrogen and oxygen.,3.2
Hyena  |  doglike flesh-eating mammal. ,Hyena  ,doglike flesh-eating mammal.,2.7
"Hygiene  | 1 conditions or practices, esp. Cleanliness, conducive to maintaining health. 2 science of maintaining health.  hygienic adj. Hygienically adv. Hygienist n. ",Hygiene  ,"1 conditions or practices, esp. Cleanliness, conducive to maintaining health. 2 science of maintaining health.  hygienic adj. Hygienically adv. Hygienist n.",3.0
Hygrometer  | Instrument for measuring the humidity of the air or a gas. ,Hygrometer  ,Instrument for measuring the humidity of the air or a gas.,3.1
Hygroscope  | Instrument indicating but not measuring the humidity of the air.,Hygroscope  ,Instrument indicating but not measuring the humidity of the air.,3.1
Hygroscopic  | 1 of the hygroscope. 2  tending to absorb moisture from the air.,Hygroscopic  ,1 of the hygroscope. 2  tending to absorb moisture from the air.,2.9
"Hymen  | Membrane at the opening of the vagina, usu. Broken at the first occurrence of sexual intercourse. ",Hymen  ,"Membrane at the opening of the vagina, usu. Broken at the first occurrence of sexual intercourse.",2.8
"Hymenopterous  | Of an order of insects having four transparent wings, including bees, wasps, and ants. ",Hymenopterous  ,"Of an order of insects having four transparent wings, including bees, wasps, and ants.",2.9
Hymn  —| 1 song of esp. Christian praise. 2 crusading theme . —v. Praise or celebrate in hymns. ,Hymn  ,1 song of esp. Christian praise. 2 crusading theme . —v. Praise or celebrate in hymns.,2.7
Hymnal  | Book of hymns. ,Hymnal  ,Book of hymns.,2.8
Hymnology  |  1 the composition or study of hymns. 2 hymns collectively.  hymnologist n.,Hymnology  ,1 the composition or study of hymns. 2 hymns collectively.  hymnologist n.,2.5
"Hyoscine  | Poisonous alkaloid found in plants of the nightshade family, used to prevent motion sickness etc. ",Hyoscine  ,"Poisonous alkaloid found in plants of the nightshade family, used to prevent motion sickness etc.",2.6
Hype  slang —| Extravagant or intensive promotion of a product etc. —v.  promote with hype. ,Hype  slang ,Extravagant or intensive promotion of a product etc. —v.  promote with hype.,2.5
Hyped up  | Slang nervously excited or stimulated. ,Hyped up  ,Slang nervously excited or stimulated.,1.6
"Hyper  | Slang hyperactive, highly-strung. ",Hyper  ,"Slang hyperactive, highly-strung.",3.1
Hyperactive  |  abnormally active.,Hyperactive  ,abnormally active.,2.3
Hyperbola  |  plane curve produced when a cone is cut by a plane that makes a larger angle with the base than the side of the cone makes.  hyperbolic adj. ,Hyperbola  ,plane curve produced when a cone is cut by a plane that makes a larger angle with the base than the side of the cone makes.  hyperbolic adj.,2.9
"Hyperbole  | Exaggeration, esp. For effect.  hyperbolical adj.",Hyperbole  ,"Exaggeration, esp. For effect.  hyperbolical adj.",2.7
"Hyperbolic function  | Function related to a rectangular hyperbola, e.g. A hyperbolic cosine or sine.",Hyperbolic function  ,"Function related to a rectangular hyperbola, e.g. A hyperbolic cosine or sine.",2.7
Hypercritical  | Excessively critical.  hypercritically adv.,Hypercritical  ,Excessively critical.  hypercritically adv.,2.8
Hyperglycaemia  |  excess of glucose in the bloodstream. ,Hyperglycaemia  ,excess of glucose in the bloodstream.,2.1
Hyperglycemia  |  excess of glucose in the bloodstream. ,Hyperglycemia  ,excess of glucose in the bloodstream.,2.5
Hypermarket  | Very large supermarket.,Hypermarket  ,Very large supermarket.,3.0
"Hypermedia  | Provision of several media  on one computer system, with cross-references from one to another .",Hypermedia  ,"Provision of several media  on one computer system, with cross-references from one to another .",2.7
Hypersensitive  | Excessively sensitive.  hypersensitivity n.,Hypersensitive  ,Excessively sensitive.  hypersensitivity n.,1.9
Hypersonic  | 1 of speeds of more than five times that of sound. 2 of sound-frequencies above about a thousand million hertz.,Hypersonic  ,1 of speeds of more than five times that of sound. 2 of sound-frequencies above about a thousand million hertz.,2.5
Hypertension  | 1 abnormally high blood pressure. 2 great emotional tension.,Hypertension  ,1 abnormally high blood pressure. 2 great emotional tension.,2.6
"Hypertext  | Provision of several texts on one computer system, with cross-references from one to another.",Hypertext  ,"Provision of several texts on one computer system, with cross-references from one to another.",2.6
Hyperthermia  | Abnormally high body-temperature. ,Hyperthermia  ,Abnormally high body-temperature.,2.7
"Hyperthyroidism  | Overactivity of the thyroid gland, resulting in an increased rate of metabolism.",Hyperthyroidism  ,"Overactivity of the thyroid gland, resulting in an increased rate of metabolism.",1.9
Hyperventilation  | Abnormally rapid breathing.  hyperventilate v. .,Hyperventilation  ,Abnormally rapid breathing.  hyperventilate v. .,2.2
"Hyphen  —| Sign  used to join words semantically or syntactically , to indicate the division of a word at the end of a line, or to indicate a missing or implied element . —v. = ~hyphenate. ",Hyphen  ,"Sign  used to join words semantically or syntactically , to indicate the division of a word at the end of a line, or to indicate a missing or implied element . —v. = ~hyphenate.",2.1
Hyphenate  |  1 write  with a hyphen. 2 join  with a hyphen.  hyphenation n.,Hyphenate  ,1 write  with a hyphen. 2 join  with a hyphen.  hyphenation n.,2.4
Hypnosis  | 1 state like sleep in which the subject acts only on external suggestion. 2 artificially produced sleep. ,Hypnosis  ,1 state like sleep in which the subject acts only on external suggestion. 2 artificially produced sleep.,2.6
Hypnotherapy  | Treatment of mental disorders by hypnosis.,Hypnotherapy  ,Treatment of mental disorders by hypnosis.,2.6
Hypnotic  | 1 of or producing hypnosis. 2 inducing sleep. —n. Hypnotic drug or influence.  hypnotically adv. ,Hypnotic  ,1 of or producing hypnosis. 2 inducing sleep. —n. Hypnotic drug or influence.  hypnotically adv.,2.9
Hypnotism  | The study or practice of hypnosis.  hypnotist n.,Hypnotism  ,The study or practice of hypnosis.  hypnotist n.,2.4
Hypnotize  |   1 produce hypnosis in. 2 fascinate; capture the mind of.,Hypnotize  ,1 produce hypnosis in. 2 fascinate; capture the mind of.,2.8
Hypo1  | Sodium thiosulphate  used as a photographic fixer. ,Hypo1  ,Sodium thiosulphate  used as a photographic fixer.,2.6
Hypo2  |  slang = ~hypodermic n. ,Hypo2  ,slang = ~hypodermic n.,2.6
Hypocaust  | Space for underfloor hot-air heating in ancient roman houses. ,Hypocaust  ,Space for underfloor hot-air heating in ancient roman houses.,2.2
Hypochondria  | Abnormal and ill-founded anxiety about one's health. ,Hypochondria  ,Abnormal and ill-founded anxiety about one's health.,2.2
Hypochondriac  —| Person given to hypochondria. —adj. Of or affected by hypochondria.,Hypochondriac  ,Person given to hypochondria. —adj. Of or affected by hypochondria.,1.9
"Hypocrisy  |  1 false claim to virtue; insincerity, pretence. 2 instance of this. ",Hypocrisy  ,"1 false claim to virtue; insincerity, pretence. 2 instance of this.",2.4
Hypocrite  | Person given to hypocrisy.  hypocritical adj. Hypocritically adv.,Hypocrite  ,Person given to hypocrisy.  hypocritical adj. Hypocritically adv.,2.7
Hypodermic  | 1 of the area beneath the skin. 2 a injected beneath the skin. B  Used to do this. —n. Hypodermic injection or syringe. ,Hypodermic  ,1 of the area beneath the skin. 2 a injected beneath the skin. B  Used to do this. —n. Hypodermic injection or syringe.,2.3
Hypotension  | Abnormally low blood pressure.,Hypotension  ,Abnormally low blood pressure.,3.1
Hypotenuse  | Side opposite the right angle of a right-angled triangle. ,Hypotenuse  ,Side opposite the right angle of a right-angled triangle.,2.7
"Hypothalamus  |  region of the brain controlling body-temperature, thirst, hunger, etc.  hypothalamic adj. ",Hypothalamus  ,"region of the brain controlling body-temperature, thirst, hunger, etc.  hypothalamic adj.",3.1
Hypothermia  | Abnormally low body-temperature. ,Hypothermia  ,Abnormally low body-temperature.,2.6
Hypothesis  |  proposition or supposition made as the basis for reasoning or investigation. ,Hypothesis  ,proposition or supposition made as the basis for reasoning or investigation.,3.0
Hypothesize  |   form or assume a hypothesis.,Hypothesize  ,form or assume a hypothesis.,2.4
"Hypothetical  | 1 of, based on, or serving as a hypothesis. 2 supposed; not necessarily true.  hypothetically adv.",Hypothetical  ,"1 of, based on, or serving as a hypothesis. 2 supposed; not necessarily true.  hypothetically adv.",2.8
"Hypothyroidism  | Subnormal activity of the thyroid gland, resulting in cretinism.  hypothyroid n. & adj.",Hypothyroidism  ,"Subnormal activity of the thyroid gland, resulting in cretinism.  hypothyroid n. & adj.",2.4
Hypoventilation  | Abnormally slow breathing.,Hypoventilation  ,Abnormally slow breathing.,2.6
"Hyssop  | 1 small bushy aromatic herb, formerly used medicinally. 2 bibl. Plant whose twigs were used for sprinkling in jewish rites. ",Hyssop  ,"1 small bushy aromatic herb, formerly used medicinally. 2 bibl. Plant whose twigs were used for sprinkling in jewish rites.",2.6
Hysterectomy  |  surgical removal of the womb. ,Hysterectomy  ,surgical removal of the womb.,2.1
Hysteresis  | Phenomenon whereby changes in an effect lag behind changes in its cause. ,Hysteresis  ,Phenomenon whereby changes in an effect lag behind changes in its cause.,2.3
"Hysteria  | 1 wild uncontrollable emotion or excitement. 2 functional disturbance of the nervous system, of psychoneurotic origin. ",Hysteria  ,"1 wild uncontrollable emotion or excitement. 2 functional disturbance of the nervous system, of psychoneurotic origin.",2.2
Hysteric  | 1  A fit of hysteria. B colloq. Overwhelming laughter . 2 hysterical person.,Hysteric  ,1  A fit of hysteria. B colloq. Overwhelming laughter . 2 hysterical person.,1.9
Hysterical  | 1 of or affected with hysteria. 2 uncontrollably emotional. 3 colloq. Extremely funny.  hysterically adv.,Hysterical  ,1 of or affected with hysteria. 2 uncontrollably emotional. 3 colloq. Extremely funny.  hysterically adv.,2.4
