"To , before a vowel, when stressed —| 1 introducing a noun expressing: a what is reached, approached, or touched . B what is aimed at . C as far as . D what is followed . E what is considered or affected . F what is caused or produced . G what is compared . H what is increased . I what is involved or composed as specified . 2 introducing the infinitive: a as a verbal noun . B expressing purpose, consequence, or cause . C as a substitute for to + infinitive . —adv. 1 in the normal or required position or condition . 2  in a nearly closed position.  to and fro 1 backwards and forwards. 2 repeatedly between the same points. ",To ,"1 introducing a noun expressing: a what is reached, approached, or touched . B what is aimed at . C as far as . D what is followed . E what is considered or affected . F what is caused or produced . G what is compared . H what is increased . I what is involved or composed as specified . 2 introducing the infinitive: a as a verbal noun . B expressing purpose, consequence, or cause . C as a substitute for to + infinitive . —adv. 1 in the normal or required position or condition . 2  in a nearly closed position.  to and fro 1 backwards and forwards. 2 repeatedly between the same points.",2.8
Toad  | 1 froglike amphibian breeding in water but living chiefly on land. 2 repulsive person. ,Toad  ,1 froglike amphibian breeding in water but living chiefly on land. 2 repulsive person.,3.0
Toadflax  | Plant with yellow or purple flowers.,Toadflax  ,Plant with yellow or purple flowers.,2.9
Toad-in-the-hole  | Sausages baked in batter.,Toad-in-the-hole  ,Sausages baked in batter.,3.0
"Toadstool  | Fungus, usu. Poisonous, with a round top and slender stalk.",Toadstool  ,"Fungus, usu. Poisonous, with a round top and slender stalk.",3.0
Toady  —|  sycophant. —v.   behave servilely to; fawn upon.  toadyism n. ,Toady  ,sycophant. —v.   behave servilely to; fawn upon.  toadyism n.,3.3
Toast  —| 1 sliced bread browned on both sides by radiant heat. 2 a person or thing in whose honour a company is requested to drink. B call to drink or an instance of drinking in this way. —v. 1 brown by radiant heat. 2 warm  At a fire etc. 3 drink to the health or in honour of . ,Toast  ,1 sliced bread browned on both sides by radiant heat. 2 a person or thing in whose honour a company is requested to drink. B call to drink or an instance of drinking in this way. —v. 1 brown by radiant heat. 2 warm  At a fire etc. 3 drink to the health or in honour of .,3.5
Toaster  | Electrical device for making toast.,Toaster  ,Electrical device for making toast.,3.4
Toasting-fork  | Long-handled fork for making toast.,Toasting-fork  ,Long-handled fork for making toast.,3.3
Toastmaster  |  person responsible for announcing toasts at a public occasion.,Toastmaster  ,person responsible for announcing toasts at a public occasion.,3.5
Toast rack  | Rack for holding slices of toast at table.,Toast rack  ,Rack for holding slices of toast at table.,3.7
"Tobacco  |  1 plant of american origin with narcotic leaves used for smoking, chewing, or snuff. 2 its leaves, esp. As prepared for smoking. ",Tobacco  ,"1 plant of american origin with narcotic leaves used for smoking, chewing, or snuff. 2 its leaves, esp. As prepared for smoking.",3.2
"Tobacconist  | Dealer in tobacco, cigarettes, etc.",Tobacconist  ,"Dealer in tobacco, cigarettes, etc.",3.0
Toboggan  —| Long light narrow sledge for sliding downhill over snow or ice. —v. Ride on a toboggan. ,Toboggan  ,Long light narrow sledge for sliding downhill over snow or ice. —v. Ride on a toboggan.,3.0
Toby jug  | Jug or mug in the form of a stout man wearing a three-cornered hat. ,Toby jug  ,Jug or mug in the form of a stout man wearing a three-cornered hat.,3.1
"Toccata  | Musical composition for a keyboard instrument, designed to exhibit the performer's touch and technique. ",Toccata  ,"Musical composition for a keyboard instrument, designed to exhibit the performer's touch and technique.",2.9
Tocsin  | Alarm bell or signal. ,Tocsin  ,Alarm bell or signal.,2.9
Tod  | Slang  on one's tod alone; on one's own. ,Tod  ,Slang  on one's tod alone; on one's own.,2.7
Today  —| 1 on this present day. 2 nowadays. —n. 1 this present day. 2 modern times. ,Today  ,1 on this present day. 2 nowadays. —n. 1 this present day. 2 modern times.,3.1
"Toddle  |  1 walk with short unsteady steps like a small child. 2 colloq. A walk, stroll. B  depart. —n. Act of toddling. ",Toddle  ,"1 walk with short unsteady steps like a small child. 2 colloq. A walk, stroll. B  depart. —n. Act of toddling.",2.7
Toddler  | Child who is just learning to walk.,Toddler  ,Child who is just learning to walk.,2.8
Toddy  |  drink of spirits with hot water and sugar etc. ,Toddy  ,drink of spirits with hot water and sugar etc.,2.6
To-do  |  commotion or fuss.,To-do  ,commotion or fuss.,2.8
"Toe  —| 1 any of the five terminal projections of the foot. 2 corresponding part of an animal. 3 part of a shoe etc. That covers the toes. 4 lower end or tip of an implement etc. —v.  touch  With the toes.  on one's toes alert. Toe the line conform, esp. Under pressure. ",Toe  ,"1 any of the five terminal projections of the foot. 2 corresponding part of an animal. 3 part of a shoe etc. That covers the toes. 4 lower end or tip of an implement etc. —v.  touch  With the toes.  on one's toes alert. Toe the line conform, esp. Under pressure.",3.2
Toecap  |  outer covering of the toe of a boot or shoe.,Toecap  ,outer covering of the toe of a boot or shoe.,3.0
Toe-hold  | 1 small foothold. 2 small beginning or advantage.,Toe-hold  ,1 small foothold. 2 small beginning or advantage.,3.4
Toenail  | Nail of each toe.,Toenail  ,Nail of each toe.,3.3
Toff  | Slang upper-class person. ,Toff  ,Slang upper-class person.,2.4
"Toffee  | 1 firm or hard sweet made by boiling sugar, butter, etc. 2 this substance.  for toffee slang   at all . ",Toffee  ,"1 firm or hard sweet made by boiling sugar, butter, etc. 2 this substance.  for toffee slang   at all .",2.7
Toffee-apple  | Apple with a coating of toffee.,Toffee-apple  ,Apple with a coating of toffee.,3.4
"Toffee-nosed  | Slang snobbish, superior.",Toffee-nosed  ,"Slang snobbish, superior.",2.5
Tofu  | Curd of mashed soya beans. ,Tofu  ,Curd of mashed soya beans.,2.9
Tog1  | —n.  Item of clothing. —v.   dress. ,Tog1  ,—n.  Item of clothing. —v.   dress.,2.8
Tog2  | Unit of thermal resistance used to express the insulating properties of clothes and quilts. ,Tog2  ,Unit of thermal resistance used to express the insulating properties of clothes and quilts.,2.8
Toga  | Hist. Ancient roman citizen's loose flowing outer garment.  togaed adj. . ,Toga  ,Hist. Ancient roman citizen's loose flowing outer garment.  togaed adj. .,2.7
Together  —| 1 in company or conjunction . 2 simultaneously . 3 one with another . 4 into conjunction; so as to unite . 5 into company or companionship. 6 uninterruptedly . —adj. Colloq. Well-organized; self-assured; emotionally stable. together with as well as. ,Together  ,1 in company or conjunction . 2 simultaneously . 3 one with another . 4 into conjunction; so as to unite . 5 into company or companionship. 6 uninterruptedly . —adj. Colloq. Well-organized; self-assured; emotionally stable. together with as well as.,2.8
Togetherness  | 1 being together. 2 feeling of comfort from this.,Togetherness  ,1 being together. 2 feeling of comfort from this.,3.3
Toggle  | 1 fastener for a garment consisting of a crosspiece which passes through a hole or loop. 2 computing switch action that is operated the same way but with opposite effect on successive occasions. ,Toggle  ,1 fastener for a garment consisting of a crosspiece which passes through a hole or loop. 2 computing switch action that is operated the same way but with opposite effect on successive occasions.,2.9
Toggle switch  | Electric switch with a lever to be moved usu. Up and down.,Toggle switch  ,Electric switch with a lever to be moved usu. Up and down.,3.0
Toil  | 1 work laboriously or incessantly. 2 make slow painful progress. —n. Intensive labour; drudgery. ,Toil  ,1 work laboriously or incessantly. 2 make slow painful progress. —n. Intensive labour; drudgery.,2.7
"Toilet  | 1 = ~lavatory. 2 process of washing oneself, dressing, etc. . ",Toilet  ,"1 = ~lavatory. 2 process of washing oneself, dressing, etc. .",2.8
Toilet paper  | Paper for cleaning oneself after excreting.,Toilet paper  ,Paper for cleaning oneself after excreting.,2.9
Toilet roll  | Roll of toilet paper.,Toilet roll  ,Roll of toilet paper.,2.5
"Toiletry  |   Article or cosmetic used in washing, dressing, etc.",Toiletry  ,"Article or cosmetic used in washing, dressing, etc.",3.0
Toilet soap  | Soap for washing oneself.,Toilet soap  ,Soap for washing oneself.,2.7
Toilette  | = ~toilet 2. ,Toilette  ,= ~toilet 2.,3.1
Toilet-training  | Training of a young child to use the lavatory.  toilet-train v.,Toilet-training  ,Training of a young child to use the lavatory.  toilet-train v.,3.4
Toilet water  | Dilute perfume used after washing.,Toilet water  ,Dilute perfume used after washing.,2.7
"Toils  |pl. Net, snare. ",Toils  ,"pl. Net, snare.",3.1
Toilsome  | Involving toil.,Toilsome  ,Involving toil.,3.1
Toing and froing  | Constant movement to and fro; bustle; dispersed activity. ,Toing and froing  ,Constant movement to and fro; bustle; dispersed activity.,2.9
Tokay  | A sweet hungarian wine. ,Tokay  ,A sweet hungarian wine.,2.9
"Token  | 1 thing serving as a symbol, reminder, or mark . 2 voucher. 3 thing equivalent to something else, esp. Money. 4  A perfunctory . B conducted briefly to demonstrate strength of feeling . C chosen by tokenism to represent a group .",Token  ,"1 thing serving as a symbol, reminder, or mark . 2 voucher. 3 thing equivalent to something else, esp. Money. 4  A perfunctory . B conducted briefly to demonstrate strength of feeling . C chosen by tokenism to represent a group .",3.1
"Tokenism  | 1 granting of minimum concessions, esp. To minority groups. 2 making of only a token effort.",Tokenism  ,"1 granting of minimum concessions, esp. To minority groups. 2 making of only a token effort.",3.0
Told  | Of ~tell.,Told  ,Of ~tell.,2.7
Tolerable  | 1 endurable. 2 fairly good.  tolerably adv. ,Tolerable  ,1 endurable. 2 fairly good.  tolerably adv.,2.0
Tolerance  | 1 willingness or ability to tolerate; forbearance. 2 allowable variation in any measurable property.,Tolerance  ,1 willingness or ability to tolerate; forbearance. 2 allowable variation in any measurable property.,3.0
Tolerant  | 1 disposed to tolerate others or their acts or opinions. 2  enduring or patient.,Tolerant  ,1 disposed to tolerate others or their acts or opinions. 2  enduring or patient.,2.5
Tolerate  |  1 allow the existence or occurrence of without authoritative interference. 2 endure . 3 find or treat as endurable. 4 be able to take or undergo  Without adverse effects. ,Tolerate  ,1 allow the existence or occurrence of without authoritative interference. 2 endure . 3 find or treat as endurable. 4 be able to take or undergo  Without adverse effects.,2.9
"Toleration  | Tolerating or being tolerated, esp. The allowing of religious differences without discrimination. ",Toleration  ,"Tolerating or being tolerated, esp. The allowing of religious differences without discrimination.",2.9
"Toll1  | 1 charge to use a bridge, road, etc. 2 cost or damage caused by a disaster etc.  take its toll be accompanied by loss, injury, etc.",Toll1  ,"1 charge to use a bridge, road, etc. 2 cost or damage caused by a disaster etc.  take its toll be accompanied by loss, injury, etc.",2.6
Toll2  | 1 a  sound with slow uniform strokes. B ring  in this way. C  announce or mark  In this way. 2 strike . —n. 1 tolling. 2 stroke of a bell. ,Toll2  ,1 a  sound with slow uniform strokes. B ring  in this way. C  announce or mark  In this way. 2 strike . —n. 1 tolling. 2 stroke of a bell.,2.4
Toll-bridge  | Bridge at which a toll is charged.,Toll-bridge  ,Bridge at which a toll is charged.,3.2
Toll-gate  | Gate preventing passage until a toll is paid.,Toll-gate  ,Gate preventing passage until a toll is paid.,2.9
Toll-road  | Road maintained by the tolls collected on it.,Toll-road  ,Road maintained by the tolls collected on it.,2.7
"Toluene  | Colourless aromatic liquid hydrocarbon derivative of benzene, used in the manufacture of explosives etc. ",Toluene  ,"Colourless aromatic liquid hydrocarbon derivative of benzene, used in the manufacture of explosives etc.",2.6
Tom  |  male cat. ,Tom  ,male cat.,2.7
Tomahawk  | N. American indian war-axe. ,Tomahawk  ,N. American indian war-axe.,3.1
Tomato  |  1 glossy red or yellow pulpy edible fruit. 2 plant bearing this. ,Tomato  ,1 glossy red or yellow pulpy edible fruit. 2 plant bearing this.,2.7
Tomb  | 1 burial-vault. 2 grave. 3 sepulchral monument. ,Tomb  ,1 burial-vault. 2 grave. 3 sepulchral monument.,2.8
Tombola  | Lottery with tickets drawn from a drum for immediate prizes. ,Tombola  ,Lottery with tickets drawn from a drum for immediate prizes.,2.6
Tomboy  | Boisterous girl who enjoys activities traditionally associated with boys.  tomboyish adj. ,Tomboy  ,Boisterous girl who enjoys activities traditionally associated with boys.  tomboyish adj.,2.8
"Tombstone  | Memorial stone over a grave, usu. With an epitaph.",Tombstone  ,"Memorial stone over a grave, usu. With an epitaph.",2.7
"Tom, dick, and harry  |   person taken at random .",Tom,person taken at random .,2.7
Tome  | Heavy book or volume. ,Tome  ,Heavy book or volume.,2.8
"Tomfool  —| Foolish person. —attrib. Adj. Silly, foolish.",Tomfool  ,"Foolish person. —attrib. Adj. Silly, foolish.",2.7
Tomfoolery  | Foolish behaviour.,Tomfoolery  ,Foolish behaviour.,2.6
Tommy  |  colloq. British private soldier. ,Tommy  ,colloq. British private soldier.,2.8
Tommy-gun  | Sub-machine-gun. ,Tommy-gun  ,Sub-machine-gun.,3.3
Tommy-rot  | Slang nonsense. ,Tommy-rot  ,Slang nonsense.,3.1
Tomography  | Method of radiography displaying details in a selected plane within the body. ,Tomography  ,Method of radiography displaying details in a selected plane within the body.,3.3
Tomorrow  —| 1 on the day after today. 2 at some future time. —n. 1 the day after today. 2 the near future. ,Tomorrow  ,1 on the day after today. 2 at some future time. —n. 1 the day after today. 2 the near future.,3.1
"Tomtit  | Tit, esp. A blue tit.",Tomtit  ,"Tit, esp. A blue tit.",2.8
Tom-tom  | 1 primitive drum beaten with the hands. 2 tall drum used in jazz bands etc. ,Tom-tom  ,1 primitive drum beaten with the hands. 2 tall drum used in jazz bands etc.,3.1
"Ton  | 1  unit of weight equal to 2,240 lb . 2  unit of weight equal to 2,000 lb . 3 = ~metric ton. 4  unit of measurement of a ship's weight or volume. 5  Colloq. Large number or amount . 6 slang a speed of 100 m.p.h. B £100.  weigh a ton colloq. Be very heavy. ",Ton  ,"1  unit of weight equal to 2,240 lb . 2  unit of weight equal to 2,000 lb . 3 = ~metric ton. 4  unit of measurement of a ship's weight or volume. 5  Colloq. Large number or amount . 6 slang a speed of 100 m.p.h. B £100.  weigh a ton colloq. Be very heavy.",2.7
Tonal  | Of or relating to tone or tonality.  tonally adv. ,Tonal  ,Of or relating to tone or tonality.  tonally adv.,3.1
Tonality  |  1 mus. A relationship between the tones of a musical scale. B observance of a single tonic key as the basis of a composition. 2 colour scheme of a picture.,Tonality  ,1 mus. A relationship between the tones of a musical scale. B observance of a single tonic key as the basis of a composition. 2 colour scheme of a picture.,3.0
"Tone  —| 1 musical or vocal sound, esp. With reference to its pitch, quality, and strength. 2  Modulation of the voice expressing a particular feeling or mood . 3 manner of expression in writing or speaking. 4 mus. A musical sound, esp. Of a definite pitch and character. B interval of a major second, e.g. C–d. 5 a general effect of colour or of light and shade in a picture. B tint or shade of a colour. 6 prevailing character of the morals and sentiments etc. In a group. 7 proper firmness of the body. 8 state of good or specified health. —v.  1 give the desired tone to. 2 modify the tone of. 3  attune. 4   be in harmony with.  tone down make or become softer in tone. Tone up make or become stronger in tone.  toneless adj. Tonelessly adv. Toner n. ",Tone  ,"1 musical or vocal sound, esp. With reference to its pitch, quality, and strength. 2  Modulation of the voice expressing a particular feeling or mood . 3 manner of expression in writing or speaking. 4 mus. A musical sound, esp. Of a definite pitch and character. B interval of a major second, e.g. C–d. 5 a general effect of colour or of light and shade in a picture. B tint or shade of a colour. 6 prevailing character of the morals and sentiments etc. In a group. 7 proper firmness of the body. 8 state of good or specified health. —v.  1 give the desired tone to. 2 modify the tone of. 3  attune. 4   be in harmony with.  tone down make or become softer in tone. Tone up make or become stronger in tone.  toneless adj. Tonelessly adv. Toner n.",3.2
Tone-deaf  | Unable to perceive differences of musical pitch accurately.,Tone-deaf  ,Unable to perceive differences of musical pitch accurately.,3.5
Tone poem  | Orchestral composition with a descriptive or rhapsodic theme.,Tone poem  ,Orchestral composition with a descriptive or rhapsodic theme.,3.4
"Tongs  |pl. Implement with two arms for grasping coal, sugar, etc. ",Tongs  ,"pl. Implement with two arms for grasping coal, sugar, etc.",2.8
"Tongue  —| 1 fleshy muscular organ in the mouth used in tasting, licking, and swallowing, and  for speech. 2 tongue of an ox etc. As food. 3 faculty of or tendency in speech . 4 particular language . 5 thing like a tongue in shape or position, esp.: a a long low promontory. B a strip of leather etc. Under the laces in a shoe. C the clapper of a bell. D the pin of a buckle. E a projecting strip on a board etc. Fitting into the groove of another. —v.  use the tongue to articulate  in playing a wind instrument. find  one's tongue be able  to express oneself after a shock etc. Hold one's tongue see ~hold1. With one's tongue in one's cheek insincerely or ironically. ",Tongue  ,"1 fleshy muscular organ in the mouth used in tasting, licking, and swallowing, and  for speech. 2 tongue of an ox etc. As food. 3 faculty of or tendency in speech . 4 particular language . 5 thing like a tongue in shape or position, esp.: a a long low promontory. B a strip of leather etc. Under the laces in a shoe. C the clapper of a bell. D the pin of a buckle. E a projecting strip on a board etc. Fitting into the groove of another. —v.  use the tongue to articulate  in playing a wind instrument. find  one's tongue be able  to express oneself after a shock etc. Hold one's tongue see ~hold1. With one's tongue in one's cheek insincerely or ironically.",2.8
Tongue-and-groove  —|  Planking etc. With a projecting strip down one side and a groove down the other. —v. 1 panel with tongue-and-groove. 2  Having a tongue-and-groove joint.,Tongue-and-groove  ,Planking etc. With a projecting strip down one side and a groove down the other. —v. 1 panel with tongue-and-groove. 2  Having a tongue-and-groove joint.,3.3
Tongue-in-cheek  | Ironic. —adv. Insincerely or ironically.,Tongue-in-cheek  ,Ironic. —adv. Insincerely or ironically.,3.1
Tongue-tie  | Speech impediment due to a malformation of the tongue.,Tongue-tie  ,Speech impediment due to a malformation of the tongue.,3.2
Tongue-tied  | 1 too shy or embarrassed to speak. 2 having a tongue-tie.,Tongue-tied  ,1 too shy or embarrassed to speak. 2 having a tongue-tie.,3.1
Tongue-twister  | Sequence of words difficult to pronounce quickly and correctly.,Tongue-twister  ,Sequence of words difficult to pronounce quickly and correctly.,3.4
Tonic  —| 1 invigorating medicine. 2 anything serving to invigorate. 3 = ~tonic water. 4 mus. Keynote. —adj. Invigorating. ,Tonic  ,1 invigorating medicine. 2 anything serving to invigorate. 3 = ~tonic water. 4 mus. Keynote. —adj. Invigorating.,2.6
Tonic sol-fa  | Mus. System of notation used esp. In teaching singing.,Tonic sol-fa  ,Mus. System of notation used esp. In teaching singing.,3.1
Tonic water  | Carbonated water flavoured with quinine.,Tonic water  ,Carbonated water flavoured with quinine.,2.8
Tonight  —| On the present or approaching evening or night. —n. The evening or night of the present day. ,Tonight  ,On the present or approaching evening or night. —n. The evening or night of the present day.,2.8
Tonnage  | 1 ship's internal cubic capacity or freight-carrying capacity. 2 charge per ton on freight or cargo. ,Tonnage  ,1 ship's internal cubic capacity or freight-carrying capacity. 2 charge per ton on freight or cargo.,3.4
Tonne  | = ~metric ton. ,Tonne  ,= ~metric ton.,2.8
"Tonsil  | Either of two small organs, one on each side of the root of the tongue. ",Tonsil  ,"Either of two small organs, one on each side of the root of the tongue.",3.1
Tonsillectomy  |  surgical removal of the tonsils.,Tonsillectomy  ,surgical removal of the tonsils.,3.7
Tonsillitis  | Inflammation of the tonsils.,Tonsillitis  ,Inflammation of the tonsils.,2.4
Tonsorial  | Usu. Joc. Of a hairdresser or hairdressing. ,Tonsorial  ,Usu. Joc. Of a hairdresser or hairdressing.,3.0
"Tonsure  —| 1 shaving of the crown of the head or the entire head, esp. Of a person entering the priesthood or a monastic order. 2 bare patch made in this way. —v.  give a tonsure to. ",Tonsure  ,"1 shaving of the crown of the head or the entire head, esp. Of a person entering the priesthood or a monastic order. 2 bare patch made in this way. —v.  give a tonsure to.",2.8
"Ton-up  | Adj. Slang  achieving a speed of 100 m.p.h., esp. Habitually.",Ton-up  ,"Adj. Slang  achieving a speed of 100 m.p.h., esp. Habitually.",2.7
Too  | 1 to a greater extent than is desirable or permissible . 2 colloq. Very . 3 in addition . 4 moreover .  none too rather less than . Too bad see ~bad. Too much intolerable. Too much for 1 more than a match for. 2 beyond what is endurable by. Too right see ~right. ,Too  ,1 to a greater extent than is desirable or permissible . 2 colloq. Very . 3 in addition . 4 moreover .  none too rather less than . Too bad see ~bad. Too much intolerable. Too much for 1 more than a match for. 2 beyond what is endurable by. Too right see ~right.,3.3
Took  past of ~take.,Took  past of ,Took  past of ~take.,3.4
"Tool  —| 1 implement used to carry out mechanical functions by hand or by machine. 2 thing used in an occupation or pursuit . 3 person merely used by another. 4 coarse slang penis. —v. 1 dress  with a chisel. 2 impress a design on . 3  Slang drive or ride, esp. In a casual or leisurely manner. ",Tool  ,"1 implement used to carry out mechanical functions by hand or by machine. 2 thing used in an occupation or pursuit . 3 person merely used by another. 4 coarse slang penis. —v. 1 dress  with a chisel. 2 impress a design on . 3  Slang drive or ride, esp. In a casual or leisurely manner.",2.9
Toolmaker  | Person who makes precision tools.  toolmaking n.,Toolmaker  ,Person who makes precision tools.  toolmaking n.,3.3
Tool-pusher  | Worker directing the drilling on an oil rig.,Tool-pusher  ,Worker directing the drilling on an oil rig.,3.4
Toot  —| Short sharp sound as made by a trumpet. —v. 1 sound  With a short sharp sound. 2 give out such a sound. ,Toot  ,Short sharp sound as made by a trumpet. —v. 1 sound  With a short sharp sound. 2 give out such a sound.,3.3
"Tooth  |  1 each of a set of hard bony enamel-coated structures in the jaws of most vertebrates, used for biting and chewing. 2 toothlike part or projection, e.g. The cog of a gearwheel, the point of a saw or comb, etc. 3  taste; appetite. 4  Force, effectiveness.  armed to the teeth completely and elaborately armed. Fight tooth and nail fight very fiercely. Get one's teeth into devote oneself seriously to. In the teeth of 1 in spite of . 2 contrary to . 3 directly against .  toothed adj. . Toothless adj. ",Tooth  ,"1 each of a set of hard bony enamel-coated structures in the jaws of most vertebrates, used for biting and chewing. 2 toothlike part or projection, e.g. The cog of a gearwheel, the point of a saw or comb, etc. 3  taste; appetite. 4  Force, effectiveness.  armed to the teeth completely and elaborately armed. Fight tooth and nail fight very fiercely. Get one's teeth into devote oneself seriously to. In the teeth of 1 in spite of . 2 contrary to . 3 directly against .  toothed adj. . Toothless adj.",2.9
Toothache  | Pain in a tooth or teeth.,Toothache  ,Pain in a tooth or teeth.,2.6
Toothbrush  | Brush for cleaning the teeth.,Toothbrush  ,Brush for cleaning the teeth.,2.4
Tooth-comb  | = ~fine-tooth comb.,Tooth-comb  ,= ~fine-tooth comb.,2.9
Toothpaste  | Paste for cleaning the teeth.,Toothpaste  ,Paste for cleaning the teeth.,2.9
Toothpick  | Small sharp stick for removing food lodged between the teeth.,Toothpick  ,Small sharp stick for removing food lodged between the teeth.,2.9
Tooth powder  | Powder for cleaning the teeth.,Tooth powder  ,Powder for cleaning the teeth.,3.0
Toothsome  |  delicious.,Toothsome  ,delicious.,2.8
"Toothy  |  having large, numerous, or prominent teeth.",Toothy  ,"having large, numerous, or prominent teeth.",2.7
Tootle  |  1 toot gently or repeatedly. 2  Colloq. Move casually.,Tootle  ,1 toot gently or repeatedly. 2  Colloq. Move casually.,3.0
Tootsy  |  slang usu. Joc. Foot. ,Tootsy  ,slang usu. Joc. Foot.,3.2
"Top1  —| 1 highest point or part. 2 a highest rank or place. B person occupying this. C upper end or head . 3 upper surface or part of a thing. 4 stopper of a bottle, lid of a jar, etc. 5 garment for the upper part of the body. 6 utmost degree; height . 7  Colloq. Person or thing of the best quality. 8  Leaves etc. Of a plant grown esp. For its root . 9 naut. Platform round the head of the lower mast. 10 = ~top gear . —attrib. Adj. 1 highest in position. 2 highest in degree or importance. —v.  1 provide with a top, cap, etc. 2 be higher or better than; surpass; be at the top of . 3 reach the top of . 4 slang kill. 5 golf hit  above the centre.   off the top of one's head see ~head. On top in a superior position; above. On top of 1 fully in command of. 2 in close proximity to. 3 in addition to. On top of the world colloq. Exuberant. Over the top 1 over the parapet of a trench . 2 beyond what is normally acceptable . Top off  put an end or the finishing touch to.",Top1  ,"1 highest point or part. 2 a highest rank or place. B person occupying this. C upper end or head . 3 upper surface or part of a thing. 4 stopper of a bottle, lid of a jar, etc. 5 garment for the upper part of the body. 6 utmost degree; height . 7  Colloq. Person or thing of the best quality. 8  Leaves etc. Of a plant grown esp. For its root . 9 naut. Platform round the head of the lower mast. 10 = ~top gear . —attrib. Adj. 1 highest in position. 2 highest in degree or importance. —v.  1 provide with a top, cap, etc. 2 be higher or better than; surpass; be at the top of . 3 reach the top of . 4 slang kill. 5 golf hit  above the centre.   off the top of one's head see ~head. On top in a superior position; above. On top of 1 fully in command of. 2 in close proximity to. 3 in addition to. On top of the world colloq. Exuberant. Over the top 1 over the parapet of a trench . 2 beyond what is normally acceptable . Top off  put an end or the finishing touch to.",3.3
Top2  | Toy spinning on a point when set in motion. ,Top2  ,Toy spinning on a point when set in motion.,2.9
"Topaz  | Transparent mineral, usu. Yellow, used as a gem. ",Topaz  ,"Transparent mineral, usu. Yellow, used as a gem.",2.9
Top brass  | Colloq. Highest-ranking officers.,Top brass  ,Colloq. Highest-ranking officers.,3.8
Topcoat  | 1 overcoat. 2 outer coat of paint etc.,Topcoat  ,1 overcoat. 2 outer coat of paint etc.,2.8
Top dog  | Colloq. Victor; master.,Top dog  ,Colloq. Victor; master.,3.0
Top drawer  | Colloq. High social position or origin.,Top drawer  ,Colloq. High social position or origin.,3.1
Top-dress  | Apply fertilizer on the top of  instead of ploughing it in.  top-dressing n.,Top-dress  ,Apply fertilizer on the top of  instead of ploughing it in.  top-dressing n.,3.3
"Tope  |  archaic or literary drink alcohol to excess, esp. Habitually.  toper n. ",Tope  ,"archaic or literary drink alcohol to excess, esp. Habitually.  toper n.",2.9
Topee  | Of ~topi.,Topee  ,Of ~topi.,2.6
Top-flight  | Of the highest rank of achievement.,Top-flight  ,Of the highest rank of achievement.,3.2
"Topgallant  | Mast, sail, yard, or rigging immediately above the topmast and topsail.",Topgallant  ,"Mast, sail, yard, or rigging immediately above the topmast and topsail.",3.5
Top gear  | Highest gear.,Top gear  ,Highest gear.,3.4
Top hat  | Tall silk hat.,Top hat  ,Tall silk hat.,3.0
Top-heavy  | Disproportionately heavy at the top.,Top-heavy  ,Disproportionately heavy at the top.,3.1
"Topi  |   hat, esp. A sola topi. ",Topi  ,"hat, esp. A sola topi.",2.9
"Topiary  | Concerned with or formed by clipping shrubs, trees, etc. Into ornamental shapes. —n. Topiary art. ",Topiary  ,"Concerned with or formed by clipping shrubs, trees, etc. Into ornamental shapes. —n. Topiary art.",2.8
"Topic  | Subject of a discourse, conversation, or argument. ",Topic  ,"Subject of a discourse, conversation, or argument.",2.8
"Topical  | Dealing with the news, current affairs, etc.  topicality n. Topically adv.",Topical  ,"Dealing with the news, current affairs, etc.  topicality n. Topically adv.",3.1
"Topknot  | Knot, tuft, crest, or bow of ribbon, worn or growing on the head.",Topknot  ,"Knot, tuft, crest, or bow of ribbon, worn or growing on the head.",2.9
Topless  | 1 without a top. 2 a  having no upper part. B  bare-breasted. C  where women go topless; employing bare-breasted women.,Topless  ,1 without a top. 2 a  having no upper part. B  bare-breasted. C  where women go topless; employing bare-breasted women.,2.7
"Top-level  | Of the highest level of importance, prestige, etc.",Top-level  ,"Of the highest level of importance, prestige, etc.",3.1
Topmast  | Mast next above the lower mast.,Topmast  ,Mast next above the lower mast.,3.1
Top-notch  | Colloq. First-rate.,Top-notch  ,Colloq. First-rate.,3.1
"Topography  | 1 detailed description, representation on a map, etc., of the features of a town, district, etc. 2 such features.  topographer n. Topographical adj. ",Topography  ,"1 detailed description, representation on a map, etc., of the features of a town, district, etc. 2 such features.  topographer n. Topographical adj.",2.7
Topology  | The study of geometrical properties unaffected by changes of shape or size.  topological adj. ,Topology  ,The study of geometrical properties unaffected by changes of shape or size.  topological adj.,2.9
Topper  | Colloq. = ~top hat.,Topper  ,Colloq. = ~top hat.,3.1
"Topping  | Archaic slang excellent. —n. Thing that tops another thing, esp. Sauce on a dessert etc.",Topping  ,"Archaic slang excellent. —n. Thing that tops another thing, esp. Sauce on a dessert etc.",2.8
Topple  |  1   fall as if top-heavy. 2 overthrow. ,Topple  ,1   fall as if top-heavy. 2 overthrow.,3.1
Topsail  | Square sail next above the lowest; fore-and-aft sail on a gaff.,Topsail  ,Square sail next above the lowest; fore-and-aft sail on a gaff.,3.4
Top secret  | Of the highest secrecy.,Top secret  ,Of the highest secrecy.,3.8
Topside  | 1 outer side of a round of beef. 2 side of a ship above the water-line.,Topside  ,1 outer side of a round of beef. 2 side of a ship above the water-line.,3.1
Topsoil  | Top layer of soil.,Topsoil  ,Top layer of soil.,3.3
Topspin  | Spinning motion imparted to a ball in tennis etc. By hitting it forward and upward.,Topspin  ,Spinning motion imparted to a ball in tennis etc. By hitting it forward and upward.,3.0
Topsy-turvy  | 1 upside down. 2 in utter confusion. ,Topsy-turvy  ,1 upside down. 2 in utter confusion.,3.2
Top-up  | Addition; something that serves to top up.,Top-up  ,Addition; something that serves to top up.,3.3
Toque  | Woman's small brimless hat. ,Toque  ,Woman's small brimless hat.,3.1
Tor  | Hill or rocky peak. ,Tor  ,Hill or rocky peak.,2.8
"Torch  | 1 portable battery-powered electric lamp. 2 thing lit for illumination. 3 source of heat, illumination, or enlightenment.  carry a torch for suffer from unrequited love for. ",Torch  ,"1 portable battery-powered electric lamp. 2 thing lit for illumination. 3 source of heat, illumination, or enlightenment.  carry a torch for suffer from unrequited love for.",3.0
Torchlight  | Light of a torch or torches.  torchlit adj.,Torchlight  ,Light of a torch or torches.  torchlit adj.,3.2
Torch song  | Popular song of unrequited love.,Torch song  ,Popular song of unrequited love.,3.1
Tore  past of ~tear1.,Tore  past of ,Tore  past of ~tear1.,3.1
"Toreador  | Bullfighter, esp. On horseback. ",Toreador  ,"Bullfighter, esp. On horseback.",3.1
Torment  —| 1 severe physical or mental suffering. 2 cause of this. —v. 1 subject to torment. 2 tease or worry excessively.  tormentor n. ,Torment  ,1 severe physical or mental suffering. 2 cause of this. —v. 1 subject to torment. 2 tease or worry excessively.  tormentor n.,3.2
Tormentil  | Low-growing plant with bright yellow flowers. ,Tormentil  ,Low-growing plant with bright yellow flowers.,2.9
Torn  | Of ~tear1.,Torn  ,Of ~tear1.,3.4
Tornado  |  violent storm of small extent with whirling winds.  ,Tornado  ,violent storm of small extent with whirling winds.,3.0
Torpedo  —|  1 cigar-shaped self-propelled underwater missile that explodes on impact with a ship. 2 similar device dropped from an aircraft. —v.  1 destroy or attack with a torpedo. 2 destroy or damage . ,Torpedo  ,1 cigar-shaped self-propelled underwater missile that explodes on impact with a ship. 2 similar device dropped from an aircraft. —v.  1 destroy or attack with a torpedo. 2 destroy or damage .,3.3
Torpedo-boat  | Small fast warship armed with torpedoes.,Torpedo-boat  ,Small fast warship armed with torpedoes.,3.2
"Torpid  | 1 sluggish, inactive, apathetic. 2 numb. 3  dormant.  torpidity n. ",Torpid  ,"1 sluggish, inactive, apathetic. 2 numb. 3  dormant.  torpidity n.",2.8
Torpor  | Torpid condition. ,Torpor  ,Torpid condition.,3.0
"Torque  | 1 mech. Twisting or rotating force, esp. In a machine. 2 hist. Necklace of twisted metal, esp. Of the ancient gauls and britons. ",Torque  ,"1 mech. Twisting or rotating force, esp. In a machine. 2 hist. Necklace of twisted metal, esp. Of the ancient gauls and britons.",2.9
Torr  |  unit of pressure equal to 133.32 pascals . ,Torr  ,unit of pressure equal to 133.32 pascals .,2.8
Torrent  | 1 rushing stream of liquid. 2  Great downpour of rain. 3  violent or copious flow .  torrential adj. ,Torrent  ,1 rushing stream of liquid. 2  Great downpour of rain. 3  violent or copious flow .  torrential adj.,3.0
"Torrid  | 1 a  very hot and dry. B  Parched by such weather. 2 passionate, intense. ",Torrid  ,"1 a  very hot and dry. B  Parched by such weather. 2 passionate, intense.",2.9
Torrid zone  | The part of the earth between the tropics of cancer and capricorn.,Torrid zone  ,The part of the earth between the tropics of cancer and capricorn.,2.1
"Torsion  | Twisting, esp. Of one end of a body while the other is held fixed.  torsional adj. ",Torsion  ,"Twisting, esp. Of one end of a body while the other is held fixed.  torsional adj.",3.2
Torso  |  1 trunk of the human body. 2 statue of this. ,Torso  ,1 trunk of the human body. 2 statue of this.,2.8
Tort  | Law breach of duty  leading to liability for damages.  tortious adj. ,Tort  ,Law breach of duty  leading to liability for damages.  tortious adj.,2.8
Tortilla  | Thin flat orig. Mexican maize cake eaten hot. ,Tortilla  ,Thin flat orig. Mexican maize cake eaten hot.,2.7
Tortoise  | Slow-moving reptile with a horny domed shell. ,Tortoise  ,Slow-moving reptile with a horny domed shell.,2.6
Tortoiseshell  —| 1 yellowish-brown mottled or clouded outer shell of some turtles. 2 a = ~tortoiseshell cat. B = ~tortoiseshell butterfly. —adj. Having the colouring or appearance of tortoiseshell.,Tortoiseshell  ,1 yellowish-brown mottled or clouded outer shell of some turtles. 2 a = ~tortoiseshell cat. B = ~tortoiseshell butterfly. —adj. Having the colouring or appearance of tortoiseshell.,2.2
Tortoiseshell butterfly  | Butterfly with wings mottled like tortoiseshell.,Tortoiseshell butterfly  ,Butterfly with wings mottled like tortoiseshell.,2.7
Tortoiseshell cat  | Domestic cat with markings resembling tortoiseshell.,Tortoiseshell cat  ,Domestic cat with markings resembling tortoiseshell.,2.6
"Tortuous  | 1 full of twists and turns. 2 devious, circuitous.   tortuously adv. ",Tortuous  ,"1 full of twists and turns. 2 devious, circuitous.   tortuously adv.",2.5
"Torture  —| 1 infliction of severe bodily pain, esp. As a punishment or means of persuasion. 2 severe physical or mental suffering. —v.  subject to torture.  torturer n. Torturous adj. ",Torture  ,"1 infliction of severe bodily pain, esp. As a punishment or means of persuasion. 2 severe physical or mental suffering. —v.  subject to torture.  torturer n. Torturous adj.",3.1
Tory  —|  1 colloq. = ~conservative n. 2. 2 hist. Member of the party that gave rise to the conservative party . —adj. Colloq. = ~conservative adj. 3.  toryism n. ,Tory  ,1 colloq. = ~conservative n. 2. 2 hist. Member of the party that gave rise to the conservative party . —adj. Colloq. = ~conservative adj. 3.  toryism n.,2.8
"Tosa  | Dog of a breed of mastiff, orig. Kept for dog-fighting. ",Tosa  ,"Dog of a breed of mastiff, orig. Kept for dog-fighting.",2.7
"Tosh  | Colloq. Rubbish, nonsense. ",Tosh  ,"Colloq. Rubbish, nonsense.",2.3
"Toss  | 1 throw up , esp. With the hand. 2 roll about, throw, or be thrown, restlessly or from side to side. 3  Throw  lightly or carelessly. 4 a throw  into the air to decide a choice etc. By the side on which it lands. B  settle a question or dispute with  in this way. 5  Throw  Up with the horns. 6 coat  with dressing etc. By shaking it. —n. 1 act of tossing . 2  fall, esp. From a horse.  toss one's head throw it back esp. In anger, impatience, etc. Toss off 1 drink off at a draught. 2 dispatch  rapidly or without effort. 3 coarse slang masturbate. Toss up toss a coin. ",Toss  ,"1 throw up , esp. With the hand. 2 roll about, throw, or be thrown, restlessly or from side to side. 3  Throw  lightly or carelessly. 4 a throw  into the air to decide a choice etc. By the side on which it lands. B  settle a question or dispute with  in this way. 5  Throw  Up with the horns. 6 coat  with dressing etc. By shaking it. —n. 1 act of tossing . 2  fall, esp. From a horse.  toss one's head throw it back esp. In anger, impatience, etc. Toss off 1 drink off at a draught. 2 dispatch  rapidly or without effort. 3 coarse slang masturbate. Toss up toss a coin.",2.9
Toss-up  | 1 doubtful matter. 2 tossing of a coin.,Toss-up  ,1 doubtful matter. 2 tossing of a coin.,2.7
Tot1  | 1 small child. 2 dram of liquor. ,Tot1  ,1 small child. 2 dram of liquor.,2.8
Tot2  |  1  add . 2   mount up.  tot up to amount to. ,Tot2  ,1  add . 2   mount up.  tot up to amount to.,2.5
"Total  | 1 complete, comprising the whole . 2 absolute, unqualified . —n. Total number or amount. —v.  1 a amount in number to. B find the total of. 2  amount to. ",Total  ,"1 complete, comprising the whole . 2 absolute, unqualified . —n. Total number or amount. —v.  1 a amount in number to. B find the total of. 2  amount to.",2.7
Totalitarian  | Of a one-party form of government requiring complete subservience to the state.  totalitarianism n.,Totalitarian  ,Of a one-party form of government requiring complete subservience to the state.  totalitarianism n.,3.0
Totality  | 1 complete amount. 2 time during which an eclipse is total.,Totality  ,1 complete amount. 2 time during which an eclipse is total.,2.9
"Totalizator  |  1 device showing the number and amount of bets staked on a race, to facilitate the division of the total among those backing the winner. 2 system of betting based on this.",Totalizator  ,"1 device showing the number and amount of bets staked on a race, to facilitate the division of the total among those backing the winner. 2 system of betting based on this.",2.7
Totalize  |   collect into a total; find the total of.,Totalize  ,collect into a total; find the total of.,2.1
Totally  | Completely.,Totally  ,Completely.,2.7
Tote1  | Slang totalizator. ,Tote1  ,Slang totalizator.,2.9
"Tote2  |  esp. Us colloq. Carry, convey . ",Tote2  ,"esp. Us colloq. Carry, convey .",2.6
Tote bag  | Woman's large bag for shopping etc.,Tote bag  ,Woman's large bag for shopping etc.,3.2
"Totem  | 1 natural object, esp. An animal, adopted esp. By n. American indians as an emblem of a clan or individual. 2 image of this.  totemic adj. ",Totem  ,"1 natural object, esp. An animal, adopted esp. By n. American indians as an emblem of a clan or individual. 2 image of this.  totemic adj.",2.8
Totem-pole  | Pole on which totems are carved or hung.,Totem-pole  ,Pole on which totems are carved or hung.,2.8
Totter  | 1 stand or walk unsteadily or feebly. 2 a  Shake as if about to collapse. B  Be about to fall. —n. Unsteady or shaky movement or gait.  tottery adj. ,Totter  ,1 stand or walk unsteadily or feebly. 2 a  Shake as if about to collapse. B  Be about to fall. —n. Unsteady or shaky movement or gait.  tottery adj.,3.0
"Totting-up  | 1 adding of separate items. 2 adding up of convictions for driving offences, possibly resulting in disqualification.",Totting-up  ,"1 adding of separate items. 2 adding up of convictions for driving offences, possibly resulting in disqualification.",3.1
Toucan  | Tropical american fruit-eating bird with an immense beak. ,Toucan  ,Tropical american fruit-eating bird with an immense beak.,2.9
"Touch  | 1 come into or be in physical contact with . 2  bring the hand etc. Into contact with. 3 bring  into mutual contact. 4 rouse tender or painful feelings in. 5 strike lightly. 6  A disturb, harm, or affect. B have any dealings with. C consume, use . 7 concern. 8 a reach as far as, esp. Momentarily. B  Approach in excellence etc. . 9 modify . 10  Colloq. Slightly mad. 11 (usu. Foll.",Touch  ,"1 come into or be in physical contact with . 2  bring the hand etc. Into contact with. 3 bring  into mutual contact. 4 rouse tender or painful feelings in. 5 strike lightly. 6  A disturb, harm, or affect. B have any dealings with. C consume, use . 7 concern. 8 a reach as far as, esp. Momentarily. B  Approach in excellence etc. . 9 modify . 10  Colloq. Slightly mad. 11 (usu. Foll.",3.5
"Touch-and-go  | Critical, risky.",Touch-and-go  ,"Critical, risky.",3.8
Touchdown  | Act of touching down by an aircraft.,Touchdown  ,Act of touching down by an aircraft.,2.8
Touché  | 1 acknowledgement of a justified accusation or retort. 2 acknowledgement of a hit by a fencing-opponent. ,Touché  ,1 acknowledgement of a justified accusation or retort. 2 acknowledgement of a hit by a fencing-opponent.,2.8
Touching  | Moving; pathetic. —prep. Literary concerning.  touchingly adv.,Touching  ,Moving; pathetic. —prep. Literary concerning.  touchingly adv.,3.3
Touch-line  |  either of the lines marking the side boundaries of the pitch.,Touch-line  ,either of the lines marking the side boundaries of the pitch.,2.9
"Touch-paper  | Paper impregnated with nitre, for igniting etc.",Touch-paper  ,"Paper impregnated with nitre, for igniting etc.",2.2
Touchstone  | 1 dark schist or jasper used for testing alloys by marking it with them. 2 criterion.,Touchstone  ,1 dark schist or jasper used for testing alloys by marking it with them. 2 criterion.,3.3
Touch-type  | Type without looking at the keys.  touch-typist n.,Touch-type  ,Type without looking at the keys.  touch-typist n.,2.9
"Touchwood  | Readily inflammable wood etc., esp. When made soft by fungi.",Touchwood  ,"Readily inflammable wood etc., esp. When made soft by fungi.",3.4
Touchy  |  apt to take offence; over-sensitive.  touchily adv. Touchiness n.,Touchy  ,apt to take offence; over-sensitive.  touchily adv. Touchiness n.,3.8
"Tough  | 1 hard to break, cut, tear, or chew. 2 able to endure hardship; hardy. 3 unyielding, stubborn, difficult . 4 colloq. A acting sternly; hard . B  Severe, hard. 5 colloq. Criminal or violent. —n. Tough person, esp. A ruffian.  toughen v. Toughness n. ",Tough  ,"1 hard to break, cut, tear, or chew. 2 able to endure hardship; hardy. 3 unyielding, stubborn, difficult . 4 colloq. A acting sternly; hard . B  Severe, hard. 5 colloq. Criminal or violent. —n. Tough person, esp. A ruffian.  toughen v. Toughness n.",2.8
Toupee  | Hairpiece to cover a bald spot. ,Toupee  ,Hairpiece to cover a bald spot.,3.0
"Tour  —| 1 a journey from place to place as a holiday; sightseeing excursion. B a walk round; inspection . 2 spell of duty on military or diplomatic service. 3 series of performances, matches, etc., at different places. —v. 1  make a tour. 2 make a tour of .  on tour  Touring. ",Tour  ,"1 a journey from place to place as a holiday; sightseeing excursion. B a walk round; inspection . 2 spell of duty on military or diplomatic service. 3 series of performances, matches, etc., at different places. —v. 1  make a tour. 2 make a tour of .  on tour  Touring.",3.3
Tour de force  |  outstanding feat or performance. ,Tour de force  ,outstanding feat or performance.,3.2
Tourer  | Car or caravan for touring in.,Tourer  ,Car or caravan for touring in.,3.3
Tourism  | Commercial organization and operation of holidays.,Tourism  ,Commercial organization and operation of holidays.,3.2
"Tourist  | 1 holiday-maker, esp. Abroad . 2 member of a touring sports team.",Tourist  ,"1 holiday-maker, esp. Abroad . 2 member of a touring sports team.",3.1
"Tourist class  | Lowest class of passenger accommodation in a ship, aircraft, etc.",Tourist class  ,"Lowest class of passenger accommodation in a ship, aircraft, etc.",3.7
Touristy  | Usu. Derog. Appealing to or visited by many tourists.,Touristy  ,Usu. Derog. Appealing to or visited by many tourists.,3.2
Tourmaline  | Mineral of various colours used as a gemstone. ,Tourmaline  ,Mineral of various colours used as a gemstone.,2.6
Tournament  | 1 large contest of many rounds . 2 display of military exercises etc. . 3 hist. Pageant with jousting. ,Tournament  ,1 large contest of many rounds . 2 display of military exercises etc. . 3 hist. Pageant with jousting.,2.8
Tournedos  |  small round thick cut from a fillet of beef. ,Tournedos  ,small round thick cut from a fillet of beef.,2.5
Tourney  —|  tournament. —v.  take part in a tournament. ,Tourney  ,tournament. —v.  take part in a tournament.,2.6
Tourniquet  | Device for stopping the flow of blood through an artery by constriction. ,Tourniquet  ,Device for stopping the flow of blood through an artery by constriction.,3.1
Tour operator  | Travel agent specializing in package holidays.,Tour operator  ,Travel agent specializing in package holidays.,2.8
Tousle  |  1 make  untidy. 2 handle roughly. ,Tousle  ,1 make  untidy. 2 handle roughly.,3.0
"Tout  | 1  solicit custom persistently; pester customers. 2 solicit the custom of  or for , esp. Sell  at a price higher than the official one. 3  spy out the movements and condition of racehorses in training. —n. Person who touts, esp. Tickets. ",Tout  ,"1  solicit custom persistently; pester customers. 2 solicit the custom of  or for , esp. Sell  at a price higher than the official one. 3  spy out the movements and condition of racehorses in training. —n. Person who touts, esp. Tickets.",2.8
Tow1  | Pull  Along by a rope etc. —n. Towing or being towed.  have in  tow 1 be towing. 2 be accompanied by and often in charge of . On tow being towed. ,Tow1  ,Pull  Along by a rope etc. —n. Towing or being towed.  have in  tow 1 be towing. 2 be accompanied by and often in charge of . On tow being towed.,3.3
Tow2  | Coarse part of flax or hemp prepared for spinning. ,Tow2  ,Coarse part of flax or hemp prepared for spinning.,3.1
Toward  | = ~towards.,Toward  ,= ~towards.,2.7
Towards  | 1 in the direction of . 2 as regards; in relation to . 3 as a contribution to; for . 4 near . ,Towards  ,1 in the direction of . 2 as regards; in relation to . 3 as a contribution to; for . 4 near .,2.7
Tow-bar  | Bar for towing esp. A caravan.,Tow-bar  ,Bar for towing esp. A caravan.,3.2
Towel  —| Absorbent cloth or paper etc. Used for drying after washing. —v.   Wipe or dry with a towel. ,Towel  ,Absorbent cloth or paper etc. Used for drying after washing. —v.   Wipe or dry with a towel.,3.2
"Towelling  | Thick soft absorbent cloth, used esp. For towels.",Towelling  ,"Thick soft absorbent cloth, used esp. For towels.",2.6
"Tower  —| 1 tall structure, often part of a church, castle, etc. 2 fortress etc. With a tower. 3 tall structure housing machinery etc. . —v. 1  reach or be high or above; be superior. 2  A high, lofty . B violent . ",Tower  ,"1 tall structure, often part of a church, castle, etc. 2 fortress etc. With a tower. 3 tall structure housing machinery etc. . —v. 1  reach or be high or above; be superior. 2  A high, lofty . B violent .",3.2
Tower block  | Tall building containing offices or flats.,Tower block  ,Tall building containing offices or flats.,2.2
Tower of strength  | Person who gives strong emotional support.,Tower of strength  ,Person who gives strong emotional support.,3.5
Tow-headed  | Having very light or unkempt hair.,Tow-headed  ,Having very light or unkempt hair.,2.4
"Town  | 1 a densely populated built-up defined area, between a city and a village in size. B densely populated area, esp. As opposed to the country. 2 a london or the chief city or town in an area . B central business area in a neighbourhood.  go to town colloq. Do something with great energy or enthusiasm. On the town colloq. Enjoying night-life in a town. ",Town  ,"1 a densely populated built-up defined area, between a city and a village in size. B densely populated area, esp. As opposed to the country. 2 a london or the chief city or town in an area . B central business area in a neighbourhood.  go to town colloq. Do something with great energy or enthusiasm. On the town colloq. Enjoying night-life in a town.",2.9
Town clerk  | Us & hist. Official in charge of the records etc. Of a town.,Town clerk  ,Us & hist. Official in charge of the records etc. Of a town.,3.2
Town crier  | = ~crier 2.,Town crier  ,= ~crier 2.,2.9
Townee  | Of ~townie.,Townee  ,Of ~townie.,3.3
Town gas  | Manufactured gas for domestic and commercial use.,Town gas  ,Manufactured gas for domestic and commercial use.,3.1
"Town hall  | Headquarters of local government, with public meeting rooms etc.",Town hall  ,"Headquarters of local government, with public meeting rooms etc.",3.0
"Town house  | 1 town residence, esp. Of a person with a house in the country. 2 terrace house. 3 house in a planned group in a town.",Town house  ,"1 town residence, esp. Of a person with a house in the country. 2 terrace house. 3 house in a planned group in a town.",3.5
Townie  |  derog. Town inhabitant ignorant of country life.,Townie  ,derog. Town inhabitant ignorant of country life.,2.6
Town planning  | Planning of the construction and growth of towns.  town planner n.,Town planning  ,Planning of the construction and growth of towns.  town planner n.,3.4
Townscape  | 1 visual appearance of a town or towns. 2 picture of a town.,Townscape  ,1 visual appearance of a town or towns. 2 picture of a town.,3.0
Townsfolk  | Inhabitants of a town or towns.,Townsfolk  ,Inhabitants of a town or towns.,2.6
Township  | 1 s.afr. Urban area set aside for black occupation. 2 us & can. A division of a county. B district six miles square. 3 hist. Small town or village forming part of a large parish. 4 austral. & nz small town.,Township  ,1 s.afr. Urban area set aside for black occupation. 2 us & can. A division of a county. B district six miles square. 3 hist. Small town or village forming part of a large parish. 4 austral. & nz small town.,2.9
Townsman  |  inhabitant of a town.,Townsman  ,inhabitant of a town.,2.9
Townspeople  |pl. People of a town.,Townspeople  ,pl. People of a town.,2.5
"Tow-path  | Path by a river or canal, orig. Used for towing a boat by horse.",Tow-path  ,"Path by a river or canal, orig. Used for towing a boat by horse.",2.8
Toxaemia  |  1 blood-poisoning. 2 increased blood pressure in pregnancy. ,Toxaemia  ,1 blood-poisoning. 2 increased blood pressure in pregnancy.,2.4
Toxemia  |  1 blood-poisoning. 2 increased blood pressure in pregnancy. ,Toxemia  ,1 blood-poisoning. 2 increased blood pressure in pregnancy.,3.0
Toxic  | 1 poisonous. 2 of poison.  toxicity n. ,Toxic  ,1 poisonous. 2 of poison.  toxicity n.,2.8
Toxicology  | The study of poisons.  toxicological adj. Toxicologist n.,Toxicology  ,The study of poisons.  toxicological adj. Toxicologist n.,2.4
Toxin  | Poison produced by a living organism.,Toxin  ,Poison produced by a living organism.,2.8
Toxocara  | Parasitic worm in dogs and cats.,Toxocara  ,Parasitic worm in dogs and cats.,2.4
Toxocariasis  | Disease resulting from infection by the toxocara.,Toxocariasis  ,Disease resulting from infection by the toxocara.,2.3
"Toy  —| 1 plaything. 2 thing regarded as providing amusement. 3  Diminutive breed of dog etc. —v.  1 trifle, amuse oneself, flirt. 2 move a thing idly. ",Toy  ,"1 plaything. 2 thing regarded as providing amusement. 3  Diminutive breed of dog etc. —v.  1 trifle, amuse oneself, flirt. 2 move a thing idly.",2.9
Toy boy  | Colloq. Woman's much younger boyfriend.,Toy boy  ,Colloq. Woman's much younger boyfriend.,3.4
Toyshop  | Shop selling toys.,Toyshop  ,Shop selling toys.,3.1
