Fracas  |  noisy disturbance or quarrel. ,Fracas  ,noisy disturbance or quarrel.,2.8
"Fraction  | 1 part of a whole number . 2 small part, piece, or amount. 3 portion of a mixture obtained by distillation etc.  fractional adj. Fractionally adv. ",Fraction  ,"1 part of a whole number . 2 small part, piece, or amount. 3 portion of a mixture obtained by distillation etc.  fractional adj. Fractionally adv.",3.1
"Fractious  | Irritable, peevish. ",Fractious  ,"Irritable, peevish.",2.7
"Fracture  —| Breakage, esp. Of a bone or cartilage. —v.  cause a fracture in; suffer fracture. ",Fracture  ,"Breakage, esp. Of a bone or cartilage. —v.  cause a fracture in; suffer fracture.",2.9
Fragile  | 1 easily broken; weak. 2 delicate; not strong.  fragility n. ,Fragile  ,1 easily broken; weak. 2 delicate; not strong.  fragility n.,2.7
Fragment  —| 1 part broken off. 2 extant remains or unfinished portion . —v. Break or separate into fragments.  fragmental adj. Fragmentary adj. Fragmentation n. ,Fragment  ,1 part broken off. 2 extant remains or unfinished portion . —v. Break or separate into fragments.  fragmental adj. Fragmentary adj. Fragmentation n.,2.8
Fragrance  | 1 sweetness of smell. 2 sweet scent. ,Fragrance  ,1 sweetness of smell. 2 sweet scent.,2.6
Fragrant  | Sweet-smelling.,Fragrant  ,Sweet-smelling.,2.7
"Frail  | 1 fragile, delicate. 2 morally weak.  frailly adv. Frailness n. ",Frail  ,"1 fragile, delicate. 2 morally weak.  frailly adv. Frailness n.",3.0
"Frailty  |  1 frail quality. 2 weakness, foible.",Frailty  ,"1 frail quality. 2 weakness, foible.",2.8
"Frame  —| 1 case or border enclosing a picture, window, door, etc. 2 basic rigid supporting structure of a building, vehicle, etc. 3  Structure of spectacles holding the lenses. 4 human or animal body, esp. As large or small. 5 a established order or system . B construction, build, structure. 6 temporary state . 7 single complete image on a cinema film or transmitted in a series of lines by television. 8 a triangular structure for positioning balls in snooker etc. B round of play in snooker etc. 9 boxlike structure of glass etc. For protecting plants. 10 us slang = ~frame-up. —v.  1 a set in a frame. B serve as a frame for. 2 construct, put together, devise. 3  adapt or fit. 4 slang concoct a false charge or evidence against; devise a plot against. 5 articulate . ",Frame  ,"1 case or border enclosing a picture, window, door, etc. 2 basic rigid supporting structure of a building, vehicle, etc. 3  Structure of spectacles holding the lenses. 4 human or animal body, esp. As large or small. 5 a established order or system . B construction, build, structure. 6 temporary state . 7 single complete image on a cinema film or transmitted in a series of lines by television. 8 a triangular structure for positioning balls in snooker etc. B round of play in snooker etc. 9 boxlike structure of glass etc. For protecting plants. 10 us slang = ~frame-up. —v.  1 a set in a frame. B serve as a frame for. 2 construct, put together, devise. 3  adapt or fit. 4 slang concoct a false charge or evidence against; devise a plot against. 5 articulate .",3.1
"Frame of reference  | 1 set of standards or principles governing behaviour, thought, etc. 2 system of geometrical axes for defining position.",Frame of reference  ,"1 set of standards or principles governing behaviour, thought, etc. 2 system of geometrical axes for defining position.",2.9
Frame-up  | Slang conspiracy to convict an innocent person.,Frame-up  ,Slang conspiracy to convict an innocent person.,4.1
Framework  | 1 essential supporting structure. 2 basic system.,Framework  ,1 essential supporting structure. 2 basic system.,3.9
"Franc  | Unit of currency of france, belgium, switzerland, etc. ",Franc  ,"Unit of currency of france, belgium, switzerland, etc.",3.0
Franchise  —| 1 right to vote in state elections. 2 full membership of a corporation or state; citizenship. 3 authorization to sell a company's goods etc. In a particular area. 4 right or privilege granted to a person or corporation. —v.  grant a franchise to. ,Franchise  ,1 right to vote in state elections. 2 full membership of a corporation or state; citizenship. 3 authorization to sell a company's goods etc. In a particular area. 4 right or privilege granted to a person or corporation. —v.  grant a franchise to.,3.4
Franciscan  | Of st francis or his order. —n. Franciscan friar or nun. ,Franciscan  ,Of st francis or his order. —n. Franciscan friar or nun.,3.1
Francium  | Radioactive metallic element. ,Francium  ,Radioactive metallic element.,2.8
Franco-  | Form french and . ,Franco-  ,Form french and .,2.7
Franglais  | Corrupt version of french using many english words and idioms. ,Franglais  ,Corrupt version of french using many english words and idioms.,3.0
Frank  | Member of the germanic people that conquered gaul in the 6th c.  frankish adj. ,Frank  ,Member of the germanic people that conquered gaul in the 6th c.  frankish adj.,3.0
"Frank  | 1 candid, outspoken. 2 undisguised. 3 open. —v. Mark  to record the payment of postage. —n. Franking signature or mark.  frankly adv. Frankness n. ",Frank  ,"1 candid, outspoken. 2 undisguised. 3 open. —v. Mark  to record the payment of postage. —n. Franking signature or mark.  frankly adv. Frankness n.",3.0
Frankenstein  |  thing that becomes terrifying to its maker. ,Frankenstein  ,thing that becomes terrifying to its maker.,3.1
Frankfurter  | Seasoned smoked sausage. ,Frankfurter  ,Seasoned smoked sausage.,2.8
Frankincense  | Aromatic gum resin burnt as incense. ,Frankincense  ,Aromatic gum resin burnt as incense.,2.8
"Frantic  | 1 wildly excited; frenzied. 2 hurried, anxious; desperate, violent. 3 colloq. Extreme.  frantically adv. ",Frantic  ,"1 wildly excited; frenzied. 2 hurried, anxious; desperate, violent. 3 colloq. Extreme.  frantically adv.",2.8
"Frappé  | Iced, cooled. ",Frappé  ,"Iced, cooled.",3.3
"Fraternal  | 1 of brothers, brotherly; comradely. 2  developed from separate ova and not necessarily similar.  fraternally adv. ",Fraternal  ,"1 of brothers, brotherly; comradely. 2  developed from separate ova and not necessarily similar.  fraternally adv.",2.8
"Fraternity  |  1 religious brotherhood. 2 group with common interests, or of the same professional class. 3 us male students' society. 4 brotherliness. ",Fraternity  ,"1 religious brotherhood. 2 group with common interests, or of the same professional class. 3 us male students' society. 4 brotherliness.",2.8
Fraternize  |    1 associate; make friends. 2 enter into friendly relations with enemies etc.  fraternization n. ,Fraternize  ,1 associate; make friends. 2 enter into friendly relations with enemies etc.  fraternization n.,2.9
Fratricide  | 1 killing of one's brother or sister. 2 person who does this.  fratricidal adj. ,Fratricide  ,1 killing of one's brother or sister. 2 person who does this.  fratricidal adj.,2.4
Frau  |   married or widowed german-speaking woman. ,Frau  ,married or widowed german-speaking woman.,3.2
Fraud  | 1 criminal deception. 2 dishonest artifice or trick. 3 person or thing that is not what it claims to be. ,Fraud  ,1 criminal deception. 2 dishonest artifice or trick. 3 person or thing that is not what it claims to be.,2.7
"Fraudulent  | Of, involving, or guilty of fraud.  fraudulence n. Fraudulently adv. ",Fraudulent  ,"Of, involving, or guilty of fraud.  fraudulence n. Fraudulently adv.",2.0
Fraught  | 1  filled or charged with . 2 colloq. Distressing; tense. ,Fraught  ,1  filled or charged with . 2 colloq. Distressing; tense.,2.8
Fräulein  |  unmarried german-speaking woman. ,Fräulein  ,unmarried german-speaking woman.,3.0
Fray1  | 1 wear through or become worn; esp.  unravel at the edge. 2  Become strained. ,Fray1  ,1 wear through or become worn; esp.  unravel at the edge. 2  Become strained.,2.7
"Fray2  | 1 conflict, fight. 2 brawl. ",Fray2  ,"1 conflict, fight. 2 brawl.",2.7
"Frazzle  | —n. Worn, exhausted, or shrivelled state . —v.   Wear out; exhaust. ",Frazzle  ,"—n. Worn, exhausted, or shrivelled state . —v.   Wear out; exhaust.",2.9
"Freak  —| 1  Monstrosity; abnormal person or thing . 2 colloq. A unconventional person. B fanatic of a specified kind . C drug addict. —v.  colloq. 1 become or make very angry. 2  undergo hallucinations etc., esp. As a result of drug abuse. 3 adopt an unconventional lifestyle.  freakish adj. Freaky adj. . ",Freak  ,"1  Monstrosity; abnormal person or thing . 2 colloq. A unconventional person. B fanatic of a specified kind . C drug addict. —v.  colloq. 1 become or make very angry. 2  undergo hallucinations etc., esp. As a result of drug abuse. 3 adopt an unconventional lifestyle.  freakish adj. Freaky adj. .",3.4
Freckle  —| Small light brown spot on the skin. —v.   Spot or be spotted with freckles.  freckly adj. ,Freckle  ,Small light brown spot on the skin. —v.   Spot or be spotted with freckles.  freckly adj.,2.6
"Free  |  1 not a slave or under another's control; having personal rights and social and political liberty. 2  Autonomous; democratic. 3 a unrestricted; not confined or fixed. B not imprisoned. C released from duties etc. D independent . 4  a exempt from . B not containing or subject to . 5  Permitted; at liberty to. 6 costing nothing. 7 a clear of duties etc. . B not in use . 8 spontaneous, unforced . 9 available to all. 10 lavish . 11 frank, unreserved. 12  informal, unmetrical. 13  not literal. 14 familiar, impudent. 15  Slightly indecent. 16 chem. Not combined . 17  disengaged, available. —adv. 1 freely. 2 without cost or payment. —v.  1 make free; liberate. 2  relieve from. 3 disentangle, clear.  for free colloq. Free of charge, gratis. Free on board  without charge for delivery to a ship or railway wagon.  freely adv. ",Free  ,"1 not a slave or under another's control; having personal rights and social and political liberty. 2  Autonomous; democratic. 3 a unrestricted; not confined or fixed. B not imprisoned. C released from duties etc. D independent . 4  a exempt from . B not containing or subject to . 5  Permitted; at liberty to. 6 costing nothing. 7 a clear of duties etc. . B not in use . 8 spontaneous, unforced . 9 available to all. 10 lavish . 11 frank, unreserved. 12  informal, unmetrical. 13  not literal. 14 familiar, impudent. 15  Slightly indecent. 16 chem. Not combined . 17  disengaged, available. —adv. 1 freely. 2 without cost or payment. —v.  1 make free; liberate. 2  relieve from. 3 disentangle, clear.  for free colloq. Free of charge, gratis. Free on board  without charge for delivery to a ship or railway wagon.  freely adv.",2.7
"Free and easy  | Informal, relaxed.",Free and easy  ,"Informal, relaxed.",3.2
Freebie  | Colloq. Thing given free of charge.,Freebie  ,Colloq. Thing given free of charge.,3.0
Freeboard  | Part of a ship's side between the water-line and deck.,Freeboard  ,Part of a ship's side between the water-line and deck.,2.8
Freebooter  | Pirate. ,Freebooter  ,Pirate.,2.8
Free-born  | Not born a slave.,Free-born  ,Not born a slave.,3.0
Free church  | Nonconformist church.,Free church  ,Nonconformist church.,3.2
Freedman  | Emancipated slave.,Freedman  ,Emancipated slave.,3.1
Freedom  | 1 condition of being free or unrestricted. 2 personal or civic liberty. 3 liberty of action . 4  exemption from. 5  a honorary membership or citizenship . B unrestricted use of . ,Freedom  ,1 condition of being free or unrestricted. 2 personal or civic liberty. 3 liberty of action . 4  exemption from. 5  a honorary membership or citizenship . B unrestricted use of .,2.7
Freedom fighter  | Terrorist or rebel claiming to fight for freedom.,Freedom fighter  ,Terrorist or rebel claiming to fight for freedom.,3.1
Free enterprise  | Freedom of private business from state control.,Free enterprise  ,Freedom of private business from state control.,3.0
Free fall  | Movement under the force of gravity only.,Free fall  ,Movement under the force of gravity only.,2.0
Free fight  | General fight in which all present join.,Free fight  ,General fight in which all present join.,3.0
"Freefone  |  system whereby certain telephone calls, esp. On business, can be made without cost to the caller.",Freefone  ,"system whereby certain telephone calls, esp. On business, can be made without cost to the caller.",3.1
"Free-for-all  | Free fight, unrestricted discussion, etc.",Free-for-all  ,"Free fight, unrestricted discussion, etc.",3.3
Free-form  | Adj. Of irregular shape or structure.,Free-form  ,Adj. Of irregular shape or structure.,2.9
Freehand  |  Done without special instruments. —adv. In a freehand manner.,Freehand  ,Done without special instruments. —adv. In a freehand manner.,2.6
Free hand  | Freedom to act at one's own discretion.,Free hand  ,Freedom to act at one's own discretion.,2.5
Free-handed  | Generous.,Free-handed  ,Generous.,2.6
Freehold  —| 1 complete ownership of property for an unlimited period. 2 such land or property. —adj. Owned thus.  freeholder n.,Freehold  ,1 complete ownership of property for an unlimited period. 2 such land or property. —adj. Owned thus.  freeholder n.,3.3
Free house  | Public house not controlled by a brewery.,Free house  ,Public house not controlled by a brewery.,2.9
Free kick  | Kick granted in football as a minor penalty.,Free kick  ,Kick granted in football as a minor penalty.,2.8
"Freelance  —| 1  person, usu. Self-employed, working for several employers on particular assignments. 2  . —v.  act as a freelance. —adv. As a freelance. ",Freelance  ,"1  person, usu. Self-employed, working for several employers on particular assignments. 2  . —v.  act as a freelance. —adv. As a freelance.",2.6
Freeloader  | Slang sponger.  freeload v.,Freeloader  ,Slang sponger.  freeload v.,2.5
Free love  | Sexual freedom.,Free love  ,Sexual freedom.,3.9
Freeman  | 1 person who has the freedom of a city etc. 2 person who is not a slave or serf.,Freeman  ,1 person who has the freedom of a city etc. 2 person who is not a slave or serf.,3.1
Free market  | Market governed by unrestricted competition.,Free market  ,Market governed by unrestricted competition.,2.8
Freemason  | Member of an international fraternity for mutual help and fellowship with elaborate secret rituals.  freemasonry n.,Freemason  ,Member of an international fraternity for mutual help and fellowship with elaborate secret rituals.  freemasonry n.,3.1
Free port  | 1 port without customs duties. 2 port open to all traders.,Free port  ,1 port without customs duties. 2 port open to all traders.,2.9
Freepost  | System of business post where postage is paid by the addressee.,Freepost  ,System of business post where postage is paid by the addressee.,2.8
Free radical  | Chem. Atom or group of atoms with one or more unpaired electrons.,Free radical  ,Chem. Atom or group of atoms with one or more unpaired electrons.,2.5
Free-range  | 1  Roaming freely; not kept in a battery. 2  produced by such hens.,Free-range  ,1  Roaming freely; not kept in a battery. 2  produced by such hens.,2.8
Freesia  | African bulb with fragrant flowers. ,Freesia  ,African bulb with fragrant flowers.,2.6
Free speech  | Right of expression.,Free speech  ,Right of expression.,3.0
Free spirit  | Independent or uninhibited person.,Free spirit  ,Independent or uninhibited person.,3.1
Free-spoken  | Forthright.,Free-spoken  ,Forthright.,2.8
Free-standing  | Not supported by another structure.,Free-standing  ,Not supported by another structure.,3.0
Freestyle  | 1 swimming race in which any stroke may be used. 2 wrestling allowing almost any hold.,Freestyle  ,1 swimming race in which any stroke may be used. 2 wrestling allowing almost any hold.,3.4
"Freethinker  | Person who rejects dogma or authority, esp. In religious belief.  freethinking n. & adj.",Freethinker  ,"Person who rejects dogma or authority, esp. In religious belief.  freethinking n. & adj.",2.4
Free trade  | Trade without import restrictions etc.,Free trade  ,Trade without import restrictions etc.,2.6
Free vote  | Parliamentary vote not subject to party discipline.,Free vote  ,Parliamentary vote not subject to party discipline.,2.6
Freeway  | Us motorway.,Freeway  ,Us motorway.,3.2
"Free wheel  | Driving wheel of a bicycle, able to revolve with the pedals at rest.",Free wheel  ,"Driving wheel of a bicycle, able to revolve with the pedals at rest.",3.1
Free-wheel  | 1 ride a bicycle with the pedals at rest. 2 act without constraint.,Free-wheel  ,1 ride a bicycle with the pedals at rest. 2 act without constraint.,2.9
Free will  | 1 power of acting independently of necessity or fate. 2 ability to act without coercion .,Free will  ,1 power of acting independently of necessity or fate. 2 ability to act without coercion .,3.5
Free world  | Hist. Non-communist countries' collective name for themselves.,Free world  ,Hist. Non-communist countries' collective name for themselves.,3.0
"Freeze  |  1 a turn into ice or another solid by cold. B make or become rigid from the cold. 2 be or feel very cold. 3 cover or become covered with ice. 4  adhere by frost. 5 refrigerate  below freezing point. 6 a make or become motionless through fear, surprise, etc. B  devoid of emotion . 7 make  Unrealizable. 8 fix  At a certain level. 9 stop . —n. 1 period or state of frost. 2 fixing or stabilization of prices, wages, etc. 3  still film-shot.  freeze up obstruct or be obstructed by ice. ",Freeze  ,"1 a turn into ice or another solid by cold. B make or become rigid from the cold. 2 be or feel very cold. 3 cover or become covered with ice. 4  adhere by frost. 5 refrigerate  below freezing point. 6 a make or become motionless through fear, surprise, etc. B  devoid of emotion . 7 make  Unrealizable. 8 fix  At a certain level. 9 stop . —n. 1 period or state of frost. 2 fixing or stabilization of prices, wages, etc. 3  still film-shot.  freeze up obstruct or be obstructed by ice.",2.8
Freeze-dry  | Preserve  by freezing and then drying in a vacuum.,Freeze-dry  ,Preserve  by freezing and then drying in a vacuum.,2.3
Freezer  | Refrigerated cabinet etc. For preserving frozen food at very low temperatures.,Freezer  ,Refrigerated cabinet etc. For preserving frozen food at very low temperatures.,2.7
Freeze-up  | Period or state of extreme cold.,Freeze-up  ,Period or state of extreme cold.,2.3
"Freezing point  | Temperature at which a liquid, esp. Water, freezes.",Freezing point  ,"Temperature at which a liquid, esp. Water, freezes.",2.5
"Freight  —| 1 transport of goods in containers or by water or air, or  by land. 2 goods transported; cargo, load. 3 charge for the transport of goods. —v. Transport as or load with freight. ",Freight  ,"1 transport of goods in containers or by water or air, or  by land. 2 goods transported; cargo, load. 3 charge for the transport of goods. —v. Transport as or load with freight.",2.8
Freighter  | 1 ship or aircraft for carrying freight. 2 us freight-wagon.,Freighter  ,1 ship or aircraft for carrying freight. 2 us freight-wagon.,3.0
Freightliner  | Train carrying goods in containers.,Freightliner  ,Train carrying goods in containers.,2.7
"French  | 1 of france, its people, or language. 2 having french characteristics. —n. 1 the french language. 2   The people of france. 3 colloq. Dry vermouth.  frenchness n. ",French  ,"1 of france, its people, or language. 2 having french characteristics. —n. 1 the french language. 2   The people of france. 3 colloq. Dry vermouth.  frenchness n.",3.0
French bean  | Kidney or haricot bean as unripe sliced pods or ripe seeds.,French bean  ,Kidney or haricot bean as unripe sliced pods or ripe seeds.,2.7
French bread  | Long crisp loaf.,French bread  ,Long crisp loaf.,2.8
French canadian  | Canadian whose principal language is french.,French canadian  ,Canadian whose principal language is french.,2.9
"French chalk  | A kind of talc used for marking cloth, as a dry lubricant, etc.",French chalk  ,"A kind of talc used for marking cloth, as a dry lubricant, etc.",2.8
French dressing  | Salad dressing of seasoned vinegar and oil.,French dressing  ,Salad dressing of seasoned vinegar and oil.,3.2
French fried potatoes  |pl.  us potato chips.,French fried potatoes  ,pl.  us potato chips.,2.5
French horn  | Coiled brass wind instrument with a wide bell.,French horn  ,Coiled brass wind instrument with a wide bell.,2.8
"Frenchify  |   Colloq. Make french in form, manners, etc.",Frenchify  ,"Colloq. Make french in form, manners, etc.",2.8
French kiss  | Open-mouthed kiss.,French kiss  ,Open-mouthed kiss.,2.9
French leave  | Absence without permission.,French leave  ,Absence without permission.,1.4
French letter  | Colloq. Condom.,French letter  ,Colloq. Condom.,3.0
Frenchman  | Man of french birth or nationality.,Frenchman  ,Man of french birth or nationality.,2.8
French polish  | Shellac polish for wood.  french-polish v.,French polish  ,Shellac polish for wood.  french-polish v.,3.1
French window  | Glazed door in an outside wall.,French window  ,Glazed door in an outside wall.,2.8
Frenchwoman  | Woman of french birth or nationality.,Frenchwoman  ,Woman of french birth or nationality.,3.1
"Frenetic  |  1 frantic, frenzied. 2 fanatic.  frenetically adv. ",Frenetic  ,"1 frantic, frenzied. 2 fanatic.  frenetically adv.",3.4
"Frenzy  —|  wild or delirious excitement, agitation, or fury. —v.   Drive to frenzy.  frenziedly adv. ",Frenzy  ,"wild or delirious excitement, agitation, or fury. —v.   Drive to frenzy.  frenziedly adv.",3.0
"Frequency  |  1 commonness of occurrence. 2 frequent occurrence. 3 rate of recurrence ; number of repetitions in a given time, esp. Per second. ",Frequency  ,"1 commonness of occurrence. 2 frequent occurrence. 3 rate of recurrence ; number of repetitions in a given time, esp. Per second.",3.3
Frequency modulation  | Electronics modulation by varying carrier-wave frequency.,Frequency modulation  ,Electronics modulation by varying carrier-wave frequency.,3.3
"Frequent  | 1 occurring often or in close succession. 2 habitual, constant. —v. Attend or go to habitually.  frequently adv. ",Frequent  ,"1 occurring often or in close succession. 2 habitual, constant. —v. Attend or go to habitually.  frequently adv.",3.0
Frequentative  gram. |  Expressing frequent repetition or intensity. —n. Frequentative verb etc.,Frequentative  gram,Expressing frequent repetition or intensity. —n. Frequentative verb etc.,2.7
Fresco  |  painting done in water-colour on a wall or ceiling before the plaster is dry. ,Fresco  ,painting done in water-colour on a wall or ceiling before the plaster is dry.,3.3
"Fresh  | 1 newly made or obtained. 2 a other, different; new . B additional . 3  lately arrived. 4 not stale, musty, or faded. 5  not preserved; newly caught, grown, etc. 6 not salty . 7 a pure, untainted, refreshing . B bright and pure in colour . 8  brisk. 9 colloq. Cheeky; amorously impudent. 10 inexperienced. —adv. Newly, recently .  freshly adv. Freshness n. ",Fresh  ,"1 newly made or obtained. 2 a other, different; new . B additional . 3  lately arrived. 4 not stale, musty, or faded. 5  not preserved; newly caught, grown, etc. 6 not salty . 7 a pure, untainted, refreshing . B bright and pure in colour . 8  brisk. 9 colloq. Cheeky; amorously impudent. 10 inexperienced. —adv. Newly, recently .  freshly adv. Freshness n.",2.8
"Freshen  | 1 make or become fresh. 2  a wash, tidy oneself, etc. B revive.",Freshen  ,"1 make or become fresh. 2  a wash, tidy oneself, etc. B revive.",3.1
Fresher  | Colloq. First-year student at university or  high school.,Fresher  ,Colloq. First-year student at university or  high school.,2.9
Freshet  | 1 rush of fresh water flowing into the sea. 2 flood of a river.,Freshet  ,1 rush of fresh water flowing into the sea. 2 flood of a river.,2.9
Freshman  | = ~fresher.,Freshman  ,= ~fresher.,3.4
Freshwater  | Adj.  Not of the sea.,Freshwater  ,Adj.  Not of the sea.,3.1
"Fret1  |  1 be worried or distressed. 2 worry, vex. 3 wear or consume by gnawing or rubbing. —n. Worry, vexation. ",Fret1  ,"1 be worried or distressed. 2 worry, vex. 3 wear or consume by gnawing or rubbing. —n. Worry, vexation.",2.9
Fret2  —| Ornamental pattern of straight lines joined usu. At right angles. —v.  embellish with a fret or with carved or embossed work. ,Fret2  ,Ornamental pattern of straight lines joined usu. At right angles. —v.  embellish with a fret or with carved or embossed work.,3.0
Fret3  | Each of a series of bars or ridges on the finger-board of a guitar etc. To guide fingering. ,Fret3  ,Each of a series of bars or ridges on the finger-board of a guitar etc. To guide fingering.,3.3
"Fretful  | Anxious, irritable.  fretfully adv.",Fretful  ,"Anxious, irritable.  fretfully adv.",2.4
Fretsaw  | Narrow saw on a frame for cutting thin wood in patterns.,Fretsaw  ,Narrow saw on a frame for cutting thin wood in patterns.,3.4
Fretwork  | Ornamental work in wood done with a fretsaw.,Fretwork  ,Ornamental work in wood done with a fretsaw.,3.3
"Freudian  | Of freud, his theories, or his method of psychoanalysis. —n. Follower of freud.",Freudian  ,"Of freud, his theories, or his method of psychoanalysis. —n. Follower of freud.",2.5
Freudian slip  | Unintentional verbal error revealing subconscious feelings.,Freudian slip  ,Unintentional verbal error revealing subconscious feelings.,2.4
Friable  | Easily crumbled.  friability n. ,Friable  ,Easily crumbled.  friability n.,2.8
"Friar  | Member of a male non-enclosed roman catholic order, e.g. Carmelites and franciscans. ",Friar  ,"Member of a male non-enclosed roman catholic order, e.g. Carmelites and franciscans.",2.8
Friar's balsam  | Tincture of benzoin etc. Used esp. As an inhalant.,Friar,Tincture of benzoin etc. Used esp. As an inhalant.,2.8
Friary  |  monastery for friars.,Friary  ,monastery for friars.,2.8
Fricassee  —| Pieces of meat served in a thick sauce. —v.  make a fricassee of. ,Fricassee  ,Pieces of meat served in a thick sauce. —v.  make a fricassee of.,3.1
Fricative  |  sounded by friction of the breath in a narrow opening. —n. Such a consonant . ,Fricative  ,sounded by friction of the breath in a narrow opening. —n. Such a consonant .,3.1
"Friction  | 1 rubbing of one object against another. 2 the resistance encountered in so moving. 3 clash of wills, opinions, etc.  frictional adj. ",Friction  ,"1 rubbing of one object against another. 2 the resistance encountered in so moving. 3 clash of wills, opinions, etc.  frictional adj.",2.7
Friday  —| Day of the week following thursday. —adv. Colloq. 1 on friday. 2  on fridays; each friday. ,Friday  ,Day of the week following thursday. —adv. Colloq. 1 on friday. 2  on fridays; each friday.,3.2
Fridge  | Colloq. = ~refrigerator. ,Fridge  ,Colloq. = ~refrigerator.,2.8
Fridge-freezer  | Combined refrigerator and freezer.,Fridge-freezer  ,Combined refrigerator and freezer.,3.3
"Friend  | 1 person one likes and chooses to spend time with . 2 sympathizer, helper. 3 ally or neutral person . 4 person already mentioned . 5 regular supporter of an institution. 6  quaker. ",Friend  ,"1 person one likes and chooses to spend time with . 2 sympathizer, helper. 3 ally or neutral person . 4 person already mentioned . 5 regular supporter of an institution. 6  quaker.",2.7
"Friendly  |  1 outgoing, well-disposed, kindly. 2 a  on amicable terms. B not hostile. 3  Not harming; helping . 4 = ~user-friendly. —n.  = ~friendly match. —adv. In a friendly manner.  friendliness n.",Friendly  ,"1 outgoing, well-disposed, kindly. 2 a  on amicable terms. B not hostile. 3  Not harming; helping . 4 = ~user-friendly. —n.  = ~friendly match. —adv. In a friendly manner.  friendliness n.",2.8
Friendly match  | Match played for enjoyment rather than competition.,Friendly match  ,Match played for enjoyment rather than competition.,3.1
Friendly society  | Insurance society insuring against illness etc.,Friendly society  ,Insurance society insuring against illness etc.,3.2
Friendship  | Friendly relationship or feeling.,Friendship  ,Friendly relationship or feeling.,2.7
Frier  | Of ~fryer.,Frier  ,Of ~fryer.,3.0
Friesian  | One of a breed of black and white dairy cattle orig. From friesland. ,Friesian  ,One of a breed of black and white dairy cattle orig. From friesland.,3.0
"Frieze  | 1 part of an entablature between the architrave and cornice. 2 horizontal band of sculpture filling this. 3 band of decoration, esp. At the top of a wall. ",Frieze  ,"1 part of an entablature between the architrave and cornice. 2 horizontal band of sculpture filling this. 3 band of decoration, esp. At the top of a wall.",2.5
Frig  |  coarse slang 1 = ~fuck v. 2 masturbate. ,Frig  ,coarse slang 1 = ~fuck v. 2 masturbate.,2.9
Frigate  | 1 naval escort-vessel. 2 hist. Warship. ,Frigate  ,1 naval escort-vessel. 2 hist. Warship.,2.9
Fright  | 1 a sudden or extreme fear. B instance of this . 2 grotesque-looking person or thing.  take fright become frightened. ,Fright  ,1 a sudden or extreme fear. B instance of this . 2 grotesque-looking person or thing.  take fright become frightened.,2.8
Frighten  | 1 fill with fright . 2  drive by fright.  frightening adj. Frighteningly adv.,Frighten  ,1 fill with fright . 2  drive by fright.  frightening adj. Frighteningly adv.,2.5
"Frightful  | 1 a dreadful, shocking. B ugly. 2 colloq. Extremely bad. 3 colloq. Extreme .  frightfully adv.",Frightful  ,"1 a dreadful, shocking. B ugly. 2 colloq. Extremely bad. 3 colloq. Extreme .  frightfully adv.",3.3
"Frigid  | 1 unfriendly, cold . 2  sexually unresponsive. 3  cold.  frigidity n. ",Frigid  ,"1 unfriendly, cold . 2  sexually unresponsive. 3  cold.  frigidity n.",2.5
Frill  —| 1 strip of gathered or pleated material as an ornamental edging. 2  Unnecessary embellishments. —v. Decorate with a frill.  frilly adj. . ,Frill  ,1 strip of gathered or pleated material as an ornamental edging. 2  Unnecessary embellishments. —v. Decorate with a frill.  frilly adj. .,2.8
"Fringe  —| 1 border of tassels or loose threads. 2 front hair hanging over the forehead. 3 outer limit of an area, population, etc. . 4 unimportant area or part. —v.  1 adorn with a fringe. 2 serve as a fringe to. ",Fringe  ,"1 border of tassels or loose threads. 2 front hair hanging over the forehead. 3 outer limit of an area, population, etc. . 4 unimportant area or part. —v.  1 adorn with a fringe. 2 serve as a fringe to.",2.8
Fringe benefit  | Employee's benefit additional to salary.,Fringe benefit  ,Employee's benefit additional to salary.,3.3
"Frippery  |  1 showy finery, esp. In dress. 2 empty display in speech, literary style, etc. 3  Knick-knacks. ",Frippery  ,"1 showy finery, esp. In dress. 2 empty display in speech, literary style, etc. 3  Knick-knacks.",2.6
Frisbee  | Propr. Concave plastic disc for skimming through the air as an outdoor game. ,Frisbee  ,Propr. Concave plastic disc for skimming through the air as an outdoor game.,2.2
Frisian  | Of friesland. —n. Native or language of friesland. ,Frisian  ,Of friesland. —n. Native or language of friesland.,2.6
Frisk  | 1 leap or skip playfully. 2 slang search  for a weapon etc. By feeling. —n. 1 playful leap or skip. 2 slang frisking of a person. ,Frisk  ,1 leap or skip playfully. 2 slang search  for a weapon etc. By feeling. —n. 1 playful leap or skip. 2 slang frisking of a person.,2.8
"Frisky  |  lively, playful.  friskily adv. Friskiness n.",Frisky  ,"lively, playful.  friskily adv. Friskiness n.",2.8
Frisson  | Emotional thrill. ,Frisson  ,Emotional thrill.,2.9
Frith  | Of ~firth.,Frith  ,Of ~firth.,2.8
Fritillary  |  1 plant with bell-like flowers. 2 butterfly with red-brown wings chequered with black. ,Fritillary  ,1 plant with bell-like flowers. 2 butterfly with red-brown wings chequered with black.,2.2
Fritter1  |  waste  Triflingly. ,Fritter1  ,waste  Triflingly.,2.8
"Fritter2  | Fruit, meat, etc. Coated in batter and fried. ",Fritter2  ,"Fruit, meat, etc. Coated in batter and fried.",3.0
"Frivolous  | 1 not serious, silly, shallow. 2 paltry, trifling.  frivolity n. . Frivolously adv. Frivolousness n. ",Frivolous  ,"1 not serious, silly, shallow. 2 paltry, trifling.  frivolity n. . Frivolously adv. Frivolousness n.",2.6
Frizz  | Form  into tight curls. —n. Frizzed hair or state. ,Frizz  ,Form  into tight curls. —n. Frizzed hair or state.,2.8
Frizzle1  |  1 fry or cook with a sizzling noise. 2  burn or shrivel. ,Frizzle1  ,1 fry or cook with a sizzling noise. 2  burn or shrivel.,3.4
Frizzle2  |  form into tight curls. —n. Frizzled hair. ,Frizzle2  ,form into tight curls. —n. Frizzled hair.,3.1
Frizzy  |  in tight curls.,Frizzy  ,in tight curls.,2.2
Fro  | Back . ,Fro  ,Back .,2.7
Frock  | 1 woman's or girl's dress. 2 monk's or priest's gown. 3 smock. ,Frock  ,1 woman's or girl's dress. 2 monk's or priest's gown. 3 smock.,3.1
Frock-coat  | Man's long-skirted coat.,Frock-coat  ,Man's long-skirted coat.,3.2
Frog1  | 1 small smooth tailless leaping amphibian. 2  slang offens. Frenchman.  frog in one's throat colloq. Hoarseness. ,Frog1  ,1 small smooth tailless leaping amphibian. 2  slang offens. Frenchman.  frog in one's throat colloq. Hoarseness.,2.9
Frog2  | Horny substance in the sole of a horse's foot. ,Frog2  ,Horny substance in the sole of a horse's foot.,3.0
Frog3  | Ornamental coat-fastening of a button and loop. ,Frog3  ,Ornamental coat-fastening of a button and loop.,3.0
"Frogman  | Person with a rubber suit, flippers, and an oxygen supply for underwater swimming.",Frogman  ,"Person with a rubber suit, flippers, and an oxygen supply for underwater swimming.",3.1
Frogmarch  | Hustle forward with the arms pinned behind.,Frogmarch  ,Hustle forward with the arms pinned behind.,3.2
Frog-spawn  | Frog's eggs.,Frog-spawn  ,Frog's eggs.,3.1
Frolic  |  play about cheerfully. —n. 1 cheerful play. 2 prank. 3 merry party. ,Frolic  ,play about cheerfully. —n. 1 cheerful play. 2 prank. 3 merry party.,2.9
"Frolicsome  | Merry, playful.",Frolicsome  ,"Merry, playful.",3.0
"From  | Expressing separation or origin, followed by: 1 person, place, time, etc., that is the starting-point . 2 place, object, etc. At a specified distance etc. . 3 a source . B giver or sender . 4 thing or person avoided, deprived, etc. . 5 reason, cause, motive . 6 thing distinguished or unlike . 7 lower limit . 8 state changed for another . 9 adverb or preposition of time or place .  from time to time occasionally. ",From  ,"Expressing separation or origin, followed by: 1 person, place, time, etc., that is the starting-point . 2 place, object, etc. At a specified distance etc. . 3 a source . B giver or sender . 4 thing or person avoided, deprived, etc. . 5 reason, cause, motive . 6 thing distinguished or unlike . 7 lower limit . 8 state changed for another . 9 adverb or preposition of time or place .  from time to time occasionally.",2.7
Fromage frais  | Smooth low-fat soft cheese.,Fromage frais  ,Smooth low-fat soft cheese.,2.7
Frond  | Leaflike part of a fern or palm. ,Frond  ,Leaflike part of a fern or palm.,2.9
"Front  —| 1 side or part most prominent or important, or nearer the spectator or direction of motion . 2  a line of battle. B ground towards an enemy. C scene of actual fighting. 3 a activity compared to a military front. B organized political group. 4 demeanour, bearing. 5 forward or conspicuous position. 6 a bluff. B pretext. 7 person etc. As a cover for subversive or illegal activities. 8 promenade. 9 forward edge of advancing cold or warm air. 10 auditorium of a theatre. 11 breast of a garment . —attrib. Adj. 1 of the front. 2 situated in front. —v. 1  have the front facing or directed towards. 2  slang act as a front or cover for. 3 provide with or have a front . 4 lead .  in front in an advanced or facing position. In front of 1 ahead of, in advance of. 2 in the presence of. ",Front  ,"1 side or part most prominent or important, or nearer the spectator or direction of motion . 2  a line of battle. B ground towards an enemy. C scene of actual fighting. 3 a activity compared to a military front. B organized political group. 4 demeanour, bearing. 5 forward or conspicuous position. 6 a bluff. B pretext. 7 person etc. As a cover for subversive or illegal activities. 8 promenade. 9 forward edge of advancing cold or warm air. 10 auditorium of a theatre. 11 breast of a garment . —attrib. Adj. 1 of the front. 2 situated in front. —v. 1  have the front facing or directed towards. 2  slang act as a front or cover for. 3 provide with or have a front . 4 lead .  in front in an advanced or facing position. In front of 1 ahead of, in advance of. 2 in the presence of.",2.7
Frontage  | 1 front of a building. 2 land next to a street or water etc. 3 extent of a front. 4 a the way a thing faces. B outlook.,Frontage  ,1 front of a building. 2 land next to a street or water etc. 3 extent of a front. 4 a the way a thing faces. B outlook.,2.8
Frontal  | 1 of or on the front . 2 of the forehead .,Frontal  ,1 of or on the front . 2 of the forehead .,3.3
Front bench  | Seats in parliament occupied by leading members of the government and opposition.,Front bench  ,Seats in parliament occupied by leading members of the government and opposition.,3.2
Front-bencher  | Mp occupying the front bench.,Front-bencher  ,Mp occupying the front bench.,3.5
Frontier  | 1 a border between two countries. B district on each side of this. 2 limits of attainment or knowledge in a subject. 3 us borders between settled and unsettled country.  frontiersman n.,Frontier  ,1 a border between two countries. B district on each side of this. 2 limits of attainment or knowledge in a subject. 3 us borders between settled and unsettled country.  frontiersman n.,3.4
Frontispiece  | Illustration facing the title-page of a book. ,Frontispiece  ,Illustration facing the title-page of a book.,3.5
Front line  | Foremost part of an army or group under attack.,Front line  ,Foremost part of an army or group under attack.,3.3
Front runner  | Favourite in a race etc.,Front runner  ,Favourite in a race etc.,3.0
Frost  —| 1 a frozen dew or vapour. B consistent temperature below freezing point. 2 cold dispiriting atmosphere. —v. 1  become covered with frost. 2 a cover with or as with frost. B injure  With frost. 3 make  non-transparent by roughening its surface. ,Frost  ,1 a frozen dew or vapour. B consistent temperature below freezing point. 2 cold dispiriting atmosphere. —v. 1  become covered with frost. 2 a cover with or as with frost. B injure  With frost. 3 make  non-transparent by roughening its surface.,2.7
Frostbite  | Injury to body tissues due to freezing.  frostbitten adj.,Frostbite  ,Injury to body tissues due to freezing.  frostbitten adj.,2.7
Frosting  | Icing.,Frosting  ,Icing.,2.7
Frosty  |  1 cold with frost. 2 covered with or as with frost. 3 unfriendly in manner.  frostily adv. Frostiness n.,Frosty  ,1 cold with frost. 2 covered with or as with frost. 3 unfriendly in manner.  frostily adv. Frostiness n.,2.5
Froth  —| 1 foam. 2 idle or amusing talk etc. —v. 1 emit or gather froth. 2 cause  To foam.  frothy adj. . ,Froth  ,1 foam. 2 idle or amusing talk etc. —v. 1 emit or gather froth. 2 cause  To foam.  frothy adj. .,2.7
"Frown  | 1 wrinkle one's brows, esp. In displeasure or concentration. 2  disapprove of. —n. 1 act of frowning. 2 look of displeasure or concentration. ",Frown  ,"1 wrinkle one's brows, esp. In displeasure or concentration. 2  disapprove of. —n. 1 act of frowning. 2 look of displeasure or concentration.",2.7
"Frowsty  |  fusty, stuffy. ",Frowsty  ,"fusty, stuffy.",3.1
"Frowzy  |   1 fusty. 2 slatternly, dingy. ",Frowzy  ,"1 fusty. 2 slatternly, dingy.",3.4
Froze  past of ~freeze.,Froze  past of ,Froze  past of ~freeze.,3.1
Frozen  | Of ~freeze.,Frozen  ,Of ~freeze.,2.7
Fructify  |  1 bear fruit. 2 make fruitful. ,Fructify  ,1 bear fruit. 2 make fruitful.,3.0
"Fructose  | Sugar in honey, fruits, etc. ",Fructose  ,"Sugar in honey, fruits, etc.",2.8
"Frugal  | 1 sparing or thrifty, esp. As regards food. 2 meagre, cheap.  frugality n. Frugally adv. ",Frugal  ,"1 sparing or thrifty, esp. As regards food. 2 meagre, cheap.  frugality n. Frugally adv.",3.0
"Fruit  —| 1 a seed-bearing part of a plant or tree; this as food. B these collectively. 2  Vegetables, grains, etc. As food . 3  Profits, rewards. —v.  bear fruit. ",Fruit  ,"1 a seed-bearing part of a plant or tree; this as food. B these collectively. 2  Vegetables, grains, etc. As food . 3  Profits, rewards. —v.  bear fruit.",3.4
Fruit cake  | Cake containing dried fruit.,Fruit cake  ,Cake containing dried fruit.,3.2
Fruit cocktail  | Diced fruit salad.,Fruit cocktail  ,Diced fruit salad.,3.4
Fruiterer  | Dealer in fruit.,Fruiterer  ,Dealer in fruit.,2.8
"Fruitful  | 1 producing much fruit. 2 successful, profitable.  fruitfully adv.",Fruitful  ,"1 producing much fruit. 2 successful, profitable.  fruitfully adv.",3.0
Fruition  | 1 bearing of fruit. 2 realization of aims or hopes. ,Fruition  ,1 bearing of fruit. 2 realization of aims or hopes.,3.2
"Fruit juice  | Juice of fruit, esp. As a drink.",Fruit juice  ,"Juice of fruit, esp. As a drink.",2.7
"Fruitless  | 1 not bearing fruit. 2 useless, unsuccessful.  fruitlessly adv.",Fruitless  ,"1 not bearing fruit. 2 useless, unsuccessful.  fruitlessly adv.",2.5
Fruit machine  | Coin-operated gaming machine using symbols representing fruit.,Fruit machine  ,Coin-operated gaming machine using symbols representing fruit.,2.9
Fruit sugar  | Fructose.,Fruit sugar  ,Fructose.,2.8
Fruity  |  1 a of fruit. B tasting or smelling like fruit. 2  Deep and rich. 3 colloq. Slightly indecent or suggestive.  fruitily adv. Fruitiness n.,Fruity  ,1 a of fruit. B tasting or smelling like fruit. 2  Deep and rich. 3 colloq. Slightly indecent or suggestive.  fruitily adv. Fruitiness n.,2.5
Frump  | Dowdy unattractive woman.  frumpish adj. Frumpy adj. . ,Frump  ,Dowdy unattractive woman.  frumpish adj. Frumpy adj. .,3.1
Frustrate  |  1 make  ineffective. 2 prevent  from achieving a purpose. 3  A discontented because unable to achieve one's aims. B sexually unfulfilled.  frustrating adj. Frustratingly adv. Frustration n. ,Frustrate  ,1 make  ineffective. 2 prevent  from achieving a purpose. 3  A discontented because unable to achieve one's aims. B sexually unfulfilled.  frustrating adj. Frustratingly adv. Frustration n.,3.1
Frustum  |  geom. Remaining part of a decapitated cone or pyramid. ,Frustum  ,geom. Remaining part of a decapitated cone or pyramid.,3.4
"Fry1  |  cook or be cooked in hot fat. —n.  1 offal, usu. Eaten fried . 2 fried food, esp. Meat. ",Fry1  ,"cook or be cooked in hot fat. —n.  1 offal, usu. Eaten fried . 2 fried food, esp. Meat.",3.2
Fry2  |pl. Young or newly hatched fishes. ,Fry2  ,pl. Young or newly hatched fishes.,3.2
Fryer  |  1 person who fries. 2 vessel for frying esp. Fish.,Fryer  ,1 person who fries. 2 vessel for frying esp. Fish.,3.3
Frying-pan  | Shallow pan used in frying.  out of the frying-pan into the fire from a bad situation to a worse one.,Frying-pan  ,Shallow pan used in frying.  out of the frying-pan into the fire from a bad situation to a worse one.,3.2
"Fry-up  | Colloq. Fried bacon, eggs, etc.",Fry-up  ,"Colloq. Fried bacon, eggs, etc.",3.3
