Ti  | Of ~te.,Ti  ,Of ~te.,3.3
Tiara  | 1 jewelled ornamental band worn on the front of a woman's hair. 2 three-crowned diadem worn by a pope.  tiaraed adj. ,Tiara  ,1 jewelled ornamental band worn on the front of a woman's hair. 2 three-crowned diadem worn by a pope.  tiaraed adj.,2.7
Tibia  |  anat. Inner of two bones extending from the knee to the ankle.  tibial adj. ,Tibia  ,anat. Inner of two bones extending from the knee to the ankle.  tibial adj.,2.9
"Tic  |  occasional involuntary contraction of the muscles, esp. Of the face. ",Tic  ,"occasional involuntary contraction of the muscles, esp. Of the face.",2.8
"Tick1  —| 1 slight recurring click, esp. That of a watch or clock. 2 colloq. Moment. 3 mark to denote correctness, check items in a list, etc. —v. 1  Make ticks. 2 a mark with a tick. B  mark  with a tick in checking.  tick off colloq. Reprimand. Tick over 1  Idle. 2  Be functioning at a basic level. What makes a person tick colloq. Person's motivation. ",Tick1  ,"1 slight recurring click, esp. That of a watch or clock. 2 colloq. Moment. 3 mark to denote correctness, check items in a list, etc. —v. 1  Make ticks. 2 a mark with a tick. B  mark  with a tick in checking.  tick off colloq. Reprimand. Tick over 1  Idle. 2  Be functioning at a basic level. What makes a person tick colloq. Person's motivation.",3.0
"Tick2  | 1 parasitic arachnid on the skin of dogs, cattle, etc. 2 parasitic insect on sheep and birds etc. ",Tick2  ,"1 parasitic arachnid on the skin of dogs, cattle, etc. 2 parasitic insect on sheep and birds etc.",2.9
Tick3  | Colloq. Credit . ,Tick3  ,Colloq. Credit .,2.8
Tick4  | 1 cover of a mattress or pillow. 2 = ~ticking. ,Tick4  ,1 cover of a mattress or pillow. 2 = ~ticking.,2.9
Ticker  | Colloq. 1 heart. 2 watch. 3 us = ~tape machine 1.,Ticker  ,Colloq. 1 heart. 2 watch. 3 us = ~tape machine 1.,2.7
Ticker-tape  | 1 paper strip from a tape machine. 2 this or similar material thrown from windows etc. To greet a celebrity.,Ticker-tape  ,1 paper strip from a tape machine. 2 this or similar material thrown from windows etc. To greet a celebrity.,3.5
"Ticket  —| 1 written or printed piece of paper or card entitling the holder to enter a place, participate in an event, travel by public transport, etc. 2 notification of a traffic offence etc. . 3 certificate of discharge from the army. 4 certificate of qualification as a ship's master, pilot, etc. 5 price etc. Label. 6 esp. Us a list of candidates put forward by one group, esp. A political party. B principles of a party. 7  colloq. What is correct or needed. —v.  attach a ticket to. ",Ticket  ,"1 written or printed piece of paper or card entitling the holder to enter a place, participate in an event, travel by public transport, etc. 2 notification of a traffic offence etc. . 3 certificate of discharge from the army. 4 certificate of qualification as a ship's master, pilot, etc. 5 price etc. Label. 6 esp. Us a list of candidates put forward by one group, esp. A political party. B principles of a party. 7  colloq. What is correct or needed. —v.  attach a ticket to.",3.1
Ticking  | Stout usu. Striped material used to cover mattresses etc. ,Ticking  ,Stout usu. Striped material used to cover mattresses etc.,2.6
Tickle  |  1 a touch or stroke  Playfully or lightly so as to produce laughter and spasmodic movement. B produce this sensation. 2 excite agreeably; amuse. 3 catch  By rubbing it so that it moves backwards into the hand. —n.,Tickle  ,1 a touch or stroke  Playfully or lightly so as to produce laughter and spasmodic movement. B produce this sensation. 2 excite agreeably; amuse. 3 catch  By rubbing it so that it moves backwards into the hand. —n.,2.9
Ticklish  | 1 sensitive to tickling. 2  difficult to handle.,Ticklish  ,1 sensitive to tickling. 2  difficult to handle.,2.6
Tick-tack  | A kind of manual semaphore used by racecourse bookmakers.,Tick-tack  ,A kind of manual semaphore used by racecourse bookmakers.,3.2
Tick-tock  | Ticking of a large clock etc.,Tick-tock  ,Ticking of a large clock etc.,3.2
"Tidal  | Relating to, like, or affected by tides.  tidally adv.",Tidal  ,"Relating to, like, or affected by tides.  tidally adv.",2.8
"Tidal wave  | 1 exceptionally large ocean wave, esp. One caused by an underwater earthquake. 2 widespread manifestation of feeling etc.",Tidal wave  ,"1 exceptionally large ocean wave, esp. One caused by an underwater earthquake. 2 widespread manifestation of feeling etc.",2.9
Tidbit  |  1 dainty morsel. 2 piquant item of news etc. ,Tidbit  ,1 dainty morsel. 2 piquant item of news etc.,2.8
"Tiddler  | Colloq. 1 small fish, esp. A stickleback or minnow. 2 unusually small thing. ",Tiddler  ,"Colloq. 1 small fish, esp. A stickleback or minnow. 2 unusually small thing.",2.4
Tiddly1  |  colloq. Slightly drunk. ,Tiddly1  ,colloq. Slightly drunk.,2.6
Tiddly2  |  colloq. Little. ,Tiddly2  ,colloq. Little.,2.3
Tiddly-wink  | 1 counter flicked with another into a cup etc. 2  This game. ,Tiddly-wink  ,1 counter flicked with another into a cup etc. 2  This game.,3.2
"Tide  | 1 a periodic rise and fall of the sea due to the attraction of the moon and sun. B water as affected by this. 2 time or season . 3 marked trend of opinion, fortune, or events.  tide  over provide  with what is needed during a difficult period. ",Tide  ,"1 a periodic rise and fall of the sea due to the attraction of the moon and sun. B water as affected by this. 2 time or season . 3 marked trend of opinion, fortune, or events.  tide  over provide  with what is needed during a difficult period.",2.8
Tidemark  | 1 mark made by the tide at high water. 2 a line left round a bath by the dirty water. B colloq. Line between washed and unwashed parts of a person's body.,Tidemark  ,1 mark made by the tide at high water. 2 a line left round a bath by the dirty water. B colloq. Line between washed and unwashed parts of a person's body.,3.2
Tidetable  | Table indicating the times of high and low tides.,Tidetable  ,Table indicating the times of high and low tides.,2.6
Tideway  | Tidal part of a river.,Tideway  ,Tidal part of a river.,2.6
Tidings  |  Archaic or joc. News. ,Tidings  ,Archaic or joc. News.,2.6
"Tidy  |  1 neat, orderly. 2  methodical. 3 colloq. Considerable . —n.  1 receptacle for holding small objects etc. 2 esp. Us cover for a chair-back etc. —v.   put in good order; make  Tidy.  tidily adv. Tidiness n. ",Tidy  ,"1 neat, orderly. 2  methodical. 3 colloq. Considerable . —n.  1 receptacle for holding small objects etc. 2 esp. Us cover for a chair-back etc. —v.   put in good order; make  Tidy.  tidily adv. Tidiness n.",2.8
"Tie  |  1 attach or fasten with string or cord etc. 2 a form  Into a knot or bow. B form  in this way. 3  restrict  in some way . 4  achieve the same score or place as another competitor . 5 hold  Together by a crosspiece etc. 6 mus. Unite  by a tie. —n. 1 cord or wire etc. Used for fastening. 2 strip of material worn round the collar and tied in a knot at the front. 3 thing that unites or restricts persons . 4 draw, dead heat, or equality of score among competitors. 5 match between any pair from a group of competing players or teams. 6  Rod or beam holding parts of a structure together. 7 mus. Curved line above or below two notes of the same pitch indicating that they are to be played without a break between them.  tie in  bring into or have a close association or agreement. Tie up 1 bind securely with cord etc. 2 invest or reserve  So that it is not immediately available for use. 3  = tie in. 4  fully occupy . 5 bring to a satisfactory conclusion. ",Tie  ,"1 attach or fasten with string or cord etc. 2 a form  Into a knot or bow. B form  in this way. 3  restrict  in some way . 4  achieve the same score or place as another competitor . 5 hold  Together by a crosspiece etc. 6 mus. Unite  by a tie. —n. 1 cord or wire etc. Used for fastening. 2 strip of material worn round the collar and tied in a knot at the front. 3 thing that unites or restricts persons . 4 draw, dead heat, or equality of score among competitors. 5 match between any pair from a group of competing players or teams. 6  Rod or beam holding parts of a structure together. 7 mus. Curved line above or below two notes of the same pitch indicating that they are to be played without a break between them.  tie in  bring into or have a close association or agreement. Tie up 1 bind securely with cord etc. 2 invest or reserve  So that it is not immediately available for use. 3  = tie in. 4  fully occupy . 5 bring to a satisfactory conclusion.",3.1
Tie-break  |  means of deciding a winner from competitors who have tied.,Tie-break  ,means of deciding a winner from competitors who have tied.,2.7
Tied  | Adj. 1  occupied subject to the tenant's working for its owner. 2  Bound to supply the products of a particular brewery only.,Tied  ,Adj. 1  occupied subject to the tenant's working for its owner. 2  Bound to supply the products of a particular brewery only.,3.2
Tie-dye  |  method of producing dyed patterns by tying string etc. To keep the dye away from parts of the fabric.,Tie-dye  ,method of producing dyed patterns by tying string etc. To keep the dye away from parts of the fabric.,3.3
Tie-in  | 1 connection or association. 2 joint promotion of related commodities etc. .,Tie-in  ,1 connection or association. 2 joint promotion of related commodities etc. .,2.7
Tie-pin  | Ornamental pin for holding a tie in place.,Tie-pin  ,Ornamental pin for holding a tie in place.,2.9
"Tier  | Row, rank, or unit of a structure, as one of several placed one above another .  tiered adj. ",Tier  ,"Row, rank, or unit of a structure, as one of several placed one above another .  tiered adj.",3.2
Tiercel  | Of ~tercel.,Tiercel  ,Of ~tercel.,3.3
"Tie-up  | Connection, association.",Tie-up  ,"Connection, association.",3.2
Tiff  | Slight or petty quarrel. ,Tiff  ,Slight or petty quarrel.,2.8
"Tiffin  | Ind. Light meal, esp. Lunch. ",Tiffin  ,"Ind. Light meal, esp. Lunch.",3.1
"Tiger  | 1 large asian animal of the cat family, with a yellow-brown coat with black stripes. 2 fierce, energetic, or formidable person. ",Tiger  ,"1 large asian animal of the cat family, with a yellow-brown coat with black stripes. 2 fierce, energetic, or formidable person.",3.4
"Tiger-cat  | Any moderate-sized feline resembling the tiger, e.g. The ocelot.",Tiger-cat  ,"Any moderate-sized feline resembling the tiger, e.g. The ocelot.",3.6
Tiger lily  | Tall garden lily with dark-spotted orange flowers.,Tiger lily  ,Tall garden lily with dark-spotted orange flowers.,3.5
Tiger moth  | Moth with richly spotted and streaked wings.,Tiger moth  ,Moth with richly spotted and streaked wings.,3.6
"Tight  | 1 closely held, drawn, fastened, fitting, etc. . 2 too closely fitting. 3 impermeable, impervious, esp.  To a specified thing . 4 tense; stretched. 5 colloq. Drunk. 6 colloq. Stingy. 7  not easily obtainable. 8 a  Stringent, demanding. B presenting difficulties . 9 produced by or requiring great exertion or pressure . —adv. Tightly .  tightly adv. Tightness n. ",Tight  ,"1 closely held, drawn, fastened, fitting, etc. . 2 too closely fitting. 3 impermeable, impervious, esp.  To a specified thing . 4 tense; stretched. 5 colloq. Drunk. 6 colloq. Stingy. 7  not easily obtainable. 8 a  Stringent, demanding. B presenting difficulties . 9 produced by or requiring great exertion or pressure . —adv. Tightly .  tightly adv. Tightness n.",2.9
Tight corner  |  difficult situation.,Tight corner  ,difficult situation.,3.1
Tighten  | Make or become tighter.,Tighten  ,Make or become tighter.,3.1
Tight-fisted  | Stingy.,Tight-fisted  ,Stingy.,1.9
Tight-lipped  | With or as with the lips compressed to restrain emotion or speech; determinedly reticent.,Tight-lipped  ,With or as with the lips compressed to restrain emotion or speech; determinedly reticent.,2.4
"Tightrope  | Rope stretched tightly high above the ground, on which acrobats perform.",Tightrope  ,"Rope stretched tightly high above the ground, on which acrobats perform.",2.7
"Tights  |pl. 1 thin close-fitting wool or nylon etc. Garment covering the legs, feet, and the lower part of the torso, worn by women and girls. 2 similar garment worn by a dancer, acrobat, etc.",Tights  ,"pl. 1 thin close-fitting wool or nylon etc. Garment covering the legs, feet, and the lower part of the torso, worn by women and girls. 2 similar garment worn by a dancer, acrobat, etc.",2.7
Tigress  | Female tiger.,Tigress  ,Female tiger.,2.6
Tike  | Of ~tyke.,Tike  ,Of ~tyke.,2.9
"Tilde  | Mark  put over a letter, e.g. Over a spanish n when pronounced ny . ",Tilde  ,"Mark  put over a letter, e.g. Over a spanish n when pronounced ny .",3.1
"Tile   —| 1 thin slab of concrete or baked clay etc. Used for roofing or paving etc. 2 similar slab of glazed pottery, cork, linoleum, etc., for covering a wall, floor, etc. 3 thin flat piece used in a game . —v.  cover with tiles.  on the tiles colloq. Having a spree.  tiler n. ",Tile   ,"1 thin slab of concrete or baked clay etc. Used for roofing or paving etc. 2 similar slab of glazed pottery, cork, linoleum, etc., for covering a wall, floor, etc. 3 thin flat piece used in a game . —v.  cover with tiles.  on the tiles colloq. Having a spree.  tiler n.",2.8
Tiling  | 1 process of fixing tiles. 2 area of tiles.,Tiling  ,1 process of fixing tiles. 2 area of tiles.,2.6
Till1  —| 1 up to or as late as . 2 up to the time of . —conj. 1 up to the time when . 2 so long that . ,Till1  ,1 up to or as late as . 2 up to the time of . —conj. 1 up to the time when . 2 so long that .,2.8
"Till2  | Drawer for money in a shop or bank etc., esp. With a device recording the amount of each purchase. ",Till2  ,"Drawer for money in a shop or bank etc., esp. With a device recording the amount of each purchase.",2.7
Till3  | Cultivate .  tiller n. ,Till3  ,Cultivate .  tiller n.,3.0
Tillage  | 1 preparation of land for growing crops. 2 tilled land.,Tillage  ,1 preparation of land for growing crops. 2 tilled land.,2.8
Tiller  | Bar fitted to a boat's rudder to turn it in steering. ,Tiller  ,Bar fitted to a boat's rudder to turn it in steering.,2.9
"Tilt  | 1  assume a sloping position; heel over. 2  strike, thrust, or run at, with a weapon. 3  engage in a contest. —n. 1 tilting. 2 sloping position. 3  Charging with a lance against an opponent or at a mark. 4 attack, esp. With argument or satire .",Tilt  ,"1  assume a sloping position; heel over. 2  strike, thrust, or run at, with a weapon. 3  engage in a contest. —n. 1 tilting. 2 sloping position. 3  Charging with a lance against an opponent or at a mark. 4 attack, esp. With argument or satire .",2.9
"Tilth  | 1 tillage, cultivation. 2 tilled soil. ",Tilth  ,"1 tillage, cultivation. 2 tilled soil.",2.9
"Timber  | 1 wood prepared for building, carpentry, etc. 2 piece of wood or beam, esp. As the rib of a vessel. 3 large standing trees. 4  Warning cry that a tree is about to fall. ",Timber  ,"1 wood prepared for building, carpentry, etc. 2 piece of wood or beam, esp. As the rib of a vessel. 3 large standing trees. 4  Warning cry that a tree is about to fall.",2.9
Timbered  | 1 made wholly or partly of timber. 2  wooded.,Timbered  ,1 made wholly or partly of timber. 2  wooded.,2.7
Timberline  | Line or level above which no trees grow.,Timberline  ,Line or level above which no trees grow.,2.8
Timbre  | Distinctive character of a musical sound or voice apart from its pitch and volume. ,Timbre  ,Distinctive character of a musical sound or voice apart from its pitch and volume.,2.8
Timbrel  | Archaic tambourine. ,Timbrel  ,Archaic tambourine.,3.0
"Time  —| 1 indefinite continued progress of existence, events, etc., in the past, present, and future, regarded as a whole. 2 progress of this as affecting persons or things. 3 portion of time belonging to particular events or circumstances . 4 allotted or available portion of time . 5 point of time, esp. In hours and minutes . 6  indefinite period. 7 time or an amount of time as reckoned by a conventional standard . 8 occasion . 9 moment etc. Suitable for a purpose etc. . 10  Expressing multiplication . 11 lifetime . 12  Conditions of life or of a period . 13 slang prison sentence . 14 apprenticeship . 15 period of gestation. 16 date or expected date of childbirth or death. 17 measured time spent in work. 18 a any of several rhythmic patterns of music. B duration of a note. —v.  1 choose the time for. 2 do at a chosen or correct time. 3 arrange the time of arrival of. 4 ascertain the time taken by.  against time with utmost speed, so as to finish by a specified time. Ahead of time earlier than expected. All the time 1 during the whole of the time referred to . 2 constantly. At one time 1 in a known but unspecified past period. 2 simultaneously. At the same time 1 simultaneously. 2 nevertheless. At times intermittently. For the time being until some other arrangement is made. Half the time colloq. As often as not. Have no time for 1 be unable or unwilling to spend time on. 2 dislike. Have a time of it undergo trouble or difficulty. In no time 1 very soon. 2 very quickly. In time 1 not late, punctual. 2 eventually. 3 in accordance with a given rhythm. Keep time move or sing etc. In time. Pass the time of day colloq. Exchange a greeting or casual remarks. Time after time 1 on many occasions. 2 in many instances. Time and  again on many occasions. The time of one's life period of exceptional enjoyment. Time out of mind a longer time than anyone can remember. Time was there was a time. ",Time  ,"1 indefinite continued progress of existence, events, etc., in the past, present, and future, regarded as a whole. 2 progress of this as affecting persons or things. 3 portion of time belonging to particular events or circumstances . 4 allotted or available portion of time . 5 point of time, esp. In hours and minutes . 6  indefinite period. 7 time or an amount of time as reckoned by a conventional standard . 8 occasion . 9 moment etc. Suitable for a purpose etc. . 10  Expressing multiplication . 11 lifetime . 12  Conditions of life or of a period . 13 slang prison sentence . 14 apprenticeship . 15 period of gestation. 16 date or expected date of childbirth or death. 17 measured time spent in work. 18 a any of several rhythmic patterns of music. B duration of a note. —v.  1 choose the time for. 2 do at a chosen or correct time. 3 arrange the time of arrival of. 4 ascertain the time taken by.  against time with utmost speed, so as to finish by a specified time. Ahead of time earlier than expected. All the time 1 during the whole of the time referred to . 2 constantly. At one time 1 in a known but unspecified past period. 2 simultaneously. At the same time 1 simultaneously. 2 nevertheless. At times intermittently. For the time being until some other arrangement is made. Half the time colloq. As often as not. Have no time for 1 be unable or unwilling to spend time on. 2 dislike. Have a time of it undergo trouble or difficulty. In no time 1 very soon. 2 very quickly. In time 1 not late, punctual. 2 eventually. 3 in accordance with a given rhythm. Keep time move or sing etc. In time. Pass the time of day colloq. Exchange a greeting or casual remarks. Time after time 1 on many occasions. 2 in many instances. Time and  again on many occasions. The time of one's life period of exceptional enjoyment. Time out of mind a longer time than anyone can remember. Time was there was a time.",2.8
Time and a half  | One and a half times the normal rate of payment.,Time and a half  ,One and a half times the normal rate of payment.,2.6
Time-and-motion  |  Measuring the efficiency of industrial and other operations.,Time-and-motion  ,Measuring the efficiency of industrial and other operations.,3.4
Time bomb  | Bomb designed to explode at a pre-set time.,Time bomb  ,Bomb designed to explode at a pre-set time.,2.2
"Time capsule  | Box etc. Containing objects typical of the present time, buried for future discovery.",Time capsule  ,"Box etc. Containing objects typical of the present time, buried for future discovery.",2.7
Time clock  | Clock with a device for recording workers' hours of work.,Time clock  ,Clock with a device for recording workers' hours of work.,3.7
Time exposure  | Exposure of photographic film for longer than the slowest normal shutter setting.,Time exposure  ,Exposure of photographic film for longer than the slowest normal shutter setting.,2.7
Time-honoured  | Esteemed by tradition or through custom.,Time-honoured  ,Esteemed by tradition or through custom.,3.4
"Timekeeper  | 1 person who records time, esp. Of workers or in a game. 2 a watch or clock as regards accuracy . B person as regards punctuality.  timekeeping n.",Timekeeper  ,"1 person who records time, esp. Of workers or in a game. 2 a watch or clock as regards accuracy . B person as regards punctuality.  timekeeping n.",2.8
Time-lag  | Interval of time between a cause and effect.,Time-lag  ,Interval of time between a cause and effect.,3.1
Timeless  | Not affected by the passage of time.  timelessly adv. Timelessness n.,Timeless  ,Not affected by the passage of time.  timelessly adv. Timelessness n.,2.4
Time-limit  | Limit of time within which a task must be done.,Time-limit  ,Limit of time within which a task must be done.,3.0
Timely  |  opportune; coming at the right time.  timeliness n.,Timely  ,opportune; coming at the right time.  timeliness n.,2.8
Timepiece  | Clock or watch.,Timepiece  ,Clock or watch.,3.0
Timer  | Person or device that measures or records time taken.,Timer  ,Person or device that measures or records time taken.,2.8
Time-served  | Having completed a period of apprenticeship or training.,Time-served  ,Having completed a period of apprenticeship or training.,3.0
"Time-server  | Derog. Person who changes his or her view to suit the prevailing circumstances, fashion, etc.  time-serving adj.",Time-server  ,"Derog. Person who changes his or her view to suit the prevailing circumstances, fashion, etc.  time-serving adj.",3.3
Time-share  | Share in a property under a time-sharing scheme.,Time-share  ,Share in a property under a time-sharing scheme.,3.4
Time-sharing  | 1 use of a holiday home at contractually agreed different times by several joint owners. 2 operation of a computer system by several users for different operations at the same time.,Time-sharing  ,1 use of a holiday home at contractually agreed different times by several joint owners. 2 operation of a computer system by several users for different operations at the same time.,3.5
Time sheet  | Sheet of paper for recording hours of work etc.,Time sheet  ,Sheet of paper for recording hours of work etc.,3.4
"Time-shift  | Move from one time to another, esp. Record  for later viewing. —n. Movement from one time to another .",Time-shift  ,"Move from one time to another, esp. Record  for later viewing. —n. Movement from one time to another .",3.6
Time signal  | Audible signal of the exact time of day.,Time signal  ,Audible signal of the exact time of day.,3.3
Time signature  | Mus. Indication of tempo following a clef.,Time signature  ,Mus. Indication of tempo following a clef.,3.9
Time switch  | Switch acting automatically at a pre-set time.,Time switch  ,Switch acting automatically at a pre-set time.,3.1
"Timetable  —| List of times at which events are scheduled to take place, esp. The arrival and departure of transport or a sequence of lessons. —v.  include in or arrange to a timetable; schedule.",Timetable  ,"List of times at which events are scheduled to take place, esp. The arrival and departure of transport or a sequence of lessons. —v.  include in or arrange to a timetable; schedule.",3.0
Time zone  | Range of longitudes where a common standard time is used.,Time zone  ,Range of longitudes where a common standard time is used.,2.7
Timid  |  easily frightened; apprehensive.  timidity n. Timidly adv. ,Timid  ,easily frightened; apprehensive.  timidity n. Timidly adv.,2.6
Timing  | 1 way an action or process is timed. 2 regulation of the opening and closing of valves in an internal-combustion engine.,Timing  ,1 way an action or process is timed. 2 regulation of the opening and closing of valves in an internal-combustion engine.,3.5
Timorous  | 1 timid. 2 frightened.  timorously adv. ,Timorous  ,1 timid. 2 frightened.  timorously adv.,2.6
Timpani  |pl.  kettledrums.  timpanist n. ,Timpani  ,pl.  kettledrums.  timpanist n.,2.7
"Tin  —| 1  silvery-white metallic element, used esp. In alloys and in making tin plate. 2 container made of tin or tinned iron, esp. Airtight for preserving food. 3 = ~tin plate. —v.  1 seal  in a tin for preservation. 2 cover or coat with tin. ",Tin  ,"1  silvery-white metallic element, used esp. In alloys and in making tin plate. 2 container made of tin or tinned iron, esp. Airtight for preserving food. 3 = ~tin plate. —v.  1 seal  in a tin for preservation. 2 cover or coat with tin.",2.8
"Tin can  | Tin container, esp. An empty one.",Tin can  ,"Tin container, esp. An empty one.",3.1
"Tincture  —|  1 slight flavour or trace. 2 tinge . 3 medicinal solution  in alcohol . —v.  1 colour slightly; tinge, flavour. 2  affect slightly . ",Tincture  ,"1 slight flavour or trace. 2 tinge . 3 medicinal solution  in alcohol . —v.  1 colour slightly; tinge, flavour. 2  affect slightly .",2.9
Tinder  | Dry substance that readily catches fire from a spark.  tindery adj. ,Tinder  ,Dry substance that readily catches fire from a spark.  tindery adj.,2.8
"Tinder-box  | Hist. Box containing tinder, flint, and steel, formerly used for kindling fires.",Tinder-box  ,"Hist. Box containing tinder, flint, and steel, formerly used for kindling fires.",3.2
"Tine  | Prong, tooth, or point of a fork, comb, antler, etc. ",Tine  ,"Prong, tooth, or point of a fork, comb, antler, etc.",2.8
"Tin foil  | Foil made of tin, aluminium, or tin alloy, used for wrapping food.",Tin foil  ,"Foil made of tin, aluminium, or tin alloy, used for wrapping food.",3.0
Ting  —| Tinkling sound as of a bell. —v.  emit this sound. ,Ting  ,Tinkling sound as of a bell. —v.  emit this sound.,3.3
Tinge  |   1 colour slightly. 2 affect slightly. —n. 1 tendency towards or trace of some colour. 2 slight admixture of a feeling or quality. ,Tinge  ,1 colour slightly. 2 affect slightly. —n. 1 tendency towards or trace of some colour. 2 slight admixture of a feeling or quality.,2.7
"Tingle  |  1 feel a slight prickling, stinging, or throbbing sensation. 2 cause this . —n. Tingling sensation.  tingly adj. ",Tingle  ,"1 feel a slight prickling, stinging, or throbbing sensation. 2 cause this . —n. Tingling sensation.  tingly adj.",3.0
Tin hat  | Colloq. Military steel helmet.,Tin hat  ,Colloq. Military steel helmet.,2.6
Tinker  —| 1 itinerant mender of kettles and pans etc. 2 scot. & ir. Gypsy. 3 colloq. Mischievous person or animal. 4 spell of tinkering. —v. 1  work in an amateurish or desultory way. 2 work as a tinker. ,Tinker  ,1 itinerant mender of kettles and pans etc. 2 scot. & ir. Gypsy. 3 colloq. Mischievous person or animal. 4 spell of tinkering. —v. 1  work in an amateurish or desultory way. 2 work as a tinker.,2.8
Tinkle  |   make a succession of short light ringing sounds. —n. 1 tinkling sound. 2 colloq. Telephone call.  tinkly adj. ,Tinkle  ,make a succession of short light ringing sounds. —n. 1 tinkling sound. 2 colloq. Telephone call.  tinkly adj.,2.9
Tinnitus  | Med. Condition with ringing in the ears. ,Tinnitus  ,Med. Condition with ringing in the ears.,3.2
"Tinny  |  1 of or like tin. 2 flimsy, insubstantial. 3  thin and metallic.",Tinny  ,"1 of or like tin. 2 flimsy, insubstantial. 3  thin and metallic.",2.7
Tin-opener  | Tool for opening tins.,Tin-opener  ,Tool for opening tins.,3.4
Tin-pan alley  | World of composers and publishers of popular music.,Tin-pan alley  ,World of composers and publishers of popular music.,3.2
Tin plate  | Sheet iron or sheet steel coated with tin.,Tin plate  ,Sheet iron or sheet steel coated with tin.,3.2
"Tinpot  | Adj. Cheap, inferior.",Tinpot  ,"Adj. Cheap, inferior.",2.9
"Tinsel  | 1 glittering metallic strips, threads, etc., used as decoration. 2 superficial brilliance or splendour. 3  Gaudy, flashy.  tinselled adj. Tinselly adj. ",Tinsel  ,"1 glittering metallic strips, threads, etc., used as decoration. 2 superficial brilliance or splendour. 3  Gaudy, flashy.  tinselled adj. Tinselly adj.",2.8
Tinsmith  | Worker in tin and tin plate.,Tinsmith  ,Worker in tin and tin plate.,3.4
Tinsnips  | Clippers for cutting sheet metal.,Tinsnips  ,Clippers for cutting sheet metal.,2.5
"Tint  —| 1 variety of a colour, esp. Made by adding white. 2 tendency towards or admixture of a different colour . 3 faint colour spread over a surface. —v. Apply a tint to; colour. ",Tint  ,"1 variety of a colour, esp. Made by adding white. 2 tendency towards or admixture of a different colour . 3 faint colour spread over a surface. —v. Apply a tint to; colour.",3.0
Tin-tack  | Iron tack.,Tin-tack  ,Iron tack.,2.9
Tintinnabulation  | Ringing or tinkling of bells. ,Tintinnabulation  ,Ringing or tinkling of bells.,1.9
Tin whistle  | = ~penny whistle.,Tin whistle  ,= ~penny whistle.,2.7
Tiny  |  very small or slight.  tinily adv. Tininess n. ,Tiny  ,very small or slight.  tinily adv. Tininess n.,2.8
"Tip1  —| 1 extremity or end, esp. Of a small or tapering thing. 2 small piece or part attached to the end of a thing. 3 leaf-bud of tea. —v.  provide with a tip.  on the tip of one's tongue about to be said or remembered. Tip of the iceberg small evident part of something much larger. ",Tip1  ,"1 extremity or end, esp. Of a small or tapering thing. 2 small piece or part attached to the end of a thing. 3 leaf-bud of tea. —v.  provide with a tip.  on the tip of one's tongue about to be said or remembered. Tip of the iceberg small evident part of something much larger.",3.1
Tip2  |  1  a lean or slant. B cause to do this. 2  A overturn or cause to overbalance. B discharge the contents of  In this way. —n. 1 a slight push or tilt. B light stroke. 2 place where material  is tipped.  tip the scales see ~scale2. ,Tip2  ,1  a lean or slant. B cause to do this. 2  A overturn or cause to overbalance. B discharge the contents of  In this way. —n. 1 a slight push or tilt. B light stroke. 2 place where material  is tipped.  tip the scales see ~scale2.,3.0
"Tip3  |  1 make a small present of money to, esp. For a service given. 2 name as the likely winner of a race or contest etc. 3 strike or touch lightly. —n. 1 small money present, esp. For a service given. 2 piece of private or special information, esp. Regarding betting or investment. 3 small or casual piece of advice.  tip off give  a hint or piece of special information or warning. Tip a person the wink give a person private information. ",Tip3  ,"1 make a small present of money to, esp. For a service given. 2 name as the likely winner of a race or contest etc. 3 strike or touch lightly. —n. 1 small money present, esp. For a service given. 2 piece of private or special information, esp. Regarding betting or investment. 3 small or casual piece of advice.  tip off give  a hint or piece of special information or warning. Tip a person the wink give a person private information.",3.0
Tip-off  | Hint or warning etc.,Tip-off  ,Hint or warning etc.,2.9
Tipper  |  Road haulage vehicle that tips at the back to discharge its load.,Tipper  ,Road haulage vehicle that tips at the back to discharge its load.,2.6
"Tippet  | 1 long piece of fur etc. Worn by a woman round the shoulders. 2 similar garment worn by judges, clergy, etc. ",Tippet  ,"1 long piece of fur etc. Worn by a woman round the shoulders. 2 similar garment worn by judges, clergy, etc.",2.7
Tipple  |  1 drink intoxicating liquor habitually. 2 drink  repeatedly in small amounts. —n. Colloq. Alcoholic drink.  tippler n. ,Tipple  ,1 drink intoxicating liquor habitually. 2 drink  repeatedly in small amounts. —n. Colloq. Alcoholic drink.  tippler n.,2.9
Tipstaff  | 1 sheriff's officer. 2 metal-tipped staff carried as a symbol of office. ,Tipstaff  ,1 sheriff's officer. 2 metal-tipped staff carried as a symbol of office.,3.0
"Tipster  | Person who gives tips, esp. About betting at horse-races.",Tipster  ,"Person who gives tips, esp. About betting at horse-races.",2.9
Tipsy  |  1 slightly drunk. 2 caused by or showing intoxication .  tipsily adv. Tipsiness n. ,Tipsy  ,1 slightly drunk. 2 caused by or showing intoxication .  tipsily adv. Tipsiness n.,2.6
"Tiptoe  —| The tips of the toes. —v.  walk on tiptoe, or very stealthily. —adv.  with the heels off the ground.",Tiptoe  ,"The tips of the toes. —v.  walk on tiptoe, or very stealthily. —adv.  with the heels off the ground.",2.7
Tiptop  | —adj. Highest in excellence. —n. Highest point of excellence. —adv. Most excellently.,Tiptop  ,—adj. Highest in excellence. —n. Highest point of excellence. —adv. Most excellently.,2.8
"Tip-up  | Adj. Able to be tipped, e.g. Of a theatre seat.",Tip-up  ,"Adj. Able to be tipped, e.g. Of a theatre seat.",3.1
Tirade  | Long vehement denunciation or declamation. ,Tirade  ,Long vehement denunciation or declamation.,2.7
Tire1  |  1 make or grow weary. 2 exhaust the patience or interest of; bore. 3  have had enough of; be fed up with. ,Tire1  ,1 make or grow weary. 2 exhaust the patience or interest of; bore. 3  have had enough of; be fed up with.,2.6
Tire2  | Band of metal placed round the rim of a wheel to strengthen it.  ,Tire2  ,Band of metal placed round the rim of a wheel to strengthen it.,2.5
"Tire3  |  rubber covering, usu. Inflated, placed round a wheel to form a soft contact with the road. ",Tire3  ,"rubber covering, usu. Inflated, placed round a wheel to form a soft contact with the road.",2.7
Tired  | 1 weary; ready for sleep. 2  Hackneyed.  tiredly adv. Tiredness n.,Tired  ,1 weary; ready for sleep. 2  Hackneyed.  tiredly adv. Tiredness n.,2.5
"Tireless  | Not tiring easily, energetic.  tirelessly adv. Tirelessness n.",Tireless  ,"Not tiring easily, energetic.  tirelessly adv. Tirelessness n.",1.7
"Tiresome  | 1 wearisome, tedious. 2 colloq. Annoying.  tiresomely adv. Tiresomeness n.",Tiresome  ,"1 wearisome, tedious. 2 colloq. Annoying.  tiresomely adv. Tiresomeness n.",2.9
"Tiro  |   beginner, novice. ",Tiro  ,"beginner, novice.",3.2
"Tissue  | 1 any of the coherent collections of specialized cells of which animals or plants are made . 2 = ~tissue-paper. 3 disposable piece of thin soft absorbent paper for wiping, drying, etc. 4 fine woven esp. Gauzy fabric. 5  connected series . ",Tissue  ,"1 any of the coherent collections of specialized cells of which animals or plants are made . 2 = ~tissue-paper. 3 disposable piece of thin soft absorbent paper for wiping, drying, etc. 4 fine woven esp. Gauzy fabric. 5  connected series .",2.9
Tissue-paper  | Thin soft paper for wrapping etc.,Tissue-paper  ,Thin soft paper for wrapping etc.,2.7
Tit1  | Any of various small birds. ,Tit1  ,Any of various small birds.,2.7
Tit2  |  tit for tat blow for blow; retaliation. ,Tit2  , tit for tat blow for blow; retaliation.,2.7
Tit3  | 1 coarse slang woman's breast. 2 colloq. Nipple. ,Tit3  ,1 coarse slang woman's breast. 2 colloq. Nipple.,2.8
"Titan  |  person of very great strength, intellect, or importance. ",Titan  ,"person of very great strength, intellect, or importance.",2.7
"Titanic  | Gigantic, colossal.  titanically adv. ",Titanic  ,"Gigantic, colossal.  titanically adv.",2.8
Titanium  | Grey metallic element. ,Titanium  ,Grey metallic element.,2.7
Titbit  |  1 dainty morsel. 2 piquant item of news etc. ,Titbit  ,1 dainty morsel. 2 piquant item of news etc.,3.0
Titchy  |  colloq. Very small. ,Titchy  ,colloq. Very small.,2.8
Titfer  | Slang hat. ,Titfer  ,Slang hat.,2.8
"Tithe  —| 1 one-tenth of the annual produce of land or labour, formerly taken as a tax for the church. 2 tenth part. —v.  1 subject to tithes. 2 pay tithes. ",Tithe  ,"1 one-tenth of the annual produce of land or labour, formerly taken as a tax for the church. 2 tenth part. —v.  1 subject to tithes. 2 pay tithes.",3.1
Tithe barn  | Barn built to hold tithes paid in kind.,Tithe barn  ,Barn built to hold tithes paid in kind.,3.2
Titian  |  bright auburn. ,Titian  ,bright auburn.,2.7
"Titillate  |  1 excite, esp. Sexually. 2 tickle.  titillation n. ",Titillate  ,"1 excite, esp. Sexually. 2 tickle.  titillation n.",2.8
Titivate  |   Colloq. Smarten up; put the finishing touches to.  titivation n. ,Titivate  ,Colloq. Smarten up; put the finishing touches to.  titivation n.,2.7
"Title  | 1 name of a book, work of art, etc. 2 heading of a chapter, document, etc. 3 a = ~title-page. B book, magazine, etc., in terms of its title . 4  Caption or credit in a film etc. 5 name indicating a person's status  or used as a form of address or reference . 6 championship in sport. 7 law a right to ownership of property with or without possession. B facts constituting this. C  just or recognized claim. ",Title  ,"1 name of a book, work of art, etc. 2 heading of a chapter, document, etc. 3 a = ~title-page. B book, magazine, etc., in terms of its title . 4  Caption or credit in a film etc. 5 name indicating a person's status  or used as a form of address or reference . 6 championship in sport. 7 law a right to ownership of property with or without possession. B facts constituting this. C  just or recognized claim.",2.7
Titled  | Having a title of nobility or rank.,Titled  ,Having a title of nobility or rank.,2.7
Title-deed  | Legal instrument as evidence of a right.,Title-deed  ,Legal instrument as evidence of a right.,3.1
"Title-holder  | Person who holds a title, esp. A sporting champion.",Title-holder  ,"Person who holds a title, esp. A sporting champion.",3.5
"Title-page  | Page at the beginning of a book giving the title, author, etc.",Title-page  ,"Page at the beginning of a book giving the title, author, etc.",3.2
Title role  | Part in a play etc. That gives it its name .,Title role  ,Part in a play etc. That gives it its name .,3.0
Titmouse  |  small active tit. ,Titmouse  ,small active tit.,2.7
Titrate  |  chem. Ascertain the amount of a constituent in  by reaction with a known concentration of reagent.  titration n. ,Titrate  ,chem. Ascertain the amount of a constituent in  by reaction with a known concentration of reagent.  titration n.,2.9
Titter  | Laugh covertly; giggle. —n. Covert laugh. ,Titter  ,Laugh covertly; giggle. —n. Covert laugh.,2.7
Tittle  | 1 small written or printed stroke or dot. 2 particle; whit . ,Tittle  ,1 small written or printed stroke or dot. 2 particle; whit .,2.8
"Tittle-tattle  —| Petty gossip. —v.  gossip, chatter. ",Tittle-tattle  ,"Petty gossip. —v.  gossip, chatter.",2.9
Tittup  |  go about friskily or jerkily; bob up and down; canter. —n. Such a gait or movement. ,Tittup  ,go about friskily or jerkily; bob up and down; canter. —n. Such a gait or movement.,3.1
"Titular  | 1 of or relating to a title. 2 existing, or being, in name or title only . ",Titular  ,"1 of or relating to a title. 2 existing, or being, in name or title only .",2.9
Tizzy  |  colloq. State of agitation . ,Tizzy  ,colloq. State of agitation .,3.1
