Dual  | 1 in two parts; twofold. 2 double . —n. Gram. Dual number or form.  duality n. ,Dual  ,1 in two parts; twofold. 2 double . —n. Gram. Dual number or form.  duality n.,3.3
Dual carriageway  | Road with a dividing strip between traffic flowing in opposite directions.,Dual carriageway  ,Road with a dividing strip between traffic flowing in opposite directions.,3.4
"Dual control  | Two linked sets of controls, enabling operation by either of two persons.",Dual control  ,"Two linked sets of controls, enabling operation by either of two persons.",3.7
"Dub1  |  1 make  a knight by touching his shoulders with a sword. 2 give  a name, nickname, etc. 3 smear  with grease. ",Dub1  ,"1 make  a knight by touching his shoulders with a sword. 2 give  a name, nickname, etc. 3 smear  with grease.",2.9
"Dub2  |  1 provide  With an, esp. Translated, alternative soundtrack. 2 add  to a film or broadcast. 3 transfer or make a copy of . ",Dub2  ,"1 provide  With an, esp. Translated, alternative soundtrack. 2 add  to a film or broadcast. 3 transfer or make a copy of .",2.9
Dubbin  |  thick grease for softening and waterproofing leather. ,Dubbin  ,thick grease for softening and waterproofing leather.,2.9
Dubiety  | Literary doubt. ,Dubiety  ,Literary doubt.,2.9
"Dubious  | 1 hesitating, doubtful. 2 questionable; suspicious. 3 unreliable.  dubiously adv. Dubiousness n. ",Dubious  ,"1 hesitating, doubtful. 2 questionable; suspicious. 3 unreliable.  dubiously adv. Dubiousness n.",3.1
Ducal  | Of or like a duke. ,Ducal  ,Of or like a duke.,2.9
"Ducat  | Gold coin, formerly current in most of europe. ",Ducat  ,"Gold coin, formerly current in most of europe.",3.1
Duchess  | 1 duke's wife or widow. 2 woman holding the rank of duke. ,Duchess  ,1 duke's wife or widow. 2 woman holding the rank of duke.,3.3
"Duchesse potatoes  |pl. Mashed potatoes mixed with egg, baked or fried, and served as small cakes or used as piping. ",Duchesse potatoes  ,"pl. Mashed potatoes mixed with egg, baked or fried, and served as small cakes or used as piping.",2.4
Duchy  |  territory of a duke or duchess; royal dukedom of cornwall or lancaster. ,Duchy  ,territory of a duke or duchess; royal dukedom of cornwall or lancaster.,2.8
"Duck1  —|  1 a swimming-bird, esp. The domesticated form of the mallard or wild duck. B female of this. C its flesh as food. 2 score of 0 in cricket. 3  colloq.  dear. —v. 1 bob down, esp. To avoid being seen or hit. 2 a dip one's head briefly under water. B plunge  briefly in water. 3 colloq. Dodge .  like water off a duck's back colloq. Producing no effect. ",Duck1  ,"1 a swimming-bird, esp. The domesticated form of the mallard or wild duck. B female of this. C its flesh as food. 2 score of 0 in cricket. 3  colloq.  dear. —v. 1 bob down, esp. To avoid being seen or hit. 2 a dip one's head briefly under water. B plunge  briefly in water. 3 colloq. Dodge .  like water off a duck's back colloq. Producing no effect.",2.6
Duck2  | 1 strong linen or cotton fabric. 2  Trousers made of this. ,Duck2  ,1 strong linen or cotton fabric. 2  Trousers made of this.,2.7
Duckbill  |  = ~platypus.,Duckbill  ,= ~platypus.,3.2
"Duckboard  |  Path of wooden slats over muddy ground, in a trench, etc.",Duckboard  ,"Path of wooden slats over muddy ground, in a trench, etc.",3.1
Duckling  | Young duck.,Duckling  ,Young duck.,2.8
Ducks and drakes  |pl.  Game of making a flat stone skim the surface of water.  play ducks and drakes with colloq. Squander.,Ducks and drakes  ,pl.  Game of making a flat stone skim the surface of water.  play ducks and drakes with colloq. Squander.,2.7
Duckweed  | Any of various plants growing on the surface of still water.,Duckweed  ,Any of various plants growing on the surface of still water.,2.5
Ducky  |  colloq.  dear.,Ducky  ,colloq.  dear.,2.6
"Duct  —| Channel or tube for conveying a fluid, cable, bodily secretions, etc. . —v. Convey through a duct. ",Duct  ,"Channel or tube for conveying a fluid, cable, bodily secretions, etc. . —v. Convey through a duct.",2.7
Ductile  | 1  capable of being drawn into wire; pliable. 2 easily moulded. 3 docile.  ductility n. ,Ductile  ,1  capable of being drawn into wire; pliable. 2 easily moulded. 3 docile.  ductility n.,3.1
Ductless gland  | Gland secreting directly into the bloodstream.,Ductless gland  ,Gland secreting directly into the bloodstream.,2.2
"Dud  slang —| 1 useless or broken thing. 2 counterfeit article. 3  Clothes, rags. —adj. Useless, defective. ",Dud  slang ,"1 useless or broken thing. 2 counterfeit article. 3  Clothes, rags. —adj. Useless, defective.",3.0
Dude  | Slang 1 fellow. 2 us dandy. 3 us city-dweller staying on a ranch. ,Dude  ,Slang 1 fellow. 2 us dandy. 3 us city-dweller staying on a ranch.,2.9
"Dudgeon  | Resentment, indignation.  in high dudgeon very angry. ",Dudgeon  ,"Resentment, indignation.  in high dudgeon very angry.",3.4
Due  | 1 owing or payable. 2  merited; appropriate. 3  that ought to be given or ascribed to  . 4 (often foll.,Due  ,1 owing or payable. 2  merited; appropriate. 3  that ought to be given or ascribed to  . 4 (often foll.,3.0
"Duel  —| 1 armed contest between two people, usu. To the death. 2 two-sided contest. —v.  fight a duel.  duellist n. ",Duel  ,"1 armed contest between two people, usu. To the death. 2 two-sided contest. —v.  fight a duel.  duellist n.",2.8
"Duenna  | Older woman acting as a chaperon to girls, esp. In spain. ",Duenna  ,"Older woman acting as a chaperon to girls, esp. In spain.",2.8
Duet  | Musical composition for two performers.  duettist n. ,Duet  ,Musical composition for two performers.  duettist n.,4.0
"Duff1  —| Boiled pudding. —adj. Slang worthless, counterfeit, useless. ",Duff1  ,"Boiled pudding. —adj. Slang worthless, counterfeit, useless.",2.8
Duff2  |  duff up slang beat; thrash. ,Duff2  , duff up slang beat; thrash.,2.7
Duffer  | Colloq. Inefficient or stupid person; dunce. ,Duffer  ,Colloq. Inefficient or stupid person; dunce.,2.8
Duffle  |  heavy woollen cloth. ,Duffle  ,heavy woollen cloth.,3.0
Duffle bag  | Cylindrical canvas bag closed by a drawstring.,Duffle bag  ,Cylindrical canvas bag closed by a drawstring.,2.5
"Duffle-coat  | Hooded overcoat of duffle, fastened with toggles.",Duffle-coat  ,"Hooded overcoat of duffle, fastened with toggles.",3.3
Dug1  | Of ~dig.,Dug1  ,Of ~dig.,2.8
"Dug2  | Udder, teat. ",Dug2  ,"Udder, teat.",2.8
Dugong  |  asian sea-mammal. ,Dugong  ,asian sea-mammal.,2.7
"Dugout  | 1 a roofed shelter, esp. For troops in trenches. B underground shelter. 2 canoe made from a tree-trunk.",Dugout  ,"1 a roofed shelter, esp. For troops in trenches. B underground shelter. 2 canoe made from a tree-trunk.",2.5
Duke  | 1 person holding the highest hereditary title of the nobility. 2 sovereign prince ruling a duchy or small state.  dukedom n. ,Duke  ,1 person holding the highest hereditary title of the nobility. 2 sovereign prince ruling a duchy or small state.  dukedom n.,2.7
Dulcet  | Sweet-sounding. ,Dulcet  ,Sweet-sounding.,3.0
Dulcimer  | Metal stringed instrument struck with two hand-held hammers. ,Dulcimer  ,Metal stringed instrument struck with two hand-held hammers.,2.7
"Dull  | 1 tedious; not interesting. 2  overcast. 3  Not bright, vivid, or clear. 4  indistinct; not acute . 5 slow-witted; stupid. 6  Blunt. 7 a  Sluggish, slow. B listless; depressed. 8  Lacking keenness. —v. Make or become dull.  dullness n. Dully adv. ",Dull  ,"1 tedious; not interesting. 2  overcast. 3  Not bright, vivid, or clear. 4  indistinct; not acute . 5 slow-witted; stupid. 6  Blunt. 7 a  Sluggish, slow. B listless; depressed. 8  Lacking keenness. —v. Make or become dull.  dullness n. Dully adv.",2.9
Dullard  | Stupid person.,Dullard  ,Stupid person.,2.7
"Duly  | 1 in due time or manner. 2 rightly, properly.",Duly  ,"1 in due time or manner. 2 rightly, properly.",2.8
"Dumb  | 1 a unable to speak. B  naturally dumb. 2 silenced by surprise, shyness, etc. 3 taciturn, reticent . 4 suffered or done in silence . 5 colloq. Stupid; ignorant. 6 disenfranchised; inarticulate . 7  Able to transmit or receive but unable to process data. 8 giving no sound. ",Dumb  ,"1 a unable to speak. B  naturally dumb. 2 silenced by surprise, shyness, etc. 3 taciturn, reticent . 4 suffered or done in silence . 5 colloq. Stupid; ignorant. 6 disenfranchised; inarticulate . 7  Able to transmit or receive but unable to process data. 8 giving no sound.",2.8
"Dumb-bell  | 1 short bar with a weight at each end, for muscle-building etc. 2 slang stupid person, esp. A woman.",Dumb-bell  ,"1 short bar with a weight at each end, for muscle-building etc. 2 slang stupid person, esp. A woman.",3.0
"Dumbfound  | Nonplus, make speechless with surprise. ",Dumbfound  ,"Nonplus, make speechless with surprise.",2.6
Dumbo  |  slang stupid person. ,Dumbo  ,slang stupid person.,2.7
Dumb show  | Gestures; mime.,Dumb show  ,Gestures; mime.,3.4
Dumbstruck  | Speechless with surprise.,Dumbstruck  ,Speechless with surprise.,2.5
Dumb waiter  | Small hand-operated lift for conveying food from kitchen to dining-room.,Dumb waiter  ,Small hand-operated lift for conveying food from kitchen to dining-room.,3.4
Dumdum  |  soft-nosed bullet that expands on impact. ,Dumdum  ,soft-nosed bullet that expands on impact.,2.4
"Dummy  —|  1 model of a human figure, esp. As used to display clothes or by a ventriloquist or as a target. 2  Imitation object used to replace a real or normal one. 3 baby's rubber or plastic teat. 4 colloq. Stupid person. 5 figurehead. 6 imaginary player in bridge etc., whose cards are exposed and played by a partner. —attrib. Adj.",Dummy  ,"1 model of a human figure, esp. As used to display clothes or by a ventriloquist or as a target. 2  Imitation object used to replace a real or normal one. 3 baby's rubber or plastic teat. 4 colloq. Stupid person. 5 figurehead. 6 imaginary player in bridge etc., whose cards are exposed and played by a partner. —attrib. Adj.",2.9
Dummy run  | Trial attempt; rehearsal.,Dummy run  ,Trial attempt; rehearsal.,2.5
Dump  —| 1 place or heap for depositing rubbish. 2 colloq. Unpleasant or dreary place. 3 temporary store of ammunition etc. —v. 1 put down firmly or clumsily. 2 deposit as rubbish. 3 colloq. Abandon or get rid of. 4 sell  to a foreign market at a low price. 5 copy  As a diagnostic aid or for security.  dump on esp. Us criticize or abuse; get the better of. ,Dump  ,1 place or heap for depositing rubbish. 2 colloq. Unpleasant or dreary place. 3 temporary store of ammunition etc. —v. 1 put down firmly or clumsily. 2 deposit as rubbish. 3 colloq. Abandon or get rid of. 4 sell  to a foreign market at a low price. 5 copy  As a diagnostic aid or for security.  dump on esp. Us criticize or abuse; get the better of.,2.8
Dumpling  | 1 ball of dough boiled in stew or containing apple etc. 2 small fat person. ,Dumpling  ,1 ball of dough boiled in stew or containing apple etc. 2 small fat person.,2.6
Dumps  |pl.  colloq. Low spirits. ,Dumps  ,pl.  colloq. Low spirits.,2.5
Dump truck  | Truck that tilts or opens at the back for unloading.,Dump truck  ,Truck that tilts or opens at the back for unloading.,2.8
Dumpy  |  short and stout.  dumpily adv. Dumpiness n. ,Dumpy  ,short and stout.  dumpily adv. Dumpiness n.,2.9
Dun  | Greyish-brown. —n. 1 dun colour. 2 dun horse. ,Dun  ,Greyish-brown. —n. 1 dun colour. 2 dun horse.,2.7
Dunce  | Person slow at learning; dullard. ,Dunce  ,Person slow at learning; dullard.,2.7
Dunce's cap  | Paper cone worn by a dunce.,Dunce,Paper cone worn by a dunce.,2.7
Dunderhead  | Stupid person. ,Dunderhead  ,Stupid person.,2.6
Dune  | Drift of sand etc. Formed by the wind. ,Dune  ,Drift of sand etc. Formed by the wind.,2.8
Dung  —| Excrement of animals; manure. —v. Apply dung to . ,Dung  ,Excrement of animals; manure. —v. Apply dung to .,2.8
Dungaree  | 1 coarse cotton cloth. 2  Overalls or trousers of this. ,Dungaree  ,1 coarse cotton cloth. 2  Overalls or trousers of this.,2.6
Dung-beetle  | Beetle whose larvae develop in dung.,Dung-beetle  ,Beetle whose larvae develop in dung.,2.9
Dungeon  | Underground prison cell. ,Dungeon  ,Underground prison cell.,3.0
Dunghill  | Heap of dung or refuse.,Dunghill  ,Heap of dung or refuse.,2.8
Dunk  | 1 dip  into liquid before eating. 2 immerse. ,Dunk  ,1 dip  into liquid before eating. 2 immerse.,2.7
Dunlin  | Red-backed sandpiper. ,Dunlin  ,Red-backed sandpiper.,2.8
Dunnock  | Hedge sparrow. ,Dunnock  ,Hedge sparrow.,2.9
Duo  |  1 pair of performers. 2 duet. ,Duo  ,1 pair of performers. 2 duet.,3.3
Duodecimal  | 1 of twelfths or twelve. 2 in or by twelves. ,Duodecimal  ,1 of twelfths or twelve. 2 in or by twelves.,2.8
Duodenum  |  first part of the small intestine immediately below the stomach.  duodenal adj. ,Duodenum  ,first part of the small intestine immediately below the stomach.  duodenal adj.,3.0
Duologue  | Dialogue between two people. ,Duologue  ,Dialogue between two people.,3.0
"Dupe  —| Victim of deception. —v.  deceive, trick. ",Dupe  ,"Victim of deception. —v.  deceive, trick.",2.9
Duple  | Of two parts. ,Duple  ,Of two parts.,2.7
Duple time  | Mus. Rhythm with two beats to the bar.,Duple time  ,Mus. Rhythm with two beats to the bar.,2.8
Duplex  —|  Esp. Us 1 flat on two floors. 2 house subdivided for two families; semi-detached house. —adj. 1 of two parts. 2 computing  allowing simultaneous two-way transmission of signals. ,Duplex  ,Esp. Us 1 flat on two floors. 2 house subdivided for two families; semi-detached house. —adj. 1 of two parts. 2 computing  allowing simultaneous two-way transmission of signals.,3.8
"Duplicate  | 1 identical. 2 a having two identical parts. B doubled. 3  with the same hands played by different players. —n. 1 identical thing, esp. A copy. 2 copy of a letter etc. —v.  1 multiply by two; double. 2 make or be an exact copy of. 3 repeat , esp. Unnecessarily.  in duplicate in two exact copies.  duplication n. ",Duplicate  ,"1 identical. 2 a having two identical parts. B doubled. 3  with the same hands played by different players. —n. 1 identical thing, esp. A copy. 2 copy of a letter etc. —v.  1 multiply by two; double. 2 make or be an exact copy of. 3 repeat , esp. Unnecessarily.  in duplicate in two exact copies.  duplication n.",2.7
Duplicator  | Machine for making multiple copies of a text etc.,Duplicator  ,Machine for making multiple copies of a text etc.,2.4
Duplicity  | Double-dealing; deceitfulness.  duplicitous adj. ,Duplicity  ,Double-dealing; deceitfulness.  duplicitous adj.,3.3
Durable  | 1 lasting; hard-wearing. 2  with a relatively long useful life. —n.  Durable goods.  durability n. ,Durable  ,1 lasting; hard-wearing. 2  with a relatively long useful life. —n.  Durable goods.  durability n.,2.8
Dura mater  | Tough outermost membrane enveloping the brain and spinal cord. ,Dura mater  ,Tough outermost membrane enveloping the brain and spinal cord.,3.2
Duration  | 1 time taken by an event. 2 specified length of time .  for the duration 1 until the end of an event. 2 for a very long time. ,Duration  ,1 time taken by an event. 2 specified length of time .  for the duration 1 until the end of an event. 2 for a very long time.,2.7
"Duress  | 1 compulsion, esp. Illegal use of threats or violence . 2 imprisonment. ",Duress  ,"1 compulsion, esp. Illegal use of threats or violence . 2 imprisonment.",2.7
Durex  | Propr. Condom. ,Durex  ,Propr. Condom.,2.9
During  | Throughout or at some point in. ,During  ,Throughout or at some point in.,2.7
Dusk  | Darker stage of twilight. ,Dusk  ,Darker stage of twilight.,2.7
Dusky  |  1 shadowy; dim. 2 dark-coloured; dark-skinned.  duskily adv. Duskiness n.,Dusky  ,1 shadowy; dim. 2 dark-coloured; dark-skinned.  duskily adv. Duskiness n.,2.7
"Dust  —| 1 finely powdered earth or other material etc. . 2 dead person's remains. 3 confusion, turmoil. —v. 1 wipe the dust from . 2 a sprinkle with powder, sugar, etc. B sprinkle .  dust down 1 dust the clothes of. 2 colloq. Reprimand. 3 = dust off. Dust off 1 remove the dust from. 2 use again after a long period. When the dust settles when things quieten down. ",Dust  ,"1 finely powdered earth or other material etc. . 2 dead person's remains. 3 confusion, turmoil. —v. 1 wipe the dust from . 2 a sprinkle with powder, sugar, etc. B sprinkle .  dust down 1 dust the clothes of. 2 colloq. Reprimand. 3 = dust off. Dust off 1 remove the dust from. 2 use again after a long period. When the dust settles when things quieten down.",2.7
Dustbin  | Container for household refuse.,Dustbin  ,Container for household refuse.,2.7
Dust bowl  | Desert made by drought or erosion.,Dust bowl  ,Desert made by drought or erosion.,3.3
Dustcart  | Vehicle collecting household refuse.,Dustcart  ,Vehicle collecting household refuse.,2.7
Dust cover  | 1 = ~dust-sheet. 2 = ~dust-jacket.,Dust cover  ,1 = ~dust-sheet. 2 = ~dust-jacket.,2.8
Duster  | Cloth for dusting furniture etc.,Duster  ,Cloth for dusting furniture etc.,2.7
Dust-jacket  | Paper cover on a hardback book.,Dust-jacket  ,Paper cover on a hardback book.,3.3
Dustman  | Person employed to collect household refuse.,Dustman  ,Person employed to collect household refuse.,2.8
Dustpan  | Pan into which dust is brushed from the floor.,Dustpan  ,Pan into which dust is brushed from the floor.,2.7
Dust-sheet  | Protective cloth over furniture.,Dust-sheet  ,Protective cloth over furniture.,3.2
"Dust-up  | Colloq. Fight, disturbance.",Dust-up  ,"Colloq. Fight, disturbance.",2.9
Dusty  |  1 full of or covered with dust. 2  dull or muted.  not so dusty slang fairly good.  dustily adv. Dustiness n.,Dusty  ,1 full of or covered with dust. 2  dull or muted.  not so dusty slang fairly good.  dustily adv. Dustiness n.,2.5
Dusty answer  | Colloq. Curt refusal.,Dusty answer  ,Colloq. Curt refusal.,3.2
Dutch  | Of the netherlands or its people or language. —n. 1 the dutch language. 2  The people of the netherlands.  go dutch share expenses on an outing etc. ,Dutch  ,Of the netherlands or its people or language. —n. 1 the dutch language. 2  The people of the netherlands.  go dutch share expenses on an outing etc.,2.8
Dutch  | Slang wife. ,Dutch  ,Slang wife.,2.8
Dutch auction  | One in which the price is progressively reduced.,Dutch auction  ,One in which the price is progressively reduced.,3.1
"Dutch barn  | Roof for hay etc., set on poles.",Dutch barn  ,"Roof for hay etc., set on poles.",2.9
Dutch cap  | Dome-shaped contraceptive device fitting over the cervix.,Dutch cap  ,Dome-shaped contraceptive device fitting over the cervix.,2.7
Dutch courage  | Courage induced by alcohol.,Dutch courage  ,Courage induced by alcohol.,3.7
Dutch elm disease  | Fungus disease of elms.,Dutch elm disease  ,Fungus disease of elms.,2.6
Dutchman  |  person of dutch birth or nationality.,Dutchman  ,person of dutch birth or nationality.,2.8
Dutch oven  | 1 metal box with the open side facing a fire. 2 covered cooking-pot for braising etc.,Dutch oven  ,1 metal box with the open side facing a fire. 2 covered cooking-pot for braising etc.,2.9
"Dutch treat  | Party, outing, etc., at which people pay for themselves.",Dutch treat  ,"Party, outing, etc., at which people pay for themselves.",3.1
Dutch uncle  | Kind but firm adviser.,Dutch uncle  ,Kind but firm adviser.,2.6
Duteous  | Literary dutiful.  duteously adv.,Duteous  ,Literary dutiful.  duteously adv.,2.6
Dutiable  | Requiring the payment of duty.,Dutiable  ,Requiring the payment of duty.,2.5
Dutiful  | Doing one's duty; obedient.  dutifully adv.,Dutiful  ,Doing one's duty; obedient.  dutifully adv.,2.9
"Duty  |  1 a moral or legal obligation; responsibility. B binding force of what is right. 2 tax on certain goods, imports, etc. 3 job or function arising from a business or office . 4 deference; respect due to a superior.  do duty for serve as or pass for . On  duty working . ",Duty  ,"1 a moral or legal obligation; responsibility. B binding force of what is right. 2 tax on certain goods, imports, etc. 3 job or function arising from a business or office . 4 deference; respect due to a superior.  do duty for serve as or pass for . On  duty working .",2.7
Duty-bound  | Obliged by duty.,Duty-bound  ,Obliged by duty.,3.0
Duty-free  |  on which duty is not payable.,Duty-free  ,on which duty is not payable.,2.9
Duty-free shop  | Shop at an airport etc. Selling duty-free goods.,Duty-free shop  ,Shop at an airport etc. Selling duty-free goods.,3.2
Duvet  | Thick soft quilt used instead of sheets and blankets. ,Duvet  ,Thick soft quilt used instead of sheets and blankets.,3.1
