Gybe  |   1  swing across. 2 cause  to do this. 3  change course so that this happens. ,Gybe  ,1  swing across. 2 cause  to do this. 3  change course so that this happens.,3.0
Gym  | Colloq. 1 gymnasium. 2 gymnastics. ,Gym  ,Colloq. 1 gymnasium. 2 gymnastics.,3.4
Gymkhana  | Horse-riding competition. ,Gymkhana  ,Horse-riding competition.,2.4
Gymnasium  |  room or building equipped for gymnastics. ,Gymnasium  ,room or building equipped for gymnastics.,3.3
"Gymnast  | Person who does gymnastics, esp. An expert.",Gymnast  ,"Person who does gymnastics, esp. An expert.",3.5
Gymnastic  | Of or involving gymnastics.  gymnastically adv.,Gymnastic  ,Of or involving gymnastics.  gymnastically adv.,3.3
Gymnastics  |pl.  1 exercises performed in order to develop or display physical agility. 2 other forms of physical or mental agility.,Gymnastics  ,pl.  1 exercises performed in order to develop or display physical agility. 2 other forms of physical or mental agility.,3.5
"Gymnosperm  | Any of a group of plants having seeds unprotected by an ovary, including conifers, cycads, and ginkgos. ",Gymnosperm  ,"Any of a group of plants having seeds unprotected by an ovary, including conifers, cycads, and ginkgos.",3.0
Gymp  | Of ~gimp.,Gymp  ,Of ~gimp.,3.2
Gymslip  | Sleeveless tunic worn by schoolgirls.,Gymslip  ,Sleeveless tunic worn by schoolgirls.,2.7
Gynae  |  colloq. Gynaecology. ,Gynae  ,colloq. Gynaecology.,2.7
Gynaecology  |  science of the physiological functions and diseases of women.  gynaecological adj. Gynaecologist n. ,Gynaecology  ,science of the physiological functions and diseases of women.  gynaecological adj. Gynaecologist n.,2.6
Gynecology  |  science of the physiological functions and diseases of women.  gynaecological adj. Gynaecologist n. ,Gynecology  ,science of the physiological functions and diseases of women.  gynaecological adj. Gynaecologist n.,2.7
Gypsum  | Mineral used esp. To make plaster of paris. ,Gypsum  ,Mineral used esp. To make plaster of paris.,3.2
"Gypsy  |   member of a nomadic people of europe and n. America, of hindu origin with dark skin and hair. ",Gypsy  ,"member of a nomadic people of europe and n. America, of hindu origin with dark skin and hair.",2.9
"Gyrate  |  move in a circle or spiral; revolve, whirl.  gyration n. Gyratory adj. ",Gyrate  ,"move in a circle or spiral; revolve, whirl.  gyration n. Gyratory adj.",2.8
Gyrfalcon  | Large falcon of the northern hemisphere. ,Gyrfalcon  ,Large falcon of the northern hemisphere.,2.8
Gyro  |  colloq. = ~gyroscope. ,Gyro  ,colloq. = ~gyroscope.,2.5
Gyro-  | Form rotation. ,Gyro-  ,Form rotation.,2.9
Gyrocompass  | Compass giving true north and bearings from it by means of a gyroscope.,Gyrocompass  ,Compass giving true north and bearings from it by means of a gyroscope.,2.0
"Gyroscope  | Rotating wheel whose axis is free to turn but maintains a fixed direction unless perturbed, esp. Used for stabilization or with the compass in an aircraft, ship, etc.",Gyroscope  ,"Rotating wheel whose axis is free to turn but maintains a fixed direction unless perturbed, esp. Used for stabilization or with the compass in an aircraft, ship, etc.",2.3
