Await  | 1 wait for. 2 be in store for. ,Await  ,1 wait for. 2 be in store for.,3.4
"Awake  |  1 cease to sleep or arouse from sleep. 2  become or make alert, aware, or active. —predic. Adj. 1 not asleep. 2  alert, aware. ",Awake  ,"1 cease to sleep or arouse from sleep. 2  become or make alert, aware, or active. —predic. Adj. 1 not asleep. 2  alert, aware.",3.3
Awaken  | = ~awake v.,Awaken  ,= ~awake v.,3.6
Award  | Give or order to be given as a payment or prize. —n. 1 thing or amount awarded. 2 judicial decision. ,Award  ,Give or order to be given as a payment or prize. —n. 1 thing or amount awarded. 2 judicial decision.,3.1
Aware  | Adj. 1  conscious; having knowledge. 2 well-informed.  awareness n. ,Aware  ,Adj. 1  conscious; having knowledge. 2 well-informed.  awareness n.,2.7
"Awash  | Adj. 1 level with the surface of, and just covered by, water. 2  overflowing, abounding.",Awash  ,"Adj. 1 level with the surface of, and just covered by, water. 2  overflowing, abounding.",3.1
"Away  —| 1 to or at a distance from the place, person, or thing in question . 2 into non-existence . 3 constantly, persistently . 4 without delay . —attrib. Adj. Sport not played on one's own ground . —n. Sport away match or win. ",Away  ,"1 to or at a distance from the place, person, or thing in question . 2 into non-existence . 3 constantly, persistently . 4 without delay . —attrib. Adj. Sport not played on one's own ground . —n. Sport away match or win.",2.8
Awe  —| Reverential fear or wonder. —v.  inspire with awe. ,Awe  ,Reverential fear or wonder. —v.  inspire with awe.,2.9
Aweigh  | Adj.  clear of the bottom.,Aweigh  ,Adj.  clear of the bottom.,3.1
Awe-inspiring  | Awesome; magnificent.,Awe-inspiring  ,Awesome; magnificent.,3.3
Awesome  | Inspiring awe; dreaded.,Awesome  ,Inspiring awe; dreaded.,4.4
Awful  | 1 colloq. Very bad or unpleasant . 2  As an intensifier . 3 poet. Inspiring awe.,Awful  ,1 colloq. Very bad or unpleasant . 2  As an intensifier . 3 poet. Inspiring awe.,3.4
Awfully  | 1 badly; unpleasantly . 2 colloq. Very .,Awfully  ,1 badly; unpleasantly . 2 colloq. Very .,3.6
Awhile  | For a short time. ,Awhile  ,For a short time.,3.2
"Awkward  | 1 difficult to use or deal with. 2 clumsy, ungainly. 3 a embarrassed. B embarrassing. ",Awkward  ,"1 difficult to use or deal with. 2 clumsy, ungainly. 3 a embarrassed. B embarrassing.",2.4
"Awl  | Small tool for piercing holes, esp. In leather. ",Awl  ,"Small tool for piercing holes, esp. In leather.",3.2
Awn  | Bristly head of a sheath of barley and other grasses. ,Awn  ,Bristly head of a sheath of barley and other grasses.,3.1
Awning  | Sheet of canvas etc. Stretched on a frame as a shelter against the sun or rain. ,Awning  ,Sheet of canvas etc. Stretched on a frame as a shelter against the sun or rain.,3.1
Awoke  past of ~awake.,Awoke  past of ,Awoke  past of ~awake.,3.7
Awoken  | Of ~awake.,Awoken  ,Of ~awake.,2.9
"Awry  —| 1 crookedly, askew. 2 amiss, wrong. —predic. Adj. Crooked; unsound.",Awry  ,"1 crookedly, askew. 2 amiss, wrong. —predic. Adj. Crooked; unsound.",3.4
