La  | Of ~lah.,La  ,Of ~lah.,2.8
Lab  | Colloq. Laboratory. ,Lab  ,Colloq. Laboratory.,3.0
"Label  —| 1 piece of paper etc. Attached to an object to give information about it. 2 short classifying phrase applied to a person etc. 3 logo, title, or trademark of a company. —v.  1 attach a label to. 2  assign to a category. 3 replace  by an atom of a usu. Radioactive isotope as a means of identification. ",Label  ,"1 piece of paper etc. Attached to an object to give information about it. 2 short classifying phrase applied to a person etc. 3 logo, title, or trademark of a company. —v.  1 attach a label to. 2  assign to a category. 3 replace  by an atom of a usu. Radioactive isotope as a means of identification.",2.8
"Labial  | 1 a of the lips. B of, like, or serving as a lip. 2  requiring partial or complete closure of the lips. —n. Labial sound . ",Labial  ,"1 a of the lips. B of, like, or serving as a lip. 2  requiring partial or complete closure of the lips. —n. Labial sound .",3.1
Labium  |   Each fold of skin of the two pairs enclosing the vulva. ,Labium  ,Each fold of skin of the two pairs enclosing the vulva.,2.9
Labor  etc. Us & austral. Var. Of ~labour etc.,Labor  etc,Labor  etc. Us & austral. Var. Of ~labour etc.,2.9
"Laboratory  |  room, building, or establishment for scientific experiments, research, chemical manufacture, etc. ",Laboratory  ,"room, building, or establishment for scientific experiments, research, chemical manufacture, etc.",2.9
"Laborer  |  person doing unskilled, usu. Manual, work for wages.",Laborer  ,"person doing unskilled, usu. Manual, work for wages.",2.9
Laborious  | 1 needing hard work or toil. 2  showing signs of toil.  laboriously adv. ,Laborious  ,1 needing hard work or toil. 2  showing signs of toil.  laboriously adv.,3.2
"Labour   —| 1 physical or mental work; exertion. 2 a workers, esp. Manual, considered as a political and economic force. B  labour party. 3 process of childbirth. 4 particular task. —v. 1 work hard; exert oneself. 2 a elaborate needlessly . B  Done with great effort; not spontaneous.",Labour   ,"1 physical or mental work; exertion. 2 a workers, esp. Manual, considered as a political and economic force. B  labour party. 3 process of childbirth. 4 particular task. —v. 1 work hard; exert oneself. 2 a elaborate needlessly . B  Done with great effort; not spontaneous.",3.2
Labour camp  | Prison camp enforcing a regime of hard labour.,Labour camp  ,Prison camp enforcing a regime of hard labour.,3.2
"Labour day  | May 1 , celebrated in honour of working people.",Labour day  ,"May 1 , celebrated in honour of working people.",3.0
"Labourer  |  person doing unskilled, usu. Manual, work for wages.",Labourer  ,"person doing unskilled, usu. Manual, work for wages.",3.0
Labour exchange  | Colloq. Or hist. Employment exchange.,Labour exchange  ,Colloq. Or hist. Employment exchange.,3.0
Labour party  | Political party formed to represent the interests of working people.,Labour party  ,Political party formed to represent the interests of working people.,2.9
Labour-saving  | Designed to reduce or eliminate work.,Labour-saving  ,Designed to reduce or eliminate work.,3.2
Labrador  | Retriever of a breed with a black or golden coat. ,Labrador  ,Retriever of a breed with a black or golden coat.,2.8
Laburnum  | Tree with drooping golden flowers yielding poisonous seeds. ,Laburnum  ,Tree with drooping golden flowers yielding poisonous seeds.,2.9
Labyrinth  | 1 complicated network of passages etc. 2 intricate or tangled arrangement. 3 the complex structure of the inner ear.  labyrinthine adj. ,Labyrinth  ,1 complicated network of passages etc. 2 intricate or tangled arrangement. 3 the complex structure of the inner ear.  labyrinthine adj.,2.8
Lac  | Resinous substance secreted as a protective covering by a se asian insect. ,Lac  ,Resinous substance secreted as a protective covering by a se asian insect.,2.8
"Lace  —| 1 fine open fabric or trimming, made by weaving thread in patterns. 2 cord etc. Passed through holes or hooks for fastening shoes etc. —v.  1  fasten or tighten with a lace or laces. 2 add spirits to . 3  pass  Through. ",Lace  ,"1 fine open fabric or trimming, made by weaving thread in patterns. 2 cord etc. Passed through holes or hooks for fastening shoes etc. —v.  1  fasten or tighten with a lace or laces. 2 add spirits to . 3  pass  Through.",2.9
Lacerate  |  1 mangle or tear . 2 cause pain to .  laceration n. ,Lacerate  ,1 mangle or tear . 2 cause pain to .  laceration n.,3.0
Lace-up  —| Shoe fastened with a lace. —attrib. Adj.  Fastened by a lace or laces.,Lace-up  ,Shoe fastened with a lace. —attrib. Adj.  Fastened by a lace or laces.,2.7
Lachrymal  |  of or for tears . ,Lachrymal  ,of or for tears .,2.7
Lachrymose  | Formal given to weeping; tearful.,Lachrymose  ,Formal given to weeping; tearful.,2.1
"Lack  —|  want, deficiency. —v. Be without or deficient in. ",Lack  ,"want, deficiency. —v. Be without or deficient in.",2.7
Lackadaisical  | Unenthusiastic; listless; idle.  lackadaisically adv. ,Lackadaisical  ,Unenthusiastic; listless; idle.  lackadaisically adv.,2.7
"Lackey  |  1 servile follower; toady. 2 footman, manservant. ",Lackey  ,"1 servile follower; toady. 2 footman, manservant.",2.8
Lacking  | Absent or deficient .,Lacking  ,Absent or deficient .,2.8
Lackluster  |  1 lacking in vitality etc. 2 dull.,Lackluster  ,1 lacking in vitality etc. 2 dull.,2.3
Lacklustre  |  1 lacking in vitality etc. 2 dull.,Lacklustre  ,1 lacking in vitality etc. 2 dull.,1.7
"Laconic  | Terse, using few words.  laconically adv. ",Laconic  ,"Terse, using few words.  laconically adv.",2.9
Lacquer  —| 1 varnish made of shellac or a synthetic substance. 2 substance sprayed on the hair to keep it in place. —v. Coat with lacquer. ,Lacquer  ,1 varnish made of shellac or a synthetic substance. 2 substance sprayed on the hair to keep it in place. —v. Coat with lacquer.,2.8
Lacrimal  | Of ~lachrymal.,Lacrimal  ,Of ~lachrymal.,2.9
"Lacrosse  | Game like hockey, but with the ball carried in a crosse. ",Lacrosse  ,"Game like hockey, but with the ball carried in a crosse.",3.3
Lactate1  |   secrete milk. ,Lactate1  ,secrete milk.,3.4
Lactate2  | Salt or ester of lactic acid.,Lactate2  ,Salt or ester of lactic acid.,3.1
Lactation  | 1 secretion of milk. 2 suckling. ,Lactation  ,1 secretion of milk. 2 suckling.,2.7
Lacteal  | 1 of milk. 2 conveying chyle etc. —n.  Anat. Vessels which absorb fats. ,Lacteal  ,1 of milk. 2 conveying chyle etc. —n.  Anat. Vessels which absorb fats.,3.2
Lactic  | Of milk. ,Lactic  ,Of milk.,2.8
Lactic acid  | Acid formed esp. In sour milk.,Lactic acid  ,Acid formed esp. In sour milk.,2.2
Lactose  | Sugar that occurs in milk.,Lactose  ,Sugar that occurs in milk.,2.8
"Lacuna  |  1 gap. 2 missing portion etc., esp. In an ancient ms etc. ",Lacuna  ,"1 gap. 2 missing portion etc., esp. In an ancient ms etc.",2.7
Lacy  |  of or resembling lace fabric.,Lacy  ,of or resembling lace fabric.,2.7
"Lad  | 1 boy, youth. 2 colloq. Man. ",Lad  ,"1 boy, youth. 2 colloq. Man.",2.6
"Ladder  —| 1 set of horizontal bars fixed between two uprights and used for climbing up or down. 2 vertical strip of unravelled stitching in a stocking etc. 3 hierarchical structure, esp. As a means of career advancement. —v. 1 cause a ladder in .",Ladder  ,"1 set of horizontal bars fixed between two uprights and used for climbing up or down. 2 vertical strip of unravelled stitching in a stocking etc. 3 hierarchical structure, esp. As a means of career advancement. —v. 1 cause a ladder in .",2.8
Ladder-back  | Upright chair with a back resembling a ladder.,Ladder-back  ,Upright chair with a back resembling a ladder.,3.2
"Lade  |  1 a load . B ship . 2   loaded, burdened. ",Lade  ,"1 a load . B ship . 2   loaded, burdened.",2.8
"La-di-da  | Colloq. Pretentious or snobbish, esp. In manner or speech. ",La-di-da  ,"Colloq. Pretentious or snobbish, esp. In manner or speech.",2.5
Ladies' man  |  man fond of female company.,Ladies,man fond of female company.,3.2
Ladle  —| Deep long-handled spoon used for serving liquids. —v.   transfer  with a ladle. ,Ladle  ,Deep long-handled spoon used for serving liquids. —v.   transfer  with a ladle.,2.7
"Lady  |  1 a woman regarded as being of superior social status or as having refined manners. B  title of peeresses, female relatives of peers, the wives and widows of knights, etc. 2  Woman; female . 3 colloq. Wife, girlfriend. 4 ruling woman . 5  women's public lavatory. ",Lady  ,"1 a woman regarded as being of superior social status or as having refined manners. B  title of peeresses, female relatives of peers, the wives and widows of knights, etc. 2  Woman; female . 3 colloq. Wife, girlfriend. 4 ruling woman . 5  women's public lavatory.",2.8
"Ladybird  | Small beetle, usu. Red with black spots.",Ladybird  ,"Small beetle, usu. Red with black spots.",2.8
Lady chapel  | Chapel dedicated to the virgin mary.,Lady chapel  ,Chapel dedicated to the virgin mary.,3.5
"Lady day  | Feast of the annunciation, 25 mar.",Lady day  ,"Feast of the annunciation, 25 mar.",3.2
Lady-in-waiting  | Lady attending a queen or princess.,Lady-in-waiting  ,Lady attending a queen or princess.,3.3
Lady-killer  | Habitual seducer of women.,Lady-killer  ,Habitual seducer of women.,3.2
Ladylike  | Like or befitting a lady.,Ladylike  ,Like or befitting a lady.,2.6
Ladyship  |  her  ladyship respectful form of reference or address to a lady.,Ladyship  , her  ladyship respectful form of reference or address to a lady.,2.8
Lady's slipper  | Plant of the orchid family with a slipper-shaped lip on its flowers.,Lady,Plant of the orchid family with a slipper-shaped lip on its flowers.,2.8
Lag1  |  fall behind; not keep pace. —n. Delay. ,Lag1  ,fall behind; not keep pace. —n. Delay.,3.0
Lag2  |  enclose in heat-insulating material. —n. Insulating cover. ,Lag2  ,enclose in heat-insulating material. —n. Insulating cover.,2.9
Lag3  | Slang habitual convict. ,Lag3  ,Slang habitual convict.,2.9
Lager  | A kind of light effervescent beer. ,Lager  ,A kind of light effervescent beer.,2.8
Lager lout  | Colloq. Youth behaving violently etc. As a result of excessive drinking.,Lager lout  ,Colloq. Youth behaving violently etc. As a result of excessive drinking.,2.7
Laggard  | Person who lags behind.,Laggard  ,Person who lags behind.,3.3
Lagging  | Material used to lag a boiler etc. Against loss of heat.,Lagging  ,Material used to lag a boiler etc. Against loss of heat.,3.0
"Lagoon  | Stretch of salt water separated from the sea by a sandbank, reef, etc. ",Lagoon  ,"Stretch of salt water separated from the sea by a sandbank, reef, etc.",2.7
Lah  |  mus. Sixth note of a major scale. ,Lah  ,mus. Sixth note of a major scale.,2.8
Laid  | Of ~lay1.,Laid  ,Of ~lay1.,2.7
Laid-back  | Relaxed; easygoing.,Laid-back  ,Relaxed; easygoing.,2.7
Laid paper  | Paper with the surface marked in fine ribs.,Laid paper  ,Paper with the surface marked in fine ribs.,2.5
Laid up  | Confined to bed or the house.,Laid up  ,Confined to bed or the house.,2.2
Lain  | Of ~lie1.,Lain  ,Of ~lie1.,2.8
Lair  | 1 wild animal's resting-place. 2 person's hiding-place. ,Lair  ,1 wild animal's resting-place. 2 person's hiding-place.,2.8
Laird  | Scot. Landed proprietor. ,Laird  ,Scot. Landed proprietor.,2.8
Laissez-faire  |  policy of non-interference. ,Laissez-faire  ,policy of non-interference.,3.3
"Laity  | Lay people, as distinct from the clergy. ",Laity  ,"Lay people, as distinct from the clergy.",3.1
Lake1  | Large body of water surrounded by land. ,Lake1  ,Large body of water surrounded by land.,2.9
"Lake2  | 1 reddish pigment orig. Made from lac. 2 pigment obtained by combining an organic colouring matter with a metallic oxide, hydroxide, or salt. ",Lake2  ,"1 reddish pigment orig. Made from lac. 2 pigment obtained by combining an organic colouring matter with a metallic oxide, hydroxide, or salt.",2.6
Lake district  |  region of lakes in cumbria.,Lake district  ,region of lakes in cumbria.,2.7
Lakh  | Ind.  hundred thousand . ,Lakh  ,Ind.  hundred thousand .,2.4
Lam  |  slang thrash; hit. ,Lam  ,slang thrash; hit.,2.7
Lama  | Tibetan or mongolian buddhist monk. ,Lama  ,Tibetan or mongolian buddhist monk.,2.8
Lamasery  |  monastery of lamas. ,Lamasery  ,monastery of lamas.,2.8
"Lamb  —| 1 young sheep. 2 its flesh as food. 3 mild, gentle, or kind person. —v. Give birth to lambs.  the lamb  name for christ. ",Lamb  ,"1 young sheep. 2 its flesh as food. 3 mild, gentle, or kind person. —v. Give birth to lambs.  the lamb  name for christ.",3.3
Lambada  | Fast erotic brazilian dance in which couples dance with their stomachs touching each other. ,Lambada  ,Fast erotic brazilian dance in which couples dance with their stomachs touching each other.,2.7
"Lambaste  |   colloq. Thrash, beat. ",Lambaste  ,"colloq. Thrash, beat.",3.3
Lambda  | Eleventh letter of the greek alphabet . ,Lambda  ,Eleventh letter of the greek alphabet .,2.9
Lambent  | 1  playing on a surface. 2  Lightly brilliant.  lambency n. ,Lambent  ,1  playing on a surface. 2  Lightly brilliant.  lambency n.,3.2
Lambswool  | Soft fine wool from a young sheep.,Lambswool  ,Soft fine wool from a young sheep.,3.3
Lame  | 1 disabled in the foot or leg. 2 a  Unconvincing; feeble. B  Halting. —v.  make lame; disable.  lamely adv. Lameness n. ,Lame  ,1 disabled in the foot or leg. 2 a  Unconvincing; feeble. B  Halting. —v.  make lame; disable.  lamely adv. Lameness n.,2.8
Lamé  | Fabric with gold or silver threads interwoven. ,Lamé  ,Fabric with gold or silver threads interwoven.,2.8
Lame duck  | Helpless person or firm.,Lame duck  ,Helpless person or firm.,3.1
Lament  —| 1 passionate expression of grief. 2 song etc. Of mourning etc. —v.  1 express or feel grief for or about. 2  Used to refer to a recently dead person.  lament for  mourn or regret. ,Lament  ,1 passionate expression of grief. 2 song etc. Of mourning etc. —v.  1 express or feel grief for or about. 2  Used to refer to a recently dead person.  lament for  mourn or regret.,2.7
"Lamentable  | Deplorable, regrettable.  lamentably adv.",Lamentable  ,"Deplorable, regrettable.  lamentably adv.",1.7
Lamentation  | 1 lamenting. 2 lament.,Lamentation  ,1 lamenting. 2 lament.,1.8
Lamina  |  thin plate or scale.  laminar adj. ,Lamina  ,thin plate or scale.  laminar adj.,2.8
"Laminate  |  1 beat or roll into thin plates. 2 overlay with metal plates, a plastic layer, etc. 3 split into layers. —n. Laminated structure, esp. Of layers fixed together. —adj. In the form of thin plates.  lamination n.",Laminate  ,"1 beat or roll into thin plates. 2 overlay with metal plates, a plastic layer, etc. 3 split into layers. —n. Laminated structure, esp. Of layers fixed together. —adj. In the form of thin plates.  lamination n.",2.7
"Lammas  |  first day of august, formerly kept as harvest festival. ",Lammas  ,"first day of august, formerly kept as harvest festival.",2.4
"Lamp  | 1 device for producing a steady light, esp.: a an electric bulb, and usu. Its holder. B an oil-lamp. C a gas-jet and mantle. 2 device producing esp. Ultraviolet or infrared radiation. ",Lamp  ,"1 device for producing a steady light, esp.: a an electric bulb, and usu. Its holder. B an oil-lamp. C a gas-jet and mantle. 2 device producing esp. Ultraviolet or infrared radiation.",2.9
Lampblack  | Pigment made from soot.,Lampblack  ,Pigment made from soot.,2.5
Lamplight  | Light from a lamp.,Lamplight  ,Light from a lamp.,3.1
Lamplighter  | Hist. Person who lit street lamps.,Lamplighter  ,Hist. Person who lit street lamps.,3.1
Lampoon  —| Satirical attack on a person etc. —v. Satirize.  lampoonist n. ,Lampoon  ,Satirical attack on a person etc. —v. Satirize.  lampoonist n.,3.1
Lamppost  | Tall post supporting a street-light.,Lamppost  ,Tall post supporting a street-light.,2.9
Lamprey  |  eel-like aquatic animal with a sucker mouth. ,Lamprey  ,eel-like aquatic animal with a sucker mouth.,2.8
Lampshade  | Translucent cover for a lamp.,Lampshade  ,Translucent cover for a lamp.,2.9
"Lancastrian  —| 1 native of lancashire or lancaster. 2 hist. Member or supporter of the house of lancaster in the wars of the roses. —adj. Of or concerning lancashire or lancaster, or the house of lancaster. ",Lancastrian  ,"1 native of lancashire or lancaster. 2 hist. Member or supporter of the house of lancaster in the wars of the roses. —adj. Of or concerning lancashire or lancaster, or the house of lancaster.",2.7
"Lance  —| Long spear, esp. One used by a horseman. —v.  1 prick or cut open with a lancet. 2 pierce with a lance. ",Lance  ,"Long spear, esp. One used by a horseman. —v.  1 prick or cut open with a lancet. 2 pierce with a lance.",3.2
Lance-corporal  | Lowest rank of nco in the army.,Lance-corporal  ,Lowest rank of nco in the army.,3.0
"Lanceolate  | Shaped like a lance-head, tapering at each end.",Lanceolate  ,"Shaped like a lance-head, tapering at each end.",3.2
Lancer  | 1 hist. Soldier of a cavalry regiment armed with lances. 2  A quadrille. B music for this.,Lancer  ,1 hist. Soldier of a cavalry regiment armed with lances. 2  A quadrille. B music for this.,2.8
Lancet  | Small broad two-edged surgical knife with a sharp point.,Lancet  ,Small broad two-edged surgical knife with a sharp point.,3.2
Lancet arch  |  narrow arch or window with a pointed head.,Lancet arch  ,narrow arch or window with a pointed head.,3.5
"Land  —| 1 solid part of the earth's surface. 2 a expanse of country; ground, soil. B this in relation to its use, quality, etc., or as a basis for agriculture. 3 country, nation, state. 4 a landed property. B  Estates. —v. 1 a set or go ashore. B  disembark. 2 bring  to the ground or another surface. 3 alight on the ground etc. 4 bring  to land. 5  colloq. Bring to, reach, or find oneself in a certain situation or place. 6 colloq. A deal . B  present  with . 7 colloq. Win or obtain .  how the land lies what is the state of affairs. Land on one's feet attain a good position, job, etc., by luck.  landless adj. ",Land  ,"1 solid part of the earth's surface. 2 a expanse of country; ground, soil. B this in relation to its use, quality, etc., or as a basis for agriculture. 3 country, nation, state. 4 a landed property. B  Estates. —v. 1 a set or go ashore. B  disembark. 2 bring  to the ground or another surface. 3 alight on the ground etc. 4 bring  to land. 5  colloq. Bring to, reach, or find oneself in a certain situation or place. 6 colloq. A deal . B  present  with . 7 colloq. Win or obtain .  how the land lies what is the state of affairs. Land on one's feet attain a good position, job, etc., by luck.  landless adj.",2.7
Land-agent  | 1 steward of an estate. 2 agent for the sale of estates.,Land-agent  ,1 steward of an estate. 2 agent for the sale of estates.,2.9
Landau  | Four-wheeled enclosed carriage with a divided top. ,Landau  ,Four-wheeled enclosed carriage with a divided top.,3.2
Landed  | 1 owning land. 2 consisting of land.,Landed  ,1 owning land. 2 consisting of land.,2.7
"Landfall  | Approach to land, esp. After a sea or air journey.",Landfall  ,"Approach to land, esp. After a sea or air journey.",2.5
Landfill  | 1 waste material etc. Used to landscape or reclaim land. 2 process of disposing of rubbish in this way.,Landfill  ,1 waste material etc. Used to landscape or reclaim land. 2 process of disposing of rubbish in this way.,2.6
"Land-girl  | Woman doing farm work, esp. In wartime.",Land-girl  ,"Woman doing farm work, esp. In wartime.",3.1
Landing  | 1 platform at the top of or part way up a flight of stairs. 2 coming to land. 3 place where ships etc. Land.,Landing  ,1 platform at the top of or part way up a flight of stairs. 2 coming to land. 3 place where ships etc. Land.,2.7
Landing-craft  | Craft designed for putting troops and equipment ashore.,Landing-craft  ,Craft designed for putting troops and equipment ashore.,3.6
Landing-gear  | Undercarriage of an aircraft.,Landing-gear  ,Undercarriage of an aircraft.,3.8
Landing-stage  | Platform for disembarking goods and passengers.,Landing-stage  ,Platform for disembarking goods and passengers.,3.3
"Landlady  | 1 woman who owns and lets land or premises. 2 woman who keeps a public house, boarding-house, etc.",Landlady  ,"1 woman who owns and lets land or premises. 2 woman who keeps a public house, boarding-house, etc.",2.4
Land line  | Means of telecommunication over land.,Land line  ,Means of telecommunication over land.,3.4
Landlocked  | Almost or entirely enclosed by land.,Landlocked  ,Almost or entirely enclosed by land.,1.9
"Landlord  | 1 man who owns and lets land or premises. 2 man who keeps a public house, boarding-house, etc.",Landlord  ,"1 man who owns and lets land or premises. 2 man who keeps a public house, boarding-house, etc.",2.5
Landlubber  | Person unfamiliar with the sea.,Landlubber  ,Person unfamiliar with the sea.,2.9
"Landmark  | 1 conspicuous object in a district, landscape, etc. 2 prominent and critical event etc.",Landmark  ,"1 conspicuous object in a district, landscape, etc. 2 prominent and critical event etc.",3.3
Land mass  | Large area of land.,Land mass  ,Large area of land.,2.2
Land-mine  | Explosive mine laid in or on the ground.,Land-mine  ,Explosive mine laid in or on the ground.,3.3
Landowner  | Owner of  land.  landowning adj. & n.,Landowner  ,Owner of  land.  landowning adj. & n.,2.4
Landscape  —| 1 scenery as seen in a broad view. 2  Picture representing this; this genre of painting. —v.  improve  by landscape gardening. ,Landscape  ,1 scenery as seen in a broad view. 2  Picture representing this; this genre of painting. —v.  improve  by landscape gardening.,3.2
Landscape gardening  | Laying out of grounds to resemble natural scenery.,Landscape gardening  ,Laying out of grounds to resemble natural scenery.,3.0
"Landslide  | 1 sliding down of a mass of land from a mountain, cliff, etc. 2 overwhelming victory in an election.",Landslide  ,"1 sliding down of a mass of land from a mountain, cliff, etc. 2 overwhelming victory in an election.",2.5
Landslip  | = ~landslide 1.,Landslip  ,= ~landslide 1.,2.6
"Lane  | 1 narrow road. 2 division of a road for a stream of traffic. 3 strip of track etc. For a competitor in a race. 4 path regularly followed by a ship, aircraft, etc. 5 gangway between crowds of people. ",Lane  ,"1 narrow road. 2 division of a road for a stream of traffic. 3 strip of track etc. For a competitor in a race. 4 path regularly followed by a ship, aircraft, etc. 5 gangway between crowds of people.",3.4
"Language  | 1 use of words in an agreed way as a method of human communication. 2 system of words of a particular community or country etc. 3 a faculty of speech. B style of expression; use of words, etc. . 4 system of symbols and rules for writing computer programs. 5 any method of communication. 6 professional or specialized vocabulary. ",Language  ,"1 use of words in an agreed way as a method of human communication. 2 system of words of a particular community or country etc. 3 a faculty of speech. B style of expression; use of words, etc. . 4 system of symbols and rules for writing computer programs. 5 any method of communication. 6 professional or specialized vocabulary.",2.8
Language laboratory  | Room equipped with tape recorders etc. For learning a foreign language.,Language laboratory  ,Room equipped with tape recorders etc. For learning a foreign language.,3.1
Languid  | Lacking vigour; idle; inert.  languidly adv. ,Languid  ,Lacking vigour; idle; inert.  languidly adv.,3.1
Languish  | Lose or lack vitality.  languish for droop or pine for. Languish under suffer under . ,Languish  ,Lose or lack vitality.  languish for droop or pine for. Languish under suffer under .,2.7
Languor  | 1 lack of energy; idleness. 2 soft or tender mood or effect. 3 oppressive stillness.  languorous adj.,Languor  ,1 lack of energy; idleness. 2 soft or tender mood or effect. 3 oppressive stillness.  languorous adj.,3.0
Lank  | 1  Long and limp. 2 thin and tall. ,Lank  ,1  Long and limp. 2 thin and tall.,2.7
Lanky  |  ungracefully thin and long or tall.  lankiness n.,Lanky  ,ungracefully thin and long or tall.  lankiness n.,2.6
Lanolin  | Fat found on sheep's wool and used in cosmetics etc. ,Lanolin  ,Fat found on sheep's wool and used in cosmetics etc.,2.9
"Lantern  | 1 lamp with a transparent case protecting a flame etc. 2 raised structure on a dome, room, etc., glazed to admit light. 3 light-chamber of a lighthouse. ",Lantern  ,"1 lamp with a transparent case protecting a flame etc. 2 raised structure on a dome, room, etc., glazed to admit light. 3 light-chamber of a lighthouse.",2.7
Lantern jaws  |pl. Long thin jaws and chin.,Lantern jaws  ,pl. Long thin jaws and chin.,2.5
Lanthanide  | Any element of the lanthanide series. ,Lanthanide  ,Any element of the lanthanide series.,2.5
"Lanthanide series  | Chem. Series of 15 metallic elements from lanthanum to lutetium in the periodic table, having similar chemical properties.",Lanthanide series  ,"Chem. Series of 15 metallic elements from lanthanum to lutetium in the periodic table, having similar chemical properties.",2.9
"Lanthanum  | Metallic element, first of the lanthanide series. ",Lanthanum  ,"Metallic element, first of the lanthanide series.",3.0
"Lanyard  | 1 cord worn round the neck or the shoulder, to which a knife etc. May be attached. 2 naut. Short rope or line used for securing, tightening, etc. ",Lanyard  ,"1 cord worn round the neck or the shoulder, to which a knife etc. May be attached. 2 naut. Short rope or line used for securing, tightening, etc.",3.2
"Laodicean  half-hearted, esp. In religion or politics. ",Laodicean  half-hearted,"Laodicean  half-hearted, esp. In religion or politics.",1.7
Lap1  | 1 front of the body from the waist to the knees of a sitting person. 2 clothing covering this.   in the lap of the gods beyond human control. In the lap of luxury in extremely luxurious surroundings. ,Lap1  ,1 front of the body from the waist to the knees of a sitting person. 2 clothing covering this.   in the lap of the gods beyond human control. In the lap of luxury in extremely luxurious surroundings.,3.1
Lap2  —| 1 a one circuit of a racetrack etc. B section of a journey etc. 2 a amount of overlapping. B overlapping part. 3 single turn of thread etc. Round a reel etc. —v.  1 lead or overtake  by one or more laps. 2  fold or wrap  Round. 3  enfold in wraps etc. 4   enfolded caressingly. 5 cause to overlap. ,Lap2  ,1 a one circuit of a racetrack etc. B section of a journey etc. 2 a amount of overlapping. B overlapping part. 3 single turn of thread etc. Round a reel etc. —v.  1 lead or overtake  by one or more laps. 2  fold or wrap  Round. 3  enfold in wraps etc. 4   enfolded caressingly. 5 cause to overlap.,2.8
Lap3  |  1 a  drink with the tongue. B  consume  greedily. C  consume  Greedily. 2  Ripple; make a lapping sound against . —n. 1 a act of lapping. B amount of liquid taken up. 2 sound of wavelets. ,Lap3  ,1 a  drink with the tongue. B  consume  greedily. C  consume  Greedily. 2  Ripple; make a lapping sound against . —n. 1 a act of lapping. B amount of liquid taken up. 2 sound of wavelets.,3.0
Lap-dog  | Small pet dog.,Lap-dog  ,Small pet dog.,3.3
"Lapel  | Part of either side of a coat-front etc., folded back against itself. ",Lapel  ,"Part of either side of a coat-front etc., folded back against itself.",3.0
"Lapidary  | 1 concerned with stone or stones. 2 engraved upon stone. 3 concise, well-expressed, epigrammatic. —n.  cutter, polisher, or engraver, of gems. ",Lapidary  ,"1 concerned with stone or stones. 2 engraved upon stone. 3 concise, well-expressed, epigrammatic. —n.  cutter, polisher, or engraver, of gems.",2.7
Lapis lazuli  | 1 blue mineral used as a gemstone. 2 bright blue pigment. 3 its colour. ,Lapis lazuli  ,1 blue mineral used as a gemstone. 2 bright blue pigment. 3 its colour.,3.5
Laplander  | Native or inhabitant of lapland; lapp. ,Laplander  ,Native or inhabitant of lapland; lapp.,3.2
Lap of honour  | Ceremonial circuit of a racetrack etc. By a winner.,Lap of honour  ,Ceremonial circuit of a racetrack etc. By a winner.,3.4
Lapp  | 1 member of a mongol people of n. Scandinavia and nw russia. 2 their language. ,Lapp  ,1 member of a mongol people of n. Scandinavia and nw russia. 2 their language.,3.1
Lappet  | 1 small flap or fold of a garment etc. 2 hanging piece of flesh. ,Lappet  ,1 small flap or fold of a garment etc. 2 hanging piece of flesh.,3.2
"Lapse  —| 1 slight error; slip of memory etc. 2 weak or careless decline into an inferior state. 3  passage of time. —v.  1 fail to maintain a position or standard. 2  fall back into an inferior or previous state. 3  Become invalid through disuse, failure to renew, etc. 4  That has lapsed. ",Lapse  ,"1 slight error; slip of memory etc. 2 weak or careless decline into an inferior state. 3  passage of time. —v.  1 fail to maintain a position or standard. 2  fall back into an inferior or previous state. 3  Become invalid through disuse, failure to renew, etc. 4  That has lapsed.",3.1
Laptop  |  Portable microcomputer suitable for use while travelling.,Laptop  ,Portable microcomputer suitable for use while travelling.,3.2
Lapwing  | Plover with a shrill cry. ,Lapwing  ,Plover with a shrill cry.,2.8
Larboard  | & adj. Archaic = ~port3. ,Larboard  ,& adj. Archaic = ~port3.,3.4
Larceny  |  theft of personal property.  larcenous adj. ,Larceny  ,theft of personal property.  larcenous adj.,2.9
Larch  | 1 deciduous coniferous tree with bright foliage. 2 its wood. ,Larch  ,1 deciduous coniferous tree with bright foliage. 2 its wood.,3.0
Lard  —| Pig fat used in cooking etc. —v. 1 insert strips of fat or bacon in  Before cooking. 2  garnish  With strange terms. ,Lard  ,Pig fat used in cooking etc. —v. 1 insert strips of fat or bacon in  Before cooking. 2  garnish  With strange terms.,3.1
Larder  | Room or large cupboard for storing food.,Larder  ,Room or large cupboard for storing food.,3.2
Lardy  | Like lard.,Lardy  ,Like lard.,3.0
"Lardy-cake  | Cake made with lard, currants, etc.",Lardy-cake  ,"Cake made with lard, currants, etc.",3.3
"Large  | 1 of relatively great size or extent. 2 of the larger kind . 3 comprehensive. 4 pursuing an activity on a large scale .  at large 1 at liberty. 2 as a body or whole. 3 at full length, with all details.  largeness n. Largish adj. ",Large  ,"1 of relatively great size or extent. 2 of the larger kind . 3 comprehensive. 4 pursuing an activity on a large scale .  at large 1 at liberty. 2 as a body or whole. 3 at full length, with all details.  largeness n. Largish adj.",2.7
"Large as life  | Colloq. In person, esp. Prominently.",Large as life  ,"Colloq. In person, esp. Prominently.",3.3
Largely  | To a great extent .,Largely  ,To a great extent .,2.8
Large-scale  | Made or occurring on a large scale.,Large-scale  ,Made or occurring on a large scale.,3.1
Largesse  |  money or gifts freely given. ,Largesse  ,money or gifts freely given.,2.5
Largo  mus. —| In a slow tempo and dignified style. —n.  largo passage or movement. ,Largo  mus,In a slow tempo and dignified style. —n.  largo passage or movement.,2.8
Lariat  | 1 lasso. 2 tethering-rope. ,Lariat  ,1 lasso. 2 tethering-rope.,3.2
"Lark1  | Small bird with a tuneful song, esp. The skylark. ",Lark1  ,"Small bird with a tuneful song, esp. The skylark.",3.4
Lark2  | —n. 1 frolic; amusing incident. 2 type of activity . —v.  play tricks. ,Lark2  ,—n. 1 frolic; amusing incident. 2 type of activity . —v.  play tricks.,3.4
Larkspur  | Plant with a spur-shaped calyx.,Larkspur  ,Plant with a spur-shaped calyx.,3.3
Larva  |  stage of an insect's development between egg and pupa.  larval adj. ,Larva  ,stage of an insect's development between egg and pupa.  larval adj.,3.2
Laryngeal  | Of the larynx.,Laryngeal  ,Of the larynx.,3.1
Laryngitis  | Inflammation of the larynx.,Laryngitis  ,Inflammation of the larynx.,3.0
Larynx  |  hollow organ in the throat holding the vocal cords. ,Larynx  ,hollow organ in the throat holding the vocal cords.,3.2
Lasagne  | Pasta in the form of sheets. ,Lasagne  ,Pasta in the form of sheets.,2.5
Lascivious  | 1 lustful. 2 inciting to lust.  lasciviously adv. ,Lascivious  ,1 lustful. 2 inciting to lust.  lasciviously adv.,2.5
"Laser  | Device that generates an intense beam of coherent light, or other electromagnetic radiation, in one direction. ",Laser  ,"Device that generates an intense beam of coherent light, or other electromagnetic radiation, in one direction.",3.0
"Lash  | 1 make a sudden whiplike movement. 2 beat with a whip etc. 3   Beat, strike. 4 criticize harshly. 5 rouse, incite. 6  Fasten with a cord etc. —n. 1 sharp blow made by a whip etc. 2 flexible end of a whip. 3 eyelash.  lash out 1 speak or hit out angrily. 2 colloq. Spend money extravagantly. ",Lash  ,"1 make a sudden whiplike movement. 2 beat with a whip etc. 3   Beat, strike. 4 criticize harshly. 5 rouse, incite. 6  Fasten with a cord etc. —n. 1 sharp blow made by a whip etc. 2 flexible end of a whip. 3 eyelash.  lash out 1 speak or hit out angrily. 2 colloq. Spend money extravagantly.",3.1
Lashings  |pl. Colloq.  plenty.,Lashings  ,pl. Colloq.  plenty.,2.8
Lass  | Esp. Scot. & n.engl. Or poet. Girl. ,Lass  ,Esp. Scot. & n.engl. Or poet. Girl.,2.9
Lassa fever  | Acute febrile viral disease of tropical africa. ,Lassa fever  ,Acute febrile viral disease of tropical africa.,2.5
Lassitude  | 1 languor. 2 disinclination to exert oneself. ,Lassitude  ,1 languor. 2 disinclination to exert oneself.,2.6
"Lasso  —|  rope with a noose at one end, esp. For catching cattle. —v.  catch with a lasso. ",Lasso  ,"rope with a noose at one end, esp. For catching cattle. —v.  catch with a lasso.",2.8
"Last1  | 1 after all others; coming at or belonging to the end. 2 most recent; next before a specified time . 3 only remaining . 4  least likely or suitable . 5 lowest in rank . —adv. 1 after all others . 2 on the most recent occasion . 3 lastly. —n. 1 person or thing that is last, last-mentioned, most recent, etc. 2  last mention or sight etc. . 3 last performance of certain acts . 4  the end; death .  at last  in the end; after much delay. ",Last1  ,"1 after all others; coming at or belonging to the end. 2 most recent; next before a specified time . 3 only remaining . 4  least likely or suitable . 5 lowest in rank . —adv. 1 after all others . 2 on the most recent occasion . 3 lastly. —n. 1 person or thing that is last, last-mentioned, most recent, etc. 2  last mention or sight etc. . 3 last performance of certain acts . 4  the end; death .  at last  in the end; after much delay.",2.8
Last2  | 1 remain unexhausted or alive for a specified or considerable time . 2 continue for a specified time .  last out be strong enough or sufficient for the whole of a given period. ,Last2  ,1 remain unexhausted or alive for a specified or considerable time . 2 continue for a specified time .  last out be strong enough or sufficient for the whole of a given period.,2.5
Last3  | Shoemaker's model for shaping a shoe etc.  stick to one's last not meddle in what one does not understand. ,Last3  ,Shoemaker's model for shaping a shoe etc.  stick to one's last not meddle in what one does not understand.,2.7
"Last-ditch  | Adj.  Final, desperate.",Last-ditch  ,"Adj.  Final, desperate.",2.8
Lasting  | Permanent; durable.,Lasting  ,Permanent; durable.,2.9
Lastly  | Finally; in the last place.,Lastly  ,Finally; in the last place.,2.7
Last minute  |  the time just before an important event  attrib.: last-minute panic).,Last minute  ,the time just before an important event  attrib.: last-minute panic).,2.5
Last name  | Surname.,Last name  ,Surname.,2.5
Last post  | Bugle-call at military funerals or as a signal to retire for the night.,Last post  ,Bugle-call at military funerals or as a signal to retire for the night.,3.1
Last rites  |pl. Rites for a person about to die.,Last rites  ,pl. Rites for a person about to die.,3.2
Last straw  |  slight addition to a burden that makes it finally unbearable.,Last straw  ,slight addition to a burden that makes it finally unbearable.,1.6
Last trump  |  trumpet-blast to wake the dead on judgement day.,Last trump  ,trumpet-blast to wake the dead on judgement day.,3.5
Last word  |  1 final or definitive statement. 2  latest fashion.,Last word  ,1 final or definitive statement. 2  latest fashion.,2.8
Latch  —| 1 bar with a catch and lever as a fastening for a gate etc. 2 spring-lock preventing a door from being opened from the outside without a key. —v. Fasten with a latch.  latch on  colloq. 1 attach oneself . 2 understand. On the latch fastened by the latch  only. ,Latch  ,1 bar with a catch and lever as a fastening for a gate etc. 2 spring-lock preventing a door from being opened from the outside without a key. —v. Fasten with a latch.  latch on  colloq. 1 attach oneself . 2 understand. On the latch fastened by the latch  only.,3.0
Latchkey  |  key of an outer door.,Latchkey  ,key of an outer door.,2.9
"Late  | 1 after the due or usual time; occurring or done after the proper time. 2 a far on in the day or night or in a specified period. B far on in development. 3 flowering or ripening towards the end of the season. 4 no longer alive; no longer having the specified status, former . 5 of recent date. —adv. 1 after the due or usual time. 2 far on in time. 3 at or till a late hour. 4 at a late stage of development. 5 formerly but not now .  late in the day colloq. At a late stage in the proceedings.  lateness n. ",Late  ,"1 after the due or usual time; occurring or done after the proper time. 2 a far on in the day or night or in a specified period. B far on in development. 3 flowering or ripening towards the end of the season. 4 no longer alive; no longer having the specified status, former . 5 of recent date. —adv. 1 after the due or usual time. 2 far on in time. 3 at or till a late hour. 4 at a late stage of development. 5 formerly but not now .  late in the day colloq. At a late stage in the proceedings.  lateness n.",2.7
Latecomer  | Person who arrives late.,Latecomer  ,Person who arrives late.,3.1
Lateen  |  rigged with a lateen sail. ,Lateen  ,rigged with a lateen sail.,2.9
Lateen sail  | Triangular sail on a long yard at an angle of 45° to the mast.,Lateen sail  ,Triangular sail on a long yard at an angle of 45° to the mast.,3.3
Lately  | Not long ago; recently. ,Lately  ,Not long ago; recently.,2.8
"Latent  | Existing but not developed or manifest; concealed, dormant.  latency n. ",Latent  ,"Existing but not developed or manifest; concealed, dormant.  latency n.",2.7
"Latent heat  | Physics heat required to convert a solid into a liquid or vapour, or a liquid into a vapour, without change of temperature.",Latent heat  ,"Physics heat required to convert a solid into a liquid or vapour, or a liquid into a vapour, without change of temperature.",2.9
"Lateral  | 1 of, at, towards, or from the side or sides. 2 descended from the sibling of a person in direct line. —n. Lateral shoot or branch.  laterally adv. ",Lateral  ,"1 of, at, towards, or from the side or sides. 2 descended from the sibling of a person in direct line. —n. Lateral shoot or branch.  laterally adv.",3.3
Lateral thinking  | Method of solving problems other than by using conventional logic.,Lateral thinking  ,Method of solving problems other than by using conventional logic.,2.8
Latex  |  1 milky fluid of esp. The rubber tree. 2 synthetic product resembling this. ,Latex  ,1 milky fluid of esp. The rubber tree. 2 synthetic product resembling this.,2.9
Lath  |  thin flat strip of wood. ,Lath  ,thin flat strip of wood.,3.1
"Lathe  | Machine for shaping wood, metal, etc., by rotating the article against cutting tools. ",Lathe  ,"Machine for shaping wood, metal, etc., by rotating the article against cutting tools.",3.0
Lather  —| 1 froth produced by agitating soap etc. And water. 2 frothy sweat. 3 state of agitation. —v. 1  Form a lather. 2 cover with lather. 3 colloq. Thrash. ,Lather  ,1 froth produced by agitating soap etc. And water. 2 frothy sweat. 3 state of agitation. —v. 1  Form a lather. 2 cover with lather. 3 colloq. Thrash.,3.1
Latin  —| Language of ancient rome and its empire. —adj. 1 of or in latin. 2 of the countries or peoples using languages descended from latin. 3 of the roman catholic church. ,Latin  ,Language of ancient rome and its empire. —adj. 1 of or in latin. 2 of the countries or peoples using languages descended from latin. 3 of the roman catholic church.,3.0
Latin america  | Parts of central and s. America where spanish or portuguese is the main language.,Latin america  ,Parts of central and s. America where spanish or portuguese is the main language.,3.3
Latinate  | Having the character of latin.,Latinate  ,Having the character of latin.,3.3
Latinize  |   give a latin form to.  latinization n.,Latinize  ,give a latin form to.  latinization n.,3.1
Latish  | & adv. Fairly late.,Latish  ,& adv. Fairly late.,2.5
Latitude  | 1 a angular distance on a meridian north or south of the equator. B  Regions or climes. 2 tolerated variety of action or opinion.  latitudinal adj. ,Latitude  ,1 a angular distance on a meridian north or south of the equator. B  Regions or climes. 2 tolerated variety of action or opinion.  latitudinal adj.,2.8
"Latitudinarian  | Liberal, esp. In religion. —n. Latitudinarian person.",Latitudinarian  ,"Liberal, esp. In religion. —n. Latitudinarian person.",3.3
"Latrine  | Communal lavatory, esp. In a camp. ",Latrine  ,"Communal lavatory, esp. In a camp.",2.8
"Latter  | 1 a second-mentioned of two, or last-mentioned of three or more. B  The second- or last-mentioned person or thing. 2 nearer the end . 3 recent. 4 of the end of a period, the world, etc. ",Latter  ,"1 a second-mentioned of two, or last-mentioned of three or more. B  The second- or last-mentioned person or thing. 2 nearer the end . 3 recent. 4 of the end of a period, the world, etc.",2.7
"Latter-day  | Adj. Modern, contemporary.",Latter-day  ,"Adj. Modern, contemporary.",3.2
Latter-day saints  |pl. Mormons' name for themselves.,Latter-day saints  ,pl. Mormons' name for themselves.,3.7
Latterly  | 1 recently. 2 in the latter part of life or a period.,Latterly  ,1 recently. 2 in the latter part of life or a period.,2.8
"Lattice  | 1 structure of crossed laths or bars with spaces between, used as a screen, fence, etc. 2 regular periodic arrangement of atoms, ions, or molecules.  latticed adj. ",Lattice  ,"1 structure of crossed laths or bars with spaces between, used as a screen, fence, etc. 2 regular periodic arrangement of atoms, ions, or molecules.  latticed adj.",2.8
Lattice window  | Window with small panes set in diagonally crossing strips of lead.,Lattice window  ,Window with small panes set in diagonally crossing strips of lead.,2.6
"Latvian  —| 1 a native or national of latvia in eastern europe. B person of latvian descent. 2 language of latvia. —adj. Of latvia, its people, or language.",Latvian  ,"1 a native or national of latvia in eastern europe. B person of latvian descent. 2 language of latvia. —adj. Of latvia, its people, or language.",3.3
Laud  | Praise or extol. —n. 1 praise; hymn of praise. 2  The first morning prayer of the roman catholic church. ,Laud  ,Praise or extol. —n. 1 praise; hymn of praise. 2  The first morning prayer of the roman catholic church.,2.9
Laudable  | Commendable.  laudability n. Laudably adv.,Laudable  ,Commendable.  laudability n. Laudably adv.,2.7
Laudanum  | Solution prepared from opium. ,Laudanum  ,Solution prepared from opium.,2.8
Laudatory  | Praising.,Laudatory  ,Praising.,2.6
"Laugh  | 1 make the sounds and movements usual in expressing lively amusement, scorn, etc. 2 express by laughing. 3  ridicule, make fun of. —n. 1 sound, act, or manner of laughing. 2 colloq. Comical thing.  laugh off get rid of  by joking. Laugh up one's sleeve laugh secretly. ",Laugh  ,"1 make the sounds and movements usual in expressing lively amusement, scorn, etc. 2 express by laughing. 3  ridicule, make fun of. —n. 1 sound, act, or manner of laughing. 2 colloq. Comical thing.  laugh off get rid of  by joking. Laugh up one's sleeve laugh secretly.",2.5
Laughable  | Ludicrous; amusing.  laughably adv.,Laughable  ,Ludicrous; amusing.  laughably adv.,2.3
Laughing  | Laughter.  no laughing matter serious matter.  laughingly adv.,Laughing  ,Laughter.  no laughing matter serious matter.  laughingly adv.,2.6
Laughing-gas  | Nitrous oxide as an anaesthetic.,Laughing-gas  ,Nitrous oxide as an anaesthetic.,2.5
Laughing jackass  | = ~kookaburra.,Laughing jackass  ,= ~kookaburra.,3.0
Laughing stock  | Person or thing open to general ridicule.,Laughing stock  ,Person or thing open to general ridicule.,2.4
Laughter  | Act or sound of laughing. ,Laughter  ,Act or sound of laughing.,2.7
Launch1  | 1 set  afloat. 2 hurl or send forth . 3 start or set in motion . 4 formally introduce  with publicity etc. 5  A make a start on . B burst into . —n. Act of launching. ,Launch1  ,1 set  afloat. 2 hurl or send forth . 3 start or set in motion . 4 formally introduce  with publicity etc. 5  A make a start on . B burst into . —n. Act of launching.,3.5
Launch2  | 1 large motor boat. 2 man-of-war's largest boat. ,Launch2  ,1 large motor boat. 2 man-of-war's largest boat.,3.5
Launcher  | Structure to hold a rocket during launching.,Launcher  ,Structure to hold a rocket during launching.,3.2
"Launch pad  |  platform with a supporting structure, for launching rockets from.",Launch pad  ,"platform with a supporting structure, for launching rockets from.",3.8
Launder  | 1 wash and iron . 2 colloq. Transfer  to conceal their origin. ,Launder  ,1 wash and iron . 2 colloq. Transfer  to conceal their origin.,3.1
Launderette  |  establishment with coin-operated washing-machines and driers for public use.,Launderette  ,establishment with coin-operated washing-machines and driers for public use.,2.6
"Laundress  | Woman who launders, esp. Professionally.",Laundress  ,"Woman who launders, esp. Professionally.",3.0
Laundry  |  1 a place for washing clothes etc. B firm washing clothes etc. Commercially. 2 clothes or linen for laundering or newly laundered.,Laundry  ,1 a place for washing clothes etc. B firm washing clothes etc. Commercially. 2 clothes or linen for laundering or newly laundered.,2.3
Laureate  | Wreathed with laurel as a mark of honour. —n. = ~poet laureate.  laureateship n. ,Laureate  ,Wreathed with laurel as a mark of honour. —n. = ~poet laureate.  laureateship n.,2.7
Laurel  | 1 = ~bay2. 2  Wreath of bay-leaves as an emblem of victory or poetic merit. 3 any of various plants with dark-green glossy leaves.  look to one's laurels beware of losing one's pre-eminence. Rest on one's laurels see ~rest1. ,Laurel  ,1 = ~bay2. 2  Wreath of bay-leaves as an emblem of victory or poetic merit. 3 any of various plants with dark-green glossy leaves.  look to one's laurels beware of losing one's pre-eminence. Rest on one's laurels see ~rest1.,2.8
Lav  | Colloq. Lavatory. ,Lav  ,Colloq. Lavatory.,2.8
Lava  | Matter flowing from a volcano and solidifying as it cools. ,Lava  ,Matter flowing from a volcano and solidifying as it cools.,2.8
Lavatorial  | Of or like lavatories;  relating to excretion.,Lavatorial  ,Of or like lavatories;  relating to excretion.,2.7
"Lavatory  |  1 receptacle for urine and faeces, usu. With a means of disposal. 2 room or compartment containing this. ",Lavatory  ,"1 receptacle for urine and faeces, usu. With a means of disposal. 2 room or compartment containing this.",2.7
Lavatory paper  | = ~toilet paper.,Lavatory paper  ,= ~toilet paper.,2.7
"Lave  |  literary 1 wash, bathe. 2  wash against; flow along. ",Lave  ,"literary 1 wash, bathe. 2  wash against; flow along.",2.7
Lavender  | 1 a evergreen shrub with purple aromatic flowers. B its flowers and stalks dried and used to scent linen etc. 2 pale mauve colour. ,Lavender  ,1 a evergreen shrub with purple aromatic flowers. B its flowers and stalks dried and used to scent linen etc. 2 pale mauve colour.,2.8
Lavender-water  | Light perfume made with distilled lavender.,Lavender-water  ,Light perfume made with distilled lavender.,2.7
Laver  | Edible seaweed. ,Laver  ,Edible seaweed.,2.8
Lavish  | 1 giving or producing in large quantities; profuse. 2 generous. —v.  bestow or spend  Abundantly.  lavishly adv. ,Lavish  ,1 giving or producing in large quantities; profuse. 2 generous. —v.  bestow or spend  Abundantly.  lavishly adv.,2.9
"Law  | 1 a rule enacted or customary in a community and recognized as commanding or forbidding certain actions. B body of such rules. 2 controlling influence of laws; respect for laws. 3 laws collectively as a social system or subject of study. 4 binding force . 5  a the legal profession. B colloq. The police. 6  Jurisprudence. 7 a the judicial remedy. B the lawcourts as providing this . 8 rule of action or procedure. 9 regularity in natural occurrences . 10 divine commandments.  be a law unto oneself do what one considers right; disregard custom. Lay down the law be dogmatic or authoritarian. Take the law into one's own hands redress a grievance by one's own means, esp. By force. ",Law  ,"1 a rule enacted or customary in a community and recognized as commanding or forbidding certain actions. B body of such rules. 2 controlling influence of laws; respect for laws. 3 laws collectively as a social system or subject of study. 4 binding force . 5  a the legal profession. B colloq. The police. 6  Jurisprudence. 7 a the judicial remedy. B the lawcourts as providing this . 8 rule of action or procedure. 9 regularity in natural occurrences . 10 divine commandments.  be a law unto oneself do what one considers right; disregard custom. Lay down the law be dogmatic or authoritarian. Take the law into one's own hands redress a grievance by one's own means, esp. By force.",3.2
Law-abiding  | Obedient to the laws.,Law-abiding  ,Obedient to the laws.,3.3
Lawbreaker  | Person who breaks the law.  lawbreaking n. & adj.,Lawbreaker  ,Person who breaks the law.  lawbreaking n. & adj.,3.5
Lawcourt  | Court of law.,Lawcourt  ,Court of law.,2.9
Lawful  | Conforming with or recognized by law; not illegal.  lawfully adv. Lawfulness n.,Lawful  ,Conforming with or recognized by law; not illegal.  lawfully adv. Lawfulness n.,3.2
Lawgiver  | Person who formulates laws; legislator.,Lawgiver  ,Person who formulates laws; legislator.,3.0
Lawless  | 1 having no laws or law enforcement. 2 disregarding laws.  lawlessness n.,Lawless  ,1 having no laws or law enforcement. 2 disregarding laws.  lawlessness n.,2.7
Law lord  | Member of the house of lords qualified to perform its legal work.,Law lord  ,Member of the house of lords qualified to perform its legal work.,3.6
Lawmaker  | Legislator.,Lawmaker  ,Legislator.,3.2
Lawn1  | Piece of closely-mown grass in a garden etc. ,Lawn1  ,Piece of closely-mown grass in a garden etc.,3.1
Lawn2  | Fine linen or cotton. ,Lawn2  ,Fine linen or cotton.,3.2
Lawnmower  | Machine for cutting lawns.,Lawnmower  ,Machine for cutting lawns.,3.4
Lawn tennis  | Tennis played with a soft ball on outdoor grass or a hard court.,Lawn tennis  ,Tennis played with a soft ball on outdoor grass or a hard court.,3.5
Lawrencium  | Artificially made transuranic metallic element. ,Lawrencium  ,Artificially made transuranic metallic element.,3.1
"Lawsuit  | Bringing of a dispute, claim, etc. Before a lawcourt.",Lawsuit  ,"Bringing of a dispute, claim, etc. Before a lawcourt.",3.3
"Lawyer  | Legal practitioner, esp. A solicitor.",Lawyer  ,"Legal practitioner, esp. A solicitor.",2.7
Lax  | 1 lacking care or precision. 2 not strict.  laxity n. Laxly adv. Laxness n. ,Lax  ,1 lacking care or precision. 2 not strict.  laxity n. Laxly adv. Laxness n.,3.2
Laxative  | Facilitating evacuation of the bowels. —n. Laxative medicine. ,Laxative  ,Facilitating evacuation of the bowels. —n. Laxative medicine.,2.6
"Lay1  |  1 place on a surface, esp. Horizontally or in the proper or specified place. 2 put or bring into the required position or state . 3 make by laying . 4   produce . 5 cause to subside or lie flat. 6 ; attribute or impute . 7 prepare or make ready . 8 prepare  for a meal. 9 arrange the material for . 10 put down as a wager; stake. 11  coat or strew . 12 slang offens. Have sexual intercourse with . —n. 1 way, position, or direction in which something lies. 2 slang offens. Partner  in, or act of, sexual intercourse.  lay about one hit out on all sides. Lay aside 1 put to one side. 2 cease to consider. Lay at the door of impute to. Lay bare expose, reveal. Lay claim to claim as one's own. Lay down 1 put on a flat surface. 2 give up . 3 formulate . 4 store  for maturing. 5 sacrifice . Lay  hands on obtain, locate. Lay hands on seize or attack. Lay hold of seize. Lay in provide oneself with a stock of. Lay into colloq. Punish or scold harshly. Lay it on thick  colloq. Flatter or exaggerate grossly. Lay low overthrow or humble. Lay off 1 discharge  temporarily; make redundant. 2 colloq. Desist. Lay on 1 provide. 2 impose. 3 inflict . 4 spread on . Lay open 1 break the skin of. 2  expose . Lay out 1 spread out, expose to view. 2 prepare  for burial. 3 colloq. Knock unconscious. 4 arrange  According to a design.",Lay1  ,"1 place on a surface, esp. Horizontally or in the proper or specified place. 2 put or bring into the required position or state . 3 make by laying . 4   produce . 5 cause to subside or lie flat. 6 ; attribute or impute . 7 prepare or make ready . 8 prepare  for a meal. 9 arrange the material for . 10 put down as a wager; stake. 11  coat or strew . 12 slang offens. Have sexual intercourse with . —n. 1 way, position, or direction in which something lies. 2 slang offens. Partner  in, or act of, sexual intercourse.  lay about one hit out on all sides. Lay aside 1 put to one side. 2 cease to consider. Lay at the door of impute to. Lay bare expose, reveal. Lay claim to claim as one's own. Lay down 1 put on a flat surface. 2 give up . 3 formulate . 4 store  for maturing. 5 sacrifice . Lay  hands on obtain, locate. Lay hands on seize or attack. Lay hold of seize. Lay in provide oneself with a stock of. Lay into colloq. Punish or scold harshly. Lay it on thick  colloq. Flatter or exaggerate grossly. Lay low overthrow or humble. Lay off 1 discharge  temporarily; make redundant. 2 colloq. Desist. Lay on 1 provide. 2 impose. 3 inflict . 4 spread on . Lay open 1 break the skin of. 2  expose . Lay out 1 spread out, expose to view. 2 prepare  for burial. 3 colloq. Knock unconscious. 4 arrange  According to a design.",2.9
Lay2  | 1 a non-clerical. B not ordained into the clergy. 2 a not professionally qualified. B of or done by such persons. ,Lay2  ,1 a non-clerical. B not ordained into the clergy. 2 a not professionally qualified. B of or done by such persons.,2.7
Lay3  | 1 short poem meant to be sung. 2 song. ,Lay3  ,1 short poem meant to be sung. 2 song.,2.8
Lay4  past of ~lie1.,Lay4  past of ,Lay4  past of ~lie1.,3.2
Layabout  | Habitual loafer or idler.,Layabout  ,Habitual loafer or idler.,3.2
Lay-by  |  area at the side of a road where vehicles may stop.,Lay-by  ,area at the side of a road where vehicles may stop.,2.7
"Layer  —| 1 thickness of matter, esp. One of several, covering a surface. 2 person or thing that lays. 3 hen that lays eggs. 4 shoot fastened down to take root while attached to the parent plant. —v. 1 arrange in layers. 2 cut  in layers. 3 propagate  by a layer.",Layer  ,"1 thickness of matter, esp. One of several, covering a surface. 2 person or thing that lays. 3 hen that lays eggs. 4 shoot fastened down to take root while attached to the parent plant. —v. 1 arrange in layers. 2 cut  in layers. 3 propagate  by a layer.",3.2
Layette  | Set of clothing etc. For a newborn child. ,Layette  ,Set of clothing etc. For a newborn child.,2.8
Lay figure  | 1 jointed figure of a human body used by artists for arranging drapery on etc. 2 unrealistic character in a novel etc. ,Lay figure  ,1 jointed figure of a human body used by artists for arranging drapery on etc. 2 unrealistic character in a novel etc.,3.2
Layman  |  1 non-ordained member of a church. 2 person without professional or specialized knowledge.,Layman  ,1 non-ordained member of a church. 2 person without professional or specialized knowledge.,2.7
Lay-off  | Temporary discharge of workers; a redundancy.,Lay-off  ,Temporary discharge of workers; a redundancy.,3.1
"Layout  | 1 way in which land, a building, printed matter, etc., is arranged or set out. 2 something arranged in a particular way; display.",Layout  ,"1 way in which land, a building, printed matter, etc., is arranged or set out. 2 something arranged in a particular way; display.",3.4
Lay reader  | Lay person licensed to conduct some religious services.,Lay reader  ,Lay person licensed to conduct some religious services.,3.1
Laze  |  1 spend time idly. 2  pass  idly. —n. Spell of lazing. ,Laze  ,1 spend time idly. 2  pass  idly. —n. Spell of lazing.,2.8
"Lazy  |  1 disinclined to work, doing little work. 2 of or inducing idleness.  lazily adv. Laziness n. ",Lazy  ,"1 disinclined to work, doing little work. 2 of or inducing idleness.  lazily adv. Laziness n.",2.9
Lazybones  |  colloq. Lazy person.,Lazybones  ,colloq. Lazy person.,2.7
