"Oedema  |  accumulation of excess fluid in body tissues, causing swelling. ",Oedema  ,"accumulation of excess fluid in body tissues, causing swelling.",2.9
"Oedipus complex  | Child's, esp. A boy's, subconscious sexual desire for the parent of the opposite sex.  oedipal adj. ",Oedipus complex  ,"Child's, esp. A boy's, subconscious sexual desire for the parent of the opposite sex.  oedipal adj.",2.6
Oesophagus  |   passage from the mouth to the stomach; gullet. ,Oesophagus  ,passage from the mouth to the stomach; gullet.,3.3
Oestrogen  |  1 sex hormone developing and maintaining female characteristics of the body. 2 this produced artificially for use in medicine. ,Oestrogen  ,1 sex hormone developing and maintaining female characteristics of the body. 2 this produced artificially for use in medicine.,2.6
Oestrus  |  recurring period of sexual receptivity in many female mammals.  oestrous adj. ,Oestrus  ,recurring period of sexual receptivity in many female mammals.  oestrous adj.,2.7
