Kaffir  | 1 hist. Member or language of a s. African people of the bantu family. 2 s.afr. Offens. Any black african. ,Kaffir  ,1 hist. Member or language of a s. African people of the bantu family. 2 s.afr. Offens. Any black african.,2.7
"Kafkaesque  | Impenetrably oppressive or nightmarish, as in the fiction of franz kafka.",Kafkaesque  ,"Impenetrably oppressive or nightmarish, as in the fiction of franz kafka.",3.0
Kaftan  | Of ~caftan.,Kaftan  ,Of ~caftan.,3.0
"Kaiser  | Hist. Emperor, esp. Of germany, austria, or the holy roman empire. ",Kaiser  ,"Hist. Emperor, esp. Of germany, austria, or the holy roman empire.",2.7
Kalashnikov  | Type of soviet rifle or sub-machine-gun. ,Kalashnikov  ,Type of soviet rifle or sub-machine-gun.,3.1
"Kale  | Variety of cabbage, esp. With wrinkled leaves and no heart. ",Kale  ,"Variety of cabbage, esp. With wrinkled leaves and no heart.",3.2
"Kaleidoscope  | 1 tube containing mirrors and pieces of coloured glass etc. Producing changing reflected patterns when shaken. 2 constantly changing pattern, group, etc.  kaleidoscopic adj. ",Kaleidoscope  ,"1 tube containing mirrors and pieces of coloured glass etc. Producing changing reflected patterns when shaken. 2 constantly changing pattern, group, etc.  kaleidoscopic adj.",3.0
Kalends  | Of ~calends.,Kalends  ,Of ~calends.,3.2
Kaleyard  | Scot. Kitchen garden.,Kaleyard  ,Scot. Kitchen garden.,3.2
"Kamikaze  —| Hist. 1 explosive-laden japanese aircraft deliberately crashed on a ship etc. During the war of 1939–45. 2 pilot of this. —attrib. Adj. 1 of a kamikaze. 2 reckless, esp. Suicidal. ",Kamikaze  ,"Hist. 1 explosive-laden japanese aircraft deliberately crashed on a ship etc. During the war of 1939–45. 2 pilot of this. —attrib. Adj. 1 of a kamikaze. 2 reckless, esp. Suicidal.",3.6
Kangaroo  |  australian marsupial with strong hind legs for jumping. ,Kangaroo  ,australian marsupial with strong hind legs for jumping.,2.4
"Kangaroo court  | Illegal court, e.g. Held by strikers or mutineers.",Kangaroo court  ,"Illegal court, e.g. Held by strikers or mutineers.",2.7
Kaolin  | Fine soft white clay used esp. For porcelain and in medicines. ,Kaolin  ,Fine soft white clay used esp. For porcelain and in medicines.,3.0
"Kapok  | Fine fibrous cotton-like substance from a tropical tree, used for padding. ",Kapok  ,"Fine fibrous cotton-like substance from a tropical tree, used for padding.",2.7
Kappa  | Tenth letter of the greek alphabet . ,Kappa  ,Tenth letter of the greek alphabet .,2.9
"Kaput  | Adj. Slang broken, ruined. ",Kaput  ,"Adj. Slang broken, ruined.",2.6
Karabiner  | Coupling link used by mountaineers. ,Karabiner  ,Coupling link used by mountaineers.,3.6
Karakul  |  1 asian sheep with a dark curled fleece when young. 2 fur of or like this. ,Karakul  ,1 asian sheep with a dark curled fleece when young. 2 fur of or like this.,2.9
Karaoke  | Entertainment in nightclubs etc. With customers singing to a backing track. ,Karaoke  ,Entertainment in nightclubs etc. With customers singing to a backing track.,2.8
Karate  | Japanese system of unarmed combat using the hands and feet as weapons. ,Karate  ,Japanese system of unarmed combat using the hands and feet as weapons.,3.2
"Karma  | Buddhism & hinduism person's actions in previous lives, believed to decide his or her fate in future existences. ",Karma  ,"Buddhism & hinduism person's actions in previous lives, believed to decide his or her fate in future existences.",2.9
Kauri  |  coniferous new zealand tree yielding timber and resin. ,Kauri  ,coniferous new zealand tree yielding timber and resin.,2.7
Kayak  | 1 eskimo one-man canoe of wood and sealskins. 2 small covered canoe. ,Kayak  ,1 eskimo one-man canoe of wood and sealskins. 2 small covered canoe.,2.7
Kazoo  | Toy musical instrument into which the player sings or hums. ,Kazoo  ,Toy musical instrument into which the player sings or hums.,2.6
