"Epaulet  |  ornamental shoulder-piece on a coat etc., esp. On a uniform. ",Epaulet  ,"ornamental shoulder-piece on a coat etc., esp. On a uniform.",2.9
"Epaulette  |  ornamental shoulder-piece on a coat etc., esp. On a uniform. ",Epaulette  ,"ornamental shoulder-piece on a coat etc., esp. On a uniform.",3.0
"Ephedrine  | Alkaloid drug used to relieve asthma, etc. ",Ephedrine  ,"Alkaloid drug used to relieve asthma, etc.",2.6
Ephemera  |pl. Things of only short-lived relevance. ,Ephemera  ,pl. Things of only short-lived relevance.,2.7
Ephemeral  | Lasting or of use for only a short time; transitory. ,Ephemeral  ,Lasting or of use for only a short time; transitory.,2.6
"Epic  —| 1 long poem narrating the adventures or deeds of one or more heroic or legendary figures. 2 book or film based on an epic narrative. —adj. 1 of or like an epic. 2 grand, heroic. ",Epic  ,"1 long poem narrating the adventures or deeds of one or more heroic or legendary figures. 2 book or film based on an epic narrative. —adj. 1 of or like an epic. 2 grand, heroic.",2.8
"Epicene  | 1 of, for, denoting, or used by both sexes. 2 having characteristics of both sexes or of neither sex. —n. Epicene person. ",Epicene  ,"1 of, for, denoting, or used by both sexes. 2 having characteristics of both sexes or of neither sex. —n. Epicene person.",2.7
Epicenter  |  1 point at which an earthquake reaches the earth's surface. 2 central point of a difficulty. ,Epicenter  ,1 point at which an earthquake reaches the earth's surface. 2 central point of a difficulty.,2.6
Epicentre  |  1 point at which an earthquake reaches the earth's surface. 2 central point of a difficulty. ,Epicentre  ,1 point at which an earthquake reaches the earth's surface. 2 central point of a difficulty.,3.2
"Epicure  | Person with refined tastes, esp. In food and drink.  epicurism n. ",Epicure  ,"Person with refined tastes, esp. In food and drink.  epicurism n.",2.6
Epicurean  —| 1 disciple or student of the greek philosopher epicurus. 2  devotee of  enjoyment. —adj. 1 of epicurus or his ideas. 2  characteristic of an epicurean.  epicureanism n. ,Epicurean  ,1 disciple or student of the greek philosopher epicurus. 2  devotee of  enjoyment. —adj. 1 of epicurus or his ideas. 2  characteristic of an epicurean.  epicureanism n.,2.7
Epidemic  —| Widespread occurrence of a disease in a community at a particular time. —adj. In the nature of an epidemic. ,Epidemic  ,Widespread occurrence of a disease in a community at a particular time. —adj. In the nature of an epidemic.,2.2
Epidemiology  | The study of epidemic diseases and their control.  epidemiologist n.,Epidemiology  ,The study of epidemic diseases and their control.  epidemiologist n.,2.3
Epidermis  | Outer layer of the skin.  epidermal adj. ,Epidermis  ,Outer layer of the skin.  epidermal adj.,2.3
Epidiascope  | Optical projector capable of giving images of both opaque and transparent objects. ,Epidiascope  ,Optical projector capable of giving images of both opaque and transparent objects.,2.4
Epidural  |  introduced into the space around the dura mater of the spinal cord. —n. Epidural anaesthetic. ,Epidural  ,introduced into the space around the dura mater of the spinal cord. —n. Epidural anaesthetic.,2.6
"Epiglottis  | Flap of cartilage at the root of the tongue, depressed during swallowing to cover the windpipe.  epiglottal adj. ",Epiglottis  ,"Flap of cartilage at the root of the tongue, depressed during swallowing to cover the windpipe.  epiglottal adj.",2.5
Epigram  | 1 short poem with a witty ending. 2 pointed saying.  epigrammatic adj. ,Epigram  ,1 short poem with a witty ending. 2 pointed saying.  epigrammatic adj.,3.2
Epigraph  | Inscription. ,Epigraph  ,Inscription.,3.1
Epilepsy  | Nervous disorder with convulsions and often loss of consciousness. ,Epilepsy  ,Nervous disorder with convulsions and often loss of consciousness.,2.5
Epileptic  | Of epilepsy. —n. Person with epilepsy. ,Epileptic  ,Of epilepsy. —n. Person with epilepsy.,2.5
Epilogue  | 1 short piece ending a literary work. 2 speech addressed to the audience by an actor at the end of a play. ,Epilogue  ,1 short piece ending a literary work. 2 speech addressed to the audience by an actor at the end of a play.,2.9
Epiphany  |  1  a manifestation of christ to the magi. B festival of this on 6 january. 2 manifestation of a god or demigod. ,Epiphany  ,1  a manifestation of christ to the magi. B festival of this on 6 january. 2 manifestation of a god or demigod.,2.7
Episcopacy  |  1 government by bishops. 2  the bishops.,Episcopacy  ,1 government by bishops. 2  the bishops.,2.7
Episcopal  | 1 of a bishop or bishops. 2  governed by bishops.  episcopally adv. ,Episcopal  ,1 of a bishop or bishops. 2  governed by bishops.  episcopally adv.,2.8
Episcopalian  | 1 of episcopacy. 2 of an episcopal church or  the episcopal church. —n. 1 adherent of episcopacy. 2  member of the episcopal church.  episcopalianism n.,Episcopalian  ,1 of episcopacy. 2 of an episcopal church or  the episcopal church. —n. 1 adherent of episcopacy. 2  member of the episcopal church.  episcopalianism n.,2.8
Episcopate  | 1 the office or tenure of a bishop. 2  the bishops collectively. ,Episcopate  ,1 the office or tenure of a bishop. 2  the bishops collectively.,2.5
"Episiotomy  |  surgical cut made at the vaginal opening during childbirth, to aid delivery. ",Episiotomy  ,"surgical cut made at the vaginal opening during childbirth, to aid delivery.",2.5
Episode  | 1 event or group of events as part of a sequence. 2 each of the parts of a serial story or broadcast. 3 incident or set of incidents in a narrative. ,Episode  ,1 event or group of events as part of a sequence. 2 each of the parts of a serial story or broadcast. 3 incident or set of incidents in a narrative.,3.0
"Episodic  | 1 consisting of separate episodes. 2 irregular, sporadic. episodically adv.",Episodic  ,"1 consisting of separate episodes. 2 irregular, sporadic. episodically adv.",2.6
Epistemology  | Philosophy of knowledge.  epistemological adj. ,Epistemology  ,Philosophy of knowledge.  epistemological adj.,2.5
Epistle  | 1 joc. Letter. 2  any of the apostles' letters in the new testament. 3 poem etc. In the form of a letter. ,Epistle  ,1 joc. Letter. 2  any of the apostles' letters in the new testament. 3 poem etc. In the form of a letter.,2.9
Epistolary  | Of or in the form of a letter or letters. ,Epistolary  ,Of or in the form of a letter or letters.,2.6
"Epitaph  | Words written in memory of a dead person, esp. As a tomb inscription. ",Epitaph  ,"Words written in memory of a dead person, esp. As a tomb inscription.",2.8
Epithelium  |  tissue forming the outer layer of the body and lining many hollow structures.  epithelial adj. ,Epithelium  ,tissue forming the outer layer of the body and lining many hollow structures.  epithelial adj.,2.7
Epithet  | 1 adjective etc. Expressing a quality or attribute. 2 this as a term of abuse. ,Epithet  ,1 adjective etc. Expressing a quality or attribute. 2 this as a term of abuse.,2.9
Epitome  | 1 person or thing embodying a quality etc. 2 thing representing another in miniature. ,Epitome  ,1 person or thing embodying a quality etc. 2 thing representing another in miniature.,3.0
Epitomize  |   make or be a perfect example of .,Epitomize  ,make or be a perfect example of .,2.6
"Epoch  | 1 period of history etc. Marked by notable events. 2 beginning of an era. 3 geol. Division of a period, corresponding to a set of strata.  epochal adj. ",Epoch  ,"1 period of history etc. Marked by notable events. 2 beginning of an era. 3 geol. Division of a period, corresponding to a set of strata.  epochal adj.",3.0
Epoch-making  | Remarkable; very important.,Epoch-making  ,Remarkable; very important.,3.2
"Eponym  | 1 word, place-name, etc., derived from a person's name. 2 person whose name is used in this way.  eponymous adj. ",Eponym  ,"1 word, place-name, etc., derived from a person's name. 2 person whose name is used in this way.  eponymous adj.",2.7
Epoxy  | Relating to or derived from a compound with one oxygen atom and two carbon atoms bonded in a triangle. ,Epoxy  ,Relating to or derived from a compound with one oxygen atom and two carbon atoms bonded in a triangle.,2.6
Epoxy resin  | Synthetic thermosetting resin.,Epoxy resin  ,Synthetic thermosetting resin.,2.9
Epsilon  | Fifth letter of the greek alphabet . ,Epsilon  ,Fifth letter of the greek alphabet .,3.2
Epsom salts  | Magnesium sulphate used as a purgative etc. ,Epsom salts  ,Magnesium sulphate used as a purgative etc.,3.5
