"My  poss. Pro|  1 of or belonging to me. 2 affectionate, patronizing, etc. Form of address . 3 in expressions of surprise . 4 colloq. Indicating a close relative etc. Of the speaker .  my lady  form of address to certain titled persons. ",My  poss,"1 of or belonging to me. 2 affectionate, patronizing, etc. Form of address . 3 in expressions of surprise . 4 colloq. Indicating a close relative etc. Of the speaker .  my lady  form of address to certain titled persons.",2.9
Myalgia  | Muscular pain.  myalgic adj. ,Myalgia  ,Muscular pain.  myalgic adj.,2.6
Mycelium   microscopic threadlike parts of a fungus. ,Mycelium   microscopic threadlike parts of a fungus,Mycelium   microscopic threadlike parts of a fungus.,2.1
"Mycenaean  | Of the late bronze age civilization in greece , depicted in the homeric poems. —n. Person of this civilization. ",Mycenaean  ,"Of the late bronze age civilization in greece , depicted in the homeric poems. —n. Person of this civilization.",2.9
Mycology  | 1 the study of fungi. 2 fungi of a particular region.  mycologist n. ,Mycology  ,1 the study of fungi. 2 fungi of a particular region.  mycologist n.,3.0
Myna  |  talking bird of the starling family. ,Myna  ,talking bird of the starling family.,2.7
Myopia  | 1 short-sightedness. 2 lack of imagination or insight.  myopic adj. Myopically adv. ,Myopia  ,1 short-sightedness. 2 lack of imagination or insight.  myopic adj. Myopically adv.,2.8
Myriad  literary —| An indefinitely great number. —adj. Innumerable. ,Myriad  literary ,An indefinitely great number. —adj. Innumerable.,2.9
"Myrrh  | Gum resin used in perfume, medicine, incense, etc. ",Myrrh  ,"Gum resin used in perfume, medicine, incense, etc.",2.6
Myrtle  | Evergreen shrub with shiny leaves and white scented flowers. ,Myrtle  ,Evergreen shrub with shiny leaves and white scented flowers.,2.9
Myself  pro| 1 emphat. Form of ~i2 or ~me1 . 2 refl. Form of ~me1 .  be myself see ~oneself. I myself i for my part . ,Myself  pro,1 emphat. Form of ~i2 or ~me1 . 2 refl. Form of ~me1 .  be myself see ~oneself. I myself i for my part .,3.3
Mysterious  | Full of or wrapped in mystery.  mysteriously adv. ,Mysterious  ,Full of or wrapped in mystery.  mysteriously adv.,2.7
"Mystery  |  1 secret, hidden, or inexplicable matter. 2 secrecy or obscurity. 3  Secret, undisclosed . 4 practice of making a secret of things . 5  fictional work dealing with a puzzling event, esp. A murder. 6 a religious truth divinely revealed. 7  A secret religious rites of the ancient greeks, romans, etc. B archaic eucharist. ",Mystery  ,"1 secret, hidden, or inexplicable matter. 2 secrecy or obscurity. 3  Secret, undisclosed . 4 practice of making a secret of things . 5  fictional work dealing with a puzzling event, esp. A murder. 6 a religious truth divinely revealed. 7  A secret religious rites of the ancient greeks, romans, etc. B archaic eucharist.",2.9
Mystery play  | Miracle play.,Mystery play  ,Miracle play.,2.8
Mystery tour  | Pleasure trip to an unspecified destination.,Mystery tour  ,Pleasure trip to an unspecified destination.,3.1
"Mystic  —| Person who seeks by contemplation etc. To achieve unity with the deity, or who believes in the spiritual apprehension of truths that are beyond the understanding. —adj. = ~mystical.  mysticism n. ",Mystic  ,"Person who seeks by contemplation etc. To achieve unity with the deity, or who believes in the spiritual apprehension of truths that are beyond the understanding. —adj. = ~mystical.  mysticism n.",2.7
Mystical  | 1 of mystics or mysticism. 2 mysterious; occult; of hidden meaning. 3 spiritually allegorical or symbolic.  mystically adv.,Mystical  ,1 of mystics or mysticism. 2 mysterious; occult; of hidden meaning. 3 spiritually allegorical or symbolic.  mystically adv.,2.8
"Mystify  |  1 bewilder, confuse. 2 wrap in mystery.  mystification n. ",Mystify  ,"1 bewilder, confuse. 2 wrap in mystery.  mystification n.",2.9
"Mystique  | Atmosphere of mystery and veneration attending some activity, person, profession, etc. ",Mystique  ,"Atmosphere of mystery and veneration attending some activity, person, profession, etc.",2.9
"Myth  | 1 traditional story usu. Involving supernatural or imaginary persons and embodying popular ideas on natural or social phenomena etc. 2 such narratives collectively. 3 widely held but false notion. 4 fictitious person, thing, or idea. 5 allegory .  mythical adj. Mythically adv. ",Myth  ,"1 traditional story usu. Involving supernatural or imaginary persons and embodying popular ideas on natural or social phenomena etc. 2 such narratives collectively. 3 widely held but false notion. 4 fictitious person, thing, or idea. 5 allegory .  mythical adj. Mythically adv.",2.8
Mythology  |  1 body of myths. 2 the study of myths.  mythological adj. Mythologize v.  . ,Mythology  ,1 body of myths. 2 the study of myths.  mythological adj. Mythologize v.  .,3.5
Myxomatosis  | Viral disease of rabbits. ,Myxomatosis  ,Viral disease of rabbits.,1.9
