"Go1  |  1 a start moving or be moving from one place or point in time to another; travel, proceed. B  colloq. Expressing annoyance . 2  make a special trip for; participate in . 3 lie or extend in a certain direction . 4 leave; depart . 5 move, act, work, etc. . 6 a make a specified movement . B make a sound  . C  make  . D colloq. Say . 7 be in a specified state . 8 a pass into a specified condition . B colloq. Die. C proceed or escape in a specified condition . 9  pass, elapse; be traversed . 10 a  Have a specified content or wording . B be current or accepted . C be suitable; fit; match . D be regularly kept or put . E find room; fit . 11 a turn out, proceed; take a course or view . B be successful . 12 a be sold . B  be spent. 13 a be relinquished or abolished . B fail, decline; give way, collapse . 14 be acceptable or permitted; be accepted without question . 15  be guided by; judge or act on or in harmony with . 16 attend regularly . 17  Colloq. Proceed  to do . 18 act or proceed to a certain point . 19  be capable of being contained in another . 20  be allotted or awarded; pass . 21  amount to; contribute to . 22  Begin motion  . 23  be known or called . 24 colloq. Proceed to . 25  apply to . —n.  1 mettle; animation . 2 vigorous activity . 3 colloq. Success . 4 colloq. Turn; attempt . —adj. Colloq. Functioning properly .  go about 1 set to work at. 2 be socially active. 3  Make a habit of doing. Go ahead proceed without hesitation. Go along with agree to or with. Go back on fail to keep . Go begging see ~beg. Go down 1 a  become less through use . B subside . C decrease in price. 2 a  sink. B  set. C  fall. 3 deteriorate;  Cease to function. 4 be recorded in writing. 5 be swallowed. 6  find acceptance. 7 colloq. Leave university.",Go1  ,"1 a start moving or be moving from one place or point in time to another; travel, proceed. B  colloq. Expressing annoyance . 2  make a special trip for; participate in . 3 lie or extend in a certain direction . 4 leave; depart . 5 move, act, work, etc. . 6 a make a specified movement . B make a sound  . C  make  . D colloq. Say . 7 be in a specified state . 8 a pass into a specified condition . B colloq. Die. C proceed or escape in a specified condition . 9  pass, elapse; be traversed . 10 a  Have a specified content or wording . B be current or accepted . C be suitable; fit; match . D be regularly kept or put . E find room; fit . 11 a turn out, proceed; take a course or view . B be successful . 12 a be sold . B  be spent. 13 a be relinquished or abolished . B fail, decline; give way, collapse . 14 be acceptable or permitted; be accepted without question . 15  be guided by; judge or act on or in harmony with . 16 attend regularly . 17  Colloq. Proceed  to do . 18 act or proceed to a certain point . 19  be capable of being contained in another . 20  be allotted or awarded; pass . 21  amount to; contribute to . 22  Begin motion  . 23  be known or called . 24 colloq. Proceed to . 25  apply to . —n.  1 mettle; animation . 2 vigorous activity . 3 colloq. Success . 4 colloq. Turn; attempt . —adj. Colloq. Functioning properly .  go about 1 set to work at. 2 be socially active. 3  Make a habit of doing. Go ahead proceed without hesitation. Go along with agree to or with. Go back on fail to keep . Go begging see ~beg. Go down 1 a  become less through use . B subside . C decrease in price. 2 a  sink. B  set. C  fall. 3 deteriorate;  Cease to function. 4 be recorded in writing. 5 be swallowed. 6  find acceptance. 7 colloq. Leave university.",2.9
Goad  | 1 urge on with a goad. 2  irritate; stimulate. —n. 1 spiked stick used for urging cattle forward. 2 anything that torments or incites. ,Goad  ,1 urge on with a goad. 2  irritate; stimulate. —n. 1 spiked stick used for urging cattle forward. 2 anything that torments or incites.,3.1
Go-ahead  —| Permission to proceed. —adj. Enterprising.,Go-ahead  ,Permission to proceed. —adj. Enterprising.,3.2
Goal  | 1 object of ambition or effort; destination. 2 a structure into or through which the ball has to be sent to score in certain games. B point won. 3 point marking the finish of a race. ,Goal  ,1 object of ambition or effort; destination. 2 a structure into or through which the ball has to be sent to score in certain games. B point won. 3 point marking the finish of a race.,2.8
Goalie  | Colloq. = ~goalkeeper.,Goalie  ,Colloq. = ~goalkeeper.,2.6
Goalkeeper  | Player defending a goal.,Goalkeeper  ,Player defending a goal.,3.0
Goalpost  | Either of the two upright posts of a goal.,Goalpost  ,Either of the two upright posts of a goal.,2.9
"Goat  | 1 hardy domesticated mammal, with horns and  a beard. 2 lecherous man. 3 colloq. Foolish person. 4  zodiacal sign or constellation capricorn.  get a person's goat colloq. Irritate a person. ",Goat  ,"1 hardy domesticated mammal, with horns and  a beard. 2 lecherous man. 3 colloq. Foolish person. 4  zodiacal sign or constellation capricorn.  get a person's goat colloq. Irritate a person.",2.7
Goatee  | Small pointed beard.,Goatee  ,Small pointed beard.,2.4
Goatherd  | Person who tends goats.,Goatherd  ,Person who tends goats.,2.0
Goatskin  | 1 skin of a goat. 2 garment or bottle made of goatskin.,Goatskin  ,1 skin of a goat. 2 garment or bottle made of goatskin.,2.4
Gob1  | Slang mouth. ,Gob1  ,Slang mouth.,3.0
Gob2  slang —| Clot of slimy matter. —v.  spit. ,Gob2  slang ,Clot of slimy matter. —v.  spit.,2.9
"Gobbet  | 1 piece or lump of flesh, food, etc. 2 extract from a text, esp. One set for translation or comment. ",Gobbet  ,"1 piece or lump of flesh, food, etc. 2 extract from a text, esp. One set for translation or comment.",3.4
Gobble1  |  eat hurriedly and noisily. ,Gobble1  ,eat hurriedly and noisily.,3.0
Gobble2  |  1  make a characteristic guttural sound. 2 make such a sound when speaking. ,Gobble2  ,1  make a characteristic guttural sound. 2 make such a sound when speaking.,2.9
Gobbledegook  |  colloq. Pompous or unintelligible jargon. ,Gobbledegook  ,colloq. Pompous or unintelligible jargon.,2.9
Go-between  | Intermediary.,Go-between  ,Intermediary.,2.9
Goblet  | Drinking-vessel with a foot and stem. ,Goblet  ,Drinking-vessel with a foot and stem.,2.9
Goblin  | Mischievous ugly dwarflike creature of folklore. ,Goblin  ,Mischievous ugly dwarflike creature of folklore.,3.0
Gobsmacked  | Slang flabbergasted.,Gobsmacked  ,Slang flabbergasted.,1.4
Gob-stopper  | Large hard sweet.,Gob-stopper  ,Large hard sweet.,3.2
Goby  |  small fish with ventral fins joined to form a disc or sucker. ,Goby  ,small fish with ventral fins joined to form a disc or sucker.,2.9
Go-cart  | Var. Of ~go-kart.,Go-cart  ,Var. Of ~go-kart.,3.3
"God  | 1 a  superhuman being or spirit worshipped as having power over nature, human fortunes, etc. B image, idol, etc., symbolizing a god. 2   creator and ruler of the universe. 3 adored or greatly admired person. 4  Theatr. Gallery.  god forbid may it not happen! God knows 1 it is beyond all knowledge. 2 i call god to witness that. God willing if providence allows. ",God  ,"1 a  superhuman being or spirit worshipped as having power over nature, human fortunes, etc. B image, idol, etc., symbolizing a god. 2   creator and ruler of the universe. 3 adored or greatly admired person. 4  Theatr. Gallery.  god forbid may it not happen! God knows 1 it is beyond all knowledge. 2 i call god to witness that. God willing if providence allows.",2.8
Godchild  | Person in relation to his or her godparent.,Godchild  ,Person in relation to his or her godparent.,2.9
God-daughter  | Female godchild.,God-daughter  ,Female godchild.,3.2
Goddess  | 1 female deity. 2 adored woman.,Goddess  ,1 female deity. 2 adored woman.,2.8
"Godfather  | 1 male godparent. 2 esp. Us person directing an illegal organization, esp. The mafia.",Godfather  ,"1 male godparent. 2 esp. Us person directing an illegal organization, esp. The mafia.",2.9
God-fearing  | Earnestly religious.,God-fearing  ,Earnestly religious.,2.5
God-forsaken  | Dismal.,God-forsaken  ,Dismal.,3.0
Godhead  |  1 a state of being god or a god. B divine nature. 2 deity. 3  god.,Godhead  ,1 a state of being god or a god. B divine nature. 2 deity. 3  god.,3.3
Godless  | 1 impious; wicked. 2 without a god. 3 not recognizing god.  godlessness n.,Godless  ,1 impious; wicked. 2 without a god. 3 not recognizing god.  godlessness n.,2.7
Godlike  | Resembling god or a god.,Godlike  ,Resembling god or a god.,2.9
"Godly  |  pious, devout.  godliness n.",Godly  ,"pious, devout.  godliness n.",2.9
Godmother  | Female godparent.,Godmother  ,Female godparent.,3.0
Godparent  | Person who presents a child at baptism and responds on the child's behalf.,Godparent  ,Person who presents a child at baptism and responds on the child's behalf.,2.7
Godsend  | Unexpected but welcome event or acquisition.,Godsend  ,Unexpected but welcome event or acquisition.,3.0
Godson  | Male godchild.,Godson  ,Male godchild.,3.3
Godspeed  | Expression of good wishes to a person starting a journey.,Godspeed  ,Expression of good wishes to a person starting a journey.,2.9
"Goer  | 1 person or thing that goes . 2  Person who attends, esp. Regularly . 3 colloq. A lively or persevering person. B sexually promiscuous person.",Goer  ,"1 person or thing that goes . 2  Person who attends, esp. Regularly . 3 colloq. A lively or persevering person. B sexually promiscuous person.",2.8
Go-getter  | Colloq. Aggressively enterprising person.,Go-getter  ,Colloq. Aggressively enterprising person.,3.2
Goggle  |  1 a  look with wide-open eyes. B  be rolled about; protrude. 2 roll . —adj.   protuberant or rolling. —n.  Spectacles for protecting the eyes. ,Goggle  ,1 a  look with wide-open eyes. B  be rolled about; protrude. 2 roll . —adj.   protuberant or rolling. —n.  Spectacles for protecting the eyes.,2.9
Goggle-box  | Colloq. Television set.,Goggle-box  ,Colloq. Television set.,3.1
"Go-go  | Colloq.  In modern style; lively, erotic, and rhythmic.",Go-go  ,"Colloq.  In modern style; lively, erotic, and rhythmic.",3.4
"Going  —| 1 act or process of going. 2 a condition of the ground for walking, riding, etc. B progress affected by this. —adj. 1 in or into action . 2 existing, available . 3 current, prevalent .  get going start steadily talking, working, etc. Going on fifteen etc. Esp. Us approaching one's fifteenth etc. Birthday. Going on for approaching . Going strong continuing vigorously. Going to intending to; about to. To be going on with to start with; for the time being. While the going is good while conditions are favourable.",Going  ,"1 act or process of going. 2 a condition of the ground for walking, riding, etc. B progress affected by this. —adj. 1 in or into action . 2 existing, available . 3 current, prevalent .  get going start steadily talking, working, etc. Going on fifteen etc. Esp. Us approaching one's fifteenth etc. Birthday. Going on for approaching . Going strong continuing vigorously. Going to intending to; about to. To be going on with to start with; for the time being. While the going is good while conditions are favourable.",2.7
Going concern  | Thriving business.,Going concern  ,Thriving business.,2.3
Going-over  |  1 colloq. Inspection or overhaul. 2 slang thrashing.,Going-over  ,1 colloq. Inspection or overhaul. 2 slang thrashing.,2.5
Goings-on  |pl.  behaviour.,Goings-on  ,pl.  behaviour.,2.9
Goiter  |  morbid enlargement of the thyroid gland. ,Goiter  ,morbid enlargement of the thyroid gland.,2.7
Goitre  |  morbid enlargement of the thyroid gland. ,Goitre  ,morbid enlargement of the thyroid gland.,3.0
Go-kart  |  miniature racing car with a skeleton body.,Go-kart  ,miniature racing car with a skeleton body.,3.4
Gold  —| 1 precious yellow metallic element. 2 colour of gold. 3 a coins or articles made of gold. B wealth. 4 something precious or beautiful. 5 = ~gold medal. —adj. 1 made wholly or chiefly of gold. 2 coloured like gold. ,Gold  ,1 precious yellow metallic element. 2 colour of gold. 3 a coins or articles made of gold. B wealth. 4 something precious or beautiful. 5 = ~gold medal. —adj. 1 made wholly or chiefly of gold. 2 coloured like gold.,2.8
Goldcrest  | Tiny bird with a golden crest.,Goldcrest  ,Tiny bird with a golden crest.,2.5
Gold-digger  | Slang woman who cultivates men to obtain money from them.,Gold-digger  ,Slang woman who cultivates men to obtain money from them.,3.3
Gold-dust  | Gold in fine particles as often found naturally.,Gold-dust  ,Gold in fine particles as often found naturally.,2.4
Golden  | 1 a made or consisting of gold. B yielding gold. 2 coloured or shining like gold . 3 precious; excellent.,Golden  ,1 a made or consisting of gold. B yielding gold. 2 coloured or shining like gold . 3 precious; excellent.,2.7
"Golden age  | Period of a nation's greatest prosperity, cultural merit, etc.",Golden age  ,"Period of a nation's greatest prosperity, cultural merit, etc.",3.1
Golden eagle  | Large eagle with yellow-tipped head-feathers.,Golden eagle  ,Large eagle with yellow-tipped head-feathers.,3.3
Golden handshake  | Colloq. Payment given on redundancy or early retirement.,Golden handshake  ,Colloq. Payment given on redundancy or early retirement.,3.1
Golden jubilee  | Fiftieth anniversary.,Golden jubilee  ,Fiftieth anniversary.,4.5
Golden mean  | The principle of moderation.,Golden mean  ,The principle of moderation.,2.5
Golden retriever  | Retriever with a thick golden-coloured coat.,Golden retriever  ,Retriever with a thick golden-coloured coat.,2.5
Golden rod  | Plant with a spike of yellow flowers.,Golden rod  ,Plant with a spike of yellow flowers.,2.7
"Golden rule  | Basic principle of action, esp. ‘do as you would be done by’.",Golden rule  ,"Basic principle of action, esp. ‘do as you would be done by’.",2.7
Golden wedding  | Fiftieth anniversary of a wedding.,Golden wedding  ,Fiftieth anniversary of a wedding.,3.4
Gold-field  | District in which gold occurs naturally.,Gold-field  ,District in which gold occurs naturally.,3.2
Goldfinch  | Songbird with a yellow band across each wing.,Goldfinch  ,Songbird with a yellow band across each wing.,2.9
Goldfish  |  small reddish-golden chinese carp.,Goldfish  ,small reddish-golden chinese carp.,3.2
Gold foil  | Gold beaten into a thin sheet.,Gold foil  ,Gold beaten into a thin sheet.,3.0
Gold leaf  | Gold beaten into a very thin sheet.,Gold leaf  ,Gold beaten into a very thin sheet.,3.1
"Gold medal  | Medal of gold, usu. Awarded as first prize.",Gold medal  ,"Medal of gold, usu. Awarded as first prize.",3.3
Gold-mine  | 1 place where gold is mined. 2 colloq. Source of great wealth.,Gold-mine  ,1 place where gold is mined. 2 colloq. Source of great wealth.,3.2
Gold plate  | 1 vessels made of gold. 2 material plated with gold.,Gold plate  ,1 vessels made of gold. 2 material plated with gold.,3.1
Gold-plate  | Plate with gold.,Gold-plate  ,Plate with gold.,3.0
Gold-rush  | Rush to a newly-discovered gold-field.,Gold-rush  ,Rush to a newly-discovered gold-field.,3.2
Goldsmith  | Worker in gold.,Goldsmith  ,Worker in gold.,3.6
Gold standard  | System by which the value of a currency is defined in terms of gold.,Gold standard  ,System by which the value of a currency is defined in terms of gold.,3.0
Golf  —| Game in which a small hard ball is driven with clubs into a series of 18 or 9 holes with the fewest possible strokes. —v. Play golf.  golfer n. ,Golf  ,Game in which a small hard ball is driven with clubs into a series of 18 or 9 holes with the fewest possible strokes. —v. Play golf.  golfer n.,3.2
Golf ball  | 1 ball used in golf. 2 colloq. Small ball used in some electric typewriters to carry the type.,Golf ball  ,1 ball used in golf. 2 colloq. Small ball used in some electric typewriters to carry the type.,3.0
Golf club  | 1 club used in golf. 2 association for playing golf. 3 premises of this.,Golf club  ,1 club used in golf. 2 association for playing golf. 3 premises of this.,3.4
Golf-course  |  course on which golf is played.,Golf-course  ,course on which golf is played.,3.2
Golliwog  | Black-faced soft doll with fuzzy hair. ,Golliwog  ,Black-faced soft doll with fuzzy hair.,3.0
Golly1  | Expressing surprise. ,Golly1  ,Expressing surprise.,2.8
Golly2  |  colloq. = ~golliwog. ,Golly2  ,colloq. = ~golliwog.,2.6
Golosh  | Of ~galosh.,Golosh  ,Of ~galosh.,2.7
"Gonad  | Animal organ producing gametes, esp. The testis or ovary. ",Gonad  ,"Animal organ producing gametes, esp. The testis or ovary.",2.7
"Gondola  | 1 light flat-bottomed boat used on venetian canals. 2 car suspended from an airship or balloon, or attached to a ski-lift. ",Gondola  ,"1 light flat-bottomed boat used on venetian canals. 2 car suspended from an airship or balloon, or attached to a ski-lift.",2.8
Gondolier  | Oarsman on a gondola. ,Gondolier  ,Oarsman on a gondola.,2.7
"Gone  | 1  past . 2 a lost; hopeless. B dead. 3 colloq. Pregnant for a specified time . 4 slang completely enthralled or entranced, esp. By rhythmic music, drugs, etc.  be gone depart; leave temporarily . Gone on slang infatuated with. ",Gone  ,"1  past . 2 a lost; hopeless. B dead. 3 colloq. Pregnant for a specified time . 4 slang completely enthralled or entranced, esp. By rhythmic music, drugs, etc.  be gone depart; leave temporarily . Gone on slang infatuated with.",3.3
Goner  | Slang person or thing that is doomed or irrevocably lost.,Goner  ,Slang person or thing that is doomed or irrevocably lost.,2.8
"Gong  | 1 metal disc with a turned rim, giving a resonant note when struck. 2 saucer-shaped bell. 3 slang medal. ",Gong  ,"1 metal disc with a turned rim, giving a resonant note when struck. 2 saucer-shaped bell. 3 slang medal.",2.7
Gonorrhea  |  venereal disease with inflammatory discharge from the urethra or vagina. ,Gonorrhea  ,venereal disease with inflammatory discharge from the urethra or vagina.,2.9
Gonorrhoea  |  venereal disease with inflammatory discharge from the urethra or vagina. ,Gonorrhoea  ,venereal disease with inflammatory discharge from the urethra or vagina.,2.7
Goo  | Colloq. 1 sticky or slimy substance. 2 sickly sentiment. ,Goo  ,Colloq. 1 sticky or slimy substance. 2 sickly sentiment.,2.6
"Good  |  1 having the right or desired qualities; adequate. 2 a  efficient, competent . B effective, reliable . 3 a kind. B morally excellent; virtuous . C well-behaved . 4 enjoyable, agreeable . 5 thorough, considerable . 6 a not less than . B considerable in number, quality, etc. . 7 beneficial . 8 a valid, sound . B financially sound . 9 in exclamations of surprise . 10  commendable, worthy . 11 in courteous greetings and farewells . —n. 1  That which is good; what is beneficial or morally right . 2  A movable property or merchandise. B things to be transported. C  colloq. What one has undertaken to supply . —adv. Us colloq. Well .  as good as practically. Be  to the good have as net profit or advantage. For good  finally, permanently. Good for 1 beneficial to; having a good effect on. 2 able to perform. 3 able to be trusted to pay. Good riddance see ~riddance. Have the goods on a person slang have information about a person giving one an advantage over him or her. In good faith with honest or sincere intentions. In good time 1 with no risk of being late. 2  in due course but without haste. To the good having as profit or benefit. ",Good  ,"1 having the right or desired qualities; adequate. 2 a  efficient, competent . B effective, reliable . 3 a kind. B morally excellent; virtuous . C well-behaved . 4 enjoyable, agreeable . 5 thorough, considerable . 6 a not less than . B considerable in number, quality, etc. . 7 beneficial . 8 a valid, sound . B financially sound . 9 in exclamations of surprise . 10  commendable, worthy . 11 in courteous greetings and farewells . —n. 1  That which is good; what is beneficial or morally right . 2  A movable property or merchandise. B things to be transported. C  colloq. What one has undertaken to supply . —adv. Us colloq. Well .  as good as practically. Be  to the good have as net profit or advantage. For good  finally, permanently. Good for 1 beneficial to; having a good effect on. 2 able to perform. 3 able to be trusted to pay. Good riddance see ~riddance. Have the goods on a person slang have information about a person giving one an advantage over him or her. In good faith with honest or sincere intentions. In good time 1 with no risk of being late. 2  in due course but without haste. To the good having as profit or benefit.",2.8
Good book  |  the bible.,Good book  ,the bible.,3.2
"Goodby   | Expressing good wishes on parting, ending a telephone conversation, etc. —n.  parting; farewell. ",Goodby   ,"Expressing good wishes on parting, ending a telephone conversation, etc. —n.  parting; farewell.",3.0
"Goodbye   | Expressing good wishes on parting, ending a telephone conversation, etc. —n.  parting; farewell. ",Goodbye   ,"Expressing good wishes on parting, ending a telephone conversation, etc. —n.  parting; farewell.",2.7
Good faith  | Sincerity of intention.,Good faith  ,Sincerity of intention.,3.6
Good-for-nothing  | Worthless. —n. Worthless person.,Good-for-nothing  ,Worthless. —n. Worthless person.,1.9
"Good friday  | Friday before easter sunday, commemorating the crucifixion.",Good friday  ,"Friday before easter sunday, commemorating the crucifixion.",3.0
"Good-hearted  | Kindly, well-meaning.",Good-hearted  ,"Kindly, well-meaning.",3.1
Good humour  | Genial mood.,Good humour  ,Genial mood.,2.8
"Good-humoured  | Cheerful, amiable.  good-humouredly adv.",Good-humoured  ,"Cheerful, amiable.  good-humouredly adv.",2.4
Goodie  | Of ~goody n.,Goodie  ,Of ~goody n.,2.8
Good job  | Fortunate state of affairs.,Good job  ,Fortunate state of affairs.,3.3
Good-looking  | Handsome.,Good-looking  ,Handsome.,3.2
Goodly  |  1 handsome. 2 of imposing size etc.  goodliness n. ,Goodly  ,1 handsome. 2 of imposing size etc.  goodliness n.,2.8
Good nature  | Friendly disposition.,Good nature  ,Friendly disposition.,3.0
"Good-natured  | Kind, patient; easygoing.  good-naturedly adv.",Good-natured  ,"Kind, patient; easygoing.  good-naturedly adv.",3.1
"Goodness  —| 1 virtue; excellence. 2 kindness . 3 what is beneficial in a thing. —int.  expressing surprise, anger, etc. .",Goodness  ,"1 virtue; excellence. 2 kindness . 3 what is beneficial in a thing. —int.  expressing surprise, anger, etc. .",3.0
Good-tempered  | Having a good temper; not easily annoyed.,Good-tempered  ,Having a good temper; not easily annoyed.,2.8
Goodwill  | 1 kindly feeling. 2 established reputation of a business etc. As enhancing its value. 3 willingness to undertake unpaid duties.,Goodwill  ,1 kindly feeling. 2 established reputation of a business etc. As enhancing its value. 3 willingness to undertake unpaid duties.,3.1
Good will  | Intention that good will result .,Good will  ,Intention that good will result .,3.3
Good works  |pl. Charitable acts.,Good works  ,pl. Charitable acts.,3.9
"Goody  —|   1 colloq. Good or favoured person. 2  Something good or attractive, esp. To eat. —int. Expressing childish delight.",Goody  ,"1 colloq. Good or favoured person. 2  Something good or attractive, esp. To eat. —int. Expressing childish delight.",2.7
Goody-goody  | —n.  smug or obtrusively virtuous person. —adj. Obtrusively or smugly virtuous.,Goody-goody  ,—n.  smug or obtrusively virtuous person. —adj. Obtrusively or smugly virtuous.,3.8
"Gooey  |  slang 1 viscous, sticky. 2 sentimental. ",Gooey  ,"slang 1 viscous, sticky. 2 sentimental.",2.6
Goof  slang —| 1 foolish or stupid person. 2 mistake. —v. 1 bungle. 2 blunder. ,Goof  slang ,1 foolish or stupid person. 2 mistake. —v. 1 bungle. 2 blunder.,1.8
Goofy  |  slang 1 stupid. 2 having protruding or crooked front teeth.,Goofy  ,slang 1 stupid. 2 having protruding or crooked front teeth.,2.6
Googly  |  cricket ball bowled so as to bounce in an unexpected direction. ,Googly  ,cricket ball bowled so as to bounce in an unexpected direction.,2.5
Goon  | Slang 1 stupid person. 2 esp. Us ruffian hired by racketeers etc. ,Goon  ,Slang 1 stupid person. 2 esp. Us ruffian hired by racketeers etc.,2.9
Goose  |  1 a large water-bird with webbed feet and a broad bill. B female of this . C flesh of a goose as food. 2 colloq. Simpleton. ,Goose  ,1 a large water-bird with webbed feet and a broad bill. B female of this . C flesh of a goose as food. 2 colloq. Simpleton.,2.7
Gooseberry  |  1 yellowish-green berry with juicy flesh. 2 thorny shrub bearing this.  play gooseberry colloq. Be an unwanted extra person. ,Gooseberry  ,1 yellowish-green berry with juicy flesh. 2 thorny shrub bearing this.  play gooseberry colloq. Be an unwanted extra person.,2.8
"Goose-flesh  |  bristling state of the skin produced by cold, fright, etc.",Goose-flesh  ,"bristling state of the skin produced by cold, fright, etc.",3.0
Goose-step  | Military marching step in which the knees are kept stiff.,Goose-step  ,Military marching step in which the knees are kept stiff.,3.0
"Gopher  | American burrowing rodent, ground-squirrel, or burrowing tortoise. ",Gopher  ,"American burrowing rodent, ground-squirrel, or burrowing tortoise.",2.7
Gordian  |  cut the gordian knot solve a problem by force or by evasion. ,Gordian  , cut the gordian knot solve a problem by force or by evasion.,2.8
Gore1  | Blood shed and clotted. ,Gore1  ,Blood shed and clotted.,2.6
"Gore2  |  pierce with a horn, tusk, etc. ",Gore2  ,"pierce with a horn, tusk, etc.",2.9
Gore3  —| 1 wedge-shaped piece in a garment. 2 triangular or tapering piece in an umbrella etc. —v.  shape  with a gore. ,Gore3  ,1 wedge-shaped piece in a garment. 2 triangular or tapering piece in an umbrella etc. —v.  shape  with a gore.,2.7
Gorge  —| 1 narrow opening between hills. 2 act of gorging. 3 contents of the stomach. —v.  1 feed greedily. 2 a  Satiate. B devour greedily.  one's gorge rises at one is sickened by. ,Gorge  ,1 narrow opening between hills. 2 act of gorging. 3 contents of the stomach. —v.  1 feed greedily. 2 a  Satiate. B devour greedily.  one's gorge rises at one is sickened by.,2.8
"Gorgeous  | 1 richly coloured, sumptuous. 2 colloq. Very pleasant, splendid . 3 colloq. Strikingly beautiful.  gorgeously adv. ",Gorgeous  ,"1 richly coloured, sumptuous. 2 colloq. Very pleasant, splendid . 3 colloq. Strikingly beautiful.  gorgeously adv.",2.6
Gorgon  | 1  each of three snake-haired sisters  with the power to turn anyone who looked at them to stone. 2 frightening or repulsive woman. ,Gorgon  ,1  each of three snake-haired sisters  with the power to turn anyone who looked at them to stone. 2 frightening or repulsive woman.,3.1
Gorgonzola  | Type of rich cheese with bluish-green veins. ,Gorgonzola  ,Type of rich cheese with bluish-green veins.,2.7
"Gorilla  | Largest anthropoid ape, native to africa. ",Gorilla  ,"Largest anthropoid ape, native to africa.",3.1
"Gormless  | Colloq. Foolish, lacking sense.  gormlessly adv. ",Gormless  ,"Colloq. Foolish, lacking sense.  gormlessly adv.",2.5
Gorse  | Spiny yellow-flowered shrub; furze.  gorsy adj. ,Gorse  ,Spiny yellow-flowered shrub; furze.  gorsy adj.,2.8
"Gorsedd  | Druidic order, meeting before the eisteddfod. ",Gorsedd  ,"Druidic order, meeting before the eisteddfod.",2.5
Gory  |  1 involving bloodshed; bloodthirsty. 2 covered in gore.  gorily adv. Goriness n.,Gory  ,1 involving bloodshed; bloodthirsty. 2 covered in gore.  gorily adv. Goriness n.,2.8
Gosh  | Expressing surprise. ,Gosh  ,Expressing surprise.,2.7
Goshawk  | Large short-winged hawk. ,Goshawk  ,Large short-winged hawk.,2.6
Gosling  | Young goose. ,Gosling  ,Young goose.,3.3
"Go-slow  | Working slowly, as a form of industrial action.",Go-slow  ,"Working slowly, as a form of industrial action.",2.5
Gospel  | 1 teaching or revelation of christ. 2  a record of christ's life in the first four books of the new testament. B each of these books. C portion from one of them read at a service. 3  thing regarded as absolutely true. 4  black american religious singing. ,Gospel  ,1 teaching or revelation of christ. 2  a record of christ's life in the first four books of the new testament. B each of these books. C portion from one of them read at a service. 3  thing regarded as absolutely true. 4  black american religious singing.,2.9
Gossamer  —| 1 filmy substance of small spiders' webs. 2 delicate filmy material. —adj. Light and flimsy as gossamer. ,Gossamer  ,1 filmy substance of small spiders' webs. 2 delicate filmy material. —adj. Light and flimsy as gossamer.,2.6
"Gossip  —| 1 a unconstrained talk or writing, esp. About persons or social incidents. B idle talk. 2 person who indulges in gossip. —v.  talk or write gossip.  gossipy adj. ",Gossip  ,"1 a unconstrained talk or writing, esp. About persons or social incidents. B idle talk. 2 person who indulges in gossip. —v.  talk or write gossip.  gossipy adj.",2.7
Gossip column  | Section of a newspaper devoted to gossip about well-known people.  gossip columnist n.,Gossip column  ,Section of a newspaper devoted to gossip about well-known people.  gossip columnist n.,2.8
Got  | Of ~get.,Got  ,Of ~get.,2.8
Goth  | 1 member of a germanic tribe that invaded the roman empire in the 3rd–5th c. 2 uncivilized or ignorant person. ,Goth  ,1 member of a germanic tribe that invaded the roman empire in the 3rd–5th c. 2 uncivilized or ignorant person.,3.0
"Goth  | 1 style of rock music with an intense or droning blend of guitars, bass, and drums, often with apocalyptic or mystical lyrics. 2 performer or devotee of this music, or member of the subculture favouring black clothing and white-painted faces with black make-up.",Goth  ,"1 style of rock music with an intense or droning blend of guitars, bass, and drums, often with apocalyptic or mystical lyrics. 2 performer or devotee of this music, or member of the subculture favouring black clothing and white-painted faces with black make-up.",3.0
"Gothic  | 1 of the goths. 2 in the style of architecture prevalent in w. Europe in the 12th–16th c., characterized by pointed arches. 3  In a style popular in the 18th–19th c., with supernatural or horrifying events. 4 barbarous, uncouth. —n. 1 gothic language. 2 gothic architecture. ",Gothic  ,"1 of the goths. 2 in the style of architecture prevalent in w. Europe in the 12th–16th c., characterized by pointed arches. 3  In a style popular in the 18th–19th c., with supernatural or horrifying events. 4 barbarous, uncouth. —n. 1 gothic language. 2 gothic architecture.",3.2
Gotten  us | Of ~get.,Gotten  us ,Of ~get.,2.9
Gouache  | 1 method of painting in opaque pigments ground in water and thickened with a gluelike substance. 2 these pigments. ,Gouache  ,1 method of painting in opaque pigments ground in water and thickened with a gluelike substance. 2 these pigments.,2.3
Gouda  | Flat round usu. Dutch cheese. ,Gouda  ,Flat round usu. Dutch cheese.,2.8
Gouge  —| Chisel with a concave blade. —v.  1 cut with or as with a gouge. 2  force out  with or as with a gouge. ,Gouge  ,Chisel with a concave blade. —v.  1 cut with or as with a gouge. 2  force out  with or as with a gouge.,2.9
Goulash  | Highly-seasoned hungarian stew of meat and vegetables. ,Goulash  ,Highly-seasoned hungarian stew of meat and vegetables.,2.6
"Gourd  | 1 a fleshy usu. Large fruit with a hard skin. B climbing or trailing plant of the cucumber family bearing this. 2 dried skin of the gourd-fruit, used as a drinking-vessel etc. ",Gourd  ,"1 a fleshy usu. Large fruit with a hard skin. B climbing or trailing plant of the cucumber family bearing this. 2 dried skin of the gourd-fruit, used as a drinking-vessel etc.",2.8
Gourmand  | 1 glutton. 2 gourmet. ,Gourmand  ,1 glutton. 2 gourmet.,3.5
Gourmandise  | Gluttony.,Gourmandise  ,Gluttony.,3.5
Gourmet  | Connoisseur of good food. ,Gourmet  ,Connoisseur of good food.,3.1
"Gout  | Disease with inflammation of the smaller joints, esp. Of the toe.  gouty adj. ",Gout  ,"Disease with inflammation of the smaller joints, esp. Of the toe.  gouty adj.",2.9
Govern  | 1 rule or control with authority; conduct the policy and affairs of. 2 influence or determine . 3 be a standard or principle for. 4 check or control . 5 gram.  have  depending on it. ,Govern  ,1 rule or control with authority; conduct the policy and affairs of. 2 influence or determine . 3 be a standard or principle for. 4 check or control . 5 gram.  have  depending on it.,3.2
Governance  | 1 act or manner of governing. 2 function of governing. ,Governance  ,1 act or manner of governing. 2 function of governing.,3.2
Governess  | Woman employed to teach children in a private household.,Governess  ,Woman employed to teach children in a private household.,2.8
Government  | 1 act or manner of governing. 2 system by which a state is governed. 3 a body of persons governing a state. B  particular ministry in office. 4 the state as an agent.  governmental adj.,Government  ,1 act or manner of governing. 2 system by which a state is governed. 3 a body of persons governing a state. B  particular ministry in office. 4 the state as an agent.  governmental adj.,2.8
"Governor  | 1 ruler. 2 a official governing a province, town, etc. B representative of the crown in a colony. 3 executive head of each state of the us. 4 officer commanding a fortress etc. 5 head or member of the governing body of an institution. 6 official in charge of a prison. 7 a slang one's employer. B slang one's father. 8 mech. Automatic regulator controlling the speed of an engine etc.  governorship n.",Governor  ,"1 ruler. 2 a official governing a province, town, etc. B representative of the crown in a colony. 3 executive head of each state of the us. 4 officer commanding a fortress etc. 5 head or member of the governing body of an institution. 6 official in charge of a prison. 7 a slang one's employer. B slang one's father. 8 mech. Automatic regulator controlling the speed of an engine etc.  governorship n.",2.8
Governor-general  | Representative of the crown in a commonwealth country that regards the queen as head of state.,Governor-general  ,Representative of the crown in a commonwealth country that regards the queen as head of state.,3.2
"Gown  | 1 loose flowing garment, esp. A woman's long dress. 2 official robe of an alderman, judge, cleric, academic, etc. 3 surgeon's overall. ",Gown  ,"1 loose flowing garment, esp. A woman's long dress. 2 official robe of an alderman, judge, cleric, academic, etc. 3 surgeon's overall.",3.0
Goy  |  jewish name for a non-jew. ,Goy  ,jewish name for a non-jew.,2.8
