"Ha1   | Expressing surprise, derision, triumph, etc. . —v. In hum and ha: see ~hum. ",Ha1   ,"Expressing surprise, derision, triumph, etc. . —v. In hum and ha: see ~hum.",3.0
"Habeas corpus  | Writ requiring a person to be brought before a judge or into court, esp. To investigate the lawfulness of his or her detention. ",Habeas corpus  ,"Writ requiring a person to be brought before a judge or into court, esp. To investigate the lawfulness of his or her detention.",3.3
Haberdasher  | Dealer in dress accessories and sewing-goods.  haberdashery n. . ,Haberdasher  ,Dealer in dress accessories and sewing-goods.  haberdashery n. .,2.4
Habiliment  |  Archaic clothes. ,Habiliment  ,Archaic clothes.,2.9
"Habit  | 1 settled or regular tendency or practice . 2 practice that is hard to give up. 3 mental constitution or attitude. 4 dress, esp. Of a religious order. ",Habit  ,"1 settled or regular tendency or practice . 2 practice that is hard to give up. 3 mental constitution or attitude. 4 dress, esp. Of a religious order.",3.4
Habitable  | Suitable for living in.  habitability n. ,Habitable  ,Suitable for living in.  habitability n.,3.1
Habitat  | Natural home of an animal or plant. ,Habitat  ,Natural home of an animal or plant.,3.3
Habitation  | 1 inhabiting . 2 house or home.,Habitation  ,1 inhabiting . 2 house or home.,3.2
Habit-forming  | Causing addiction.,Habit-forming  ,Causing addiction.,3.0
"Habitual  | 1 done constantly or as a habit. 2 regular, usual. 3 given to a  habit .  habitually adv.",Habitual  ,"1 done constantly or as a habit. 2 regular, usual. 3 given to a  habit .  habitually adv.",3.3
Habituate  |   accustom.  habituation n. ,Habituate  ,accustom.  habituation n.,2.9
Habitué  | Habitual visitor or resident. ,Habitué  ,Habitual visitor or resident.,2.6
Hachures  |pl. Parallel lines on a map indicating the degree of steepness of hills. ,Hachures  ,pl. Parallel lines on a map indicating the degree of steepness of hills.,2.7
Hacienda  |  estate with a dwelling-house. ,Hacienda  ,estate with a dwelling-house.,2.8
"Hack1  | 1 cut or chop roughly. 2 football etc. Kick the shin of . 3  deliver cutting blows. 4 cut  through foliage etc. 5 colloq. Gain unauthorized access to . 6 slang manage, cope with; tolerate. 7   short, dry, and frequent. —n. 1 kick with the toe of a boot. 2 gash or wound, esp. From a kick. 3 a mattock. B miner's pick. ",Hack1  ,"1 cut or chop roughly. 2 football etc. Kick the shin of . 3  deliver cutting blows. 4 cut  through foliage etc. 5 colloq. Gain unauthorized access to . 6 slang manage, cope with; tolerate. 7   short, dry, and frequent. —n. 1 kick with the toe of a boot. 2 gash or wound, esp. From a kick. 3 a mattock. B miner's pick.",3.0
"Hack2  —| 1 a = ~hackney. B horse let out for hire. 2 person hired to do dull routine work, esp. Writing. —attrib. Adj. 1 used as a hack. 2 typical of a hack; commonplace . —v. Ride on horseback on a road at an ordinary pace. ",Hack2  ,"1 a = ~hackney. B horse let out for hire. 2 person hired to do dull routine work, esp. Writing. —attrib. Adj. 1 used as a hack. 2 typical of a hack; commonplace . —v. Ride on horseback on a road at an ordinary pace.",2.9
Hacker  | 1 person or thing that hacks or cuts roughly. 2 colloq. A person whose hobby is computing or computer programming. B person who uses a computer to gain unauthorized access to a computer network.,Hacker  ,1 person or thing that hacks or cuts roughly. 2 colloq. A person whose hobby is computing or computer programming. B person who uses a computer to gain unauthorized access to a computer network.,2.6
"Hackle  | 1 a  Erectile hairs on an animal's neck, rising when it is angry or alarmed. B feather on the neck of a domestic cock etc. 2 steel comb for dressing flax.  make one's hackles rise cause one to be angry or indignant. ",Hackle  ,"1 a  Erectile hairs on an animal's neck, rising when it is angry or alarmed. B feather on the neck of a domestic cock etc. 2 steel comb for dressing flax.  make one's hackles rise cause one to be angry or indignant.",3.0
Hackney  |  horse for ordinary riding. ,Hackney  ,horse for ordinary riding.,2.6
Hackney carriage  | Taxi.,Hackney carriage  ,Taxi.,3.2
Hackneyed  |  Made trite by overuse.,Hackneyed  ,Made trite by overuse.,2.5
"Hacksaw  | Saw with a narrow blade set in a frame, for cutting metal.",Hacksaw  ,"Saw with a narrow blade set in a frame, for cutting metal.",3.0
Had  | Of ~have.,Had  ,Of ~have.,2.7
Haddock  |  n. Atlantic marine fish used as food. ,Haddock  ,n. Atlantic marine fish used as food.,2.7
Hades  |  the underworld. ,Hades  ,the underworld.,2.8
Hadj  | Of ~hajj.,Hadj  ,Of ~hajj.,3.4
Hadji  | Of ~hajji.,Hadji  ,Of ~hajji.,3.0
Hadn't  contr. Had not.,Hadn,Hadn't  contr. Had not.,2.8
Haemal  |  of the blood. ,Haemal  ,of the blood.,2.9
Haematite  |  a ferric oxide ore. ,Haematite  ,a ferric oxide ore.,2.2
Haematology  |  the study of the blood.  haematologist n.,Haematology  ,the study of the blood.  haematologist n.,2.4
Haemoglobin  |  oxygen-carrying substance in the red blood cells of vertebrates. ,Haemoglobin  ,oxygen-carrying substance in the red blood cells of vertebrates.,2.2
Haemophilia  |  hereditary failure of the blood to clot normally with the tendency to bleed severely from even a slight injury. ,Haemophilia  ,hereditary failure of the blood to clot normally with the tendency to bleed severely from even a slight injury.,1.5
Haemophiliac  |  person with haemophilia.,Haemophiliac  ,person with haemophilia.,1.5
"Haemorrhage   —| 1 profuse loss of blood from a ruptured blood-vessel. 2 damaging loss, esp. Of people or assets. —v.  suffer a haemorrhage. ",Haemorrhage   ,"1 profuse loss of blood from a ruptured blood-vessel. 2 damaging loss, esp. Of people or assets. —v.  suffer a haemorrhage.",1.9
Haemorrhoids  |pl.  swollen veins in the wall of the anus; piles. ,Haemorrhoids  ,pl.  swollen veins in the wall of the anus; piles.,2.2
Hafnium  | Silvery lustrous metallic element. ,Hafnium  ,Silvery lustrous metallic element.,3.6
"Haft  | Handle of a dagger, knife, etc. ",Haft  ,"Handle of a dagger, knife, etc.",2.7
Hag  | 1 ugly old woman. 2 witch. ,Hag  ,1 ugly old woman. 2 witch.,2.8
Haggard  | Looking exhausted and distraught. ,Haggard  ,Looking exhausted and distraught.,3.1
"Haggis  | Scottish dish of offal boiled in a sheep's stomach with suet, oatmeal, etc. ",Haggis  ,"Scottish dish of offal boiled in a sheep's stomach with suet, oatmeal, etc.",3.0
Haggle  |   bargain persistently. —n. Haggling. ,Haggle  ,bargain persistently. —n. Haggling.,3.0
Hagio-  | Form of saints. ,Hagio-  ,Form of saints.,2.7
Hagiography  | Writing about saints' lives.  hagiographer n.,Hagiography  ,Writing about saints' lives.  hagiographer n.,2.3
Hagiology  | Literature dealing with the lives and legends of saints.,Hagiology  ,Literature dealing with the lives and legends of saints.,2.1
Hagridden  | Afflicted by nightmares or anxieties.,Hagridden  ,Afflicted by nightmares or anxieties.,3.4
Hah  | Of ~ha1.,Hah  ,Of ~ha1.,3.3
Ha ha  | Representing laughter . ,Ha ha  ,Representing laughter .,2.8
"Ha-ha  | Ditch with a wall in it, forming a boundary or fence without interrupting the view. ",Ha-ha  ,"Ditch with a wall in it, forming a boundary or fence without interrupting the view.",3.1
Hahnium  | Artificially produced radioactive element. ,Hahnium  ,Artificially produced radioactive element.,2.8
Haiku  |  japanese three-part poem of usu. 17 syllables. ,Haiku  ,japanese three-part poem of usu. 17 syllables.,2.8
Hail1  —| 1 pellets of frozen rain. 2  barrage or onslaught. —v. 1 a  hail falls. B come down forcefully. 2 pour down . ,Hail1  ,1 pellets of frozen rain. 2  barrage or onslaught. —v. 1 a  hail falls. B come down forcefully. 2 pour down .,2.5
Hail2  | 1 signal to  To stop. 2 greet enthusiastically. 3 acclaim . 4  originate or come . —int. Archaic or joc. Expressing greeting. —n. Act of hailing. ,Hail2  ,1 signal to  To stop. 2 greet enthusiastically. 3 acclaim . 4  originate or come . —int. Archaic or joc. Expressing greeting. —n. Act of hailing.,2.5
"Hail-fellow-well-met  | Friendly, esp. Too friendly towards strangers.",Hail-fellow-well-met  ,"Friendly, esp. Too friendly towards strangers.",3.5
Hail mary  | The ave maria .,Hail mary  ,The ave maria .,3.4
Hailstone  | Pellet of hail.,Hailstone  ,Pellet of hail.,3.0
Hailstorm  | Period of heavy hail.,Hailstorm  ,Period of heavy hail.,3.0
"Hair  | 1 a any of the fine threadlike strands growing from the skin of mammals, esp. From the human head. B these collectively . 2 thing resembling a hair. 3 elongated cell growing from a plant. 4 very small quantity or extent .  get in a person's hair colloq. Annoy a person. Keep one's hair on colloq. Keep calm; not get angry. Let one's hair down colloq. Enjoy oneself by abandoning restraint. Make one's hair stand on end colloq. Horrify one. Not turn a hair remain unmoved or unaffected.  hairless adj. ",Hair  ,"1 a any of the fine threadlike strands growing from the skin of mammals, esp. From the human head. B these collectively . 2 thing resembling a hair. 3 elongated cell growing from a plant. 4 very small quantity or extent .  get in a person's hair colloq. Annoy a person. Keep one's hair on colloq. Keep calm; not get angry. Let one's hair down colloq. Enjoy oneself by abandoning restraint. Make one's hair stand on end colloq. Horrify one. Not turn a hair remain unmoved or unaffected.  hairless adj.",2.8
Hairbrush  | Brush for tidying the hair.,Hairbrush  ,Brush for tidying the hair.,2.6
Haircloth  | Stiff cloth woven from hair.,Haircloth  ,Stiff cloth woven from hair.,2.6
Haircut  | 1 act of cutting the hair . 2 style in which the hair is cut.,Haircut  ,1 act of cutting the hair . 2 style in which the hair is cut.,2.9
Hairdo  |  style of or act of styling the hair.,Hairdo  ,style of or act of styling the hair.,2.3
"Hairdresser  | 1 person who cuts and styles the hair, esp. For a living. 2 hairdresser's shop.  hairdressing n.",Hairdresser  ,"1 person who cuts and styles the hair, esp. For a living. 2 hairdresser's shop.  hairdressing n.",2.9
Hair-drier  |  device for drying the hair with warm air.,Hair-drier  ,device for drying the hair with warm air.,3.2
Hairgrip  | Flat hairpin with the ends close together.,Hairgrip  ,Flat hairpin with the ends close together.,2.8
"Hairline  | 1 edge of a person's hair, esp. On the forehead. 2 very narrow line, crack , etc.",Hairline  ,"1 edge of a person's hair, esp. On the forehead. 2 very narrow line, crack , etc.",3.0
Hairnet  | Piece of netting for confining the hair.,Hairnet  ,Piece of netting for confining the hair.,2.7
Hair of the dog  | Further alcoholic drink taken to cure the effects of drink.,Hair of the dog  ,Further alcoholic drink taken to cure the effects of drink.,3.3
Hairpiece  | Quantity of hair augmenting a person's natural hair.,Hairpiece  ,Quantity of hair augmenting a person's natural hair.,2.8
Hairpin  | U-shaped pin for fastening the hair.,Hairpin  ,U-shaped pin for fastening the hair.,2.6
Hairpin bend  | Sharp u-shaped bend in a road.,Hairpin bend  ,Sharp u-shaped bend in a road.,3.1
Hair-raising  | Terrifying.,Hair-raising  ,Terrifying.,3.0
Hair's breadth  | A tiny amount or margin.,Hair,A tiny amount or margin.,2.8
"Hair shirt  | Shirt of haircloth, worn formerly by penitents and ascetics.",Hair shirt  ,"Shirt of haircloth, worn formerly by penitents and ascetics.",2.6
Hair-slide  | Clip for keeping the hair in place.,Hair-slide  ,Clip for keeping the hair in place.,3.2
Hair-splitting  | & n. Quibbling.,Hair-splitting  ,& n. Quibbling.,3.0
Hairspray  | Liquid sprayed on the hair to keep it in place.,Hairspray  ,Liquid sprayed on the hair to keep it in place.,2.8
Hairspring  | Fine spring regulating the balance-wheel in a watch.,Hairspring  ,Fine spring regulating the balance-wheel in a watch.,3.0
Hairstyle  | Particular way of arranging the hair.  hairstylist n.,Hairstyle  ,Particular way of arranging the hair.  hairstylist n.,2.7
Hair-trigger  | Trigger of a firearm set for release at the slightest pressure.,Hair-trigger  ,Trigger of a firearm set for release at the slightest pressure.,3.1
"Hairy  |  1 covered with hair. 2 slang frightening, dangerous.  hairiness n.",Hairy  ,"1 covered with hair. 2 slang frightening, dangerous.  hairiness n.",3.1
Hajj  |  islamic pilgrimage to mecca. ,Hajj  ,islamic pilgrimage to mecca.,3.4
Hajji  |   muslim who has made the pilgrimage to mecca. ,Hajji  ,muslim who has made the pilgrimage to mecca.,3.5
Haka  | Nz 1 maori ceremonial war dance with chanting. 2 imitation of this by a sports team before a match. ,Haka  ,Nz 1 maori ceremonial war dance with chanting. 2 imitation of this by a sports team before a match.,2.9
"Hake  |  marine fish resembling the cod, used as food. ",Hake  ,"marine fish resembling the cod, used as food.",3.0
Halal  |   Meat from an animal killed according to muslim law. ,Halal  ,Meat from an animal killed according to muslim law.,3.5
Halberd  | Hist. Combined spear and battleaxe. ,Halberd  ,Hist. Combined spear and battleaxe.,2.4
"Halcyon  | Calm, peaceful, happy . ",Halcyon  ,"Calm, peaceful, happy .",3.0
Hale  | Strong and healthy . ,Hale  ,Strong and healthy .,3.2
"Half  —|  1 either of two  parts into which a thing is divided. 2 colloq. Half a pint, esp. Of beer. 3 sport either of two equal periods of play. 4 colloq. Half-price fare or ticket, esp. For a child. 5 colloq. = ~half-back. —adj. 1 amounting to half . 2 forming a half . —adv. 1  To the extent of half; partly . 2 to some extent . 3  by the amount of half  .  at half cock see ~cock1. By half  Excessively . By halves imperfectly or incompletely . Half a mind see ~mind. Half the time see ~time. Not half 1 slang extremely, violently . 2 not nearly . 3 colloq. Not at all . ",Half  ,"1 either of two  parts into which a thing is divided. 2 colloq. Half a pint, esp. Of beer. 3 sport either of two equal periods of play. 4 colloq. Half-price fare or ticket, esp. For a child. 5 colloq. = ~half-back. —adj. 1 amounting to half . 2 forming a half . —adv. 1  To the extent of half; partly . 2 to some extent . 3  by the amount of half  .  at half cock see ~cock1. By half  Excessively . By halves imperfectly or incompletely . Half a mind see ~mind. Half the time see ~time. Not half 1 slang extremely, violently . 2 not nearly . 3 colloq. Not at all .",2.7
Half-and-half  | Being half one thing and half another.,Half-and-half  ,Being half one thing and half another.,2.7
Half-back  | Sport player between the forwards and full backs.,Half-back  ,Sport player between the forwards and full backs.,3.0
Half-baked  | Colloq. 1 not thoroughly thought out; foolish. 2  Only partly committed.,Half-baked  ,Colloq. 1 not thoroughly thought out; foolish. 2  Only partly committed.,3.2
"Half board  | Provision of bed, breakfast, and one main meal at a hotel etc.",Half board  ,"Provision of bed, breakfast, and one main meal at a hotel etc.",3.1
Half-breed  | Offens. = ~half-caste.,Half-breed  ,Offens. = ~half-caste.,3.3
Half-brother  | Brother with whom one has only one parent in common.,Half-brother  ,Brother with whom one has only one parent in common.,3.3
Half-caste  | Offens. Person of mixed race.,Half-caste  ,Offens. Person of mixed race.,3.0
Half-crown  |  former coin and monetary unit worth 2s. 6d. .,Half-crown  ,former coin and monetary unit worth 2s. 6d. .,3.1
Half-cut  |  Slang fairly drunk.,Half-cut  ,Slang fairly drunk.,3.1
"Half-dozen  |  colloq. Six, or about six.",Half-dozen  ,"colloq. Six, or about six.",3.1
Half-duplex  | Computing  allowing the two-way transmission of signals but not simultaneously.,Half-duplex  ,Computing  allowing the two-way transmission of signals but not simultaneously.,3.1
Half-hardy  |  able to grow in the open except in severe frost.,Half-hardy  ,able to grow in the open except in severe frost.,3.0
Half-hearted  | Lacking enthusiasm.  half-heartedly adv. Half-heartedness n.,Half-hearted  ,Lacking enthusiasm.  half-heartedly adv. Half-heartedness n.,2.9
Half hitch  | Knot formed by passing the end of a rope round its standing part and then through the loop.,Half hitch  ,Knot formed by passing the end of a rope round its standing part and then through the loop.,3.0
Half holiday  | Half a day as holiday.,Half holiday  ,Half a day as holiday.,3.4
Half-hour  | 1  period of 30 minutes. 2 point of time 30 minutes after any hour o'clock.  half-hourly adj. & adv.,Half-hour  ,1  period of 30 minutes. 2 point of time 30 minutes after any hour o'clock.  half-hourly adj. & adv.,3.3
Half-life  | Time taken for radioactivity etc. To fall to half its original value.,Half-life  ,Time taken for radioactivity etc. To fall to half its original value.,3.0
Half-light  | Dim imperfect light.,Half-light  ,Dim imperfect light.,3.2
"Half-mast  | Position of a flag halfway down a mast, as a mark of respect for a deceased person.",Half-mast  ,"Position of a flag halfway down a mast, as a mark of respect for a deceased person.",3.2
Half measures  |pl. Unsatisfactory compromise or inadequate policy.,Half measures  ,pl. Unsatisfactory compromise or inadequate policy.,3.1
Half moon  | 1 moon when only half its surface is illuminated. 2 time when this occurs. 3 semicircular object.,Half moon  ,1 moon when only half its surface is illuminated. 2 time when this occurs. 3 semicircular object.,3.0
Half nelson  see ~nelso,Half nelson  see ,Half nelson  see ~nelso,3.0
Halfpenny  |  former coin worth half a penny.,Halfpenny  ,former coin worth half a penny.,2.6
Half-sister  | Sister with whom one has only one parent in common.,Half-sister  ,Sister with whom one has only one parent in common.,3.2
Half-term  | Short holiday halfway through a school term.,Half-term  ,Short holiday halfway through a school term.,3.2
Half-timbered  | Having walls with a timber frame and a brick or plaster filling.,Half-timbered  ,Having walls with a timber frame and a brick or plaster filling.,2.9
Half-time  | 1 mid-point of a game or contest. 2 short break occurring at this time.,Half-time  ,1 mid-point of a game or contest. 2 short break occurring at this time.,3.2
Half-title  | Title or short title of a book printed on the front of the leaf preceding the title-page.,Half-title  ,Title or short title of a book printed on the front of the leaf preceding the title-page.,2.7
Halftone  | Photographic illustration in which various tones of grey are produced from small and large black dots.,Halftone  ,Photographic illustration in which various tones of grey are produced from small and large black dots.,3.0
Half-truth  | Statement that  conveys only part of the truth.,Half-truth  ,Statement that  conveys only part of the truth.,2.8
Half-volley  |  playing of the ball as soon as it bounces off the ground.,Half-volley  ,playing of the ball as soon as it bounces off the ground.,3.6
"Halfway  —| 1 at a point midway between two others . 2 to some extent, more or less . —adj. Situated halfway .",Halfway  ,"1 at a point midway between two others . 2 to some extent, more or less . —adj. Situated halfway .",2.6
Halfway house  | 1 compromise. 2 halfway point in a progression. 3 centre for rehabilitating ex-prisoners etc. 4 inn midway between two towns.,Halfway house  ,1 compromise. 2 halfway point in a progression. 3 centre for rehabilitating ex-prisoners etc. 4 inn midway between two towns.,3.0
Halfwit  | Foolish or stupid person.  halfwitted adj.,Halfwit  ,Foolish or stupid person.  halfwitted adj.,2.8
Halibut  |  large marine flat-fish used as food. ,Halibut  ,large marine flat-fish used as food.,2.8
Halitosis  | = ~bad breath. ,Halitosis  ,= ~bad breath.,2.5
"Hall  | 1 area into which the front entrance of a house etc. Opens. 2 large room or building for meetings, concerts, etc. 3 large country house or estate. 4  residence for students. 5  Dining-room. 6 premises of a guild . 7 large public room in a palace etc. ",Hall  ,"1 area into which the front entrance of a house etc. Opens. 2 large room or building for meetings, concerts, etc. 3 large country house or estate. 4  residence for students. 5  Dining-room. 6 premises of a guild . 7 large public room in a palace etc.",2.7
Hallal  | Of ~halal.,Hallal  ,Of ~halal.,3.1
Hallelujah  | Of ~alleluia.,Hallelujah  ,Of ~alleluia.,3.5
Halliard  | Of ~halyard.,Halliard  ,Of ~halyard.,2.9
"Hallmark  —| 1 mark indicating the standard of gold, silver, and platinum. 2 distinctive feature. —v. Stamp with a hallmark.",Hallmark  ,"1 mark indicating the standard of gold, silver, and platinum. 2 distinctive feature. —v. Stamp with a hallmark.",3.1
Hallo  | Of ~hello.,Hallo  ,Of ~hello.,2.7
Halloo  | Inciting dogs to the chase or calling attention. ,Halloo  ,Inciting dogs to the chase or calling attention.,2.7
"Hallow  | 1 make holy, consecrate. 2 honour as holy. ",Hallow  ,"1 make holy, consecrate. 2 honour as holy.",3.1
"Hallowe'en  | Eve of all saints' day, 31 oct.",Hallowe,"Eve of all saints' day, 31 oct.",2.8
Hallucinate  |  experience hallucinations.  hallucinant adj. & n. ,Hallucinate  ,experience hallucinations.  hallucinant adj. & n.,2.4
Hallucination  | Illusion of seeing or hearing something not actually present.  hallucinatory adj.,Hallucination  ,Illusion of seeing or hearing something not actually present.  hallucinatory adj.,2.2
Hallucinogen  | Drug causing hallucinations.  hallucinogenic adj.,Hallucinogen  ,Drug causing hallucinations.  hallucinogenic adj.,2.5
Hallway  | Entrance-hall or corridor.,Hallway  ,Entrance-hall or corridor.,2.7
Halm  | Of ~haulm.,Halm  ,Of ~haulm.,2.9
"Halo  —|  1 disc or circle of light shown surrounding the head of a sacred person. 2 glory associated with an idealized person etc. 3 circle of white or coloured light round a luminous body, esp. The sun or moon. —v.  surround with a halo. ",Halo  ,"1 disc or circle of light shown surrounding the head of a sacred person. 2 glory associated with an idealized person etc. 3 circle of white or coloured light round a luminous body, esp. The sun or moon. —v.  surround with a halo.",3.1
Halogen  | Any of the non-metallic elements  which form a salt  when combined with a metal. ,Halogen  ,Any of the non-metallic elements  which form a salt  when combined with a metal.,3.0
"Halon  | Any of various gaseous compounds of carbon, bromine, and other halogens, used to extinguish fires. ",Halon  ,"Any of various gaseous compounds of carbon, bromine, and other halogens, used to extinguish fires.",3.1
Halt1  —| 1 stop  . 2 minor stopping-place on a local railway line. —v. Stop; come or bring to a halt.  call a halt  decide to stop. ,Halt1  ,1 stop  . 2 minor stopping-place on a local railway line. —v. Stop; come or bring to a halt.  call a halt  decide to stop.,3.1
Halt2  |  Proceed hesitantly. —adj. Archaic lame.  haltingly adv. ,Halt2  ,Proceed hesitantly. —adj. Archaic lame.  haltingly adv.,2.8
Halter  | 1 headstall and rope for leading or tying up a horse etc. 2 a strap round the neck holding a dress etc. Up and leaving the shoulders and back bare. B  dress etc. Held by this. ,Halter  ,1 headstall and rope for leading or tying up a horse etc. 2 a strap round the neck holding a dress etc. Up and leaving the shoulders and back bare. B  dress etc. Held by this.,2.9
Halva  | Confection of sesame flour and honey etc. ,Halva  ,Confection of sesame flour and honey etc.,2.9
Halve  |  1 divide into two halves or parts; share equally between two. 2 reduce by half. 3 golf use the same number of strokes as one's opponent in .,Halve  ,1 divide into two halves or parts; share equally between two. 2 reduce by half. 3 golf use the same number of strokes as one's opponent in .,3.4
Halves  pl. Of ~half.,Halves  pl,Halves  pl. Of ~half.,3.1
"Halyard  |  rope or tackle for raising or lowering a sail, yard, etc. ",Halyard  ,"rope or tackle for raising or lowering a sail, yard, etc.",3.1
Ham  —| 1 a upper part of a pig's leg salted and dried or smoked for food. B meat from this. 2 back of the thigh; thigh and buttock. 3 colloq.  Inexpert or unsubtle actor or piece of acting. 4 colloq. Operator of an amateur radio station. —v.   colloq. Overact. ,Ham  ,1 a upper part of a pig's leg salted and dried or smoked for food. B meat from this. 2 back of the thigh; thigh and buttock. 3 colloq.  Inexpert or unsubtle actor or piece of acting. 4 colloq. Operator of an amateur radio station. —v.   colloq. Overact.,2.8
"Hamburger  | Cake of minced beef, usu. Eaten in a soft bread roll. ",Hamburger  ,"Cake of minced beef, usu. Eaten in a soft bread roll.",3.2
Ham-fisted  |  colloq. Clumsy.,Ham-fisted  ,colloq. Clumsy.,2.2
Hamitic  —| Group of african languages including ancient egyptian and berber. —adj. Of this group. ,Hamitic  ,Group of african languages including ancient egyptian and berber. —adj. Of this group.,2.4
"Hamlet  | Small village, esp. Without a church. ",Hamlet  ,"Small village, esp. Without a church.",3.2
"Hammer  —| 1 a tool with a heavy metal head at right angles to its handle, used for driving nails etc. B similar device, as for exploding the charge in a gun, striking the strings of a piano, etc. 2 auctioneer's mallet. 3 metal ball attached to a wire for throwing in an athletic contest. —v. 1 a hit or beat with or as with a hammer. B strike loudly. 2 a drive in  with a hammer. B fasten or secure by hammering . 3  inculcate  Forcefully or repeatedly. 4 colloq. Defeat utterly; beat up. 5  work hard or persistently at.  come under the hammer be sold at auction. Hammer out 1 make flat or smooth by hammering. 2 work out details of  Laboriously. 3 play  loudly or clumsily.  hammering n. . ",Hammer  ,"1 a tool with a heavy metal head at right angles to its handle, used for driving nails etc. B similar device, as for exploding the charge in a gun, striking the strings of a piano, etc. 2 auctioneer's mallet. 3 metal ball attached to a wire for throwing in an athletic contest. —v. 1 a hit or beat with or as with a hammer. B strike loudly. 2 a drive in  with a hammer. B fasten or secure by hammering . 3  inculcate  Forcefully or repeatedly. 4 colloq. Defeat utterly; beat up. 5  work hard or persistently at.  come under the hammer be sold at auction. Hammer out 1 make flat or smooth by hammering. 2 work out details of  Laboriously. 3 play  loudly or clumsily.  hammering n. .",2.8
Hammer and sickle  | Symbols of the industrial worker and peasant used as an emblem of the former ussr and international communism.,Hammer and sickle  ,Symbols of the industrial worker and peasant used as an emblem of the former ussr and international communism.,2.3
Hammer and tongs  | Colloq. With great vigour and commotion.,Hammer and tongs  ,Colloq. With great vigour and commotion.,3.2
Hammerhead  | Shark with a flattened head and with eyes in lateral extensions of it.,Hammerhead  ,Shark with a flattened head and with eyes in lateral extensions of it.,3.1
Hammerlock  | Wrestling hold in which the arm is twisted and bent behind the back.,Hammerlock  ,Wrestling hold in which the arm is twisted and bent behind the back.,2.9
Hammer-toe  | Toe bent permanently downwards.,Hammer-toe  ,Toe bent permanently downwards.,3.0
Hammock  | Bed of canvas or rope network suspended by cords at the ends. ,Hammock  ,Bed of canvas or rope network suspended by cords at the ends.,3.0
Hammy  |  colloq. Over-theatrical.,Hammy  ,colloq. Over-theatrical.,2.3
"Hamper1  | Large basket, usu. With a hinged lid and containing food. ",Hamper1  ,"Large basket, usu. With a hinged lid and containing food.",2.9
Hamper2  | Prevent the free movement of; hinder. ,Hamper2  ,Prevent the free movement of; hinder.,2.9
Hamster  | Mouselike rodent with a short tail and large cheek-pouches for storing food. ,Hamster  ,Mouselike rodent with a short tail and large cheek-pouches for storing food.,2.8
Hamstring  —| 1 each of five tendons at the back of the knee. 2 great tendon at the back of the hock in quadrupeds. —v.  1 cripple by cutting the hamstrings of . 2 impair the activity or efficiency of.,Hamstring  ,1 each of five tendons at the back of the knee. 2 great tendon at the back of the hock in quadrupeds. —v.  1 cripple by cutting the hamstrings of . 2 impair the activity or efficiency of.,2.0
"Hand  —| 1 a end part of the human arm beyond the wrist. B  end part of a forelimb. 2 a  Control, management, custody, disposal . B agency or influence . C share in an action; active support . 3 thing like a hand, esp. The pointer of a clock. 4 right or left side or direction relative to a person or thing. 5 a skill . B person skilful in some respect. 6 person who does or makes something, esp. Distinctively . 7 person's writing or its style. 8 person etc. As a source . 9 pledge of marriage. 10 manual worker, esp. At a factory or farm; member of a ship's crew. 11 a playing-cards dealt to a player. B round of play. 12 colloq. Burst of applause. 13 unit of measure of a horse's height, 4 inches . 14 forehock of pork. 15  A operated by or held in the hand . B done by hand, not machine . —v. 1  Deliver; transfer by hand or otherwise. 2 colloq. Give away too readily .  all hands entire crew or workforce. At hand 1 close by. 2 about to happen. By hand 1 by a person, not a machine. 2 delivered privately, not by post. From hand to mouth satisfying only one's immediate needs. Get  one's hand in become  in practice. Hand down 1 pass ownership or use of to a later generation etc. 2 a transmit  from a higher court etc. B us express . Hand it to colloq. Award deserved praise to. Hand on pass  to the next in a series. Hand out 1 serve, distribute.",Hand  ,"1 a end part of the human arm beyond the wrist. B  end part of a forelimb. 2 a  Control, management, custody, disposal . B agency or influence . C share in an action; active support . 3 thing like a hand, esp. The pointer of a clock. 4 right or left side or direction relative to a person or thing. 5 a skill . B person skilful in some respect. 6 person who does or makes something, esp. Distinctively . 7 person's writing or its style. 8 person etc. As a source . 9 pledge of marriage. 10 manual worker, esp. At a factory or farm; member of a ship's crew. 11 a playing-cards dealt to a player. B round of play. 12 colloq. Burst of applause. 13 unit of measure of a horse's height, 4 inches . 14 forehock of pork. 15  A operated by or held in the hand . B done by hand, not machine . —v. 1  Deliver; transfer by hand or otherwise. 2 colloq. Give away too readily .  all hands entire crew or workforce. At hand 1 close by. 2 about to happen. By hand 1 by a person, not a machine. 2 delivered privately, not by post. From hand to mouth satisfying only one's immediate needs. Get  one's hand in become  in practice. Hand down 1 pass ownership or use of to a later generation etc. 2 a transmit  from a higher court etc. B us express . Hand it to colloq. Award deserved praise to. Hand on pass  to the next in a series. Hand out 1 serve, distribute.",2.8
Handbag  | Small bag carried esp. By a woman.,Handbag  ,Small bag carried esp. By a woman.,2.6
"Handball  | 1 game with a ball thrown by hand among players or against a wall. 2 football intentional touching of the ball, constituting a foul.",Handball  ,"1 game with a ball thrown by hand among players or against a wall. 2 football intentional touching of the ball, constituting a foul.",3.2
"Handbell  | Small bell for ringing by hand, esp. One of a set.",Handbell  ,"Small bell for ringing by hand, esp. One of a set.",3.2
Handbill  | Printed notice distributed by hand.,Handbill  ,Printed notice distributed by hand.,2.8
Handbook  | Short manual or guidebook.,Handbook  ,Short manual or guidebook.,3.4
Handbrake  | Brake operated by hand.,Handbrake  ,Brake operated by hand.,2.6
Handcart  | Small cart pushed or drawn by hand.,Handcart  ,Small cart pushed or drawn by hand.,2.9
Handclap  | Clapping of the hands.,Handclap  ,Clapping of the hands.,1.8
Handcraft  —| = ~handicraft. —v. Make by handicraft.,Handcraft  ,= ~handicraft. —v. Make by handicraft.,3.1
Handcuff  —| Each of a pair of linked metal rings for securing a prisoner's wrist. —v. Put handcuffs on.,Handcuff  ,Each of a pair of linked metal rings for securing a prisoner's wrist. —v. Put handcuffs on.,2.7
Handful  |  1 quantity that fills the hand. 2 small number or amount. 3 colloq. Troublesome person or task.,Handful  ,1 quantity that fills the hand. 2 small number or amount. 3 colloq. Troublesome person or task.,2.9
Hand-grenade  see ~grenade.,Hand-grenade  see ,Hand-grenade  see ~grenade.,2.7
Handgun  | Small firearm held in and fired with one hand.,Handgun  ,Small firearm held in and fired with one hand.,2.6
Handhold  | Something for the hand to grip on .,Handhold  ,Something for the hand to grip on .,2.9
Handicap  —| 1 physical or mental disability. 2 thing that makes progress or success difficult. 3 a disadvantage imposed on a superior competitor to make chances more equal. B race etc. In which this is imposed. 4 number of strokes by which a golfer normally exceeds par for a course. —v.  1 impose a handicap on. 2 place at a disadvantage. ,Handicap  ,1 physical or mental disability. 2 thing that makes progress or success difficult. 3 a disadvantage imposed on a superior competitor to make chances more equal. B race etc. In which this is imposed. 4 number of strokes by which a golfer normally exceeds par for a course. —v.  1 impose a handicap on. 2 place at a disadvantage.,2.8
Handicapped  | Suffering from a physical or mental disability.,Handicapped  ,Suffering from a physical or mental disability.,2.7
Handicraft  | Work requiring manual and artistic skill. ,Handicraft  ,Work requiring manual and artistic skill.,3.0
Hand in glove  | In collusion or association.,Hand in glove  ,In collusion or association.,2.4
Hand in hand  | 1 in close association . 2  holding hands.,Hand in hand  ,1 in close association . 2  holding hands.,3.5
"Handiwork  | Work done or a thing made by hand, or by a particular person. ",Handiwork  ,"Work done or a thing made by hand, or by a particular person.",3.2
Handkerchief  |  square of cloth for wiping one's nose etc.,Handkerchief  ,square of cloth for wiping one's nose etc.,3.1
"Handle  —| 1 part by which a thing is held, carried, or controlled. 2 fact that may be taken advantage of . 3 colloq. Personal title. —v.  1 touch, feel, operate, or move with the hands. 2 manage, deal with . 3 deal in . 4 treat . ",Handle  ,"1 part by which a thing is held, carried, or controlled. 2 fact that may be taken advantage of . 3 colloq. Personal title. —v.  1 touch, feel, operate, or move with the hands. 2 manage, deal with . 3 deal in . 4 treat .",3.3
Handlebar  |  Steering-bar of a bicycle etc.,Handlebar  ,Steering-bar of a bicycle etc.,3.0
Handlebar moustache  | Thick moustache with curved ends.,Handlebar moustache  ,Thick moustache with curved ends.,3.1
Handler  | 1 person who handles or deals in something. 2 person who trains and looks after an animal .,Handler  ,1 person who handles or deals in something. 2 person who trains and looks after an animal .,3.2
Handmade  | Made by hand .,Handmade  ,Made by hand .,2.6
Handmaid  |  archaic female servant.,Handmaid  ,archaic female servant.,2.9
Hand-me-down  | Article of clothing etc. Passed on from another person.,Hand-me-down  ,Article of clothing etc. Passed on from another person.,3.0
Hand-out  | 1 thing given free to a needy person. 2 statement given to the press etc.; notes given out in a class etc.,Hand-out  ,1 thing given free to a needy person. 2 statement given to the press etc.; notes given out in a class etc.,3.1
Hand-over  | Handing over.,Hand-over  ,Handing over.,2.9
Hand-over-fist  | Colloq. With rapid progress.,Hand-over-fist  ,Colloq. With rapid progress.,2.8
Hand-pick  | Choose carefully or personally.,Hand-pick  ,Choose carefully or personally.,3.3
Handrail  | Narrow rail for holding as a support.,Handrail  ,Narrow rail for holding as a support.,3.0
Handsaw  | Saw worked by one hand.,Handsaw  ,Saw worked by one hand.,3.1
Handset  | Telephone mouthpiece and earpiece as one unit.,Handset  ,Telephone mouthpiece and earpiece as one unit.,2.7
Handshake  | Clasping of a person's hand as a greeting etc.,Handshake  ,Clasping of a person's hand as a greeting etc.,2.8
Hands off  | Warning not to touch or interfere with something. —adj. & adv.  not requiring the manual use of controls.,Hands off  ,Warning not to touch or interfere with something. —adj. & adv.  not requiring the manual use of controls.,2.7
"Handsome  |  1  good-looking. 2  imposing, attractive. 3 a generous, liberal . B  Considerable.  handsomely adv.",Handsome  ,"1  good-looking. 2  imposing, attractive. 3 a generous, liberal . B  Considerable.  handsomely adv.",2.6
Hands on   | & adv. Of or requiring personal operation at a keyboard. —attrib. Adj. Practical rather than theoretical .,Hands on   ,& adv. Of or requiring personal operation at a keyboard. —attrib. Adj. Practical rather than theoretical .,3.1
"Handspring  | Gymnastic feat consisting of a handstand, somersaulting, and landing in a standing position.",Handspring  ,"Gymnastic feat consisting of a handstand, somersaulting, and landing in a standing position.",2.7
Handstand  | Supporting oneself on one's hands with one's feet in the air.,Handstand  ,Supporting oneself on one's hands with one's feet in the air.,2.7
Hand-to-hand  |  at close quarters.,Hand-to-hand  ,at close quarters.,3.3
Handwork  | Work done with the hands.  handworked adj.,Handwork  ,Work done with the hands.  handworked adj.,3.2
"Handwriting  | 1 writing done with a pen, pencil, etc. 2 person's particular style of this.  handwritten adj.",Handwriting  ,"1 writing done with a pen, pencil, etc. 2 person's particular style of this.  handwritten adj.",2.6
Handy  |  1 convenient to handle or use; useful. 2 ready to hand. 3 clever with the hands.  handily adv. Handiness n.,Handy  ,1 convenient to handle or use; useful. 2 ready to hand. 3 clever with the hands.  handily adv. Handiness n.,3.0
Handyman  | Person able to do occasional repairs etc.; odd-job man.,Handyman  ,Person able to do occasional repairs etc.; odd-job man.,2.7
"Hang  |  1 a secure or cause to be supported from above, esp. With the lower part free. B  Attach by suspending from the top. 2 set up  On hinges. 3 place  on a wall or in an exhibition. 4 attach  to a wall. 5  colloq. Blame  on  . 6  decorate by suspending pictures etc. . 7  a suspend or be suspended by the neck with a noosed rope until dead, esp. As a form of capital punishment. B as a mild oath . 8 let droop . 9 suspend  from a hook and leave until dry, tender, or high. 10 be or remain hung . 11 remain static in the air. 12  be present or imminent, esp. Oppressively or threateningly . 13  a be contingent or dependent on . B listen closely to . —n. Way a thing hangs or falls.  get the hang of colloq. Understand the technique or meaning of. Hang about  1 a stand about or spend time aimlessly; not move away. B linger near . 2  colloq. Associate with. Hang back show reluctance to act or move. Hang fire be slow in taking action or in progressing. Hang heavily   seem to pass slowly. Hang in us colloq. 1 persist, persevere. 2 linger. Hang on 1  continue to hold or grasp. 2  retain; fail to give back. 3 colloq. A wait for a short time. B  not ring off during a pause in the conversation. 4 colloq. Continue; persevere. Hang out 1 suspend from a window, clothes-line, etc. 2 a protrude downwards . B  lean out of . 3 slang frequent or live in a place. Hang together 1 make sense. 2 remain associated. Hang up 1 hang from a hook etc. 2  end a telephone conversation by replacing the receiver . 3  slang be a psychological problem or obsession for . Not care  a hang colloq. Not care at all.  ",Hang  ,"1 a secure or cause to be supported from above, esp. With the lower part free. B  Attach by suspending from the top. 2 set up  On hinges. 3 place  on a wall or in an exhibition. 4 attach  to a wall. 5  colloq. Blame  on  . 6  decorate by suspending pictures etc. . 7  a suspend or be suspended by the neck with a noosed rope until dead, esp. As a form of capital punishment. B as a mild oath . 8 let droop . 9 suspend  from a hook and leave until dry, tender, or high. 10 be or remain hung . 11 remain static in the air. 12  be present or imminent, esp. Oppressively or threateningly . 13  a be contingent or dependent on . B listen closely to . —n. Way a thing hangs or falls.  get the hang of colloq. Understand the technique or meaning of. Hang about  1 a stand about or spend time aimlessly; not move away. B linger near . 2  colloq. Associate with. Hang back show reluctance to act or move. Hang fire be slow in taking action or in progressing. Hang heavily   seem to pass slowly. Hang in us colloq. 1 persist, persevere. 2 linger. Hang on 1  continue to hold or grasp. 2  retain; fail to give back. 3 colloq. A wait for a short time. B  not ring off during a pause in the conversation. 4 colloq. Continue; persevere. Hang out 1 suspend from a window, clothes-line, etc. 2 a protrude downwards . B  lean out of . 3 slang frequent or live in a place. Hang together 1 make sense. 2 remain associated. Hang up 1 hang from a hook etc. 2  end a telephone conversation by replacing the receiver . 3  slang be a psychological problem or obsession for . Not care  a hang colloq. Not care at all.",2.8
Hangar  | Building for housing aircraft etc. ,Hangar  ,Building for housing aircraft etc.,3.3
Hangdog  | Shamefaced.,Hangdog  ,Shamefaced.,2.7
Hanger  | 1 person or thing that hangs. 2  shaped piece of wood etc. For hanging clothes on.,Hanger  ,1 person or thing that hangs. 2  shaped piece of wood etc. For hanging clothes on.,3.0
"Hanger-on  |  follower or dependant, esp. An unwelcome one.",Hanger-on  ,"follower or dependant, esp. An unwelcome one.",3.0
"Hang-glider  | Glider with a fabric wing on a light frame, from which the operator is suspended.  hang-glide v. Hang-gliding n.",Hang-glider  ,"Glider with a fabric wing on a light frame, from which the operator is suspended.  hang-glide v. Hang-gliding n.",3.2
Hanging  | 1 execution by suspending by the neck. 2  Draperies hung on a wall etc.,Hanging  ,1 execution by suspending by the neck. 2  Draperies hung on a wall etc.,3.0
"Hangman  | 1 executioner who hangs condemned persons. 2 word-game for two players, with failed guesses recorded by drawing a representation of a gallows.",Hangman  ,"1 executioner who hangs condemned persons. 2 word-game for two players, with failed guesses recorded by drawing a representation of a gallows.",2.8
Hangnail  | = ~agnail.,Hangnail  ,= ~agnail.,2.7
Hang-out  | Slang place frequented by a person; haunt.,Hang-out  ,Slang place frequented by a person; haunt.,3.1
Hangover  | 1 severe headache etc. From drinking too much alcohol. 2 survival from the past.,Hangover  ,1 severe headache etc. From drinking too much alcohol. 2 survival from the past.,2.4
Hang-up  | Slang emotional problem or inhibition.,Hang-up  ,Slang emotional problem or inhibition.,2.7
Hank  | Coil or skein of wool or thread etc. ,Hank  ,Coil or skein of wool or thread etc.,2.7
Hanker  |  Long for; crave.  hankering n. ,Hanker  ,Long for; crave.  hankering n.,2.9
Hanky  |   colloq. Handkerchief. ,Hanky  ,colloq. Handkerchief.,2.7
"Hanky-panky  | Slang 1 naughtiness, esp. Sexual. 2 double-dealing; trickery. ",Hanky-panky  ,"Slang 1 naughtiness, esp. Sexual. 2 double-dealing; trickery.",2.9
Hanoverian  | Of british sovereigns from george i to victoria. ,Hanoverian  ,Of british sovereigns from george i to victoria.,2.6
Hansard  | Official verbatim record of debates in the british parliament. ,Hansard  ,Official verbatim record of debates in the british parliament.,2.9
Hansen's disease  | Leprosy. ,Hansen,Leprosy.,2.8
Hansom  |  hist. Two-wheeled horse-drawn cab. ,Hansom  ,hist. Two-wheeled horse-drawn cab.,2.8
"Hanukkah  | Jewish festival of lights, commemorating the purification of the temple in 165 bc. ",Hanukkah  ,"Jewish festival of lights, commemorating the purification of the temple in 165 bc.",2.7
Haphazard  | Done etc. By chance; random.  haphazardly adv. ,Haphazard  ,Done etc. By chance; random.  haphazardly adv.,2.0
Hapless  | Unlucky.,Hapless  ,Unlucky.,2.1
Haploid  |  with a single set of chromosomes. ,Haploid  ,with a single set of chromosomes.,2.8
Happen  | 1 occur . 2  Have the  fortune to . 3  be the  fate or experience of . 4  encounter or discover by chance.  as it happens in fact; in reality. ,Happen  ,1 occur . 2  Have the  fortune to . 3  be the  fate or experience of . 4  encounter or discover by chance.  as it happens in fact; in reality.,2.7
Happening  | 1 event. 2 improvised or spontaneous theatrical etc. Performance.,Happening  ,1 event. 2 improvised or spontaneous theatrical etc. Performance.,2.4
"Happy  |  1 feeling or showing pleasure or contentment. 2 a fortunate; characterized by happiness. B  Apt, pleasing.  happily adv. Happiness n.",Happy  ,"1 feeling or showing pleasure or contentment. 2 a fortunate; characterized by happiness. B  Apt, pleasing.  happily adv. Happiness n.",2.7
Happy-go-lucky  | Cheerfully casual.,Happy-go-lucky  ,Cheerfully casual.,3.9
"Happy hour  | Time of the day when goods, esp. Drinks, are sold at reduced prices.",Happy hour  ,"Time of the day when goods, esp. Drinks, are sold at reduced prices.",2.9
Happy medium  | Compromise; avoidance of extremes.,Happy medium  ,Compromise; avoidance of extremes.,3.0
"Hara-kiri  | Ritual suicide by disembowelment with a sword, formerly practised by samurai to avoid dishonour. ",Hara-kiri  ,"Ritual suicide by disembowelment with a sword, formerly practised by samurai to avoid dishonour.",2.8
Harangue  —| Lengthy and earnest speech. —v.  make a harangue to; lecture. ,Harangue  ,Lengthy and earnest speech. —v.  make a harangue to; lecture.,2.8
Harass  | 1 trouble and annoy continually. 2 make repeated attacks on.  harassment n. ,Harass  ,1 trouble and annoy continually. 2 make repeated attacks on.  harassment n.,2.8
Harbinger  | 1 person or thing that announces or signals the approach of another. 2 forerunner. ,Harbinger  ,1 person or thing that announces or signals the approach of another. 2 forerunner.,2.7
Harbor   —| 1 place of shelter for ships. 2 shelter; refuge. —v. 1 give shelter to . 2 keep in one's mind . ,Harbor   ,1 place of shelter for ships. 2 shelter; refuge. —v. 1 give shelter to . 2 keep in one's mind .,2.7
Harbour   —| 1 place of shelter for ships. 2 shelter; refuge. —v. 1 give shelter to . 2 keep in one's mind . ,Harbour   ,1 place of shelter for ships. 2 shelter; refuge. —v. 1 give shelter to . 2 keep in one's mind .,2.8
Harbour-master  | Official in charge of a harbour.,Harbour-master  ,Official in charge of a harbour.,3.0
"Hard  | 1  Firm and solid. 2 a difficult to understand, explain, or accomplish. B  Not easy to . 3 difficult to bear . 4 unfeeling; severely critical. 5  severe. 6 unpleasant to the senses, harsh . 7 a strenuous, enthusiastic, intense . B severe, uncompromising . C polit. Extreme; most radical . 8 a  strongly alcoholic. B  potent and addictive. C  highly obscene. 9  containing mineral salts that make lathering difficult. 10 established; not disputable . 11  High; not likely to fall in value. 12  guttural . —adv. Strenuously, intensely, copiously .  be hard on 1 be difficult for. 2 be severe in one's treatment or criticism of. 3 be unpleasant to . Be hard put to it  Find it difficult. Hard by close by. Hard on  close to in pursuit etc.  hardish adj. Hardness n. ",Hard  ,"1  Firm and solid. 2 a difficult to understand, explain, or accomplish. B  Not easy to . 3 difficult to bear . 4 unfeeling; severely critical. 5  severe. 6 unpleasant to the senses, harsh . 7 a strenuous, enthusiastic, intense . B severe, uncompromising . C polit. Extreme; most radical . 8 a  strongly alcoholic. B  potent and addictive. C  highly obscene. 9  containing mineral salts that make lathering difficult. 10 established; not disputable . 11  High; not likely to fall in value. 12  guttural . —adv. Strenuously, intensely, copiously .  be hard on 1 be difficult for. 2 be severe in one's treatment or criticism of. 3 be unpleasant to . Be hard put to it  Find it difficult. Hard by close by. Hard on  close to in pursuit etc.  hardish adj. Hardness n.",2.7
"Hard and fast  |  definite, unalterable, strict.",Hard and fast  ,"definite, unalterable, strict.",3.9
Hardback  | Bound in boards covered with cloth etc. —n. Hardback book.,Hardback  ,Bound in boards covered with cloth etc. —n. Hardback book.,2.9
Hardbitten  | Colloq. Tough and cynical.,Hardbitten  ,Colloq. Tough and cynical.,2.9
Hardboard  | Stiff board made of compressed and treated wood pulp.,Hardboard  ,Stiff board made of compressed and treated wood pulp.,3.2
"Hard-boiled  | 1  boiled until the white and yolk are solid. 2 colloq.  tough, shrewd.",Hard-boiled  ,"1  boiled until the white and yolk are solid. 2 colloq.  tough, shrewd.",2.6
Hard cash  | Negotiable coins and banknotes.,Hard cash  ,Negotiable coins and banknotes.,2.6
Hard copy  | Material printed by a computer on paper.,Hard copy  ,Material printed by a computer on paper.,2.1
"Hardcore  | Solid material, esp. Rubble, as road-foundation.",Hardcore  ,"Solid material, esp. Rubble, as road-foundation.",3.3
Hard core  | 1 irreducible nucleus. 2 colloq. A the most committed members of a society etc. B conservative or reactionary minority .,Hard core  ,1 irreducible nucleus. 2 colloq. A the most committed members of a society etc. B conservative or reactionary minority .,3.9
"Hard-core  | 1 forming a nucleus. 2 blatant, uncompromising. 3  explicit, obscene.",Hard-core  ,"1 forming a nucleus. 2 blatant, uncompromising. 3  explicit, obscene.",3.7
Hard disk  | Computing large-capacity rigid usu. Magnetic storage disk.,Hard disk  ,Computing large-capacity rigid usu. Magnetic storage disk.,3.2
Hard-done-by  | Unfairly treated.,Hard-done-by  ,Unfairly treated.,3.0
"Harden  | 1 make or become hard or harder. 2 become, or make , less sympathetic. 3  Cease to fall or fluctuate.  harden off inure  to the cold by gradually increasing its exposure.",Harden  ,"1 make or become hard or harder. 2 become, or make , less sympathetic. 3  Cease to fall or fluctuate.  harden off inure  to the cold by gradually increasing its exposure.",2.7
Hardening of the arteries  | = ~arteriosclerosis.,Hardening of the arteries  ,= ~arteriosclerosis.,2.8
Hard-headed  | Practical; not sentimental.  hard-headedness n.,Hard-headed  ,Practical; not sentimental.  hard-headedness n.,3.3
Hard-hearted  | Unfeeling.  hard-heartedness n.,Hard-hearted  ,Unfeeling.  hard-heartedness n.,3.1
"Hardihood  | Boldness, daring.",Hardihood  ,"Boldness, daring.",2.9
"Hard labour  | Heavy manual work as a punishment, esp. In a prison.",Hard labour  ,"Heavy manual work as a punishment, esp. In a prison.",3.0
Hard line  | Unyielding adherence to a policy.  hard-liner n.,Hard line  ,Unyielding adherence to a policy.  hard-liner n.,3.3
Hard luck  | Worse fortune than one deserves.,Hard luck  ,Worse fortune than one deserves.,2.8
Hardly  | 1 scarcely; only just . 2 only with difficulty . 3 surely not .  hardly any almost no; almost none. Hardly ever very seldom.,Hardly  ,1 scarcely; only just . 2 only with difficulty . 3 surely not .  hardly any almost no; almost none. Hardly ever very seldom.,2.8
"Hard-nosed  | Colloq. Realistic, uncompromising.",Hard-nosed  ,"Colloq. Realistic, uncompromising.",1.8
Hard of hearing  | Somewhat deaf.,Hard of hearing  ,Somewhat deaf.,3.0
Hard-on  | Coarse slang erection of the penis.,Hard-on  ,Coarse slang erection of the penis.,2.9
Hard pad  | Form of distemper in dogs etc.,Hard pad  ,Form of distemper in dogs etc.,3.3
Hard palate  | Front part of the palate.,Hard palate  ,Front part of the palate.,3.2
Hard-pressed  | 1 closely pursued. 2 burdened with urgent business.,Hard-pressed  ,1 closely pursued. 2 burdened with urgent business.,2.7
Hard roe  see ~roe1.,Hard roe  see ,Hard roe  see ~roe1.,2.3
Hard sell  | Aggressive salesmanship.,Hard sell  ,Aggressive salesmanship.,3.4
Hardship  | 1 severe suffering or privation. 2 circumstance causing this.,Hardship  ,1 severe suffering or privation. 2 circumstance causing this.,2.9
Hard shoulder  | Hard surface alongside a motorway for stopping on in an emergency.,Hard shoulder  ,Hard surface alongside a motorway for stopping on in an emergency.,2.9
Hard tack  | Naut. Ship's biscuit.,Hard tack  ,Naut. Ship's biscuit.,2.8
Hardtop  | Car with a rigid  roof.,Hardtop  ,Car with a rigid  roof.,2.7
Hard up  | Short of money.,Hard up  ,Short of money.,2.1
Hardware  | 1 tools and household articles of metal etc. 2 heavy machinery or armaments. 3 mechanical and electronic components of a computer etc.,Hardware  ,1 tools and household articles of metal etc. 2 heavy machinery or armaments. 3 mechanical and electronic components of a computer etc.,3.5
Hard-wearing  | Able to stand much wear.,Hard-wearing  ,Able to stand much wear.,3.1
Hardwood  | Wood from a deciduous broad-leaved tree.,Hardwood  ,Wood from a deciduous broad-leaved tree.,3.3
Hard-working  | Diligent.,Hard-working  ,Diligent.,3.4
Hardy  |  1 robust; capable of enduring difficult conditions. 2  able to grow in the open air all year.  hardiness n. ,Hardy  ,1 robust; capable of enduring difficult conditions. 2  able to grow in the open air all year.  hardiness n.,2.7
Hardy annual  | Annual plant that may be sown in the open.,Hardy annual  ,Annual plant that may be sown in the open.,3.3
"Hare  —| Mammal like a large rabbit, with long ears, short tail, and long hind legs. —v.  run rapidly. ",Hare  ,"Mammal like a large rabbit, with long ears, short tail, and long hind legs. —v.  run rapidly.",3.3
Harebell  | Plant with pale-blue bell-shaped flowers.,Harebell  ,Plant with pale-blue bell-shaped flowers.,3.4
"Hare-brained  | Rash, wild.",Hare-brained  ,"Rash, wild.",2.9
Harelip  | Often offens. Congenital cleft in the upper lip.,Harelip  ,Often offens. Congenital cleft in the upper lip.,3.0
Harem  | 1 women of a muslim household. 2 their quarters. ,Harem  ,1 women of a muslim household. 2 their quarters.,3.3
Haricot  |  variety of french bean with small white seeds dried and used as a vegetable. ,Haricot  ,variety of french bean with small white seeds dried and used as a vegetable.,3.1
Hark  |  Archaic listen attentively.  hark back revert to earlier topic. ,Hark  ,Archaic listen attentively.  hark back revert to earlier topic.,2.6
"Harlequin  —|  name of a mute character in pantomime, usu. Masked and dressed in a diamond-patterned costume. —attrib. Adj. In varied colours. ",Harlequin  ,"name of a mute character in pantomime, usu. Masked and dressed in a diamond-patterned costume. —attrib. Adj. In varied colours.",3.0
Harlequinade  | 1 part of a pantomime featuring harlequin. 2 piece of buffoonery.,Harlequinade  ,1 part of a pantomime featuring harlequin. 2 piece of buffoonery.,2.7
Harlot  | Archaic prostitute.  harlotry n. ,Harlot  ,Archaic prostitute.  harlotry n.,3.2
"Harm  —| Hurt, damage. —v. Cause harm to.  out of harm's way in safety. ",Harm  ,"Hurt, damage. —v. Cause harm to.  out of harm's way in safety.",2.8
Harmful  | Causing or likely to cause harm.  harmfully adv. Harmfulness n.,Harmful  ,Causing or likely to cause harm.  harmfully adv. Harmfulness n.,2.4
Harmless  | 1 not able or likely to cause harm. 2 inoffensive.  harmlessly adv. Harmlessness n.,Harmless  ,1 not able or likely to cause harm. 2 inoffensive.  harmlessly adv. Harmlessness n.,2.3
Harmonic  | Of or relating to harmony; harmonious. —n. Mus. Overtone accompanying  a fundamental at a fixed interval.  harmonically adv.,Harmonic  ,Of or relating to harmony; harmonious. —n. Mus. Overtone accompanying  a fundamental at a fixed interval.  harmonically adv.,3.0
Harmonica  | Small rectangular musical instrument played by blowing and sucking air through it.,Harmonica  ,Small rectangular musical instrument played by blowing and sucking air through it.,2.8
Harmonious  | 1 sweet-sounding; tuneful. 2 forming a pleasing or consistent whole. 3 free from disagreement or dissent.  harmoniously adv.,Harmonious  ,1 sweet-sounding; tuneful. 2 forming a pleasing or consistent whole. 3 free from disagreement or dissent.  harmoniously adv.,3.0
Harmonium  | Keyboard instrument in which the notes are produced by air driven through metal reeds by foot-operated bellows. ,Harmonium  ,Keyboard instrument in which the notes are produced by air driven through metal reeds by foot-operated bellows.,3.1
Harmonize  |   1 add notes to  to produce harmony. 2 bring into or be in harmony. 3 make or form a pleasing or consistent whole.  harmonization n.,Harmonize  ,1 add notes to  to produce harmony. 2 bring into or be in harmony. 3 make or form a pleasing or consistent whole.  harmonization n.,2.9
"Harmony  |  1 combination of simultaneously sounded musical notes to produce chords and chord progressions, esp. As creating a pleasing effect. 2 a apt or aesthetic arrangement of parts. B pleasing effect of this. 3 agreement, concord.  in harmony 1 in agreement. 2  Producing chords; not discordant. ",Harmony  ,"1 combination of simultaneously sounded musical notes to produce chords and chord progressions, esp. As creating a pleasing effect. 2 a apt or aesthetic arrangement of parts. B pleasing effect of this. 3 agreement, concord.  in harmony 1 in agreement. 2  Producing chords; not discordant.",3.6
"Harness  —| 1 equipment of straps etc. By which a horse is fastened to a cart etc. And controlled. 2 similar arrangement for fastening a thing to a person's body. —v. 1 a put a harness on. B  attach by harness to. 2 make use of , esp. To produce energy.  in harness in the routine of daily work. ",Harness  ,"1 equipment of straps etc. By which a horse is fastened to a cart etc. And controlled. 2 similar arrangement for fastening a thing to a person's body. —v. 1 a put a harness on. B  attach by harness to. 2 make use of , esp. To produce energy.  in harness in the routine of daily work.",3.5
Harp  —| Large upright stringed instrument plucked with the fingers. —v.  talk repeatedly and tediously about.  harpist n. ,Harp  ,Large upright stringed instrument plucked with the fingers. —v.  talk repeatedly and tediously about.  harpist n.,2.7
"Harpoon  —| Barbed spearlike missile with a rope attached, for catching whales etc. —v. Spear with a harpoon. ",Harpoon  ,"Barbed spearlike missile with a rope attached, for catching whales etc. —v. Spear with a harpoon.",2.8
Harpsichord  | Keyboard instrument with horizontal strings plucked mechanically.  harpsichordist n. ,Harpsichord  ,Keyboard instrument with horizontal strings plucked mechanically.  harpsichordist n.,3.3
Harpy  |  1 mythological monster with a woman's head and body and a bird's wings and claws. 2 grasping unscrupulous person. ,Harpy  ,1 mythological monster with a woman's head and body and a bird's wings and claws. 2 grasping unscrupulous person.,2.3
Harridan  | Bad-tempered old woman. ,Harridan  ,Bad-tempered old woman.,3.1
Harrier  | 1 hound used for hunting hares. 2 group of cross-country runners. 3 hawklike bird of prey. ,Harrier  ,1 hound used for hunting hares. 2 group of cross-country runners. 3 hawklike bird of prey.,3.0
Harrow  —| Heavy frame with iron teeth dragged over ploughed land to break up clods etc. —v. 1 draw a harrow over . 2  Distress greatly. ,Harrow  ,Heavy frame with iron teeth dragged over ploughed land to break up clods etc. —v. 1 draw a harrow over . 2  Distress greatly.,3.0
Harry  |  1 ravage or despoil. 2 harass. ,Harry  ,1 ravage or despoil. 2 harass.,2.8
"Harsh  | 1 unpleasantly rough or sharp, esp. To the senses. 2 severe, cruel.  harshen v. Harshly adv. Harshness n. ",Harsh  ,"1 unpleasantly rough or sharp, esp. To the senses. 2 severe, cruel.  harshen v. Harshly adv. Harshness n.",2.8
"Hart  |  male of the  deer, esp. After its 5th year. ",Hart  ,"male of the  deer, esp. After its 5th year.",2.7
Hartebeest  | Large african antelope with curving horns. ,Hartebeest  ,Large african antelope with curving horns.,2.9
Harum-scarum  | —adj. Wild and reckless. —n. Such a person. ,Harum-scarum  ,—adj. Wild and reckless. —n. Such a person.,2.5
"Harvest  —| 1 a process of gathering in crops etc. B season of this. 2 season's yield. 3 product of any action. —v. Gather as harvest, reap. ",Harvest  ,"1 a process of gathering in crops etc. B season of this. 2 season's yield. 3 product of any action. —v. Gather as harvest, reap.",3.0
"Harvester  | 1 reaper. 2 reaping-machine, esp. With sheaf-binding.",Harvester  ,"1 reaper. 2 reaping-machine, esp. With sheaf-binding.",2.8
Harvest festival  | Christian thanksgiving service for the harvest.,Harvest festival  ,Christian thanksgiving service for the harvest.,3.4
Harvest moon  | Full moon nearest to the autumn equinox .,Harvest moon  ,Full moon nearest to the autumn equinox .,2.9
Harvest mouse  | Small mouse nesting in the stalks of growing grain.,Harvest mouse  ,Small mouse nesting in the stalks of growing grain.,2.8
Has  3rd sing. Present of ~have.,Has  3rd sing,Has  3rd sing. Present of ~have.,3.0
Has-been  | Colloq. Person or thing of declined importance.,Has-been  ,Colloq. Person or thing of declined importance.,2.5
Hash1  —| 1 dish of cooked meat cut into small pieces and reheated. 2 a mixture; jumble. B mess. 3 recycled material. —v.  recycle .  make a hash of colloq. Make a mess of; bungle.,Hash1  ,1 dish of cooked meat cut into small pieces and reheated. 2 a mixture; jumble. B mess. 3 recycled material. —v.  recycle .  make a hash of colloq. Make a mess of; bungle.,2.5
Hash2  | Colloq. Hashish. ,Hash2  ,Colloq. Hashish.,2.2
"Hashish  | Resinous product of hemp, smoked or chewed as a narcotic. ",Hashish  ,"Resinous product of hemp, smoked or chewed as a narcotic.",2.4
"Haslet  | Pieces of  offal cooked together, usu. As a meat loaf. ",Haslet  ,"Pieces of  offal cooked together, usu. As a meat loaf.",2.8
Hasn't  contr. Has not.,Hasn,Hasn't  contr. Has not.,3.2
Hasp  | Hinged metal clasp fitting over a staple and secured by a padlock. ,Hasp  ,Hinged metal clasp fitting over a staple and secured by a padlock.,2.8
"Hassle  | —n. Trouble; problem; argument. —v.  harass, annoy. ",Hassle  ,"—n. Trouble; problem; argument. —v.  harass, annoy.",2.7
Hassock  | Thick firm cushion for kneeling on. ,Hassock  ,Thick firm cushion for kneeling on.,1.8
"Haste  —| Urgency of movement or action; excessive hurry. —v.  archaic = ~hasten 1.  in haste quickly, hurriedly. Make haste hurry; be quick. ",Haste  ,"Urgency of movement or action; excessive hurry. —v.  archaic = ~hasten 1.  in haste quickly, hurriedly. Make haste hurry; be quick.",2.7
Hasten  | 1 make haste; hurry. 2 cause to occur or be ready or be done sooner.,Hasten  ,1 make haste; hurry. 2 cause to occur or be ready or be done sooner.,2.9
"Hasty  |  1 hurried; acting too quickly. 2 said, made, or done too quickly or too soon; rash.  hastily adv. Hastiness n.",Hasty  ,"1 hurried; acting too quickly. 2 said, made, or done too quickly or too soon; rash.  hastily adv. Hastiness n.",2.7
Hat  | 1  covering for the head. 2 colloq. Person's present capacity .  keep it under one's hat colloq. Keep it secret. Pass the hat round collect contributions of money. Take one's hat off to colloq. Acknowledge admiration for. ,Hat  ,1  covering for the head. 2 colloq. Person's present capacity .  keep it under one's hat colloq. Keep it secret. Pass the hat round collect contributions of money. Take one's hat off to colloq. Acknowledge admiration for.,2.7
Hatband  | Band of ribbon etc. Round a hat above the brim.,Hatband  ,Band of ribbon etc. Round a hat above the brim.,3.1
"Hatbox  | Box to hold a hat, esp. For travelling.",Hatbox  ,"Box to hold a hat, esp. For travelling.",3.2
Hatch1  | 1 opening in a wall between a kitchen and dining-room for serving food. 2 opening or door in an aircraft etc. 3 a = ~hatchway. B cover for this. ,Hatch1  ,1 opening in a wall between a kitchen and dining-room for serving food. 2 opening or door in an aircraft etc. 3 a = ~hatchway. B cover for this.,3.8
Hatch2  | 1 a   Emerge from the egg. B  produce a young animal. 2 incubate . 3  devise . —n. 1 act of hatching. 2 brood hatched. ,Hatch2  ,1 a   Emerge from the egg. B  produce a young animal. 2 incubate . 3  devise . —n. 1 act of hatching. 2 brood hatched.,4.0
Hatch3  | Mark with close parallel lines.  hatching n. ,Hatch3  ,Mark with close parallel lines.  hatching n.,4.0
Hatchback  | Car with a sloping back hinged at the top to form a door.,Hatchback  ,Car with a sloping back hinged at the top to form a door.,3.8
Hatchet  | Light short-handled axe. ,Hatchet  ,Light short-handled axe.,3.8
"Hatchet man  | Colloq. Person hired to kill, dismiss, or otherwise harm another.",Hatchet man  ,"Colloq. Person hired to kill, dismiss, or otherwise harm another.",4.0
Hatchway  | Opening in a ship's deck for raising and lowering cargo.,Hatchway  ,Opening in a ship's deck for raising and lowering cargo.,4.0
Hate  |  1 dislike intensely. 2 colloq. A dislike. B be reluctant  . —n. 1 hatred. 2 colloq. Hated person or thing. ,Hate  ,1 dislike intensely. 2 colloq. A dislike. B be reluctant  . —n. 1 hatred. 2 colloq. Hated person or thing.,2.7
Hateful  | Arousing hatred.,Hateful  ,Arousing hatred.,2.4
Hatpin  | Long pin for securing a hat to the hair.,Hatpin  ,Long pin for securing a hat to the hair.,3.0
Hatred  | Extreme dislike or ill will.,Hatred  ,Extreme dislike or ill will.,3.0
Hatstand  | Stand with hooks for hanging hats etc. On.,Hatstand  ,Stand with hooks for hanging hats etc. On.,3.1
Hatter  | Maker or seller of hats.,Hatter  ,Maker or seller of hats.,2.7
Hat trick  | 1 cricket taking of three wickets by the same bowler with three successive balls. 2 three consecutive successes etc.,Hat trick  ,1 cricket taking of three wickets by the same bowler with three successive balls. 2 three consecutive successes etc.,3.6
Haughty  |  arrogant and disdainful.  haughtily adv. Haughtiness n. ,Haughty  ,arrogant and disdainful.  haughtily adv. Haughtiness n.,2.5
"Haul  | 1 pull or drag forcibly. 2 transport by lorry, cart, etc. 3 turn a ship's course. 4 colloq.  bring for reprimand or trial. —n. 1 hauling. 2 amount gained or acquired. 3 distance to be traversed .  haul over the coals see ~coal. ",Haul  ,"1 pull or drag forcibly. 2 transport by lorry, cart, etc. 3 turn a ship's course. 4 colloq.  bring for reprimand or trial. —n. 1 hauling. 2 amount gained or acquired. 3 distance to be traversed .  haul over the coals see ~coal.",3.2
Haulage  | 1 commercial transport of goods. 2 charge for this.,Haulage  ,1 commercial transport of goods. 2 charge for this.,3.5
Haulier  | Person or firm engaged in the transport of goods.,Haulier  ,Person or firm engaged in the transport of goods.,2.8
"Haulm  |  1 stalk or stem. 2 stalks or stems of peas, beans, etc., collectively. ",Haulm  ,"1 stalk or stem. 2 stalks or stems of peas, beans, etc., collectively.",3.1
Haunch  | 1 fleshy part of the buttock with the thigh. 2 leg and loin of a deer etc. As food. ,Haunch  ,1 fleshy part of the buttock with the thigh. 2 leg and loin of a deer etc. As food.,2.8
Haunt  | 1  visit  regularly. 2 frequent . 3 linger in the mind of. —n. Place frequented by a person or animal. ,Haunt  ,1  visit  regularly. 2 frequent . 3 linger in the mind of. —n. Place frequented by a person or animal.,3.0
"Haunting  |  Tending to linger in the mind; poignant, evocative.",Haunting  ,"Tending to linger in the mind; poignant, evocative.",2.9
Haute couture  | High fashion; leading fashion houses or their products. ,Haute couture  ,High fashion; leading fashion houses or their products.,2.9
Haute cuisine  | High-class cookery. ,Haute cuisine  ,High-class cookery.,3.6
Hauteur  | Haughtiness. ,Hauteur  ,Haughtiness.,3.3
"Have  |  1 as an auxiliary verb with past part. Or ellipt., to form the perfect, pluperfect, and future perfect tenses, and the conditional mood . 2 own or be able to use; be provided with . 3 hold in a certain relationship . 4 contain as a part or quality . 5 a experience . B be subjected to a specified state . C cause  to be in a particular state or take particular action . 6 a engage in  . B hold . 7 eat or drink . 8  Accept or tolerate; permit to . 9 a feel . B show . C  Show by action that one is influenced by  . 10 a give birth to . B conceive mentally . 11 receive, obtain . 12 be burdened with or committed to . 13 a have obtained  . B know  . 14 slang a get the better of . B  cheat, deceive . 15 coarse slang have sexual intercourse with. —n. 1  Colloq. Person with wealth or resources. 2 slang swindle.  had best see ~best. Had better see ~better. Have got to colloq. = have to. Have had it colloq. 1 have missed one's chance. 2 have passed one's prime. 3 have been killed, defeated, etc. Have it 1  maintain that. 2 win a decision in a vote etc. 3 colloq. Have found the answer etc. Have it away  coarse slang have sexual intercourse. Have it in for colloq. Be hostile or ill-disposed towards. Have it out  colloq. Attempt to settle a dispute by argument. Have on 1 wear . 2 have . 3 colloq. Tease, hoax. Have to be obliged to, must. Have up colloq. Bring  before a judge, interviewer, etc. ",Have  ,"1 as an auxiliary verb with past part. Or ellipt., to form the perfect, pluperfect, and future perfect tenses, and the conditional mood . 2 own or be able to use; be provided with . 3 hold in a certain relationship . 4 contain as a part or quality . 5 a experience . B be subjected to a specified state . C cause  to be in a particular state or take particular action . 6 a engage in  . B hold . 7 eat or drink . 8  Accept or tolerate; permit to . 9 a feel . B show . C  Show by action that one is influenced by  . 10 a give birth to . B conceive mentally . 11 receive, obtain . 12 be burdened with or committed to . 13 a have obtained  . B know  . 14 slang a get the better of . B  cheat, deceive . 15 coarse slang have sexual intercourse with. —n. 1  Colloq. Person with wealth or resources. 2 slang swindle.  had best see ~best. Had better see ~better. Have got to colloq. = have to. Have had it colloq. 1 have missed one's chance. 2 have passed one's prime. 3 have been killed, defeated, etc. Have it 1  maintain that. 2 win a decision in a vote etc. 3 colloq. Have found the answer etc. Have it away  coarse slang have sexual intercourse. Have it in for colloq. Be hostile or ill-disposed towards. Have it out  colloq. Attempt to settle a dispute by argument. Have on 1 wear . 2 have . 3 colloq. Tease, hoax. Have to be obliged to, must. Have up colloq. Bring  before a judge, interviewer, etc.",2.8
"Haven  | 1 refuge. 2 harbour, port. ",Haven  ,"1 refuge. 2 harbour, port.",2.8
Have-not  |  Colloq. Person lacking wealth or resources.,Have-not  ,Colloq. Person lacking wealth or resources.,1.5
Haven't  contr. Have not.,Haven,Haven't  contr. Have not.,2.8
"Haver  | 1 vacillate, hesitate. 2 dial. Talk foolishly. ",Haver  ,"1 vacillate, hesitate. 2 dial. Talk foolishly.",2.9
Haversack  | Stout canvas bag carried on the back or over the shoulder. ,Haversack  ,Stout canvas bag carried on the back or over the shoulder.,2.9
Havoc  | Widespread destruction; great disorder. ,Havoc  ,Widespread destruction; great disorder.,2.8
Haw1  | Hawthorn berry. ,Haw1  ,Hawthorn berry.,3.6
Haw2  see ~hum.,Haw2  see ,Haw2  see ~hum.,2.3
Hawfinch  | Large finch with a thick beak for cracking seeds. ,Hawfinch  ,Large finch with a thick beak for cracking seeds.,3.2
"Hawk1  —| 1 bird of prey with a curved beak, rounded short wings, and a long tail. 2 polit. Person who advocates aggressive policies. —v. Hunt with a hawk.  hawkish adj. ",Hawk1  ,"1 bird of prey with a curved beak, rounded short wings, and a long tail. 2 polit. Person who advocates aggressive policies. —v. Hunt with a hawk.  hawkish adj.",2.8
Hawk2  | Carry about or offer  for sale. ,Hawk2  ,Carry about or offer  for sale.,2.7
Hawk3  | 1 clear the throat noisily. 2  bring  Up from the throat. ,Hawk3  ,1 clear the throat noisily. 2  bring  Up from the throat.,2.8
Hawker  | Person who travels about selling goods. ,Hawker  ,Person who travels about selling goods.,2.8
Hawk-eyed  | Keen-sighted.,Hawk-eyed  ,Keen-sighted.,3.0
Hawser  | Thick rope or cable for mooring or towing a ship. ,Hawser  ,Thick rope or cable for mooring or towing a ship.,3.2
Hawthorn  | Thorny shrub with small dark-red berries. ,Hawthorn  ,Thorny shrub with small dark-red berries.,3.5
Hay  | Grass mown and dried for fodder.  make hay  seize opportunities. ,Hay  ,Grass mown and dried for fodder.  make hay  seize opportunities.,2.9
Haycock  | Conical heap of hay.,Haycock  ,Conical heap of hay.,3.3
"Hay fever  | Allergy with asthmatic symptoms etc., caused by pollen or dust.",Hay fever  ,"Allergy with asthmatic symptoms etc., caused by pollen or dust.",2.2
Haymaking  | Mowing grass and spreading it to dry.  haymaker n.,Haymaking  ,Mowing grass and spreading it to dry.  haymaker n.,3.6
Haystack  |  packed pile of hay with a pointed or ridged top.,Haystack  ,packed pile of hay with a pointed or ridged top.,2.6
"Haywire  | Colloq. Badly disorganized, out of control.",Haywire  ,"Colloq. Badly disorganized, out of control.",3.2
"Hazard  —| 1 danger or risk. 2 source of this. 3 golf obstacle, e.g. A bunker. —v. 1 venture . 2 risk. ",Hazard  ,"1 danger or risk. 2 source of this. 3 golf obstacle, e.g. A bunker. —v. 1 venture . 2 risk.",3.2
Hazardous  | Risky.,Hazardous  ,Risky.,2.6
Haze  | 1 thin atmospheric vapour. 2 mental obscurity or confusion. ,Haze  ,1 thin atmospheric vapour. 2 mental obscurity or confusion.,2.7
Hazel  | 1 hedgerow shrub bearing round brown edible nuts. 2 greenish-brown. ,Hazel  ,1 hedgerow shrub bearing round brown edible nuts. 2 greenish-brown.,2.8
Hazelnut  | Nut of the hazel.,Hazelnut  ,Nut of the hazel.,3.2
"Hazy  |  1 misty. 2 vague, indistinct. 3 confused, uncertain.  hazily adv. Haziness n. ",Hazy  ,"1 misty. 2 vague, indistinct. 3 confused, uncertain.  hazily adv. Haziness n.",2.9
