Miaow  —| Characteristic cry of a cat. —v. Make this cry. ,Miaow  ,Characteristic cry of a cat. —v. Make this cry.,3.2
Miasma  |  archaic infectious or noxious vapour. ,Miasma  ,archaic infectious or noxious vapour.,2.7
Mica  | Silicate mineral found as glittering scales in granite etc. Or in crystals separable into thin transparent plates. ,Mica  ,Silicate mineral found as glittering scales in granite etc. Or in crystals separable into thin transparent plates.,2.7
Mice  pl. Of ~mouse.,Mice  pl,Mice  pl. Of ~mouse.,2.2
"Michaelmas  | Feast of st michael, 29 september. ",Michaelmas  ,"Feast of st michael, 29 september.",2.9
Michaelmas daisy  | Autumn-flowering aster.,Michaelmas daisy  ,Autumn-flowering aster.,3.2
Mick  | Slang offens. Irishman. ,Mick  ,Slang offens. Irishman.,2.8
"Mickey  |   take the mickey  slang tease, mock, ridicule. ",Mickey  ," take the mickey  slang tease, mock, ridicule.",3.3
Mickey finn  | Slang drugged drink intended to make the victim unconscious. ,Mickey finn  ,Slang drugged drink intended to make the victim unconscious.,3.1
Mickle  |  archaic or scot. Large amount.  many a little makes a mickle  small amounts accumulate. ,Mickle  ,archaic or scot. Large amount.  many a little makes a mickle  small amounts accumulate.,3.0
Micky  | Of ~mickey.,Micky  ,Of ~mickey.,2.6
Micro  |  colloq. 1 = ~microcomputer. 2 = ~microprocessor.,Micro  ,colloq. 1 = ~microcomputer. 2 = ~microprocessor.,2.8
Micro-  | Form 1 small . 2 denoting a factor of one millionth  . ,Micro-  ,Form 1 small . 2 denoting a factor of one millionth  .,3.2
Microbe  | Micro-organism .  microbial adj. Microbic adj. ,Microbe  ,Micro-organism .  microbial adj. Microbic adj.,2.7
Microbiology  | The study of micro-organisms.  microbiologist n.,Microbiology  ,The study of micro-organisms.  microbiologist n.,2.9
Microchip  | Small piece of semiconductor  used to carry integrated circuits.,Microchip  ,Small piece of semiconductor  used to carry integrated circuits.,2.9
Microcircuit  | Integrated circuit on a microchip.,Microcircuit  ,Integrated circuit on a microchip.,2.8
"Microclimate  | Small localized climate, e.g. Inside a greenhouse.",Microclimate  ,"Small localized climate, e.g. Inside a greenhouse.",3.3
Microcomputer  | Small computer with a microprocessor as its central processor.,Microcomputer  ,Small computer with a microprocessor as its central processor.,3.7
"Microcosm  |  miniature representation, e.g. Mankind or a community seen as a small-scale model of the universe; epitome.  microcosmic adj. ",Microcosm  ,"miniature representation, e.g. Mankind or a community seen as a small-scale model of the universe; epitome.  microcosmic adj.",3.0
Microdot  | Microphotograph of a document etc. Reduced to the size of a dot.,Microdot  ,Microphotograph of a document etc. Reduced to the size of a dot.,2.9
"Micro-electronics  | Design, manufacture, and use of microchips and microcircuits.",Micro-electronics  ,"Design, manufacture, and use of microchips and microcircuits.",3.6
Microfiche  |  small flat piece of film bearing microphotographs of documents etc. ,Microfiche  ,small flat piece of film bearing microphotographs of documents etc.,2.6
Microfilm  —| Length of film bearing microphotographs of documents etc. —v. Photograph on microfilm.,Microfilm  ,Length of film bearing microphotographs of documents etc. —v. Photograph on microfilm.,3.1
Microlight  | A kind of motorized hang-glider.,Microlight  ,A kind of motorized hang-glider.,3.1
"Micromesh  |  Fine-meshed material, esp. Nylon.",Micromesh  ,"Fine-meshed material, esp. Nylon.",2.7
Micrometer  | Gauge for accurate small-scale measurement.,Micrometer  ,Gauge for accurate small-scale measurement.,3.1
Micron  | One-millionth of a metre. ,Micron  ,One-millionth of a metre.,3.2
"Micro-organism  | Microscopic organism, e.g. Bacteria, protozoa, and viruses.",Micro-organism  ,"Microscopic organism, e.g. Bacteria, protozoa, and viruses.",3.1
Microphone  | Instrument for converting sound waves into electrical energy for reconversion into sound after transmission or recording. ,Microphone  ,Instrument for converting sound waves into electrical energy for reconversion into sound after transmission or recording.,3.1
Microphotograph  | Photograph reduced to a very small size. ,Microphotograph  ,Photograph reduced to a very small size.,1.8
Microprocessor  | Integrated circuit containing all the functions of a computer's central processing unit.,Microprocessor  ,Integrated circuit containing all the functions of a computer's central processing unit.,3.8
Microscope  | Instrument with lenses for magnifying objects or details invisible to the naked eye. ,Microscope  ,Instrument with lenses for magnifying objects or details invisible to the naked eye.,3.0
Microscopic  | 1 visible only with a microscope. 2 extremely small. 3 of or by means of a microscope.  microscopically adv.,Microscopic  ,1 visible only with a microscope. 2 extremely small. 3 of or by means of a microscope.  microscopically adv.,3.0
Microscopy  | Use of microscopes.,Microscopy  ,Use of microscopes.,3.1
Microsecond  | One-millionth of a second.,Microsecond  ,One-millionth of a second.,2.9
Microsurgery  | Intricate surgery using microscopes.,Microsurgery  ,Intricate surgery using microscopes.,2.2
Microwave  —| 1 electromagnetic wave with a wavelength in the range 0.001–0.3m. 2  oven using microwaves to cook or heat food quickly. —v.  cook in a microwave oven.,Microwave  ,1 electromagnetic wave with a wavelength in the range 0.001–0.3m. 2  oven using microwaves to cook or heat food quickly. —v.  cook in a microwave oven.,3.3
Micturition  | Formal urination. ,Micturition  ,Formal urination.,2.8
Mid  | Adj.  The middle of . ,Mid  ,Adj.  The middle of .,2.8
Midday  |  Middle of the day; noon. ,Midday  ,Middle of the day; noon.,3.1
Midden  | 1 dunghill. 2 refuse heap. ,Midden  ,1 dunghill. 2 refuse heap.,2.7
"Middle  —| Adj. 1 at an equal distance, time, or number from extremities; central. 2 intermediate in rank, quality, etc. 3 average . —n. 1  middle point, position, or part. 2 waist.  in the middle of 1 in the process of. 2 during. ",Middle  ,"Adj. 1 at an equal distance, time, or number from extremities; central. 2 intermediate in rank, quality, etc. 3 average . —n. 1  middle point, position, or part. 2 waist.  in the middle of 1 in the process of. 2 during.",2.8
Middle age  | Period between youth and old age.  middle-aged adj.,Middle age  ,Period between youth and old age.  middle-aged adj.,2.9
Middle ages  |  period of european history from c.1000 to 1453.,Middle ages  ,period of european history from c.1000 to 1453.,3.1
Middle-age spread  |  increased bodily girth at middle age.,Middle-age spread  ,increased bodily girth at middle age.,3.1
Middlebrow  | —adj. Having or appealing to non-intellectual or conventional tastes. —n. Middlebrow person.,Middlebrow  ,—adj. Having or appealing to non-intellectual or conventional tastes. —n. Middlebrow person.,3.1
"Middle c  | C near the middle of the piano keyboard,  the note between the treble and bass staves.",Middle c  ,"C near the middle of the piano keyboard,  the note between the treble and bass staves.",2.7
"Middle class  | Social class between the upper and the lower, including professional and business workers.  middle-class adj.",Middle class  ,"Social class between the upper and the lower, including professional and business workers.  middle-class adj.",3.7
Middle distance  | 1  part between the foreground and the background. 2 athletics race distance of esp. 400 or 800 metres.,Middle distance  ,1  part between the foreground and the background. 2 athletics race distance of esp. 400 or 800 metres.,3.4
Middle ear  | Cavity behind the eardrum.,Middle ear  ,Cavity behind the eardrum.,3.2
Middle east  |  area covered by countries from egypt to iran inclusive.  middle eastern adj.,Middle east  ,area covered by countries from egypt to iran inclusive.  middle eastern adj.,2.7
Middle english  | English language from c.1150 to 1500.,Middle english  ,English language from c.1150 to 1500.,3.1
Middle game  | Central phase of a chess game.,Middle game  ,Central phase of a chess game.,3.3
Middleman  | 1 trader who handles a commodity between producer and consumer. 2 intermediary.,Middleman  ,1 trader who handles a commodity between producer and consumer. 2 intermediary.,3.0
Middle name  | 1 name between first name and surname. 2 colloq. Person's most characteristic quality .,Middle name  ,1 name between first name and surname. 2 colloq. Person's most characteristic quality .,2.5
Middle-of-the-road  | 1 moderate; avoiding extremes. 2 of general appeal.,Middle-of-the-road  ,1 moderate; avoiding extremes. 2 of general appeal.,3.1
Middle school  | School for children from about 9 to 13 years.,Middle school  ,School for children from about 9 to 13 years.,3.3
Middle-sized  | Of medium size.,Middle-sized  ,Of medium size.,3.3
"Middleweight  | 1 weight in certain sports between welterweight and light heavyweight, in amateur boxing 71–5 kg. 2 sportsman of this weight.",Middleweight  ,"1 weight in certain sports between welterweight and light heavyweight, in amateur boxing 71–5 kg. 2 sportsman of this weight.",3.0
"Middling  | Moderately good. —adv. Fairly, moderately.",Middling  ,"Moderately good. —adv. Fairly, moderately.",3.1
"Midfield  | Football central part of the pitch, away from the goals.  midfielder n.",Midfield  ,"Football central part of the pitch, away from the goals.  midfielder n.",3.2
Midge  | Gnatlike insect. ,Midge  ,Gnatlike insect.,2.9
Midget  | 1 extremely small person or thing. 2  Very small.,Midget  ,1 extremely small person or thing. 2  Very small.,3.2
"Midi  |  an interface allowing electronic musical instruments, synthesizers, and computers to be interconnected and used simultaneously. ",Midi  ,"an interface allowing electronic musical instruments, synthesizers, and computers to be interconnected and used simultaneously.",3.5
Midi system  | Set of compact stacking components of hi-fi equipment.,Midi system  ,Set of compact stacking components of hi-fi equipment.,3.8
Midland  —| 1  inland counties of central england. 2 middle part of a country. —adj. Of or in the midland or midlands.,Midland  ,1  inland counties of central england. 2 middle part of a country. —adj. Of or in the midland or midlands.,3.2
Mid-life  | Middle age.,Mid-life  ,Middle age.,3.2
Mid-life crisis  | Crisis of self-confidence in early middle age.,Mid-life crisis  ,Crisis of self-confidence in early middle age.,3.2
Midnight  | Middle of the night; 12 o'clock at night. ,Midnight  ,Middle of the night; 12 o'clock at night.,3.3
Midnight blue  | & n.  very dark blue.,Midnight blue  ,& n.  very dark blue.,2.5
Midnight sun  | Sun visible at midnight during the summer in polar regions.,Midnight sun  ,Sun visible at midnight during the summer in polar regions.,3.5
Mid-off  | Cricket position of the fielder near the bowler on the off side.,Mid-off  ,Cricket position of the fielder near the bowler on the off side.,3.3
Mid-on  | Cricket position of the fielder near the bowler on the on side.,Mid-on  ,Cricket position of the fielder near the bowler on the on side.,3.2
Midriff  | Front of the body just above the waist. ,Midriff  ,Front of the body just above the waist.,2.9
Midshipman  | Naval officer ranking next above a cadet.,Midshipman  ,Naval officer ranking next above a cadet.,3.2
Midships  | = ~amidships.,Midships  ,= ~amidships.,3.5
Midst  —| Poet. Amidst. —n. Middle.  in the midst of among; in the middle of. In our  midst among us . ,Midst  ,Poet. Amidst. —n. Middle.  in the midst of among; in the middle of. In our  midst among us .,3.4
Midstream  —| Middle of a stream etc. —adv.  in the middle of an action etc. .,Midstream  ,Middle of a stream etc. —adv.  in the middle of an action etc. .,2.9
"Midsummer  | Period of or near the summer solstice, about 21 june. ",Midsummer  ,"Period of or near the summer solstice, about 21 june.",2.9
Midsummer day  |  24 june.,Midsummer day  ,24 june.,3.0
Midsummer madness  | Extreme folly.,Midsummer madness  ,Extreme folly.,3.1
Midway  | In or towards the middle of the distance between two points.,Midway  ,In or towards the middle of the distance between two points.,3.3
Midwest  | Region of the us adjoining the northern mississippi.,Midwest  ,Region of the us adjoining the northern mississippi.,3.2
Midwicket  | Cricket position of a fielder on the leg side opposite the middle of the pitch.,Midwicket  ,Cricket position of a fielder on the leg side opposite the middle of the pitch.,3.4
Midwife  | Person trained to assist at childbirth.  midwifery n. ,Midwife  ,Person trained to assist at childbirth.  midwifery n.,2.9
"Midwinter  | Period of or near the winter solstice, about 22 dec. ",Midwinter  ,"Period of or near the winter solstice, about 22 dec.",3.2
Mien  | Literary person's look or bearing. ,Mien  ,Literary person's look or bearing.,2.8
Miff  | Colloq.  Offend. ,Miff  ,Colloq.  Offend.,2.8
"Might1  past of ~may, used esp.: 1 in reported speech, expressing possibility  or permission  . 2  Expressing a possibility based on a condition not fulfilled . 3  Expressing complaint that an obligation or expectation is not or has not been fulfilled . 4 expressing a request . 5 | A = ~may 1 . B  = ~may 2 . C = ~may 1 d .  might as well expressing lukewarm acquiescence .",Might1  past of ,A = ~may 1 . B  = ~may 2 . C = ~may 1 d .  might as well expressing lukewarm acquiescence .,3.0
"Might2  | Strength, power.  with might and main with all one's power. ",Might2  ,"Strength, power.  with might and main with all one's power.",2.8
Might-have-been  | Colloq. 1 past possibility that no longer applies. 2 person of unfulfilled promise.,Might-have-been  ,Colloq. 1 past possibility that no longer applies. 2 person of unfulfilled promise.,3.0
Mightn't  contr. Might not.,Mightn,Mightn't  contr. Might not.,2.9
"Mighty  |  1 powerful, strong. 2 massive, bulky. 3 colloq. Great, considerable. —adv. Colloq. Very .  mightily adv. Mightiness n. ",Mighty  ,"1 powerful, strong. 2 massive, bulky. 3 colloq. Great, considerable. —adv. Colloq. Very .  mightily adv. Mightiness n.",2.7
Mignonette  | Plant with fragrant grey-green flowers. ,Mignonette  ,Plant with fragrant grey-green flowers.,3.2
Migraine  | Recurrent throbbing headache often with nausea and visual disturbance. ,Migraine  ,Recurrent throbbing headache often with nausea and visual disturbance.,3.1
"Migrant  | Migrating. —n. Migrant person or animal, esp. A bird.",Migrant  ,"Migrating. —n. Migrant person or animal, esp. A bird.",2.5
"Migrate  |  1 move from one place and settle in another, esp. Abroad. 2  change its habitation seasonally. 3 move under natural forces.  migration n. Migrator n. Migratory adj. ",Migrate  ,"1 move from one place and settle in another, esp. Abroad. 2  change its habitation seasonally. 3 move under natural forces.  migration n. Migrator n. Migratory adj.",3.2
Mikado  |  hist. Emperor of japan. ,Mikado  ,hist. Emperor of japan.,3.1
Mike  | Colloq. Microphone. ,Mike  ,Colloq. Microphone.,2.8
"Mil  | One-thousandth of an inch, as a unit of measure for the diameter of wire etc. ",Mil  ,"One-thousandth of an inch, as a unit of measure for the diameter of wire etc.",2.8
Milady  |   english noblewoman. ,Milady  ,english noblewoman.,3.0
Milage  | Of ~mileage.,Milage  ,Of ~mileage.,2.9
Milch  | Giving milk. ,Milch  ,Giving milk.,2.8
Milch cow  | Source of easy profit.,Milch cow  ,Source of easy profit.,2.5
"Mild  | 1  gentle and conciliatory. 2 not severe or harsh. 3  moderately warm. 4  Not sharp or strong. 5 tame, feeble; lacking vivacity. —n. Dark mild draught beer .  mildish adj. Mildness n. ",Mild  ,"1  gentle and conciliatory. 2 not severe or harsh. 3  moderately warm. 4  Not sharp or strong. 5 tame, feeble; lacking vivacity. —n. Dark mild draught beer .  mildish adj. Mildness n.",2.8
"Mildew  —| 1 destructive growth of minute fungi on plants. 2 similar growth on damp paper, leather, etc. —v. Taint or be tainted with mildew.  mildewy adj. ",Mildew  ,"1 destructive growth of minute fungi on plants. 2 similar growth on damp paper, leather, etc. —v. Taint or be tainted with mildew.  mildewy adj.",2.9
Mildly  | In a mild fashion.  to put it mildly as an understatement.,Mildly  ,In a mild fashion.  to put it mildly as an understatement.,2.7
Mild-mannered  | = ~mild 1.,Mild-mannered  ,= ~mild 1.,3.1
Mild steel  | Strong and tough steel not readily tempered.,Mild steel  ,Strong and tough steel not readily tempered.,3.1
"Mile  | 1  unit of linear measure equal to 1,760 yards . 2  Colloq. Great distance or amount . 3 race extending over a mile. ",Mile  ,"1  unit of linear measure equal to 1,760 yards . 2  Colloq. Great distance or amount . 3 race extending over a mile.",3.2
"Mileage  |  1 number of miles travelled, esp. By a vehicle per unit of fuel. 2 colloq. Profit, advantage.",Mileage  ,"1 number of miles travelled, esp. By a vehicle per unit of fuel. 2 colloq. Profit, advantage.",3.8
Miler  | Colloq. Person or horse specializing in races of one mile.,Miler  ,Colloq. Person or horse specializing in races of one mile.,3.3
"Milestone  | 1 stone beside a road marking a distance in miles. 2 significant event or point in a life, history, project, etc.",Milestone  ,"1 stone beside a road marking a distance in miles. 2 significant event or point in a life, history, project, etc.",3.1
Milfoil  | Common yarrow with small white flowers. ,Milfoil  ,Common yarrow with small white flowers.,3.0
Milieu  |  person's environment or social surroundings. ,Milieu  ,person's environment or social surroundings.,2.8
Militant  | 1 combative; aggressively active in support of a cause. 2 engaged in warfare. —n. Militant person.  militancy n. Militantly adv. ,Militant  ,1 combative; aggressively active in support of a cause. 2 engaged in warfare. —n. Militant person.  militancy n. Militantly adv.,2.8
Militarism  | 1 aggressively military policy etc. 2 military spirit.  militarist n. Militaristic adj.,Militarism  ,1 aggressively military policy etc. 2 military spirit.  militarist n. Militaristic adj.,2.6
Militarize  |   1 equip with military resources. 2 make military or warlike. 3 imbue with militarism.  militarization n.,Militarize  ,1 equip with military resources. 2 make military or warlike. 3 imbue with militarism.  militarization n.,2.7
Military  | Of or characteristic of soldiers or armed forces. —n.  the army.  militarily adv. ,Military  ,Of or characteristic of soldiers or armed forces. —n.  the army.  militarily adv.,2.7
"Military honours  |pl. Burial rites of a soldier, royalty, etc., performed by the military.",Military honours  ,"pl. Burial rites of a soldier, royalty, etc., performed by the military.",3.6
Military police  |  Army police force disciplining soldiers.,Military police  ,Army police force disciplining soldiers.,3.4
Militate  |   have force or effect; tell. ,Militate  ,have force or effect; tell.,2.8
"Militia  | Military force, esp. One conscripted in an emergency.  militiaman n. ",Militia  ,"Military force, esp. One conscripted in an emergency.  militiaman n.",2.7
"Milk  —| 1 opaque white fluid secreted by female mammals for the nourishment of their young. 2 milk of cows, goats, or sheep as food. 3 milklike juice of the coconut etc. —v. 1 draw milk from . 2 exploit  to the utmost. ",Milk  ,"1 opaque white fluid secreted by female mammals for the nourishment of their young. 2 milk of cows, goats, or sheep as food. 3 milklike juice of the coconut etc. —v. 1 draw milk from . 2 exploit  to the utmost.",2.8
Milk and honey  | Abundance; prosperity.,Milk and honey  ,Abundance; prosperity.,3.2
"Milk and water  | Feeble or insipid writing, speech, etc.",Milk and water  ,"Feeble or insipid writing, speech, etc.",3.3
Milk chocolate  | Chocolate made with milk.,Milk chocolate  ,Chocolate made with milk.,2.8
Milk float  | Small usu. Electric vehicle used in delivering milk.,Milk float  ,Small usu. Electric vehicle used in delivering milk.,2.7
Milkmaid  | Girl or woman who milks cows or works in a dairy.,Milkmaid  ,Girl or woman who milks cows or works in a dairy.,2.9
Milkman  | Person who sells or delivers milk.,Milkman  ,Person who sells or delivers milk.,3.0
"Milk of magnesia  | Propr. White suspension of magnesium hydroxide usu. In water, taken as an antacid or laxative.",Milk of magnesia  ,"Propr. White suspension of magnesium hydroxide usu. In water, taken as an antacid or laxative.",2.7
Milk-powder  | Dehydrated milk.,Milk-powder  ,Dehydrated milk.,3.1
"Milk pudding  | Pudding, esp. Of rice, baked with milk.",Milk pudding  ,"Pudding, esp. Of rice, baked with milk.",2.9
Milk round  | 1 fixed route for milk delivery. 2 regular trip with calls at several places.,Milk round  ,1 fixed route for milk delivery. 2 regular trip with calls at several places.,2.8
Milk run  | Routine expedition etc.,Milk run  ,Routine expedition etc.,2.7
"Milk shake  | Drink of whisked milk, flavouring, etc.",Milk shake  ,"Drink of whisked milk, flavouring, etc.",2.3
Milksop  | Weak or timid man or youth.,Milksop  ,Weak or timid man or youth.,2.9
Milk tooth  | Temporary tooth in young mammals.,Milk tooth  ,Temporary tooth in young mammals.,3.1
"Milky  |  1 of, like, or mixed with milk. 2  cloudy; not clear.  milkiness n.",Milky  ,"1 of, like, or mixed with milk. 2  cloudy; not clear.  milkiness n.",2.7
Milky way  | Luminous band of stars; the galaxy.,Milky way  ,Luminous band of stars; the galaxy.,2.7
"Mill  —| 1 a building fitted with a mechanical device for grinding corn. B such a device. 2 device for grinding any solid to powder etc. . 3 a building fitted with machinery for manufacturing processes etc. . B such machinery. —v. 1  grind , produce , or hull  in a mill. 2  Produce a ribbed edge on . 3  cut or shape  with a rotating tool. 4  move aimlessly, esp. In a confused mass.  go  through the mill undergo  intensive work, pain, training, etc. ",Mill  ,"1 a building fitted with a mechanical device for grinding corn. B such a device. 2 device for grinding any solid to powder etc. . 3 a building fitted with machinery for manufacturing processes etc. . B such machinery. —v. 1  grind , produce , or hull  in a mill. 2  Produce a ribbed edge on . 3  cut or shape  with a rotating tool. 4  move aimlessly, esp. In a confused mass.  go  through the mill undergo  intensive work, pain, training, etc.",3.1
"Millefeuille  | Rich cake of puff pastry split and filled with jam, cream, etc. ",Millefeuille  ,"Rich cake of puff pastry split and filled with jam, cream, etc.",2.7
"Millennium  |  1 period of 1,000 years, esp. That of christ's prophesied reign on earth . 2  period of happiness and prosperity.  millennial adj. ",Millennium  ,"1 period of 1,000 years, esp. That of christ's prophesied reign on earth . 2  period of happiness and prosperity.  millennial adj.",3.2
Millepede  | Of ~millipede.,Millepede  ,Of ~millipede.,3.0
"Miller  | 1 proprietor or tenant of a mill, esp. A corn-mill. 2 person operating a milling machine. ",Miller  ,"1 proprietor or tenant of a mill, esp. A corn-mill. 2 person operating a milling machine.",2.7
Miller's thumb  | Small spiny freshwater fish.,Miller,Small spiny freshwater fish.,2.7
"Millesimal  | 1 thousandth. 2 of, belonging to, or dealing with, a thousandth or thousandths. —n. Thousandth part. ",Millesimal  ,"1 thousandth. 2 of, belonging to, or dealing with, a thousandth or thousandths. —n. Thousandth part.",2.7
Millet  | 1 cereal plant bearing small nutritious seeds. 2 seed of this. ,Millet  ,1 cereal plant bearing small nutritious seeds. 2 seed of this.,2.9
Millet-grass  | Tall woodland grass.,Millet-grass  ,Tall woodland grass.,3.3
"Milli-  | Form thousand, esp. Denoting a factor of one thousandth. ",Milli-  ,"Form thousand, esp. Denoting a factor of one thousandth.",2.5
Milliard  | One thousand million. ,Milliard  ,One thousand million.,3.1
Millibar  | Unit of atmospheric pressure equivalent to 100 pascals.,Millibar  ,Unit of atmospheric pressure equivalent to 100 pascals.,2.7
Milligram  |  one-thousandth of a gram.,Milligram  ,one-thousandth of a gram.,2.7
Milliliter  |  one-thousandth of a litre .,Milliliter  ,one-thousandth of a litre .,3.1
Millilitre  |  one-thousandth of a litre .,Millilitre  ,one-thousandth of a litre .,3.1
Millimeter  |  one-thousandth of a metre .,Millimeter  ,one-thousandth of a metre .,3.0
Millimetre  |  one-thousandth of a metre .,Millimetre  ,one-thousandth of a metre .,3.2
Milliner  | Person who makes or sells women's hats.  millinery n. ,Milliner  ,Person who makes or sells women's hats.  millinery n.,2.8
Million  | & adj.  -s)  1 thousand thousand. 2  Colloq. Very large number. 3 million pounds or dollars.  millionth adj. & n. ,Million  ,& adj.  -s)  1 thousand thousand. 2  Colloq. Very large number. 3 million pounds or dollars.  millionth adj. & n.,2.4
"Millionaire  |  person who has over a million pounds, dollars, etc. ",Millionaire  ,"person who has over a million pounds, dollars, etc.",2.6
Millipede  |  small crawling invertebrate with a long segmented body with two pairs of legs on each segment. ,Millipede  ,small crawling invertebrate with a long segmented body with two pairs of legs on each segment.,2.9
Millisecond  | One-thousandth of a second.,Millisecond  ,One-thousandth of a second.,2.3
Millpond  | Pool of water retained by a dam for operating a mill-wheel.  like a millpond  very calm.,Millpond  ,Pool of water retained by a dam for operating a mill-wheel.  like a millpond  very calm.,2.4
Mill-race  | Current of water that drives a mill-wheel.,Mill-race  ,Current of water that drives a mill-wheel.,2.9
Millstone  | 1 each of two circular stones for grinding corn. 2 heavy burden or responsibility.,Millstone  ,1 each of two circular stones for grinding corn. 2 heavy burden or responsibility.,2.9
Mill-wheel  | Wheel used to drive a water-mill.,Mill-wheel  ,Wheel used to drive a water-mill.,3.0
Millworker  | Factory worker.,Millworker  ,Factory worker.,3.1
Millwright  | Person who designs or builds mills.,Millwright  ,Person who designs or builds mills.,2.3
Milometer  | Instrument for measuring the number of miles travelled by a vehicle.,Milometer  ,Instrument for measuring the number of miles travelled by a vehicle.,3.1
Milord  |  english nobleman. ,Milord  ,english nobleman.,2.8
Milt  | 1 spleen in mammals. 2 sperm-filled reproductive gland or the sperm of a male fish. ,Milt  ,1 spleen in mammals. 2 sperm-filled reproductive gland or the sperm of a male fish.,2.8
"Mime  —| 1 acting without words, using only gestures. 2 performance using mime. 3  mime actor. —v.  1  Convey by mime. 2  mouth words etc. In time with a soundtrack . ",Mime  ,"1 acting without words, using only gestures. 2 performance using mime. 3  mime actor. —v.  1  Convey by mime. 2  mouth words etc. In time with a soundtrack .",2.8
Mimeograph  —| 1 machine which duplicates from a stencil. 2 copy so produced. —v. Reproduce by this process. ,Mimeograph  ,1 machine which duplicates from a stencil. 2 copy so produced. —v. Reproduce by this process.,2.8
Mimetic  | Of or practising imitation or mimicry. ,Mimetic  ,Of or practising imitation or mimicry.,3.0
Mimic  |  1 imitate  Esp. To entertain or ridicule. 2 copy minutely or servilely. 3 resemble closely. —n. Person skilled in imitation.  mimicry n. ,Mimic  ,1 imitate  Esp. To entertain or ridicule. 2 copy minutely or servilely. 3 resemble closely. —n. Person skilled in imitation.  mimicry n.,2.8
Mimosa  | 1 shrub with globular usu. Yellow flowers. 2 acacia plant with showy yellow flowers. ,Mimosa  ,1 shrub with globular usu. Yellow flowers. 2 acacia plant with showy yellow flowers.,2.8
Mina  | Of ~myna.,Mina  ,Of ~myna.,2.8
"Minaret  | Slender turret next to a mosque, from which the muezzin calls at hours of prayer. ",Minaret  ,"Slender turret next to a mosque, from which the muezzin calls at hours of prayer.",3.4
"Minatory  | Formal threatening, menacing. ",Minatory  ,"Formal threatening, menacing.",2.9
Mince  |  1 cut up or grind  finely. 2  Speak or esp. Walk effeminately or affectedly. —n. Minced meat.  mince matters   Speak evasively or unduly mildly.  mincer n. ,Mince  ,1 cut up or grind  finely. 2  Speak or esp. Walk effeminately or affectedly. —n. Minced meat.  mince matters   Speak evasively or unduly mildly.  mincer n.,2.7
"Mincemeat  | Mixture of currants, sugar, spices, suet, etc.  make mincemeat of utterly defeat.",Mincemeat  ,"Mixture of currants, sugar, spices, suet, etc.  make mincemeat of utterly defeat.",2.8
Mince pie  | Pie containing mincemeat.,Mince pie  ,Pie containing mincemeat.,2.9
"Mind  —| 1 a seat of consciousness, thought, volition, and feeling. B attention, concentration . 2 intellect. 3 memory . 4 opinion . 5 way of thinking or feeling . 6 focussed will . 7 sanity . 8 person in regard to mental faculties . —v.",Mind  ,"1 a seat of consciousness, thought, volition, and feeling. B attention, concentration . 2 intellect. 3 memory . 4 opinion . 5 way of thinking or feeling . 6 focussed will . 7 sanity . 8 person in regard to mental faculties . —v.",2.8
Mind-blowing  | Slang 1 mind-boggling; overwhelming. 2  Inducing hallucinations.,Mind-blowing  ,Slang 1 mind-boggling; overwhelming. 2  Inducing hallucinations.,2.5
"Mind-boggling  | Colloq. Unbelievable, startling.",Mind-boggling  ,"Colloq. Unbelievable, startling.",2.6
"Minded  | 1  A inclined to think in some specified way, or with a specified interest . B having a specified kind of mind . 2  Disposed or inclined.",Minded  ,"1  A inclined to think in some specified way, or with a specified interest . B having a specified kind of mind . 2  Disposed or inclined.",2.7
Minder  | 1  Person employed to look after a person or thing . 2 slang bodyguard.,Minder  ,1  Person employed to look after a person or thing . 2 slang bodyguard.,2.7
Mindful  |  taking heed or care; giving thought .  mindfully adv.,Mindful  ,taking heed or care; giving thought .  mindfully adv.,2.6
Mindless  | 1 lacking intelligence; brutish . 2 not requiring thought or skill . 3  heedless of .  mindlessly adv. Mindlessness n.,Mindless  ,1 lacking intelligence; brutish . 2 not requiring thought or skill . 3  heedless of .  mindlessly adv. Mindlessness n.,2.7
Mind-read  | Discern the thoughts of .  mind-reader n.,Mind-read  ,Discern the thoughts of .  mind-reader n.,2.9
Mine1  poss. Pro| The one of or belonging to me .  of mine of or belonging to me . ,Mine1  poss,The one of or belonging to me .  of mine of or belonging to me .,2.8
"Mine2  —| 1 excavation to extract metal, coal, salt, etc. 2 abundant source . 3 military explosive device placed in the ground or in the water. —v.  1 obtain  From a mine. 2  dig in  For ore etc. Or to tunnel. 3 lay explosive mines under or in.  mining n. ",Mine2  ,"1 excavation to extract metal, coal, salt, etc. 2 abundant source . 3 military explosive device placed in the ground or in the water. —v.  1 obtain  From a mine. 2  dig in  For ore etc. Or to tunnel. 3 lay explosive mines under or in.  mining n.",2.7
Minefield  | 1 area planted with explosive mines. 2 colloq. Hazardous subject or situation.,Minefield  ,1 area planted with explosive mines. 2 colloq. Hazardous subject or situation.,3.1
Minelayer  | Ship or aircraft for laying explosive mines.,Minelayer  ,Ship or aircraft for laying explosive mines.,3.0
Miner  | Person who works in a mine. ,Miner  ,Person who works in a mine.,3.2
Mineral  |  1 inorganic substance. 2 substance obtained by mining. 3   Artificial mineral water or similar carbonated drink. ,Mineral  ,1 inorganic substance. 2 substance obtained by mining. 3   Artificial mineral water or similar carbonated drink.,2.8
Mineralize  |   impregnate  With a mineral substance.,Mineralize  ,impregnate  With a mineral substance.,2.5
Mineralogy  | The study of minerals.  mineralogical adj. Mineralogist n.,Mineralogy  ,The study of minerals.  mineralogical adj. Mineralogist n.,3.2
"Mineral water  | 1 natural water often containing dissolved salts. 2 artificial imitation of this, esp. Soda water.",Mineral water  ,"1 natural water often containing dissolved salts. 2 artificial imitation of this, esp. Soda water.",2.6
"Minestrone  | Soup containing vegetables and pasta, beans, or rice. ",Minestrone  ,"Soup containing vegetables and pasta, beans, or rice.",3.6
Minesweeper  | Ship for clearing explosive mines from the sea.,Minesweeper  ,Ship for clearing explosive mines from the sea.,3.0
Mineworker  | Miner.,Mineworker  ,Miner.,3.3
Ming  |  Chinese porcelain made during the ming dynasty .,Ming  ,Chinese porcelain made during the ming dynasty .,3.3
"Mingle  |  1 mix, blend. 2  mix socially. ",Mingle  ,"1 mix, blend. 2  mix socially.",3.1
"Mingy  |  colloq. Mean, stingy.  mingily adv. ",Mingy  ,"colloq. Mean, stingy.  mingily adv.",3.0
Mini  |  1 colloq. Miniskirt. 2  propr. Make of small car. ,Mini  ,1 colloq. Miniskirt. 2  propr. Make of small car.,2.9
Mini-  | Form miniature; small of its kind .,Mini-  ,Form miniature; small of its kind .,3.5
Miniature  | 1 much smaller than normal. 2 represented on a small scale. —n. 1 any miniature object. 2 detailed small-scale portrait. 3 this genre.  in miniature on a small scale.  miniaturist n. . ,Miniature  ,1 much smaller than normal. 2 represented on a small scale. —n. 1 any miniature object. 2 detailed small-scale portrait. 3 this genre.  in miniature on a small scale.  miniaturist n. .,2.9
Miniaturize  |   produce in a smaller version; make small.  miniaturization n.,Miniaturize  ,produce in a smaller version; make small.  miniaturization n.,3.0
Minibus  | Small bus for about twelve passengers.,Minibus  ,Small bus for about twelve passengers.,4.0
"Minicab  | Car used as a taxi, hireable only by telephone.",Minicab  ,"Car used as a taxi, hireable only by telephone.",3.1
Minicomputer  | Computer of medium power.,Minicomputer  ,Computer of medium power.,3.7
"Minim  | 1 mus. Note equal to two crotchets or half a semibreve. 2 one-sixtieth of a fluid drachm, about a drop. ",Minim  ,"1 mus. Note equal to two crotchets or half a semibreve. 2 one-sixtieth of a fluid drachm, about a drop.",3.4
Minima  pl. Of ~minimum.,Minima  pl,Minima  pl. Of ~minimum.,2.7
Minimal  | 1 very minute or slight. 2 being a minimum.  minimally adv.,Minimal  ,1 very minute or slight. 2 being a minimum.  minimally adv.,2.7
"Minimalism  | 1 art use of simple or primary forms, often geometric and massive. 2 mus. Repetition of short phrases incorporating changes very gradually.  minimalist n. & adj.",Minimalism  ,"1 art use of simple or primary forms, often geometric and massive. 2 mus. Repetition of short phrases incorporating changes very gradually.  minimalist n. & adj.",2.9
"Minimize  |   1 reduce to, or estimate at, the smallest possible amount or degree. 2 estimate or represent at less than true value or importance.  minimization n.",Minimize  ,"1 reduce to, or estimate at, the smallest possible amount or degree. 2 estimate or represent at less than true value or importance.  minimization n.",3.1
Minimum   —| Least possible or attainable amount . —adj. That is a minimum. ,Minimum   ,Least possible or attainable amount . —adj. That is a minimum.,3.1
Minimum wage  | Lowest wage permitted by law or agreement.,Minimum wage  ,Lowest wage permitted by law or agreement.,2.9
Minion  | Derog. Servile subordinate. ,Minion  ,Derog. Servile subordinate.,3.2
Minipill  | Contraceptive pill containing a progestogen only .,Minipill  ,Contraceptive pill containing a progestogen only .,3.6
Miniseries  |  short series of related television programmes.,Miniseries  ,short series of related television programmes.,2.8
Miniskirt  | Very short skirt.,Miniskirt  ,Very short skirt.,3.5
"Minister  —| 1 head of a government department. 2 clergyman, esp. In the presbyterian and nonconformist churches. 3 diplomat, usu. Ranking below an ambassador. —v.  help, serve, look after .  ministerial adj. ",Minister  ,"1 head of a government department. 2 clergyman, esp. In the presbyterian and nonconformist churches. 3 diplomat, usu. Ranking below an ambassador. —v.  help, serve, look after .  ministerial adj.",3.4
"Minister of state  | Government minister, esp. Holding a rank below that of head of department.",Minister of state  ,"Government minister, esp. Holding a rank below that of head of department.",3.4
Minister of the crown  | Parl. Member of the cabinet.,Minister of the crown  ,Parl. Member of the cabinet.,3.9
Minister without portfolio  | Government minister not in charge of a specific department of state.,Minister without portfolio  ,Government minister not in charge of a specific department of state.,3.5
"Ministration  | 1  Help or service . 2 ministering, esp. In religious matters. 3  supplying of help, justice, etc.  ministrant adj. & n. ",Ministration  ,"1  Help or service . 2 ministering, esp. In religious matters. 3  supplying of help, justice, etc.  ministrant adj. & n.",3.3
"Ministry  |  1 a government department headed by a minister. B building for this. 2 a  vocation, office, or profession of a religious minister. B period of tenure of this. 3  body of ministers of a government or religion. 4 period of government under one prime minister. 5 ministering, ministration. ",Ministry  ,"1 a government department headed by a minister. B building for this. 2 a  vocation, office, or profession of a religious minister. B period of tenure of this. 3  body of ministers of a government or religion. 4 period of government under one prime minister. 5 ministering, ministration.",2.7
Mink  |  1 small semi-aquatic stoatlike animal bred for its thick brown fur. 2 this fur. 3 coat of this. ,Mink  ,1 small semi-aquatic stoatlike animal bred for its thick brown fur. 2 this fur. 3 coat of this.,2.7
Minnow  | Small freshwater carp. ,Minnow  ,Small freshwater carp.,2.9
Minoan  | Of the bronze age civilization centred on crete . —n. Person of this civilization. ,Minoan  ,Of the bronze age civilization centred on crete . —n. Person of this civilization.,3.3
"Minor  | 1 lesser or comparatively small in size or importance . 2 mus. A  having intervals of a semitone above its second, fifth, and seventh notes. B  less by a semitone than a major interval. C  based on a minor scale. —n. 1 person under full legal age. 2 us student's subsidiary subject or course. —v.  us study  as a subsidiary. ",Minor  ,"1 lesser or comparatively small in size or importance . 2 mus. A  having intervals of a semitone above its second, fifth, and seventh notes. B  less by a semitone than a major interval. C  based on a minor scale. —n. 1 person under full legal age. 2 us student's subsidiary subject or course. —v.  us study  as a subsidiary.",2.7
"Minority  |  1  smaller number or part, esp. In politics. 2 state of having less than half the votes or support . 3 small group of people differing from others in race, religion, language, etc. 4  Of or done by the minority .  5 a being under full legal age.",Minority  ,"1  smaller number or part, esp. In politics. 2 state of having less than half the votes or support . 3 small group of people differing from others in race, religion, language, etc. 4  Of or done by the minority .  5 a being under full legal age.",2.8
Minster  | 1 large or important church. 2 church of a monastery. ,Minster  ,1 large or important church. 2 church of a monastery.,3.2
Minstrel  | 1 medieval singer or musician. 2  Entertainer with a blacked face singing ostensibly black songs in a group. ,Minstrel  ,1 medieval singer or musician. 2  Entertainer with a blacked face singing ostensibly black songs in a group.,2.7
Mint1  | 1 aromatic herb used in cooking. 2 peppermint. 3 peppermint sweet.  minty adj. . ,Mint1  ,1 aromatic herb used in cooking. 2 peppermint. 3 peppermint sweet.  minty adj. .,2.9
"Mint2  —| 1  establishment where money is coined. 2 colloq. Vast sum . —v. 1 make  by stamping metal. 2 invent, coin .  in mint condition as new. ",Mint2  ,"1  establishment where money is coined. 2 colloq. Vast sum . —v. 1 make  by stamping metal. 2 invent, coin .  in mint condition as new.",3.1
"Minuet  —| 1 slow stately dance for two in triple time. 2 music for this, often as a movement in a suite etc. —v.  dance a minuet. ",Minuet  ,"1 slow stately dance for two in triple time. 2 music for this, often as a movement in a suite etc. —v.  dance a minuet.",3.0
Minus  —| 1 with the subtraction of . 2 below zero . 3 colloq. Lacking . —adj. 1 math. Negative. 2 electronics having a negative charge. —n. 1 = ~minus sign. 2 math. Negative quantity. 3 colloq. Disadvantage. ,Minus  ,1 with the subtraction of . 2 below zero . 3 colloq. Lacking . —adj. 1 math. Negative. 2 electronics having a negative charge. —n. 1 = ~minus sign. 2 math. Negative quantity. 3 colloq. Disadvantage.,2.7
Minuscule  | Colloq. Extremely small or unimportant. ,Minuscule  ,Colloq. Extremely small or unimportant.,2.8
"Minus sign  | The symbol –, indicating subtraction or a negative value.",Minus sign  ,"The symbol –, indicating subtraction or a negative value.",2.1
Minute1  —| 1 sixtieth part of an hour. 2 distance covered in one minute . 3 a moment . B  colloq. Present time . C  as soon as . 4 sixtieth part of an angular degree. 5  Summary of the proceedings of a meeting. 6 official memorandum authorizing or recommending a course of action. —v.  1 record in minutes. 2 send the minutes of a meeting to.  up to the minute completely up to date. ,Minute1  ,1 sixtieth part of an hour. 2 distance covered in one minute . 3 a moment . B  colloq. Present time . C  as soon as . 4 sixtieth part of an angular degree. 5  Summary of the proceedings of a meeting. 6 official memorandum authorizing or recommending a course of action. —v.  1 record in minutes. 2 send the minutes of a meeting to.  up to the minute completely up to date.,2.7
"Minute2  |  1 very small. 2 accurate, detailed.  minutely adv. ",Minute2  ,"1 very small. 2 accurate, detailed.  minutely adv.",2.4
Minute steak  | Thin quickly-cooked slice of steak.,Minute steak  ,Thin quickly-cooked slice of steak.,2.7
"Minutiae  |pl. Very small, precise, or minor details. ",Minutiae  ,"pl. Very small, precise, or minor details.",2.2
"Minx  | Pert, sly, or playful girl. ",Minx  ,"Pert, sly, or playful girl.",3.0
Miocene  geol. | Of the fourth epoch of the tertiary period. —n. This epoch. ,Miocene  geol,Of the fourth epoch of the tertiary period. —n. This epoch.,2.9
"Miracle  | 1 extraordinary, supposedly supernatural, event. 2 remarkable occurrence or development . 3  remarkable specimen . ",Miracle  ,"1 extraordinary, supposedly supernatural, event. 2 remarkable occurrence or development . 3  remarkable specimen .",3.1
Miracle play  | Medieval play on biblical themes.,Miracle play  ,Medieval play on biblical themes.,3.1
"Miraculous  | 1 being a miracle. 2 supernatural. 3 remarkable, surprising.  miraculously adv. ",Miraculous  ,"1 being a miracle. 2 supernatural. 3 remarkable, surprising.  miraculously adv.",2.2
"Mirage  | 1 optical illusion caused by atmospheric conditions, esp. The appearance of a pool of water in a desert etc. From the reflection of light. 2 illusory thing. ",Mirage  ,"1 optical illusion caused by atmospheric conditions, esp. The appearance of a pool of water in a desert etc. From the reflection of light. 2 illusory thing.",3.3
"Mire  —| 1 area of swampy ground. 2 mud, dirt. —v.  1 plunge or sink in a mire. 2 involve in difficulties. 3 bespatter; besmirch.  miry adj. ",Mire  ,"1 area of swampy ground. 2 mud, dirt. —v.  1 plunge or sink in a mire. 2 involve in difficulties. 3 bespatter; besmirch.  miry adj.",2.7
"Mirror  —| 1 polished surface, usu. Of coated glass, reflecting an image. 2 anything reflecting or illuminating a state of affairs etc. —v. Reflect in or as in a mirror. ",Mirror  ,"1 polished surface, usu. Of coated glass, reflecting an image. 2 anything reflecting or illuminating a state of affairs etc. —v. Reflect in or as in a mirror.",3.0
Mirror image  | Identical image or reflection with left and right reversed.,Mirror image  ,Identical image or reflection with left and right reversed.,3.1
"Mirth  | Merriment, laughter.  mirthful adj. ",Mirth  ,"Merriment, laughter.  mirthful adj.",2.9
Misadventure  | 1 law accident without crime or negligence . 2 bad luck. 3 a misfortune.,Misadventure  ,1 law accident without crime or negligence . 2 bad luck. 3 a misfortune.,3.5
"Misalliance  | Unsuitable alliance, esp. A marriage.",Misalliance  ,"Unsuitable alliance, esp. A marriage.",2.8
Misanthrope  |  1 person who hates mankind. 2 person who avoids human society.  misanthropic adj. Misanthropically adv. ,Misanthrope  ,1 person who hates mankind. 2 person who avoids human society.  misanthropic adj. Misanthropically adv.,3.1
Misanthropy  | Condition or habits of a misanthrope.,Misanthropy  ,Condition or habits of a misanthrope.,2.9
Misapply  |  apply  wrongly.  misapplication n.,Misapply  ,apply  wrongly.  misapplication n.,2.3
Misapprehend  | Misunderstand .  misapprehension n.,Misapprehend  ,Misunderstand .  misapprehension n.,1.7
Misappropriate  |  take  For one's own use; embezzle.  misappropriation n.,Misappropriate  ,take  For one's own use; embezzle.  misappropriation n.,1.5
"Misbegotten  | 1 illegitimate, bastard. 2 contemptible, disreputable.",Misbegotten  ,"1 illegitimate, bastard. 2 contemptible, disreputable.",3.9
Misbehave  | & refl.  behave badly.  misbehaviour n.,Misbehave  ,& refl.  behave badly.  misbehaviour n.,2.7
Miscalculate  |  calculate wrongly.  miscalculation n.,Miscalculate  ,calculate wrongly.  miscalculation n.,2.5
Miscarriage  | Spontaneous premature expulsion of a foetus from the womb.,Miscarriage  ,Spontaneous premature expulsion of a foetus from the womb.,2.3
Miscarriage of justice  | Failure of the judicial system to attain justice.,Miscarriage of justice  ,Failure of the judicial system to attain justice.,2.9
Miscarry  |  1  have a miscarriage. 2  Fail.,Miscarry  ,1  have a miscarriage. 2  Fail.,2.6
Miscast  |  allot an unsuitable part to  or unsuitable actors to .,Miscast  ,allot an unsuitable part to  or unsuitable actors to .,3.2
"Miscegenation  | Interbreeding of races, esp. Of whites and non-whites. ",Miscegenation  ,"Interbreeding of races, esp. Of whites and non-whites.",2.0
Miscellaneous  | 1 of mixed composition or character. 2  of various kinds.  miscellaneously adv. ,Miscellaneous  ,1 of mixed composition or character. 2  of various kinds.  miscellaneously adv.,2.9
"Miscellany  |  1 mixture, medley. 2 book containing various literary compositions. ",Miscellany  ,"1 mixture, medley. 2 book containing various literary compositions.",2.7
Mischance  | 1 bad luck. 2 instance of this. ,Mischance  ,1 bad luck. 2 instance of this.,2.8
"Mischief  | 1 troublesome, but not malicious, conduct, esp. Of children . 2 playfulness; malice . 3 harm, injury .  make mischief create discord.  ",Mischief  ,"1 troublesome, but not malicious, conduct, esp. Of children . 2 playfulness; malice . 3 harm, injury .  make mischief create discord.",2.6
Mischievous  | 1  disposed to mischief. 2  playful; malicious. 3 harmful.  mischievously adv. Mischievousness n.,Mischievous  ,1  disposed to mischief. 2  playful; malicious. 3 harmful.  mischievously adv. Mischievousness n.,2.9
Miscible  | Capable of being mixed.  miscibility n. ,Miscible  ,Capable of being mixed.  miscibility n.,3.0
"Misconceive  |  1  have a wrong idea or conception. 2  Badly planned, organized, etc.   misconception n. ",Misconceive  ,"1  have a wrong idea or conception. 2  Badly planned, organized, etc.   misconception n.",2.8
Misconduct  | Improper or unprofessional behaviour.,Misconduct  ,Improper or unprofessional behaviour.,2.6
Misconstrue  |  interpret wrongly.  misconstruction n.,Misconstrue  ,interpret wrongly.  misconstruction n.,2.1
Miscopy  |  copy inaccurately.,Miscopy  ,copy inaccurately.,2.8
Miscount  |  Count inaccurately. —n. Inaccurate count.,Miscount  ,Count inaccurately. —n. Inaccurate count.,2.4
"Miscreant  | Vile wretch, villain. ",Miscreant  ,"Vile wretch, villain.",2.4
"Misdeed  | Evil deed, wrongdoing, crime. ",Misdeed  ,"Evil deed, wrongdoing, crime.",2.0
Misdemeanor  |  1 misdeed. 2  hist indictable offence less serious than a felony. ,Misdemeanor  ,1 misdeed. 2  hist indictable offence less serious than a felony.,2.8
Misdemeanour  |  1 misdeed. 2  hist indictable offence less serious than a felony. ,Misdemeanour  ,1 misdeed. 2  hist indictable offence less serious than a felony.,2.4
Misdiagnose  |  diagnose incorrectly.  misdiagnosis n.,Misdiagnose  ,diagnose incorrectly.  misdiagnosis n.,3.1
Misdial  |   dial  Incorrectly.,Misdial  ,dial  Incorrectly.,2.7
Misdirect  | Direct wrongly.  misdirection n.,Misdirect  ,Direct wrongly.  misdirection n.,2.6
Misdoing  | Misdeed.,Misdoing  ,Misdeed.,1.9
Miser  | 1 person who hoards wealth and lives miserably. 2 avaricious person.  miserly adj. ,Miser  ,1 person who hoards wealth and lives miserably. 2 avaricious person.  miserly adj.,2.7
"Miserable  | 1 wretchedly unhappy or uncomfortable. 2 contemptible, mean. 3 causing wretchedness or discomfort .  miserableness n. Miserably adv. ",Miserable  ,"1 wretchedly unhappy or uncomfortable. 2 contemptible, mean. 3 causing wretchedness or discomfort .  miserableness n. Miserably adv.",2.6
Misericord  | Projection under a choir stall seat serving  to support a person standing. ,Misericord  ,Projection under a choir stall seat serving  to support a person standing.,2.7
Misery  |  1 condition or feeling of wretchedness. 2 cause of this. 3 colloq. Constantly depressed or discontented person. ,Misery  ,1 condition or feeling of wretchedness. 2 cause of this. 3 colloq. Constantly depressed or discontented person.,2.7
Misfield  |   Field  badly. —n. Instance of this. ,Misfield  ,Field  badly. —n. Instance of this.,2.8
Misfire  |  1  Fail to go off or start or function smoothly. 2  Fail to have the intended effect. —n. Such failure.,Misfire  ,1  Fail to go off or start or function smoothly. 2  Fail to have the intended effect. —n. Such failure.,3.3
"Misfit  | 1 person unsuited to an environment, occupation, etc. 2 garment etc. That does not fit.",Misfit  ,"1 person unsuited to an environment, occupation, etc. 2 garment etc. That does not fit.",3.2
Misfortune  | 1 bad luck. 2 instance of this.,Misfortune  ,1 bad luck. 2 instance of this.,3.1
Misgive  |   Fill  with suspicion or foreboding.,Misgive  ,Fill  with suspicion or foreboding.,2.9
Misgiving  |  Feeling of mistrust or apprehension.,Misgiving  ,Feeling of mistrust or apprehension.,2.8
Misgovern  | Govern badly.  misgovernment n.,Misgovern  ,Govern badly.  misgovernment n.,2.5
Misguided  | Mistaken in thought or action.  misguidedly adv. Misguidedness n.,Misguided  ,Mistaken in thought or action.  misguidedly adv. Misguidedness n.,2.4
Mishandle  |  1 deal with incorrectly or inefficiently. 2 handle roughly or rudely.,Mishandle  ,1 deal with incorrectly or inefficiently. 2 handle roughly or rudely.,2.4
Mishap  | Unlucky accident.,Mishap  ,Unlucky accident.,2.5
Mishear  |  hear incorrectly or imperfectly.,Mishear  ,hear incorrectly or imperfectly.,2.6
Mishit  |  hit  Badly. —n. Faulty or bad hit.,Mishit  ,hit  Badly. —n. Faulty or bad hit.,3.9
Mishmash  | Confused mixture. ,Mishmash  ,Confused mixture.,3.0
"Misinform  | Give wrong information to, mislead.  misinformation n. ",Misinform  ,"Give wrong information to, mislead.  misinformation n.",2.3
Misinterpret  |  1 interpret wrongly. 2 draw a wrong inference from.  misinterpretation n.,Misinterpret  ,1 interpret wrongly. 2 draw a wrong inference from.  misinterpretation n.,2.8
Misjudge  |   1 judge wrongly. 2 have a wrong opinion of.  misjudgement n. .,Misjudge  ,1 judge wrongly. 2 have a wrong opinion of.  misjudgement n. .,2.7
Miskey  |  key  wrongly.,Miskey  ,key  wrongly.,2.9
Mislay  |  accidentally put  where it cannot readily be found.,Mislay  ,accidentally put  where it cannot readily be found.,2.9
Mislead  |  cause to infer what is not true; deceive. misleading adj. ,Mislead  ,cause to infer what is not true; deceive. misleading adj.,2.5
Mismanage  |  manage badly or wrongly.  mismanagement n. ,Mismanage  ,manage badly or wrongly.  mismanagement n.,3.3
Mismatch  | Match unsuitably or incorrectly. —n. Bad match.,Mismatch  ,Match unsuitably or incorrectly. —n. Bad match.,2.8
Misnomer  | 1 name or term used wrongly. 2 wrong use of a name or term. ,Misnomer  ,1 name or term used wrongly. 2 wrong use of a name or term.,2.8
Misogyny  | Hatred of women.  misogynist n. Misogynistic adj. ,Misogyny  ,Hatred of women.  misogynist n. Misogynistic adj.,2.4
Misplace  |  1 put in the wrong place. 2 bestow  On an inappropriate object.  misplacement n.,Misplace  ,1 put in the wrong place. 2 bestow  On an inappropriate object.  misplacement n.,2.7
Misprint  —| Printing error. —v. Print wrongly.,Misprint  ,Printing error. —v. Print wrongly.,3.1
"Misprision  | Law 1  deliberate concealment of one's knowledge of a crime, treason, etc. 2 wrong action or omission. ",Misprision  ,"Law 1  deliberate concealment of one's knowledge of a crime, treason, etc. 2 wrong action or omission.",2.8
Mispronounce  |  pronounce  Wrongly.  mispronunciation n. ,Mispronounce  ,pronounce  Wrongly.  mispronunciation n.,2.5
Misquote  |  quote inaccurately.  misquotation n.,Misquote  ,quote inaccurately.  misquotation n.,2.3
Misread  |  read or interpret wrongly.,Misread  ,read or interpret wrongly.,2.8
Misrepresent  | Represent wrongly; give a false account or idea of.  misrepresentation n.,Misrepresent  ,Represent wrongly; give a false account or idea of.  misrepresentation n.,2.2
Misrule  —| Bad government; disorder. —v.  govern badly.,Misrule  ,Bad government; disorder. —v.  govern badly.,2.8
"Miss1  | 1  Fail to hit, reach, find, catch, etc. . 2 fail to catch  Or see  or meet . 3 fail to seize  . 4 fail to hear or understand . 5 a regret the loss or absence of . B notice the loss or absence of . 6 avoid . 7   Fail, misfire. —n. Failure to hit, reach, attain, connect, etc.  be missing not have  .",Miss1  ,"1  Fail to hit, reach, find, catch, etc. . 2 fail to catch  Or see  or meet . 3 fail to seize  . 4 fail to hear or understand . 5 a regret the loss or absence of . B notice the loss or absence of . 6 avoid . 7   Fail, misfire. —n. Failure to hit, reach, attain, connect, etc.  be missing not have  .",2.8
"Miss2  | 1  a title of an unmarried woman or girl. B title of a beauty queen . 2 title used to address a female schoolteacher, shop assistant, etc. 3 girl or unmarried woman. ",Miss2  ,"1  a title of an unmarried woman or girl. B title of a beauty queen . 2 title used to address a female schoolteacher, shop assistant, etc. 3 girl or unmarried woman.",2.6
Missal  | Rc ch. 1 book containing the texts for the mass throughout the year. 2 book of prayers. ,Missal  ,Rc ch. 1 book containing the texts for the mass throughout the year. 2 book of prayers.,3.0
Missel thrush  | Of ~mistle thrush.,Missel thrush  ,Of ~mistle thrush.,2.3
"Misshapen  | Ill-shaped, deformed, distorted. ",Misshapen  ,"Ill-shaped, deformed, distorted.",2.7
Missile  | 1 object or weapon suitable for throwing at a target or for discharge from a machine. 2 weapon directed by remote control or automatically. ,Missile  ,1 object or weapon suitable for throwing at a target or for discharge from a machine. 2 weapon directed by remote control or automatically.,2.8
Missing  | 1 not in its place; lost. 2  not yet traced or confirmed as alive but not known to be dead. 3 not present.,Missing  ,1 not in its place; lost. 2  not yet traced or confirmed as alive but not known to be dead. 3 not present.,2.7
"Missing link  | 1 thing lacking to complete a series. 2 hypothetical intermediate type, esp. Between humans and apes.",Missing link  ,"1 thing lacking to complete a series. 2 hypothetical intermediate type, esp. Between humans and apes.",3.0
Mission  | 1 a task or goal assigned to a person or group. B journey undertaken as part of this. C person's vocation. 2 military or scientific operation or expedition. 3 body of persons sent to conduct negotiations or propagate a religious faith. 4 missionary post. ,Mission  ,1 a task or goal assigned to a person or group. B journey undertaken as part of this. C person's vocation. 2 military or scientific operation or expedition. 3 body of persons sent to conduct negotiations or propagate a religious faith. 4 missionary post.,2.7
Missionary  | Of or concerned with religious missions. —n.  person doing missionary work. ,Missionary  ,Of or concerned with religious missions. —n.  person doing missionary work.,2.7
Missionary position  | Colloq. Position for sexual intercourse with the woman lying on her back and the man lying on top and facing her.,Missionary position  ,Colloq. Position for sexual intercourse with the woman lying on her back and the man lying on top and facing her.,3.0
Missis  |  colloq. Or joc. 1 form of address to a woman. 2 wife.  the missis my or your wife. ,Missis  ,colloq. Or joc. 1 form of address to a woman. 2 wife.  the missis my or your wife.,2.8
Missive  | 1 joc. Letter. 2 official letter. ,Missive  ,1 joc. Letter. 2 official letter.,2.7
Misspell  |  spell wrongly.,Misspell  ,spell wrongly.,2.7
Misspend  |   Spend amiss or wastefully.,Misspend  ,Spend amiss or wastefully.,2.4
Misstate  |  state wrongly or inaccurately.  misstatement n.,Misstate  ,state wrongly or inaccurately.  misstatement n.,2.8
Missus  | Of ~missis.,Missus  ,Of ~missis.,2.7
Mist  —| 1 a water vapour near the ground in minute droplets limiting visibility. B condensed vapour obscuring glass etc. 2 dimness or blurring of the sight caused by tears etc. 3 cloud of particles resembling mist. —v.  cover or become covered with mist or as with mist. ,Mist  ,1 a water vapour near the ground in minute droplets limiting visibility. B condensed vapour obscuring glass etc. 2 dimness or blurring of the sight caused by tears etc. 3 cloud of particles resembling mist. —v.  cover or become covered with mist or as with mist.,2.7
Mistake  —| 1 incorrect idea or opinion; thing incorrectly done or thought. 2 error of judgement. —v.  1 misunderstand the meaning of. 2  wrongly take or identify . 3 choose wrongly . ,Mistake  ,1 incorrect idea or opinion; thing incorrectly done or thought. 2 error of judgement. —v.  1 misunderstand the meaning of. 2  wrongly take or identify . 3 choose wrongly .,2.7
Mistaken  | 1 wrong in opinion or judgement. 2 based on or resulting from this .  mistakenly adv.,Mistaken  ,1 wrong in opinion or judgement. 2 based on or resulting from this .  mistakenly adv.,2.8
Mister  | Colloq. Or joc. Form of address to a man. ,Mister  ,Colloq. Or joc. Form of address to a man.,2.8
Mistime  |  say or do at the wrong time. ,Mistime  ,say or do at the wrong time.,2.8
"Mistle thrush  |  large thrush with a spotted breast, feeding on mistletoe berries.  ",Mistle thrush  ,"large thrush with a spotted breast, feeding on mistletoe berries.",2.2
Mistletoe  | Parasitic plant with white berries growing on apple and other trees.  ,Mistletoe  ,Parasitic plant with white berries growing on apple and other trees.,2.8
Mistook  past of ~mistake.,Mistook  past of ,Mistook  past of ~mistake.,3.7
Mistral  | Cold n or nw wind in s. France. ,Mistral  ,Cold n or nw wind in s. France.,2.8
Mistreat  | Treat badly.  mistreatment n.,Mistreat  ,Treat badly.  mistreatment n.,3.0
Mistress  | 1 female head of a household. 2 a woman in authority. B female owner of a pet.  3 female teacher. 4 woman having an illicit sexual relationship with a  man. ,Mistress  ,1 female head of a household. 2 a woman in authority. B female owner of a pet.  3 female teacher. 4 woman having an illicit sexual relationship with a  man.,2.7
Mistrial  | Trial rendered invalid by error.,Mistrial  ,Trial rendered invalid by error.,2.8
Mistrust  | 1 be suspicious of. 2 feel no confidence in. —n. 1 suspicion. 2 lack of confidence.  mistrustful adj. Mistrustfully adv.,Mistrust  ,1 be suspicious of. 2 feel no confidence in. —n. 1 suspicion. 2 lack of confidence.  mistrustful adj. Mistrustfully adv.,2.8
"Misty  |  1 of or covered with mist. 2 dim in outline. 3 obscure, vague .  mistily adv. Mistiness n. ",Misty  ,"1 of or covered with mist. 2 dim in outline. 3 obscure, vague .  mistily adv. Mistiness n.",2.8
Misunderstand  |  1 understand incorrectly. 2 misinterpret the words or actions of .,Misunderstand  ,1 understand incorrectly. 2 misinterpret the words or actions of .,2.4
Misunderstanding  | 1 failure to understand correctly. 2 slight disagreement or quarrel.,Misunderstanding  ,1 failure to understand correctly. 2 slight disagreement or quarrel.,2.6
Misusage  | 1 wrong or improper usage. 2 ill-treatment.,Misusage  ,1 wrong or improper usage. 2 ill-treatment.,2.5
Misuse  |  1 use wrongly; apply to the wrong purpose. 2 ill-treat. —n. Wrong or improper use or application.,Misuse  ,1 use wrongly; apply to the wrong purpose. 2 ill-treat. —n. Wrong or improper use or application.,2.7
"Mite1  | Small arachnid, esp. Of a kind found in cheese etc. ",Mite1  ,"Small arachnid, esp. Of a kind found in cheese etc.",2.9
"Mite2  | 1 any small monetary unit. 2 small object or person, esp. A child. 3 modest contribution. ",Mite2  ,"1 any small monetary unit. 2 small object or person, esp. A child. 3 modest contribution.",2.8
"Miter   —| 1 tall deeply-cleft headdress worn by bishops and abbots, esp. As a symbol of office. 2 joint of two pieces of wood etc. At an angle of 90°, such that the line of junction bisects this angle. —v.  1 bestow a mitre on. 2 join with a mitre. ",Miter   ,"1 tall deeply-cleft headdress worn by bishops and abbots, esp. As a symbol of office. 2 joint of two pieces of wood etc. At an angle of 90°, such that the line of junction bisects this angle. —v.  1 bestow a mitre on. 2 join with a mitre.",3.0
Mitigate  |  make less intense or severe.  mitigation n. ,Mitigate  ,make less intense or severe.  mitigation n.,3.2
Mitigating circumstances  |pl.  Circumstances permitting greater leniency.,Mitigating circumstances  ,pl.  Circumstances permitting greater leniency.,2.6
Mitosis  | Biol. Type of cell division that results in two nuclei each having the same number and kind of chromosomes as the parent nucleus.  mitotic adj. ,Mitosis  ,Biol. Type of cell division that results in two nuclei each having the same number and kind of chromosomes as the parent nucleus.  mitotic adj.,2.8
"Mitre   —| 1 tall deeply-cleft headdress worn by bishops and abbots, esp. As a symbol of office. 2 joint of two pieces of wood etc. At an angle of 90°, such that the line of junction bisects this angle. —v.  1 bestow a mitre on. 2 join with a mitre. ",Mitre   ,"1 tall deeply-cleft headdress worn by bishops and abbots, esp. As a symbol of office. 2 joint of two pieces of wood etc. At an angle of 90°, such that the line of junction bisects this angle. —v.  1 bestow a mitre on. 2 join with a mitre.",2.7
"Mitt  | 1  glove with only two compartments, one for the thumb and the other for all four fingers. 2 glove leaving the fingers and thumb-tip exposed. 3 slang hand or fist. 4  baseball glove. ",Mitt  ,"1  glove with only two compartments, one for the thumb and the other for all four fingers. 2 glove leaving the fingers and thumb-tip exposed. 3 slang hand or fist. 4  baseball glove.",3.2
"Mix  | 1 combine or put together  so that the constituents of each are diffused among those of the other. 2 prepare  By combining the ingredients. 3 combine  . 4 a join, be mixed, or combine, esp. Readily . B be compatible. C be sociable . 5 a   be harmonious or sociable with; have regular dealings with. B  participate in. 6 drink different kinds of  in close succession. 7 combine  into one. —n. 1 a mixing; mixture. B proportion of materials in a mixture. 2 ingredients prepared commercially for making a cake, concrete, etc.  be mixed up in  be involved in or with . Mix it colloq. Start fighting. Mix up 1 mix thoroughly. 2 confuse. ",Mix  ,"1 combine or put together  so that the constituents of each are diffused among those of the other. 2 prepare  By combining the ingredients. 3 combine  . 4 a join, be mixed, or combine, esp. Readily . B be compatible. C be sociable . 5 a   be harmonious or sociable with; have regular dealings with. B  participate in. 6 drink different kinds of  in close succession. 7 combine  into one. —n. 1 a mixing; mixture. B proportion of materials in a mixture. 2 ingredients prepared commercially for making a cake, concrete, etc.  be mixed up in  be involved in or with . Mix it colloq. Start fighting. Mix up 1 mix thoroughly. 2 confuse.",3.5
Mixed  | 1 of diverse qualities or elements. 2 containing persons from various backgrounds etc. 3 for persons of both sexes . ,Mixed  ,1 of diverse qualities or elements. 2 containing persons from various backgrounds etc. 3 for persons of both sexes .,3.0
Mixed bag  | Diverse assortment.,Mixed bag  ,Diverse assortment.,3.3
Mixed blessing  | Thing having advantages and disadvantages.,Mixed blessing  ,Thing having advantages and disadvantages.,3.8
Mixed doubles  |pl. Tennis doubles game with a man and a woman on each side.,Mixed doubles  ,pl. Tennis doubles game with a man and a woman on each side.,3.5
Mixed economy  | Economic system combining private and state enterprise.,Mixed economy  ,Economic system combining private and state enterprise.,3.3
Mixed farming  | Farming of both crops and livestock.,Mixed farming  ,Farming of both crops and livestock.,3.4
Mixed feelings  |pl. Mixture of pleasure and dismay about something.,Mixed feelings  ,pl. Mixture of pleasure and dismay about something.,3.0
Mixed grill  | Dish of various grilled meats and vegetables etc.,Mixed grill  ,Dish of various grilled meats and vegetables etc.,3.2
Mixed marriage  | Marriage between persons of different race or religion.,Mixed marriage  ,Marriage between persons of different race or religion.,3.3
Mixed metaphor  | Combination of inconsistent metaphors .,Mixed metaphor  ,Combination of inconsistent metaphors .,2.6
Mixed-up  | Colloq. Mentally or emotionally confused; socially ill-adjusted.,Mixed-up  ,Colloq. Mentally or emotionally confused; socially ill-adjusted.,3.5
Mixer  | 1 machine for mixing foods etc. 2 person who manages socially in a specified way . 3  drink to be mixed with another. 4 device that receives two or more separate signals from microphones etc. And combines them in a single output.,Mixer  ,1 machine for mixing foods etc. 2 person who manages socially in a specified way . 3  drink to be mixed with another. 4 device that receives two or more separate signals from microphones etc. And combines them in a single output.,3.5
Mixer tap  | Tap through which both hot and cold water can be drawn together.,Mixer tap  ,Tap through which both hot and cold water can be drawn together.,3.8
"Mixture  | 1 process or result of mixing. 2 combination of ingredients, qualities, characteristics, etc. ",Mixture  ,"1 process or result of mixing. 2 combination of ingredients, qualities, characteristics, etc.",2.8
"Mix-up  | Confusion, misunderstanding.",Mix-up  ,"Confusion, misunderstanding.",3.6
Mizen  |   lowest fore-and-aft sail of a fully rigged ship's mizen-mast. ,Mizen  ,lowest fore-and-aft sail of a fully rigged ship's mizen-mast.,3.0
Mizen-mast  | Mast next aft of the mainmast.,Mizen-mast  ,Mast next aft of the mainmast.,3.5
