Cease  formal |  stop; bring or come to an end. —n.  unending. ,Cease  formal ,stop; bring or come to an end. —n.  unending.,3.0
Cease-fire  | 1 period of truce. 2 order to stop firing.,Cease-fire  ,1 period of truce. 2 order to stop firing.,3.2
Ceaseless  | Without end.  ceaselessly adv.,Ceaseless  ,Without end.  ceaselessly adv.,3.0
Cecum  |   blind-ended pouch at the junction of the small and large intestines. ,Cecum  ,blind-ended pouch at the junction of the small and large intestines.,2.9
Cedar  | 1 spreading evergreen conifer. 2 its hard fragrant wood. ,Cedar  ,1 spreading evergreen conifer. 2 its hard fragrant wood.,2.7
Cede  |  formal give up one's rights to or possession of. ,Cede  ,formal give up one's rights to or possession of.,2.8
"Cedilla  | 1 mark written under c, esp. In french, to show it is sibilant . 2 similar mark under s in turkish etc. ",Cedilla  ,"1 mark written under c, esp. In french, to show it is sibilant . 2 similar mark under s in turkish etc.",3.0
Ceefax  | Propr. Teletext service provided by the bbc. ,Ceefax  ,Propr. Teletext service provided by the bbc.,2.5
"Ceilidh  | Informal gathering for music, dancing, etc. ",Ceilidh  ,"Informal gathering for music, dancing, etc.",2.5
Ceiling  | 1 upper interior surface of a room or other compartment. 2 upper limit. 3 maximum altitude a given aircraft can reach. ,Ceiling  ,1 upper interior surface of a room or other compartment. 2 upper limit. 3 maximum altitude a given aircraft can reach.,2.9
Celandine  | Yellow-flowered plant. ,Celandine  ,Yellow-flowered plant.,2.8
"Celebrant  | Person who performs a rite, esp. The priest at the eucharist.",Celebrant  ,"Person who performs a rite, esp. The priest at the eucharist.",3.2
Celebrate  |  1 mark with or engage in festivities. 2 perform . 3 praise publicly.  celebration n. Celebrator n. Celebratory adj. ,Celebrate  ,1 mark with or engage in festivities. 2 perform . 3 praise publicly.  celebration n. Celebrator n. Celebratory adj.,3.3
Celebrity  |  1 well-known person. 2 fame. ,Celebrity  ,1 well-known person. 2 fame.,3.1
Celeriac  | Variety of celery. ,Celeriac  ,Variety of celery.,2.5
Celerity  | Archaic or literary swiftness. ,Celerity  ,Archaic or literary swiftness.,3.0
Celery  | Plant with crisp long whitish leaf-stalks used as a vegetable. ,Celery  ,Plant with crisp long whitish leaf-stalks used as a vegetable.,2.6
Celesta  | Small keyboard instrument with steel plates struck to give a bell-like sound. ,Celesta  ,Small keyboard instrument with steel plates struck to give a bell-like sound.,3.1
Celestial  | 1 of the sky or heavenly bodies. 2 heavenly; divinely good; sublime. ,Celestial  ,1 of the sky or heavenly bodies. 2 heavenly; divinely good; sublime.,2.8
Celestial equator  | The great circle of the sky in the plane perpendicular to the earth's axis.,Celestial equator  ,The great circle of the sky in the plane perpendicular to the earth's axis.,2.8
"Celestial sphere  | Imaginary sphere, of any radius, of which the observer is the centre and in which celestial bodies are represented as lying.",Celestial sphere  ,"Imaginary sphere, of any radius, of which the observer is the centre and in which celestial bodies are represented as lying.",3.1
"Celibate  | 1 unmarried or committed to sexual abstention, esp. For religious reasons. 2 having no sexual relations. —n. Celibate person.  celibacy n. ",Celibate  ,"1 unmarried or committed to sexual abstention, esp. For religious reasons. 2 having no sexual relations. —n. Celibate person.  celibacy n.",2.8
"Cell  | 1 small room, esp. In a prison or monastery. 2 small compartment, e.g. In a honeycomb. 3 small, active, esp. Subversive, political group. 4 a smallest structural and functional unit of living matter, consisting of cytoplasm and a nucleus enclosed in a membrane. B enclosed cavity in an organism etc. 5 vessel containing electrodes for current-generation or electrolysis. ",Cell  ,"1 small room, esp. In a prison or monastery. 2 small compartment, e.g. In a honeycomb. 3 small, active, esp. Subversive, political group. 4 a smallest structural and functional unit of living matter, consisting of cytoplasm and a nucleus enclosed in a membrane. B enclosed cavity in an organism etc. 5 vessel containing electrodes for current-generation or electrolysis.",3.2
Cellar  —| 1 storage room below ground level in a house. 2 stock of wine in a cellar. —v. Store in a cellar. ,Cellar  ,1 storage room below ground level in a house. 2 stock of wine in a cellar. —v. Store in a cellar.,3.2
"Cello  |  bass instrument of the violin family, held between the legs of the seated player.  cellist n. ",Cello  ,"bass instrument of the violin family, held between the legs of the seated player.  cellist n.",2.8
Cellophane  | Propr. Thin transparent viscose wrapping material. ,Cellophane  ,Propr. Thin transparent viscose wrapping material.,2.5
Cellphone  | Small portable radio-telephone.,Cellphone  ,Small portable radio-telephone.,2.9
"Cellular  | Consisting of cells, of open texture; porous.  cellularity n. ",Cellular  ,"Consisting of cells, of open texture; porous.  cellularity n.",3.2
"Cellular radio  | System of mobile radio-telephone transmission with an area divided into ‘cells’, each served by a small transmitter.",Cellular radio  ,"System of mobile radio-telephone transmission with an area divided into ‘cells’, each served by a small transmitter.",3.1
"Cellulite  | Lumpy fat, esp. On the hips and thighs of women. ",Cellulite  ,"Lumpy fat, esp. On the hips and thighs of women.",3.3
Celluloid  | 1 plastic made from camphor and cellulose nitrate. 2 cinema film.,Celluloid  ,1 plastic made from camphor and cellulose nitrate. 2 cinema film.,2.9
"Cellulose  | 1 carbohydrate forming plant-cell walls, used in textile fibres. 2  paint or lacquer consisting of esp. Cellulose acetate or nitrate in solution. ",Cellulose  ,"1 carbohydrate forming plant-cell walls, used in textile fibres. 2  paint or lacquer consisting of esp. Cellulose acetate or nitrate in solution.",2.8
Celsius  | Of a scale of temperature on which water freezes at 0° and boils at 100°. ,Celsius  ,Of a scale of temperature on which water freezes at 0° and boils at 100°.,3.3
"Celt  |  member of an ethnic group, including the inhabitants of ireland, wales, scotland, cornwall, and brittany. ",Celt  ,"member of an ethnic group, including the inhabitants of ireland, wales, scotland, cornwall, and brittany.",2.7
"Celtic  | Of the celts. —n. Group of celtic languages, including gaelic and irish, welsh, cornish, and breton.",Celtic  ,"Of the celts. —n. Group of celtic languages, including gaelic and irish, welsh, cornish, and breton.",3.6
"Cement  —| 1 powdery substance of calcined lime and clay, mixed with water to form mortar or used in concrete. 2 similar substance. 3 uniting factor or principle. 4 substance used in filling teeth, doing hip replacements, etc. —v. 1 a unite with or as with cement. B establish or strengthen . 2 apply cement to. 3 line or cover with cement.  cementation n. ",Cement  ,"1 powdery substance of calcined lime and clay, mixed with water to form mortar or used in concrete. 2 similar substance. 3 uniting factor or principle. 4 substance used in filling teeth, doing hip replacements, etc. —v. 1 a unite with or as with cement. B establish or strengthen . 2 apply cement to. 3 line or cover with cement.  cementation n.",2.9
"Cemetery  |  burial ground, esp. One not in a churchyard. ",Cemetery  ,"burial ground, esp. One not in a churchyard.",2.7
Cenobite  |  member of a monastica community. ,Cenobite  ,member of a monastica community.,2.6
Cenotaph  | Tomblike monument to a person whose body is elsewhere. ,Cenotaph  ,Tomblike monument to a person whose body is elsewhere.,2.7
"Cenozoic   | Of the most recent geological era, marked by the evolution and development of mammals etc. —n. This era. ",Cenozoic   ,"Of the most recent geological era, marked by the evolution and development of mammals etc. —n. This era.",2.8
Censer  | Vessel for burning incense. ,Censer  ,Vessel for burning incense.,3.1
"Censor  —| Official authorized to suppress or expurgate books, films, news, etc., on grounds of obscenity, threat to security, etc. —v. 1 act as a censor of. 2 make deletions or changes in.  censorial adj. Censorship n. ",Censor  ,"Official authorized to suppress or expurgate books, films, news, etc., on grounds of obscenity, threat to security, etc. —v. 1 act as a censor of. 2 make deletions or changes in.  censorial adj. Censorship n.",2.9
Censorious  | Severely critical.  censoriously adv.,Censorious  ,Severely critical.  censoriously adv.,2.6
Censure  |  criticize harshly; reprove. —n. Hostile criticism; disapproval. ,Censure  ,criticize harshly; reprove. —n. Hostile criticism; disapproval.,2.5
Census  |  official count of population etc. ,Census  ,official count of population etc.,3.3
Cent  | 1 a one-hundredth of a dollar or other decimal currency unit. B coin of this value. 2 colloq. Very small amount. ,Cent  ,1 a one-hundredth of a dollar or other decimal currency unit. B coin of this value. 2 colloq. Very small amount.,2.7
Centaur  | Creature in greek mythology with the upper half of a man and the lower half of a horse. ,Centaur  ,Creature in greek mythology with the upper half of a man and the lower half of a horse.,2.5
Centenarian  —| Person a hundred or more years old. —adj. A hundred or more years old.,Centenarian  ,Person a hundred or more years old. —adj. A hundred or more years old.,3.1
Centenary  —|  1 hundredth anniversary. 2 celebration of this. —adj. 1 of a centenary. 2 occurring every hundred years. ,Centenary  ,1 hundredth anniversary. 2 celebration of this. —adj. 1 of a centenary. 2 occurring every hundred years.,2.6
Centennial  | 1 lasting for a hundred years. 2 occurring every hundred years. —n. Us = ~centenary n. ,Centennial  ,1 lasting for a hundred years. 2 occurring every hundred years. —n. Us = ~centenary n.,3.4
"Center   —| 1 middle point. 2 pivot or axis of rotation. 3 a place or buildings forming a central point or a main area for an activity . B  equipment for a number of connected functions . 4 point of concentration or dispersion; nucleus, source. 5 political party or group holding moderate opinions. 6 filling in chocolate etc. 7 sport a middle player in a line in some field games. B kick or hit from the side to the centre of a pitch. 8  Of or at the centre. —v.  1  have as its main centre. 2 place in the centre. 3  Concentrate. ",Center   ,"1 middle point. 2 pivot or axis of rotation. 3 a place or buildings forming a central point or a main area for an activity . B  equipment for a number of connected functions . 4 point of concentration or dispersion; nucleus, source. 5 political party or group holding moderate opinions. 6 filling in chocolate etc. 7 sport a middle player in a line in some field games. B kick or hit from the side to the centre of a pitch. 8  Of or at the centre. —v.  1  have as its main centre. 2 place in the centre. 3  Concentrate.",2.8
Centerboard  |  board lowered through a boat's keel to prevent leeway.,Centerboard  ,board lowered through a boat's keel to prevent leeway.,3.4
"Centerfold  |  centre spread of a magazine etc., esp. With nude photographs.",Centerfold  ,"centre spread of a magazine etc., esp. With nude photographs.",3.1
Centesimal  | Reckoning or reckoned by hundredths. ,Centesimal  ,Reckoning or reckoned by hundredths.,2.5
Centi-  | Form 1 one-hundredth. 2 hundred. ,Centi-  ,Form 1 one-hundredth. 2 hundred.,3.2
Centigrade  | 1 = ~celsius. 2 having a scale of a hundred degrees. ,Centigrade  ,1 = ~celsius. 2 having a scale of a hundred degrees.,2.9
"Centigram  |  metric unit of mass, equal to 0.01 gram.",Centigram  ,"metric unit of mass, equal to 0.01 gram.",2.9
Centiliter  |  0.01 litre.,Centiliter  ,0.01 litre.,3.1
Centilitre  |  0.01 litre.,Centilitre  ,0.01 litre.,3.0
Centime  | 1 one-hundredth of a franc. 2 coin of this value. ,Centime  ,1 one-hundredth of a franc. 2 coin of this value.,2.6
Centimeter  |  0.01 metre.,Centimeter  ,0.01 metre.,3.1
Centimetre  |  0.01 metre.,Centimetre  ,0.01 metre.,2.9
Centipede  | Arthropod with a segmented wormlike body and many legs. ,Centipede  ,Arthropod with a segmented wormlike body and many legs.,2.6
"Central  | 1 of, at, or forming the centre. 2 from the centre. 3 chief, essential, most important.  centrality n. Centrally adv.",Central  ,"1 of, at, or forming the centre. 2 from the centre. 3 chief, essential, most important.  centrality n. Centrally adv.",2.8
Central bank  | National bank issuing currency etc.,Central bank  ,National bank issuing currency etc.,2.8
"Central heating  | Method of heating a building by pipes, radiators, etc., fed from a central source.",Central heating  ,"Method of heating a building by pipes, radiators, etc., fed from a central source.",2.9
Centralism  | System that centralizes .  centralist n.,Centralism  ,System that centralizes .  centralist n.,3.1
Centralize  |   1 concentrate  at a single centre. 2 subject  to this system.  centralization n.,Centralize  ,1 concentrate  at a single centre. 2 subject  to this system.  centralization n.,3.4
Central nervous system  | Brain and spinal cord.,Central nervous system  ,Brain and spinal cord.,3.2
Central processor  |  principal operating part of a computer.,Central processor  ,principal operating part of a computer.,3.6
"Centre   —| 1 middle point. 2 pivot or axis of rotation. 3 a place or buildings forming a central point or a main area for an activity . B  equipment for a number of connected functions . 4 point of concentration or dispersion; nucleus, source. 5 political party or group holding moderate opinions. 6 filling in chocolate etc. 7 sport a middle player in a line in some field games. B kick or hit from the side to the centre of a pitch. 8  Of or at the centre. —v.  1  have as its main centre. 2 place in the centre. 3  Concentrate. ",Centre   ,"1 middle point. 2 pivot or axis of rotation. 3 a place or buildings forming a central point or a main area for an activity . B  equipment for a number of connected functions . 4 point of concentration or dispersion; nucleus, source. 5 political party or group holding moderate opinions. 6 filling in chocolate etc. 7 sport a middle player in a line in some field games. B kick or hit from the side to the centre of a pitch. 8  Of or at the centre. —v.  1  have as its main centre. 2 place in the centre. 3  Concentrate.",2.9
Centre back  | Sport middle player or position in a half-back line.,Centre back  ,Sport middle player or position in a half-back line.,2.6
Centreboard  |  board lowered through a boat's keel to prevent leeway.,Centreboard  ,board lowered through a boat's keel to prevent leeway.,3.1
"Centrefold  |  centre spread of a magazine etc., esp. With nude photographs.",Centrefold  ,"centre spread of a magazine etc., esp. With nude photographs.",3.2
Centre forward  | Sport middle player or position in a forward line.,Centre forward  ,Sport middle player or position in a forward line.,2.5
Centre half  | = ~centre back.,Centre half  ,= ~centre back.,2.9
Centre of gravity  |  point at which the weight of a body may be considered to act.,Centre of gravity  ,point at which the weight of a body may be considered to act.,2.8
Centre-piece  | 1 ornament for the middle of a table. 2 principal item.,Centre-piece  ,1 ornament for the middle of a table. 2 principal item.,2.7
Centre spread  | Two facing middle pages of a newspaper etc.,Centre spread  ,Two facing middle pages of a newspaper etc.,3.0
Centric  | 1 at or near the centre. 2 from a centre.  centrical adj. Centrically adv.,Centric  ,1 at or near the centre. 2 from a centre.  centrical adj. Centrically adv.,3.3
Centrifugal  | Moving or tending to move from a centre.  centrifugally adv. ,Centrifugal  ,Moving or tending to move from a centre.  centrifugally adv.,3.0
Centrifugal force  | Apparent force that acts outwards on a body moving about a centre.,Centrifugal force  ,Apparent force that acts outwards on a body moving about a centre.,3.1
Centrifuge  | Rapidly rotating machine designed to separate liquids from solids etc.,Centrifuge  ,Rapidly rotating machine designed to separate liquids from solids etc.,3.1
Centripetal  | Moving or tending to move towards a centre.  centripetally adv. ,Centripetal  ,Moving or tending to move towards a centre.  centripetally adv.,3.4
Centripetal force  | Force acting on a body causing it to move towards a centre.,Centripetal force  ,Force acting on a body causing it to move towards a centre.,3.1
Centrist  | Polit. Often derog. Person holding moderate views.  centrism n.,Centrist  ,Polit. Often derog. Person holding moderate views.  centrism n.,3.3
Centurion  | Commander of a century in the ancient roman army. ,Centurion  ,Commander of a century in the ancient roman army.,2.5
"Century  |  1 a 100 years. B any century reckoned from the birth of christ . 2 score etc. Of 100 esp. By one batsman in cricket. 3 company in the ancient roman army, orig. Of 100 men. ",Century  ,"1 a 100 years. B any century reckoned from the birth of christ . 2 score etc. Of 100 esp. By one batsman in cricket. 3 company in the ancient roman army, orig. Of 100 men.",2.8
Cephalic  | Of or in the head. ,Cephalic  ,Of or in the head.,2.5
"Cephalopod  | Mollusc with a distinct tentacled head, e.g. The octopus. ",Cephalopod  ,"Mollusc with a distinct tentacled head, e.g. The octopus.",2.5
Ceramic  | 1 made of  Baked clay. 2 of ceramics. —n. Ceramic article or product. ,Ceramic  ,1 made of  Baked clay. 2 of ceramics. —n. Ceramic article or product.,2.9
Ceramics  |pl. 1 ceramic products collectively. 2  Art of making ceramic articles.,Ceramics  ,pl. 1 ceramic products collectively. 2  Art of making ceramic articles.,3.1
"Cereal  —| 1 a grain used for food. B wheat, maize, rye, etc. Producing this. 2 breakfast food made from a cereal. —adj. Of edible grain. ",Cereal  ,"1 a grain used for food. B wheat, maize, rye, etc. Producing this. 2 breakfast food made from a cereal. —adj. Of edible grain.",3.0
Cerebellum  |  part of the brain at the back of the skull. ,Cerebellum  ,part of the brain at the back of the skull.,2.4
Cerebral  | 1 of the brain. 2 intellectual; unemotional. ,Cerebral  ,1 of the brain. 2 intellectual; unemotional.,2.1
"Cerebral palsy  | Paralysis resulting from brain damage before or at birth, involving spasm of the muscles and involuntary movements.",Cerebral palsy  ,"Paralysis resulting from brain damage before or at birth, involving spasm of the muscles and involuntary movements.",2.7
Cerebration  | Working of the brain.,Cerebration  ,Working of the brain.,2.2
Cerebrospinal  | Of the brain and spine.,Cerebrospinal  ,Of the brain and spine.,2.5
"Cerebrum  |  principal part of the brain in vertebrates, at the front of the skull. ",Cerebrum  ,"principal part of the brain in vertebrates, at the front of the skull.",2.9
Ceremonial  | Of or with ceremony; formal. —n. System of rites or ceremonies.  ceremonially adv.,Ceremonial  ,Of or with ceremony; formal. —n. System of rites or ceremonies.  ceremonially adv.,3.2
Ceremonious  | Fond of or characterized by ceremony; formal.  ceremoniously adv.,Ceremonious  ,Fond of or characterized by ceremony; formal.  ceremoniously adv.,3.7
"Ceremony  |  1 formal procedure, esp. At a public event or anniversary. 2 formalities, esp. Ritualistic. 3 excessively polite behaviour.  stand on ceremony insist on formality. ",Ceremony  ,"1 formal procedure, esp. At a public event or anniversary. 2 formalities, esp. Ritualistic. 3 excessively polite behaviour.  stand on ceremony insist on formality.",3.2
Cerise  | Light clear red. ,Cerise  ,Light clear red.,2.7
Cerium  | Silvery metallic element of the lanthanide series. ,Cerium  ,Silvery metallic element of the lanthanide series.,2.8
Cert  |  slang a certainty. ,Cert  ,slang a certainty.,3.3
"Certain  | 1 a confident, convinced. B indisputable . 2  Sure; destined . 3 unerring, reliable. 4 that need not be specified or may not be known to the reader or hearer . 5 some but not much . —pron.  Some but not all .  for certain without doubt. ",Certain  ,"1 a confident, convinced. B indisputable . 2  Sure; destined . 3 unerring, reliable. 4 that need not be specified or may not be known to the reader or hearer . 5 some but not much . —pron.  Some but not all .  for certain without doubt.",2.8
Certainly  | 1 undoubtedly. 2  yes; by all means.,Certainly  ,1 undoubtedly. 2  yes; by all means.,3.1
Certainty  |  1 a undoubted fact. B indubitable prospect. 2 absolute conviction. 3 reliable thing or person.,Certainty  ,1 a undoubted fact. B indubitable prospect. 2 absolute conviction. 3 reliable thing or person.,2.9
Certifiable  | 1 able or needing to be certified. 2 colloq. Insane.,Certifiable  ,1 able or needing to be certified. 2 colloq. Insane.,2.8
"Certificate  —| Formal document attesting a fact, esp. Birth, marriage, or death, a medical condition, or a qualification. —v.   Provide with, license, or attest by a certificate.  certification n. ",Certificate  ,"Formal document attesting a fact, esp. Birth, marriage, or death, a medical condition, or a qualification. —v.   Provide with, license, or attest by a certificate.  certification n.",3.4
"Certificate of secondary education  | Hist. Secondary-school leaving examination in england, wales, and northern ireland.",Certificate of secondary education  ,"Hist. Secondary-school leaving examination in england, wales, and northern ireland.",3.4
Certified cheque  | Cheque guaranteed by a bank.,Certified cheque  ,Cheque guaranteed by a bank.,3.1
"Certify  |  1 attest; attest to, esp. Formally. 2 declare by certificate. 3 officially declare insane. ",Certify  ,"1 attest; attest to, esp. Formally. 2 declare by certificate. 3 officially declare insane.",3.0
Certitude  | Feeling of certainty. ,Certitude  ,Feeling of certainty.,3.2
Cerulean  | & n. Literary deep sky-blue. ,Cerulean  ,& n. Literary deep sky-blue.,3.1
Cervical  | Of the neck or the cervix . ,Cervical  ,Of the neck or the cervix .,2.7
Cervical screening  | Mass routine examination for cervical cancer.,Cervical screening  ,Mass routine examination for cervical cancer.,2.8
Cervical smear  | Specimen from the neck of the womb for examination.,Cervical smear  ,Specimen from the neck of the womb for examination.,1.8
"Cervix  |  1 necklike structure, esp. The neck of the womb. 2 the neck. ",Cervix  ,"1 necklike structure, esp. The neck of the womb. 2 the neck.",2.9
Cesarean   |  effected by caesarean section. —n. Caesarean section. ,Cesarean   ,effected by caesarean section. —n. Caesarean section.,3.2
Cesium  |  soft silver-white element. ,Cesium  ,soft silver-white element.,2.9
Cessation  | Ceasing or pause. ,Cessation  ,Ceasing or pause.,2.9
Cession  | 1 ceding. 2 territory etc. Ceded. ,Cession  ,1 ceding. 2 territory etc. Ceded.,2.9
Cesspit  |  covered pit for the temporary storage of liquid waste or sewage. ,Cesspit  ,covered pit for the temporary storage of liquid waste or sewage.,3.0
"Cetacean  —| Marine mammal, e.g. The whale. —adj. Of cetaceans. ",Cetacean  ,"Marine mammal, e.g. The whale. —adj. Of cetaceans.",2.9
Cetane  | Liquid hydrocarbon used in standardizing ratings of diesel fuel. ,Cetane  ,Liquid hydrocarbon used in standardizing ratings of diesel fuel.,2.9
