Nu  | Thirteenth letter of the greek alphabet . ,Nu  ,Thirteenth letter of the greek alphabet .,2.8
"Nuance  | Subtle shade of meaning, feeling, colour, etc. ",Nuance  ,"Subtle shade of meaning, feeling, colour, etc.",2.8
"Nub  | 1 point or gist . 2  small lump, esp. Of coal.  nubbly adj. ",Nub  ,"1 point or gist . 2  small lump, esp. Of coal.  nubbly adj.",2.7
Nubile  |  marriageable or sexually attractive.  nubility n. ,Nubile  ,marriageable or sexually attractive.  nubility n.,2.6
"Nuclear  | 1 of, relating to, or constituting a nucleus. 2 using nuclear energy.",Nuclear  ,"1 of, relating to, or constituting a nucleus. 2 using nuclear energy.",2.8
Nuclear bomb  | Bomb using the release of energy by nuclear fission or fusion or both.,Nuclear bomb  ,Bomb using the release of energy by nuclear fission or fusion or both.,1.6
Nuclear energy  | Energy obtained by nuclear fission or fusion.,Nuclear energy  ,Energy obtained by nuclear fission or fusion.,3.1
Nuclear family  | A couple and their child or children.,Nuclear family  ,A couple and their child or children.,3.1
"Nuclear fission  | Nuclear reaction in which a heavy nucleus splits spontaneously or on impact with another particle, with the release of energy.",Nuclear fission  ,"Nuclear reaction in which a heavy nucleus splits spontaneously or on impact with another particle, with the release of energy.",1.9
Nuclear fuel  | Source of nuclear energy.,Nuclear fuel  ,Source of nuclear energy.,2.8
Nuclear fusion  | Nuclear reaction in which atomic nuclei of low atomic number fuse to form a heavier nucleus with the release of energy.,Nuclear fusion  ,Nuclear reaction in which atomic nuclei of low atomic number fuse to form a heavier nucleus with the release of energy.,3.4
Nuclear physics  |pl.  Physics of atomic nuclei.,Nuclear physics  ,pl.  Physics of atomic nuclei.,3.3
Nuclear power  | 1 power generated by a nuclear reactor. 2 country that has nuclear weapons.,Nuclear power  ,1 power generated by a nuclear reactor. 2 country that has nuclear weapons.,3.8
Nuclear reactor  | Device in which a nuclear fission chain reaction is used to produce energy.,Nuclear reactor  ,Device in which a nuclear fission chain reaction is used to produce energy.,2.7
Nuclear weapon  | Weapon using the release of energy by nuclear fission or fusion or both.,Nuclear weapon  ,Weapon using the release of energy by nuclear fission or fusion or both.,3.0
Nucleate  | Having a nucleus. —v.  form or form into a nucleus. ,Nucleate  ,Having a nucleus. —v.  form or form into a nucleus.,2.6
"Nucleic acid  | Either of two complex organic molecules , present in all living cells.",Nucleic acid  ,"Either of two complex organic molecules , present in all living cells.",2.3
Nucleon  | Proton or neutron.,Nucleon  ,Proton or neutron.,3.4
"Nucleus  |  1 a central part or thing round which others are collected. B kernel of an aggregate or mass. 2 initial part meant to receive additions. 3 central core of an atom. 4 large dense part of a cell, containing the genetic material. ",Nucleus  ,"1 a central part or thing round which others are collected. B kernel of an aggregate or mass. 2 initial part meant to receive additions. 3 central core of an atom. 4 large dense part of a cell, containing the genetic material.",3.0
"Nude  | Naked, bare, unclothed. —n. 1 painting, sculpture, etc. Of a nude human figure. 2 nude person.  in the nude naked.  nudity n. ",Nude  ,"Naked, bare, unclothed. —n. 1 painting, sculpture, etc. Of a nude human figure. 2 nude person.  in the nude naked.  nudity n.",2.9
Nudge  |  1 prod gently with the elbow to attract attention. 2 push gradually. —n. Prod; gentle push. ,Nudge  ,1 prod gently with the elbow to attract attention. 2 push gradually. —n. Prod; gentle push.,2.8
Nudist  | Person who advocates or practises going unclothed.  nudism n.,Nudist  ,Person who advocates or practises going unclothed.  nudism n.,2.9
"Nugatory  | 1 futile, trifling. 2 inoperative; not valid. ",Nugatory  ,"1 futile, trifling. 2 inoperative; not valid.",2.4
"Nugget  | 1 lump of gold etc., as found in the earth. 2 lump of anything. 3 something valuable. ",Nugget  ,"1 lump of gold etc., as found in the earth. 2 lump of anything. 3 something valuable.",3.0
"Nuisance  | Person, thing, or circumstance causing trouble or annoyance. ",Nuisance  ,"Person, thing, or circumstance causing trouble or annoyance.",2.6
Nuke  | —n. Nuclear weapon. —v.  attack with nuclear weapons. ,Nuke  ,—n. Nuclear weapon. —v.  attack with nuclear weapons.,2.8
Null  | 1  invalid. 2 non-existent. 3 without character or expression.  nullity n. ,Null  ,1  invalid. 2 non-existent. 3 without character or expression.  nullity n.,2.9
"Nullify  |  neutralize, invalidate.  nullification n.",Nullify  ,"neutralize, invalidate.  nullification n.",2.4
"Numb  |  deprived of feeling; paralysed. —v. 1 make numb. 2 stupefy, paralyse.  numbness n. ",Numb  ,"deprived of feeling; paralysed. —v. 1 make numb. 2 stupefy, paralyse.  numbness n.",3.4
"Number  —| 1 a arithmetical value representing a particular quantity. B word, symbol, or figure representing this. C arithmetical value showing position in a series . 2  total count or aggregate . 3 numerical reckoning . 4 a  Quantity, amount . B  several . C  Numerical preponderance . 5 person or thing having a place in a series, esp. A single issue of a magazine, an item in a programme, etc. 6 company, collection, group . 7 gram. A classification of words by their singular or plural forms. B such a form. —v. 1 include . 2 assign a number or numbers to. 3 amount to . 4 count.  one's days are numbered one does not have long to live. Have a person's number colloq. Understand a person's real motives, character, etc. One's number is up colloq. One is doomed to die soon. Without number innumerable. ",Number  ,"1 a arithmetical value representing a particular quantity. B word, symbol, or figure representing this. C arithmetical value showing position in a series . 2  total count or aggregate . 3 numerical reckoning . 4 a  Quantity, amount . B  several . C  Numerical preponderance . 5 person or thing having a place in a series, esp. A single issue of a magazine, an item in a programme, etc. 6 company, collection, group . 7 gram. A classification of words by their singular or plural forms. B such a form. —v. 1 include . 2 assign a number or numbers to. 3 amount to . 4 count.  one's days are numbered one does not have long to live. Have a person's number colloq. Understand a person's real motives, character, etc. One's number is up colloq. One is doomed to die soon. Without number innumerable.",2.7
Number crunching  | Colloq. Process of making complex calculations.,Number crunching  ,Colloq. Process of making complex calculations.,1.4
Numberless  | Innumerable.,Numberless  ,Innumerable.,1.9
Number one  —| Colloq. Oneself. —adj. Most important .,Number one  ,Colloq. Oneself. —adj. Most important .,2.6
Number-plate  | Plate on a vehicle showing its registration number.,Number-plate  ,Plate on a vehicle showing its registration number.,2.8
Numerable  | That can be counted. ,Numerable  ,That can be counted.,3.3
Numeral  —| Symbol or group of symbols denoting a number. —adj. Of or denoting a number. ,Numeral  ,Symbol or group of symbols denoting a number. —adj. Of or denoting a number.,3.1
Numerate  | Acquainted with the basic principles of mathematics.  numeracy n. ,Numerate  ,Acquainted with the basic principles of mathematics.  numeracy n.,3.3
Numeration  | 1 method or process of numbering. 2 calculation. ,Numeration  ,1 method or process of numbering. 2 calculation.,3.0
Numerator  | Number above the line in a vulgar fraction showing how many of the parts indicated by the denominator are taken . ,Numerator  ,Number above the line in a vulgar fraction showing how many of the parts indicated by the denominator are taken .,3.4
Numerical  | Of or relating to a number or numbers.  numerically adv. ,Numerical  ,Of or relating to a number or numbers.  numerically adv.,2.9
Numerology  | The study of the supposed occult significance of numbers.,Numerology  ,The study of the supposed occult significance of numbers.,2.9
Numerous  | 1 many. 2 consisting of many. ,Numerous  ,1 many. 2 consisting of many.,2.7
"Numinous  | 1 indicating the presence of a divinity. 2 spiritual, awe-inspiring. ",Numinous  ,"1 indicating the presence of a divinity. 2 spiritual, awe-inspiring.",2.9
Numismatic  | Of or relating to coins or medals. ,Numismatic  ,Of or relating to coins or medals.,3.3
Numismatics  |pl.  The study of coins or medals.  numismatist n.,Numismatics  ,pl.  The study of coins or medals.  numismatist n.,3.6
Numskull  | Stupid person. ,Numskull  ,Stupid person.,2.9
Nun  | Member of a religious community of women living under certain vows. ,Nun  ,Member of a religious community of women living under certain vows.,3.6
Nuncio  |  papal ambassador. ,Nuncio  ,papal ambassador.,2.9
Nunnery  |  religious house of nuns.,Nunnery  ,religious house of nuns.,3.5
Nuptial  | Of marriage or weddings. —n.  Wedding. ,Nuptial  ,Of marriage or weddings. —n.  Wedding.,2.9
Nurd  | Of ~nerd.,Nurd  ,Of ~nerd.,2.7
Nurse  —| 1 person trained to care for the sick or infirm and assist doctors or dentists. 2 = ~nursemaid. —v.  1 a work as a nurse. B attend to . 2 feed or be fed at the breast. 3 hold or treat carefully. 4 a foster; promote the development of. B harbour . ,Nurse  ,1 person trained to care for the sick or infirm and assist doctors or dentists. 2 = ~nursemaid. —v.  1 a work as a nurse. B attend to . 2 feed or be fed at the breast. 3 hold or treat carefully. 4 a foster; promote the development of. B harbour .,3.2
Nurseling  | Of ~nursling.,Nurseling  ,Of ~nursling.,3.0
Nursemaid  | Woman in charge of a child or children.,Nursemaid  ,Woman in charge of a child or children.,2.7
Nursery  |  1 a a room or place equipped for young children. B = ~day nursery. 2 place where plants are reared for sale. ,Nursery  ,1 a a room or place equipped for young children. B = ~day nursery. 2 place where plants are reared for sale.,2.8
Nurseryman  | Owner of or worker in a plant nursery.,Nurseryman  ,Owner of or worker in a plant nursery.,2.9
Nursery rhyme  | Simple traditional song or rhyme for children.,Nursery rhyme  ,Simple traditional song or rhyme for children.,2.8
Nursery school  | School for children between the ages of three and five.,Nursery school  ,School for children between the ages of three and five.,3.1
Nursery slopes  |pl.  Gentle slopes for novice skiers.,Nursery slopes  ,pl.  Gentle slopes for novice skiers.,3.3
"Nursing home  |  Privately run hospital or home for invalids, old people, etc.",Nursing home  ,"Privately run hospital or home for invalids, old people, etc.",3.3
Nursling  |  infant that is being suckled.,Nursling  ,infant that is being suckled.,2.9
"Nurture  —| 1 bringing up, fostering care. 2 nourishment. —v.  bring up; rear. ",Nurture  ,"1 bringing up, fostering care. 2 nourishment. —v.  bring up; rear.",3.0
Nut  | 1 a fruit consisting of a hard or tough shell around an edible kernel. B this kernel. 2 pod containing hard seeds. 3 small usu. Hexagonal flat piece of metal etc. With a threaded hole through it for screwing on the end of a bolt to secure it. 4 slang person's head. 5 slang crazy or eccentric person. 6 small lump . 7  Coarse slang testicles. do one's nut slang be extremely angry. ,Nut  ,1 a fruit consisting of a hard or tough shell around an edible kernel. B this kernel. 2 pod containing hard seeds. 3 small usu. Hexagonal flat piece of metal etc. With a threaded hole through it for screwing on the end of a bolt to secure it. 4 slang person's head. 5 slang crazy or eccentric person. 6 small lump . 7  Coarse slang testicles. do one's nut slang be extremely angry.,2.8
Nutcase  | Slang crazy person.,Nutcase  ,Slang crazy person.,2.6
Nutcracker  |  Device for cracking nuts.,Nutcracker  ,Device for cracking nuts.,2.8
Nuthatch  | Small bird which climbs up and down tree-trunks.,Nuthatch  ,Small bird which climbs up and down tree-trunks.,2.9
Nutmeg  | 1 hard aromatic seed used as a spice and in medicine. 2 e. Indian tree bearing this. ,Nutmeg  ,1 hard aromatic seed used as a spice and in medicine. 2 e. Indian tree bearing this.,3.0
Nutria  | Coypu fur. ,Nutria  ,Coypu fur.,2.5
Nutrient  —| Substance that provides essential nourishment. —adj. Serving as or providing nourishment. ,Nutrient  ,Substance that provides essential nourishment. —adj. Serving as or providing nourishment.,2.9
Nutriment  | 1 nourishing food. 2 intellectual or artistic etc. Nourishment.,Nutriment  ,1 nourishing food. 2 intellectual or artistic etc. Nourishment.,2.9
"Nutrition  | Food, nourishment.  nutritional adj. Nutritionist n.",Nutrition  ,"Food, nourishment.  nutritional adj. Nutritionist n.",2.9
Nutritious  | Efficient as food.,Nutritious  ,Efficient as food.,2.3
Nutritive  | 1 of nutrition. 2 nutritious.,Nutritive  ,1 of nutrition. 2 nutritious.,2.8
"Nuts  | Adj. Slang crazy, mad. be nuts about  colloq. Be very fond of. ",Nuts  ,"Adj. Slang crazy, mad. be nuts about  colloq. Be very fond of.",3.1
Nuts and bolts  |pl. Colloq. Practical details.,Nuts and bolts  ,pl. Colloq. Practical details.,3.6
Nutshell  | Hard exterior covering of a nut.  in a nutshell in a few words.,Nutshell  ,Hard exterior covering of a nut.  in a nutshell in a few words.,3.0
Nutter  | Slang crazy person.,Nutter  ,Slang crazy person.,2.7
Nutty  |  1 a full of nuts. B tasting like nuts. 2 slang crazy.  nuttiness n.,Nutty  ,1 a full of nuts. B tasting like nuts. 2 slang crazy.  nuttiness n.,2.9
"Nux vomica  | 1 e. Indian tree. 2 seeds of this tree, containing strychnine. ",Nux vomica  ,"1 e. Indian tree. 2 seeds of this tree, containing strychnine.",2.7
Nuzzle  |  1 prod or rub gently with the nose. 2  press the nose gently. 3 nestle; lie snug. ,Nuzzle  ,1 prod or rub gently with the nose. 2  press the nose gently. 3 nestle; lie snug.,3.3
