Wrack  | 1 seaweed cast up or growing on the shore. 2 destruction. ,Wrack  ,1 seaweed cast up or growing on the shore. 2 destruction.,2.5
Wraith  | 1 ghost. 2 spectral appearance of a living person supposed to portend that person's death. ,Wraith  ,1 ghost. 2 spectral appearance of a living person supposed to portend that person's death.,3.0
Wrangle  —| Noisy argument or dispute. —v.  engage in a wrangle. ,Wrangle  ,Noisy argument or dispute. —v.  engage in a wrangle.,2.4
"Wrap  |  1  envelop in folded or soft encircling material. 2  arrange or draw  round . 3  slang crash  into . —n. 1 shawl, scarf, etc. 2 esp. Us wrapping material.  take the wraps off disclose. Under wraps in secrecy. Wrapped up in engrossed or absorbed in. Wrap up 1 colloq. Finish off . 2 put on warm clothes . 3  Slang be quiet.  ",Wrap  ,"1  envelop in folded or soft encircling material. 2  arrange or draw  round . 3  slang crash  into . —n. 1 shawl, scarf, etc. 2 esp. Us wrapping material.  take the wraps off disclose. Under wraps in secrecy. Wrapped up in engrossed or absorbed in. Wrap up 1 colloq. Finish off . 2 put on warm clothes . 3  Slang be quiet.",2.7
Wraparound  |  1  designed to wrap round. 2 curving or extending round at the edges.,Wraparound  ,1  designed to wrap round. 2 curving or extending round at the edges.,2.7
Wrap-over  —| Adj.  overlapping when worn. —n. Such a garment.,Wrap-over  ,Adj.  overlapping when worn. —n. Such a garment.,2.5
"Wrapper  | 1 cover for a sweet, book, posted newspaper, etc. 2 loose enveloping robe or gown.",Wrapper  ,"1 cover for a sweet, book, posted newspaper, etc. 2 loose enveloping robe or gown.",2.3
"Wrapping  |  Material used to wrap; wraps, wrappers.",Wrapping  ,"Material used to wrap; wraps, wrappers.",2.3
Wrapping paper  | Strong or decorative paper for wrapping parcels.,Wrapping paper  ,Strong or decorative paper for wrapping parcels.,1.9
Wrapround  | Of ~wraparound.,Wrapround  ,Of ~wraparound.,3.0
Wrasse  | Bright-coloured marine fish. ,Wrasse  ,Bright-coloured marine fish.,2.8
Wrath  | Literary extreme anger. ,Wrath  ,Literary extreme anger.,3.0
Wrathful  | Literary extremely angry.  wrathfully adv.,Wrathful  ,Literary extremely angry.  wrathfully adv.,2.5
Wreak  | 1  give play to . 2 cause  . ,Wreak  ,1  give play to . 2 cause  .,2.6
"Wreath  |  1 flowers or leaves fastened in a ring, esp. As an ornament for the head or for laying on a grave etc. 2 curl or ring of smoke, cloud, or soft fabric. ",Wreath  ,"1 flowers or leaves fastened in a ring, esp. As an ornament for the head or for laying on a grave etc. 2 curl or ring of smoke, cloud, or soft fabric.",2.6
"Wreathe  |  1 encircle or cover as, with, or like a wreath. 2  wind  Round . 3  Move in wreaths.",Wreathe  ,"1 encircle or cover as, with, or like a wreath. 2  wind  Round . 3  Move in wreaths.",2.9
"Wreck  —| 1 the sinking or running aground of a ship. 2 ship that has suffered a wreck. 3 greatly damaged building, thing, or person. 4  wretched remnant. —v. 1 a seriously damage . B ruin . 2 cause the wreck of . ",Wreck  ,"1 the sinking or running aground of a ship. 2 ship that has suffered a wreck. 3 greatly damaged building, thing, or person. 4  wretched remnant. —v. 1 a seriously damage . B ruin . 2 cause the wreck of .",3.1
Wreckage  | 1 wrecked material. 2 remnants of a wreck. 3 act of wrecking.,Wreckage  ,1 wrecked material. 2 remnants of a wreck. 3 act of wrecking.,2.9
Wrecker  | 1 person or thing that wrecks or destroys. 2 esp. Us person employed in demolition or breaking up damaged vehicles. 3 esp. Hist. Person on the shore who tries to bring about a shipwreck for plunder or profit.,Wrecker  ,1 person or thing that wrecks or destroys. 2 esp. Us person employed in demolition or breaking up damaged vehicles. 3 esp. Hist. Person on the shore who tries to bring about a shipwreck for plunder or profit.,3.2
Wren  | Member of the women's royal naval service. ,Wren  ,Member of the women's royal naval service.,2.9
Wren  | Small usu. Brown short-winged songbird with an erect tail. ,Wren  ,Small usu. Brown short-winged songbird with an erect tail.,2.9
Wrench  —| 1 violent twist or oblique pull or tearing off. 2 tool like a spanner for gripping and turning nuts etc. 3 painful uprooting or parting. —v. 1 twist or pull violently round or sideways. 2  Pull off with a wrench. ,Wrench  ,1 violent twist or oblique pull or tearing off. 2 tool like a spanner for gripping and turning nuts etc. 3 painful uprooting or parting. —v. 1 twist or pull violently round or sideways. 2  Pull off with a wrench.,2.7
Wrest  | 1 wrench away from a person's grasp. 2  obtain by effort or with difficulty. ,Wrest  ,1 wrench away from a person's grasp. 2  obtain by effort or with difficulty.,2.5
"Wrestle  —| 1 contest in which two opponents grapple and try to throw each other to the ground, esp. As an athletic sport. 2 hard struggle. —v.  1  take part or fight in a wrestle. 2 a  struggle. B  do one's utmost to deal with .  wrestler n. Wrestling n. ",Wrestle  ,"1 contest in which two opponents grapple and try to throw each other to the ground, esp. As an athletic sport. 2 hard struggle. —v.  1  take part or fight in a wrestle. 2 a  struggle. B  do one's utmost to deal with .  wrestler n. Wrestling n.",2.6
Wretch  | 1 unfortunate or pitiable person. 2  reprehensible person. ,Wretch  ,1 unfortunate or pitiable person. 2  reprehensible person.,2.4
"Wretched  |  1 unhappy, miserable; unwell. 2 of bad quality; contemptible. 3 displeasing, hateful.  wretchedly adv. Wretchedness n.",Wretched  ,"1 unhappy, miserable; unwell. 2 of bad quality; contemptible. 3 displeasing, hateful.  wretchedly adv. Wretchedness n.",1.4
Wrick  | Of ~rick2.,Wrick  ,Of ~rick2.,2.6
Wriggle  |  1  Twist or turn its body with short writhing movements. 2 make wriggling motions. 3  Go thus . 4 be evasive. —n. Act of wriggling.  wriggle out of colloq. Avoid on a pretext.  wriggly adj. ,Wriggle  ,1  Twist or turn its body with short writhing movements. 2 make wriggling motions. 3  Go thus . 4 be evasive. —n. Act of wriggling.  wriggle out of colloq. Avoid on a pretext.  wriggly adj.,2.4
Wright  | Maker or builder . ,Wright  ,Maker or builder .,3.2
"Wring  |  1 a squeeze tightly. B  squeeze and twist, esp. To remove liquid. 2 break by twisting. 3 distress, torture. 4 extract by squeezing. 5  obtain by pressure or importunity; extort. —n. Act of wringing.  wring one's hands clasp them as a gesture of distress. Wring the neck of kill  By twisting its neck. ",Wring  ,"1 a squeeze tightly. B  squeeze and twist, esp. To remove liquid. 2 break by twisting. 3 distress, torture. 4 extract by squeezing. 5  obtain by pressure or importunity; extort. —n. Act of wringing.  wring one's hands clasp them as a gesture of distress. Wring the neck of kill  By twisting its neck.",2.5
Wringer  | Device for wringing water from washed clothes etc.,Wringer  ,Device for wringing water from washed clothes etc.,2.5
Wringing  |  so wet that water can be wrung out.,Wringing  ,so wet that water can be wrung out.,2.4
"Wrinkle  —| 1 crease in the skin, esp. Caused by age. 2 similar mark in another flexible surface. 3 colloq. Useful tip or clever expedient. —v.  1 make wrinkles in. 2 form wrinkles. ",Wrinkle  ,"1 crease in the skin, esp. Caused by age. 2 similar mark in another flexible surface. 3 colloq. Useful tip or clever expedient. —v.  1 make wrinkles in. 2 form wrinkles.",2.7
Wrinkly  |  having wrinkles. —n. Slang offens. Old or middle-aged person.,Wrinkly  ,having wrinkles. —n. Slang offens. Old or middle-aged person.,2.2
Wrist  | 1 joint connecting the hand with the arm. 2 part of a garment covering this. ,Wrist  ,1 joint connecting the hand with the arm. 2 part of a garment covering this.,2.6
"Wristlet  | Band or ring to strengthen, guard, or adorn the wrist.",Wristlet  ,"Band or ring to strengthen, guard, or adorn the wrist.",2.3
Wrist-watch  | Small watch worn on a strap etc. Round the wrist.,Wrist-watch  ,Small watch worn on a strap etc. Round the wrist.,2.8
Writ1  | Form of written command to act or not act in some way. ,Writ1  ,Form of written command to act or not act in some way.,2.9
Writ2  archaic | Of ~write.  writ large in magnified or emphasized form.,Writ2  archaic ,Of ~write.  writ large in magnified or emphasized form.,2.8
"Write  |  1 mark paper or some other surface with symbols, letters, or words. 2 form or mark . 3 form or mark the symbols of . 4 fill or complete  With writing. 5 transfer  into a computer store. 6 (esp.",Write  ,"1 mark paper or some other surface with symbols, letters, or words. 2 form or mark . 3 form or mark the symbols of . 4 fill or complete  With writing. 5 transfer  into a computer store. 6 (esp.",3.3
"Write-off  | Thing written off, esp. A vehicle too badly damaged to be repaired.",Write-off  ,"Thing written off, esp. A vehicle too badly damaged to be repaired.",3.7
"Writer  | 1 person who writes or has written something. 2 person who writes books, author.",Writer  ,"1 person who writes or has written something. 2 person who writes books, author.",2.7
Writer's cramp  | Muscular spasm due to excessive writing.,Writer,Muscular spasm due to excessive writing.,2.7
"Write-up  | Written or published account, review.",Write-up  ,"Written or published account, review.",3.7
Writhe  |  1 twist or roll oneself about in or as in acute pain. 2 suffer mental torture or embarrassment . ,Writhe  ,1 twist or roll oneself about in or as in acute pain. 2 suffer mental torture or embarrassment .,2.1
Writing  | 1 written words etc. 2 handwriting. 3  Author's works.  in writing in written form. The writing on the wall ominously significant event etc.,Writing  ,1 written words etc. 2 handwriting. 3  Author's works.  in writing in written form. The writing on the wall ominously significant event etc.,2.8
"Writing-desk  | Desk for writing at, esp. With compartments for papers etc.",Writing-desk  ,"Desk for writing at, esp. With compartments for papers etc.",3.4
Writing-paper  | Paper for writing  on.,Writing-paper  ,Paper for writing  on.,3.3
Written  | Of ~write.,Written  ,Of ~write.,2.9
"Wrong  | 1 mistaken; not true; in error. 2 unsuitable; less or least desirable . 3 contrary to law or morality . 4 amiss; out of order, in a bad or abnormal condition . —adv.  in a wrong manner or direction; with an incorrect result . —n. 1 what is morally wrong. 2 unjust action . —v. 1 treat unjustly. 2 mistakenly attribute bad motives to.  do wrong sin. Do wrong to malign or mistreat . Get wrong 1 misunderstand . 2 obtain an incorrect answer to. Get  the wrong end of the stick misunderstand completely. Go wrong 1 take the wrong path. 2 stop functioning properly. 3 depart from virtuous behaviour. In the wrong responsible for a quarrel, mistake, or offence. On the wrong side of 1 out of favour with . 2 somewhat more than . Wrong side out inside out. Wrong way round in the opposite or reverse of the normal or desirable orientation or sequence etc.  wrongly adv. Wrongness n. ",Wrong  ,"1 mistaken; not true; in error. 2 unsuitable; less or least desirable . 3 contrary to law or morality . 4 amiss; out of order, in a bad or abnormal condition . —adv.  in a wrong manner or direction; with an incorrect result . —n. 1 what is morally wrong. 2 unjust action . —v. 1 treat unjustly. 2 mistakenly attribute bad motives to.  do wrong sin. Do wrong to malign or mistreat . Get wrong 1 misunderstand . 2 obtain an incorrect answer to. Get  the wrong end of the stick misunderstand completely. Go wrong 1 take the wrong path. 2 stop functioning properly. 3 depart from virtuous behaviour. In the wrong responsible for a quarrel, mistake, or offence. On the wrong side of 1 out of favour with . 2 somewhat more than . Wrong side out inside out. Wrong way round in the opposite or reverse of the normal or desirable orientation or sequence etc.  wrongly adv. Wrongness n.",2.7
Wrongdoer  | Person who behaves immorally or illegally.  wrongdoing n.,Wrongdoer  ,Person who behaves immorally or illegally.  wrongdoing n.,2.3
Wrong-foot  | Colloq. 1  Catch  off balance. 2 disconcert; catch unprepared.,Wrong-foot  ,Colloq. 1  Catch  off balance. 2 disconcert; catch unprepared.,3.2
"Wrongful  | Unwarranted, unjustified .  wrongfully adv.",Wrongful  ,"Unwarranted, unjustified .  wrongfully adv.",2.0
Wrong-headed  | Perverse and obstinate.,Wrong-headed  ,Perverse and obstinate.,2.7
Wrong side  | Worse or undesired or unusable side of esp. Fabric.,Wrong side  ,Worse or undesired or unusable side of esp. Fabric.,2.8
Wrote  past of ~write.,Wrote  past of ,Wrote  past of ~write.,3.2
Wroth  | Adj. Archaic angry. ,Wroth  ,Adj. Archaic angry.,2.4
Wrought  archaic | Of ~work. —adj.  beaten out or shaped by hammering.,Wrought  archaic ,Of ~work. —adj.  beaten out or shaped by hammering.,2.1
"Wrought iron  | Tough malleable form of iron suitable for forging or rolling, not cast.",Wrought iron  ,"Tough malleable form of iron suitable for forging or rolling, not cast.",1.7
Wrung  | Of ~wring.,Wrung  ,Of ~wring.,2.0
"Wry  |  1 distorted or turned to one side. 2  Contorted in disgust, disappointment, or mockery. 3  dry and mocking.  wryly adv. Wryness n. ",Wry  ,"1 distorted or turned to one side. 2  Contorted in disgust, disappointment, or mockery. 3  dry and mocking.  wryly adv. Wryness n.",2.7
Wryneck  | Small woodpecker able to turn its head over its shoulder.,Wryneck  ,Small woodpecker able to turn its head over its shoulder.,2.2
