Eider  | Any of various large northern ducks. ,Eider  ,Any of various large northern ducks.,2.8
"Eiderdown  | Quilt stuffed with soft material, esp. Down.",Eiderdown  ,"Quilt stuffed with soft material, esp. Down.",3.1
Eight  | & n. 1 one more than seven. 2 symbol for this . 3 size etc. Denoted by eight. 4 eight-oared rowing-boat or its crew. 5 eight o'clock. ,Eight  ,& n. 1 one more than seven. 2 symbol for this . 3 size etc. Denoted by eight. 4 eight-oared rowing-boat or its crew. 5 eight o'clock.,3.1
Eighteen  | & n. 1 one more than seventeen. 2 symbol for this . 3 size etc. Denoted by eighteen. 4   suitable only for persons of 18 years and over.  eighteenth adj. & n. ,Eighteen  ,& n. 1 one more than seventeen. 2 symbol for this . 3 size etc. Denoted by eighteen. 4   suitable only for persons of 18 years and over.  eighteenth adj. & n.,2.9
Eightfold  | & adv. 1 eight times as much or as many. 2 consisting of eight parts.,Eightfold  ,& adv. 1 eight times as much or as many. 2 consisting of eight parts.,3.2
Eighth  | & n. 1 next after seventh. 2 one of eight equal parts of a thing.  eighthly adv.,Eighth  ,& n. 1 next after seventh. 2 one of eight equal parts of a thing.  eighthly adv.,2.8
Eightsome  |  lively scottish dance for eight people.,Eightsome  ,lively scottish dance for eight people.,2.9
"Eighty  | & n.  1 eight times ten. 2 symbol for this . 3  Numbers from 80 to 89, esp. The years of a century or of a person's life.  eightieth adj. & n. ",Eighty  ,"& n.  1 eight times ten. 2 symbol for this . 3  Numbers from 80 to 89, esp. The years of a century or of a person's life.  eightieth adj. & n.",2.8
Einsteinium  | Artificial radioactive metallic element. ,Einsteinium  ,Artificial radioactive metallic element.,3.0
Eisteddfod  | Congress of welsh poets and musicians; festival for musical competitions etc. ,Eisteddfod  ,Congress of welsh poets and musicians; festival for musical competitions etc.,3.4
Either  | & pron. 1 one or the other of two . 2 each of two . —adv. & conj. 1 as one possibility . 2 as one choice or alternative; which way you will . 3  A any more than the other . B moreover . ,Either  ,& pron. 1 one or the other of two . 2 each of two . —adv. & conj. 1 as one possibility . 2 as one choice or alternative; which way you will . 3  A any more than the other . B moreover .,3.2
