"Hub  | 1 central part of a wheel, rotating on or with the axle. 2 centre of interest, activity, etc. ",Hub  ,"1 central part of a wheel, rotating on or with the axle. 2 centre of interest, activity, etc.",3.1
Hubble-bubble  | 1 simple hookah. 2 bubbling sound. 3 confused talk. ,Hubble-bubble  ,1 simple hookah. 2 bubbling sound. 3 confused talk.,3.0
Hubbub  | 1 confused noise of talking. 2 disturbance. ,Hubbub  ,1 confused noise of talking. 2 disturbance.,3.1
Hubby  |  colloq. Husband. ,Hubby  ,colloq. Husband.,3.3
Hubris  | Arrogant pride or presumption.  hubristic adj. ,Hubris  ,Arrogant pride or presumption.  hubristic adj.,2.8
Huckleberry  | 1 low-growing n. American shrub. 2 blue or black fruit of this. ,Huckleberry  ,1 low-growing n. American shrub. 2 blue or black fruit of this.,3.2
Huckster  —| Aggressive salesman; hawker. —v. 1 haggle. 2 hawk . ,Huckster  ,Aggressive salesman; hawker. —v. 1 haggle. 2 hawk .,3.0
Huddle  |  1  crowd together; nestle closely. 2  curl one's body into a small space. 3 heap together in a muddle. —n. 1 confused or crowded mass. 2 colloq. Close or secret conference . ,Huddle  ,1  crowd together; nestle closely. 2  curl one's body into a small space. 3 heap together in a muddle. —n. 1 confused or crowded mass. 2 colloq. Close or secret conference .,3.1
"Hue  | 1 colour, tint. 2 variety or shade of colour. ",Hue  ,"1 colour, tint. 2 variety or shade of colour.",3.1
Hue and cry  | Loud outcry. ,Hue and cry  ,Loud outcry.,3.7
"Huff  —| Colloq. Fit of petty annoyance. —v. 1 blow air, steam, etc. 2  bluster self-importantly but ineffectually. 3 draughts remove  as a forfeit.  in a huff colloq. Annoyed and offended.  ",Huff  ,"Colloq. Fit of petty annoyance. —v. 1 blow air, steam, etc. 2  bluster self-importantly but ineffectually. 3 draughts remove  as a forfeit.  in a huff colloq. Annoyed and offended.",3.0
Huffy  |  colloq. 1 apt to take offence. 2 offended.  huffily adv. Huffiness n.,Huffy  ,colloq. 1 apt to take offence. 2 offended.  huffily adv. Huffiness n.,3.2
"Hug  |  1 squeeze tightly in one's arms, esp. With affection. 2  squeeze  between its forelegs. 3 keep close to; fit tightly around. —n. 1 strong clasp with the arms. 2 squeezing grip in wrestling. ",Hug  ,"1 squeeze tightly in one's arms, esp. With affection. 2  squeeze  between its forelegs. 3 keep close to; fit tightly around. —n. 1 strong clasp with the arms. 2 squeezing grip in wrestling.",3.0
Huge  | 1 extremely large; enormous. 2  very great.  hugeness n. ,Huge  ,1 extremely large; enormous. 2  very great.  hugeness n.,2.7
Hugely  | 1 extremely . 2 very much .,Hugely  ,1 extremely . 2 very much .,2.7
Hugger-mugger  | & adv. 1 in secret. 2 confused; in confusion. —n. 1 secrecy. 2 confusion. ,Hugger-mugger  ,& adv. 1 in secret. 2 confused; in confusion. —n. 1 secrecy. 2 confusion.,3.1
Huguenot  | Hist. French protestant. ,Huguenot  ,Hist. French protestant.,2.8
"Huh  | Expressing disgust, surprise, etc. ",Huh  ,"Expressing disgust, surprise, etc.",2.7
"Hula  |  polynesian dance performed by women, with flowing arm movements. ",Hula  ,"polynesian dance performed by women, with flowing arm movements.",2.8
Hula hoop  | Large hoop spun round the body.,Hula hoop  ,Large hoop spun round the body.,3.3
Hulk  | 1 body of a dismantled ship. 2 colloq. Large clumsy-looking person or thing. ,Hulk  ,1 body of a dismantled ship. 2 colloq. Large clumsy-looking person or thing.,3.0
Hulking  | Colloq. Bulky; clumsy.,Hulking  ,Colloq. Bulky; clumsy.,2.8
"Hull1  | Body of a ship, airship, etc. ",Hull1  ,"Body of a ship, airship, etc.",2.7
"Hull2  —| Outer covering of a fruit, esp. The pod of peas and beans, the husk of grain, or the green calyx of a strawberry. —v. Remove the hulls from . ",Hull2  ,"Outer covering of a fruit, esp. The pod of peas and beans, the husk of grain, or the green calyx of a strawberry. —v. Remove the hulls from .",2.6
Hullabaloo  | Uproar. ,Hullabaloo  ,Uproar.,2.3
Hullo  | Of ~hello.,Hullo  ,Of ~hello.,2.7
Hum  |  1 make a low steady continuous sound like a bee. 2 sing with closed lips. 3 utter a slight inarticulate sound. 4 colloq. Be active . 5 colloq. Smell unpleasantly. —n. 1 humming sound. 2 colloq. Bad smell.  hum and haw  hesitate; be indecisive. ,Hum  ,1 make a low steady continuous sound like a bee. 2 sing with closed lips. 3 utter a slight inarticulate sound. 4 colloq. Be active . 5 colloq. Smell unpleasantly. —n. 1 humming sound. 2 colloq. Bad smell.  hum and haw  hesitate; be indecisive.,2.7
"Human  | 1 of or belonging to the species homo sapiens. 2 consisting of human beings . 3 of or characteristic of humankind, esp. As being weak, fallible, etc. . 4 showing warmth, sympathy, etc. . —n. Human being. ",Human  ,"1 of or belonging to the species homo sapiens. 2 consisting of human beings . 3 of or characteristic of humankind, esp. As being weak, fallible, etc. . 4 showing warmth, sympathy, etc. . —n. Human being.",3.0
"Human being  | Man, woman, or child.",Human being  ,"Man, woman, or child.",3.2
"Human chain  | Line of people formed for passing things along, as a protest, etc.",Human chain  ,"Line of people formed for passing things along, as a protest, etc.",3.4
"Humane  | 1 benevolent, compassionate. 2 inflicting the minimum of pain. 3  tending to civilize.  humanely adv. Humaneness n.",Humane  ,"1 benevolent, compassionate. 2 inflicting the minimum of pain. 3  tending to civilize.  humanely adv. Humaneness n.",2.8
Humane killer  | Instrument for the painless slaughter of animals.,Humane killer  ,Instrument for the painless slaughter of animals.,2.8
"Humanism  | 1 non-religious philosophy based on liberal human values. 2  literary culture, esp. That of the renaissance.  humanist n. Humanistic adj.",Humanism  ,"1 non-religious philosophy based on liberal human values. 2  literary culture, esp. That of the renaissance.  humanist n. Humanistic adj.",3.0
Humanitarian  —| Person who seeks to promote human welfare. —adj. Of humanitarians.  humanitarianism n.,Humanitarian  ,Person who seeks to promote human welfare. —adj. Of humanitarians.  humanitarianism n.,2.8
"Humanity  |  1 a the human race. B human beings collectively. C being human. 2 humaneness, benevolence. 3  Subjects concerned with human culture, e.g. Language, literature, and history.",Humanity  ,"1 a the human race. B human beings collectively. C being human. 2 humaneness, benevolence. 3  Subjects concerned with human culture, e.g. Language, literature, and history.",2.7
Humanize  |   make human or humane.  humanization n. ,Humanize  ,make human or humane.  humanization n.,2.8
Humankind  | Human beings collectively.,Humankind  ,Human beings collectively.,3.6
Humanly  | 1 by human means . 2 in a human manner.,Humanly  ,1 by human means . 2 in a human manner.,3.2
Human nature  | General characteristics and feelings of mankind.,Human nature  ,General characteristics and feelings of mankind.,3.0
Human rights  |pl. Rights held to be common to all.,Human rights  ,pl. Rights held to be common to all.,2.8
Human shield  | Person placed in the line of fire in order to discourage attack.,Human shield  ,Person placed in the line of fire in order to discourage attack.,3.5
"Humble  | 1 having or showing low self-esteem. 2 of low social or political rank. 3 modest in size, pretensions, etc. —v.  1 make humble; abase. 2 lower the rank or status of.  eat humble pie apologize humbly; accept humiliation.  humbleness n. Humbly adv. ",Humble  ,"1 having or showing low self-esteem. 2 of low social or political rank. 3 modest in size, pretensions, etc. —v.  1 make humble; abase. 2 lower the rank or status of.  eat humble pie apologize humbly; accept humiliation.  humbleness n. Humbly adv.",2.6
"Humbug  —| 1 lying or deception; hypocrisy. 2 impostor. 3 hard boiled striped peppermint sweet. —v.  1 be or behave like an impostor. 2 deceive, hoax. ",Humbug  ,"1 lying or deception; hypocrisy. 2 impostor. 3 hard boiled striped peppermint sweet. —v.  1 be or behave like an impostor. 2 deceive, hoax.",2.7
Humdinger  | Slang excellent or remarkable person or thing. ,Humdinger  ,Slang excellent or remarkable person or thing.,2.9
"Humdrum  | Commonplace, dull, monotonous. ",Humdrum  ,"Commonplace, dull, monotonous.",3.1
Humerus  |  bone of the upper arm.  humeral adj. ,Humerus  ,bone of the upper arm.  humeral adj.,2.7
Humid  |  warm and damp. ,Humid  ,warm and damp.,2.7
Humidifier  | Device for keeping the atmosphere moist in a room etc.,Humidifier  ,Device for keeping the atmosphere moist in a room etc.,2.7
Humidify  |  make  Humid.,Humidify  ,make  Humid.,2.9
"Humidity  |  1 dampness. 2 degree of moisture, esp. In the atmosphere.",Humidity  ,"1 dampness. 2 degree of moisture, esp. In the atmosphere.",2.8
Humiliate  |  injure the dignity or self-respect of.  humiliating adj. Humiliation n. ,Humiliate  ,injure the dignity or self-respect of.  humiliating adj. Humiliation n.,2.8
"Humility  | 1 humbleness, meekness. 2 humble condition. ",Humility  ,"1 humbleness, meekness. 2 humble condition.",2.7
Hummingbird  | Small tropical bird that makes a humming sound with its wings when it hovers.,Hummingbird  ,Small tropical bird that makes a humming sound with its wings when it hovers.,3.0
Hummock  | Hillock or hump. ,Hummock  ,Hillock or hump.,2.6
"Hummus  |  dip or appetizer made from ground chick-peas, sesame oil, lemon, and garlic. ",Hummus  ,"dip or appetizer made from ground chick-peas, sesame oil, lemon, and garlic.",3.1
"Humor   —| 1 a quality of being amusing or comic. B the expression of humour in literature, speech, etc. 2  ability to perceive or express humour. 3 state of mind; inclination . 4  hist. Each of the four fluids , thought to determine a person's physical and mental qualities. —v. Gratify or indulge .  out of humour displeased.  humourless adj. ",Humor   ,"1 a quality of being amusing or comic. B the expression of humour in literature, speech, etc. 2  ability to perceive or express humour. 3 state of mind; inclination . 4  hist. Each of the four fluids , thought to determine a person's physical and mental qualities. —v. Gratify or indulge .  out of humour displeased.  humourless adj.",3.1
Humoresque  | Short lively piece of music. ,Humoresque  ,Short lively piece of music.,3.0
"Humorist  | Humorous writer, talker, or actor.",Humorist  ,"Humorous writer, talker, or actor.",2.9
Humorous  | Showing humour or a sense of humour.  humorously adv.,Humorous  ,Showing humour or a sense of humour.  humorously adv.,2.5
"Humour   —| 1 a quality of being amusing or comic. B the expression of humour in literature, speech, etc. 2  ability to perceive or express humour. 3 state of mind; inclination . 4  hist. Each of the four fluids , thought to determine a person's physical and mental qualities. —v. Gratify or indulge .  out of humour displeased.  humourless adj. ",Humour   ,"1 a quality of being amusing or comic. B the expression of humour in literature, speech, etc. 2  ability to perceive or express humour. 3 state of mind; inclination . 4  hist. Each of the four fluids , thought to determine a person's physical and mental qualities. —v. Gratify or indulge .  out of humour displeased.  humourless adj.",2.8
"Hump  —| 1 rounded protuberance on a camel's back, or as an abnormality on a person's back. 2 rounded raised mass of earth etc. 3 critical point in an undertaking. 4  slang fit of depression or vexation . —v. 1  colloq. Lift or carry  With difficulty. 2 make hump-shaped. ",Hump  ,"1 rounded protuberance on a camel's back, or as an abnormality on a person's back. 2 rounded raised mass of earth etc. 3 critical point in an undertaking. 4  slang fit of depression or vexation . —v. 1  colloq. Lift or carry  With difficulty. 2 make hump-shaped.",2.7
Humpback  | 1 a deformed back with a hump. B person with this. 2 whale with a dorsal fin forming a hump.  humpbacked adj.,Humpback  ,1 a deformed back with a hump. B person with this. 2 whale with a dorsal fin forming a hump.  humpbacked adj.,2.3
Humpback bridge  | Small bridge with a steep ascent and descent.,Humpback bridge  ,Small bridge with a steep ascent and descent.,2.6
Humph  | & n. Inarticulate sound of doubt or dissatisfaction. ,Humph  ,& n. Inarticulate sound of doubt or dissatisfaction.,2.7
Humus  | Organic constituent of soil formed by the decomposition of vegetation. ,Humus  ,Organic constituent of soil formed by the decomposition of vegetation.,2.7
Hun  | 1 offens. German . 2 member of a warlike asiatic nomadic people who ravaged europe in the 4th–5th c. 3 vandal.  hunnish adj. ,Hun  ,1 offens. German . 2 member of a warlike asiatic nomadic people who ravaged europe in the 4th–5th c. 3 vandal.  hunnish adj.,2.8
Hunch  | Bend or arch into a hump. —n. 1 intuitive feeling or idea. 2 hump. ,Hunch  ,Bend or arch into a hump. —n. 1 intuitive feeling or idea. 2 hump.,3.2
Hunchback  | = ~humpback 1.  hunchbacked adj.,Hunchback  ,= ~humpback 1.  hunchbacked adj.,3.0
"Hundred  | & n.  hundred)  1 ten times ten. 2 symbol for this . 3  Colloq. A large number. 4  The years of a specified century . 5 hist. Subdivision of a county or shire, having its own court.  hundredfold adj. & adv. Hundredth adj. & n. ",Hundred  ,"& n.  hundred)  1 ten times ten. 2 symbol for this . 3  Colloq. A large number. 4  The years of a specified century . 5 hist. Subdivision of a county or shire, having its own court.  hundredfold adj. & adv. Hundredth adj. & n.",2.7
Hundreds and thousands  |pl. Tiny coloured sweets for decorating cakes etc.,Hundreds and thousands  ,pl. Tiny coloured sweets for decorating cakes etc.,3.3
"Hundredweight  |  1 unit of weight equal to 112 lb, or us equal to 100 lb. 2 unit of weight equal to 50 kg.",Hundredweight  ,"1 unit of weight equal to 112 lb, or us equal to 100 lb. 2 unit of weight equal to 50 kg.",3.1
Hung  | Of ~hang.,Hung  ,Of ~hang.,2.8
Hungarian  —| 1 a native or national of hungary. B person of hungarian descent. 2 language of hungary. —adj. Of hungary or its people or language. ,Hungarian  ,1 a native or national of hungary. B person of hungarian descent. 2 language of hungary. —adj. Of hungary or its people or language.,3.1
Hunger  —| 1 a lack of food. B feeling of discomfort or exhaustion caused by this. 2  strong desire. —v. 1  crave or desire. 2 feel hunger. ,Hunger  ,1 a lack of food. B feeling of discomfort or exhaustion caused by this. 2  strong desire. —v. 1  crave or desire. 2 feel hunger.,2.8
Hunger strike  | Refusal of food as a protest.,Hunger strike  ,Refusal of food as a protest.,3.1
Hung-over  | Colloq. Suffering from a hangover.,Hung-over  ,Colloq. Suffering from a hangover.,3.2
Hung parliament  | Parliament in which no party has a clear majority.,Hung parliament  ,Parliament in which no party has a clear majority.,3.3
Hungry  |  1 feeling or showing hunger; needing food. 2 inducing hunger . 3 craving .  hungrily adv. ,Hungry  ,1 feeling or showing hunger; needing food. 2 inducing hunger . 3 craving .  hungrily adv.,2.7
Hunk  | 1 large piece cut off . 2 colloq. Sexually attractive man.  hunky adj. . ,Hunk  ,1 large piece cut off . 2 colloq. Sexually attractive man.  hunky adj. .,2.7
Hunky-dory  | Esp. Us colloq. Excellent. ,Hunky-dory  ,Esp. Us colloq. Excellent.,2.8
"Hunt  | 1  A pursue and kill  for sport or food. B use  for hunting. C  chase . 2  seek, search. 3  Run alternately too fast and too slow. 4 scour  for game. 5   Terrified as if being hunted. —n. 1 practice or instance of hunting. 2 a association of people hunting with hounds. B area for hunting.  hunt down pursue and capture.  hunting n. ",Hunt  ,"1  A pursue and kill  for sport or food. B use  for hunting. C  chase . 2  seek, search. 3  Run alternately too fast and too slow. 4 scour  for game. 5   Terrified as if being hunted. —n. 1 practice or instance of hunting. 2 a association of people hunting with hounds. B area for hunting.  hunt down pursue and capture.  hunting n.",2.9
Hunter  | 1 a  person or animal that hunts. B horse used in hunting. 2 person who seeks something. 3 pocket-watch with a hinged cover protecting the glass.,Hunter  ,1 a  person or animal that hunts. B horse used in hunting. 2 person who seeks something. 3 pocket-watch with a hinged cover protecting the glass.,3.0
Hunter's moon  | Next full moon after the harvest moon.,Hunter,Next full moon after the harvest moon.,3.0
Huntsman  | 1 hunter. 2 hunt official in charge of hounds.,Huntsman  ,1 hunter. 2 hunt official in charge of hounds.,2.7
Hurdle  —| 1 a each of a series of light frames to be cleared by athletes in a race. B  Hurdle-race. 2 obstacle or difficulty. 3 portable rectangular frame used as a temporary fence etc. —v.  1 run in a hurdle-race. 2 fence off etc. With hurdles. ,Hurdle  ,1 a each of a series of light frames to be cleared by athletes in a race. B  Hurdle-race. 2 obstacle or difficulty. 3 portable rectangular frame used as a temporary fence etc. —v.  1 run in a hurdle-race. 2 fence off etc. With hurdles.,2.4
Hurdler  | 1 athlete who runs in hurdle-races. 2 maker of hurdles.,Hurdler  ,1 athlete who runs in hurdle-races. 2 maker of hurdles.,2.7
Hurdy-gurdy  |  1 droning musical instrument played by turning a handle. 2 colloq. Barrel-organ. ,Hurdy-gurdy  ,1 droning musical instrument played by turning a handle. 2 colloq. Barrel-organ.,3.2
Hurl  | 1 throw with great force. 2 utter  Vehemently. —n. Forceful throw. ,Hurl  ,1 throw with great force. 2 utter  Vehemently. —n. Forceful throw.,2.6
Hurley  | 1  irish game resembling hockey. 2 stick used in this.,Hurley  ,1  irish game resembling hockey. 2 stick used in this.,2.7
Hurly-burly  | Boisterous activity; commotion. ,Hurly-burly  ,Boisterous activity; commotion.,2.3
Hurrah  | & n.  exclamation of joy or approval. ,Hurrah  ,& n.  exclamation of joy or approval.,2.6
"Hurricane  | 1 storm with a violent wind, esp. A w. Indian cyclone. 2 meteorol. Wind of 65 knots  Or more, force 12 on the beaufort scale. ",Hurricane  ,"1 storm with a violent wind, esp. A w. Indian cyclone. 2 meteorol. Wind of 65 knots  Or more, force 12 on the beaufort scale.",2.7
Hurricane-lamp  | Oil-lamp designed to resist a high wind.,Hurricane-lamp  ,Oil-lamp designed to resist a high wind.,3.4
Hurry  —| 1 great or eager haste. 2  Need for haste . —v.  1 move or act hastily. 2 cause to hurry.,Hurry  ,1 great or eager haste. 2  Need for haste . —v.  1 move or act hastily. 2 cause to hurry.,2.7
"Hurt  |  1  Cause pain or injury to. 2 cause mental pain or distress to. 3 suffer pain . —n. 1 injury. 2 harm, wrong. ",Hurt  ,"1  Cause pain or injury to. 2 cause mental pain or distress to. 3 suffer pain . —n. 1 injury. 2 harm, wrong.",3.2
Hurtful  | Causing  hurt.  hurtfully adv.,Hurtful  ,Causing  hurt.  hurtfully adv.,2.5
Hurtle  |  1 move or hurl rapidly or noisily. 2 come with a crash. ,Hurtle  ,1 move or hurl rapidly or noisily. 2 come with a crash.,3.0
"Husband  —| Married man, esp. In relation to his wife. —v. Use  economically; eke out. ",Husband  ,"Married man, esp. In relation to his wife. —v. Use  economically; eke out.",3.3
Husbandry  | 1 farming. 2 management of resources.,Husbandry  ,1 farming. 2 management of resources.,3.1
Hush  | Make or become silent or quiet. —int. Calling for silence. —n. Expectant stillness or silence.  hush up suppress public mention of . ,Hush  ,Make or become silent or quiet. —int. Calling for silence. —n. Expectant stillness or silence.  hush up suppress public mention of .,2.6
"Hush-hush  | Colloq. Highly secret, confidential.",Hush-hush  ,"Colloq. Highly secret, confidential.",2.9
Hush money  | Slang money paid to ensure discretion.,Hush money  ,Slang money paid to ensure discretion.,1.9
Husk  —| 1 dry outer covering of some fruits or seeds. 2 worthless outside part of a thing. —v. Remove husk from. ,Husk  ,1 dry outer covering of some fruits or seeds. 2 worthless outside part of a thing. —v. Remove husk from.,2.7
"Husky1  |  1  dry in the throat; hoarse. 2 of or full of husks. 3 dry as a husk. 4 tough, strong, hefty.  huskily adv. Huskiness n.",Husky1  ,"1  dry in the throat; hoarse. 2 of or full of husks. 3 dry as a husk. 4 tough, strong, hefty.  huskily adv. Huskiness n.",2.7
Husky2  |  dog of a powerful breed used in the arctic for pulling sledges. ,Husky2  ,dog of a powerful breed used in the arctic for pulling sledges.,2.7
Huss  | Dogfish as food. ,Huss  ,Dogfish as food.,2.7
Hussar  | Soldier of a light cavalry regiment. ,Hussar  ,Soldier of a light cavalry regiment.,2.8
Hussy  |  derog. Impudent or promiscuous girl or woman. ,Hussy  ,derog. Impudent or promiscuous girl or woman.,3.0
Hustings  | Election campaign or proceedings. ,Hustings  ,Election campaign or proceedings.,2.7
"Hustle  |  1 jostle, bustle. 2  Force, coerce, or hurry . 3 slang a solicit business. B engage in prostitution. 4 slang obtain by energetic activity. —n. Act or instance of hustling.  hustler n. ",Hustle  ,"1 jostle, bustle. 2  Force, coerce, or hurry . 3 slang a solicit business. B engage in prostitution. 4 slang obtain by energetic activity. —n. Act or instance of hustling.  hustler n.",2.8
Hut  | Small simple or crude house or shelter. ,Hut  ,Small simple or crude house or shelter.,2.8
Hutch  | Box or cage for rabbits etc. ,Hutch  ,Box or cage for rabbits etc.,3.0
