"By  —| 1 near, beside . 2 through the agency or means of . 3 not later than . 4 a past, beyond . B through; via . 5 during . 6 to the extent of . 7 according to; using as a standard or unit . 8 with the succession of . 9 concerning; in respect of . 10 used in mild oaths . 11 expressing dimensions of an area etc. . 12 avoiding, ignoring . 13 inclining to . —adv. 1 near . 2 aside; in reserve . 3 past . —n.  = ~bye1.  by and by before long; eventually. By and large on the whole. By the by  incidentally. By oneself 1 a unaided. B unprompted. 2 alone. ",By  ,"1 near, beside . 2 through the agency or means of . 3 not later than . 4 a past, beyond . B through; via . 5 during . 6 to the extent of . 7 according to; using as a standard or unit . 8 with the succession of . 9 concerning; in respect of . 10 used in mild oaths . 11 expressing dimensions of an area etc. . 12 avoiding, ignoring . 13 inclining to . —adv. 1 near . 2 aside; in reserve . 3 past . —n.  = ~bye1.  by and by before long; eventually. By and large on the whole. By the by  incidentally. By oneself 1 a unaided. B unprompted. 2 alone.",2.8
"Bye1  | 1 cricket run scored from a ball that passes the batsman without being hit. 2 status of an unpaired competitor in a sport, who proceeds to the next round by default. ",Bye1  ,"1 cricket run scored from a ball that passes the batsman without being hit. 2 status of an unpaired competitor in a sport, who proceeds to the next round by default.",2.9
Bye2  |  colloq. = ~goodbye. ,Bye2  ,colloq. = ~goodbye.,2.8
By-election  | Election to fill a vacancy arising between general elections.,By-election  ,Election to fill a vacancy arising between general elections.,3.2
"Byelorussian   —| Native or language of byelorussia in eastern europe. —adj. Of byelorussia, its people, or language. ",Byelorussian   ,"Native or language of byelorussia in eastern europe. —adj. Of byelorussia, its people, or language.",2.6
"Bygone  | Past, antiquated. —n.  forgive and forget past quarrels.",Bygone  ,"Past, antiquated. —n.  forgive and forget past quarrels.",2.9
By-law  | Regulation made by a local authority or corporation. ,By-law  ,Regulation made by a local authority or corporation.,3.0
Byline  | 1 line naming the writer of a newspaper article etc. 2 secondary line of work. 3 goal-line or touch-line.,Byline  ,1 line naming the writer of a newspaper article etc. 2 secondary line of work. 3 goal-line or touch-line.,3.0
"Bypass  —| 1 main road passing round a town or its centre. 2 a secondary channel or pipe etc. Used in emergencies. B alternative passage for the circulation of blood through the heart. —v. Avoid, go round .",Bypass  ,"1 main road passing round a town or its centre. 2 a secondary channel or pipe etc. Used in emergencies. B alternative passage for the circulation of blood through the heart. —v. Avoid, go round .",3.2
"Byplay  | Secondary action, esp. In a play.",Byplay  ,"Secondary action, esp. In a play.",3.2
By-product  | 1 incidental product made in the manufacture of something else. 2 secondary result.,By-product  ,1 incidental product made in the manufacture of something else. 2 secondary result.,3.0
Byre  | Cowshed. ,Byre  ,Cowshed.,2.6
Byroad  | Minor road.,Byroad  ,Minor road.,2.5
Byssinosis  | Lung disease caused by textile fibre dust. ,Byssinosis  ,Lung disease caused by textile fibre dust.,2.0
Bystander  | Person present but not taking part; onlooker.,Bystander  ,Person present but not taking part; onlooker.,2.6
"Byte  | Computing group of eight binary digits, often representing one character. ",Byte  ,"Computing group of eight binary digits, often representing one character.",3.3
Byway  | 1 byroad or secluded path. 2 minor activity.,Byway  ,1 byroad or secluded path. 2 minor activity.,3.1
Byword  | 1 person or thing as a notable example . 2 familiar saying.,Byword  ,1 person or thing as a notable example . 2 familiar saying.,3.0
"Byzantine  | 1 of byzantium or the e. Roman empire. 2 of its highly decorated style of architecture. 3  Complex, inflexible, or underhand. —n. Citizen of byzantium or the e. Roman empire.  byzantinism n. Byzantinist n. ",Byzantine  ,"1 of byzantium or the e. Roman empire. 2 of its highly decorated style of architecture. 3  Complex, inflexible, or underhand. —n. Citizen of byzantium or the e. Roman empire.  byzantinism n. Byzantinist n.",3.3
