"Ox  |  1 large usu. Horned ruminant used for draught, milk, and meat. 2 castrated male of a domesticated species of cattle. ",Ox  ,"1 large usu. Horned ruminant used for draught, milk, and meat. 2 castrated male of a domesticated species of cattle.",3.5
Oxalic acid  |  Very poisonous and sour acid found in sorrel and rhubarb leaves. ,Oxalic acid  ,Very poisonous and sour acid found in sorrel and rhubarb leaves.,2.0
Oxbow  | Loop formed by a horseshoe bend in a river.,Oxbow  ,Loop formed by a horseshoe bend in a river.,3.6
"Oxbridge  |  Oxford and cambridge universities regarded together, esp. In contrast to newer ones. ",Oxbridge  ,"Oxford and cambridge universities regarded together, esp. In contrast to newer ones.",3.2
Oxen  pl. Of ~ox.,Oxen  pl,Oxen  pl. Of ~ox.,2.6
Ox-eye daisy  | Daisy with white petals and a yellow centre.,Ox-eye daisy  ,Daisy with white petals and a yellow centre.,3.4
"Oxford blue  | & n.  a dark blue, often with a purple tinge.",Oxford blue  ,"& n.  a dark blue, often with a purple tinge.",2.3
Oxhide  | 1 hide of an ox. 2 leather from this.,Oxhide  ,1 hide of an ox. 2 leather from this.,3.0
Oxidation  |  Process of oxidizing. ,Oxidation  ,Process of oxidizing.,3.0
Oxide  | Binary compound of oxygen. ,Oxide  ,Binary compound of oxygen.,2.8
Oxidize  |   1 combine with oxygen. 2 make or become rusty. 3 coat  with oxide.  oxidization n.,Oxidize  ,1 combine with oxygen. 2 make or become rusty. 3 coat  with oxide.  oxidization n.,2.1
Oxonian  | Of oxford or oxford university. —n. 1 member of oxford university. 2 native or inhabitant of oxford. ,Oxonian  ,Of oxford or oxford university. —n. 1 member of oxford university. 2 native or inhabitant of oxford.,2.8
"Oxtail  | Tail of an ox, often used in making soup.",Oxtail  ,"Tail of an ox, often used in making soup.",3.4
"Oxyacetylene  | Of or using a mixture of oxygen and acetylene, esp. In cutting or welding metals.",Oxyacetylene  ,"Of or using a mixture of oxygen and acetylene, esp. In cutting or welding metals.",2.3
Oxygen  | Tasteless odourless gaseous element essential to plant and animal life. ,Oxygen  ,Tasteless odourless gaseous element essential to plant and animal life.,2.7
"Oxygenate  |  supply, treat, or mix with oxygen; oxidize.",Oxygenate  ,"supply, treat, or mix with oxygen; oxidize.",2.6
Oxygen tent  | Tentlike enclosure supplying a patient with air rich in oxygen.,Oxygen tent  ,Tentlike enclosure supplying a patient with air rich in oxygen.,3.1
Oxymoron  | Figure of speech in which apparently contradictory terms appear in conjunction . ,Oxymoron  ,Figure of speech in which apparently contradictory terms appear in conjunction .,3.0
