"Ziggurat  | Rectangular stepped tower in ancient mesopotamia, surmounted by a temple. ",Ziggurat  ,"Rectangular stepped tower in ancient mesopotamia, surmounted by a temple.",2.9
Zigzag  | With abrupt alternate right and left turns . —n. Zigzag line; thing having the form of a zigzag or having sharp turns. —adv. With a zigzag course. —v.  move in a zigzag course. ,Zigzag  ,With abrupt alternate right and left turns . —n. Zigzag line; thing having the form of a zigzag or having sharp turns. —adv. With a zigzag course. —v.  move in a zigzag course.,2.9
Zilch  | Esp. Us slang nothing. ,Zilch  ,Esp. Us slang nothing.,2.8
Zillion  | Colloq. Indefinite large number. ,Zillion  ,Colloq. Indefinite large number.,3.6
Zimmer frame  | Propr. A kind of walking-frame. ,Zimmer frame  ,Propr. A kind of walking-frame.,3.4
Zinc  | Greyish-white metallic element used as a component of brass and in galvanizing sheet iron. ,Zinc  ,Greyish-white metallic element used as a component of brass and in galvanizing sheet iron.,2.8
"Zing  | —n. Vigour, energy. —v. Move swiftly, esp. With a high-pitched ringing sound. ",Zing  ,"—n. Vigour, energy. —v. Move swiftly, esp. With a high-pitched ringing sound.",2.8
Zinnia  | Garden plant with showy flowers. ,Zinnia  ,Garden plant with showy flowers.,2.7
Zion  | 1 ancient jerusalem; its holy hill. 2 a the jewish people or religion. B the christian church. 3 the kingdom of heaven. ,Zion  ,1 ancient jerusalem; its holy hill. 2 a the jewish people or religion. B the christian church. 3 the kingdom of heaven.,2.7
Zionism  | Movement for the re-establishment and development of a jewish nation in what is now israel.  zionist n. & adj.,Zionism  ,Movement for the re-establishment and development of a jewish nation in what is now israel.  zionist n. & adj.,2.5
"Zip  —| 1 light fast sound. 2 energy, vigour. 3  a  fastening device of two flexible strips with interlocking projections, closed or opened by sliding a clip along them. B  Having a zip-fastener . —v.  1  fasten with a zip-fastener. 2 move with zip or at high speed. ",Zip  ,"1 light fast sound. 2 energy, vigour. 3  a  fastening device of two flexible strips with interlocking projections, closed or opened by sliding a clip along them. B  Having a zip-fastener . —v.  1  fasten with a zip-fastener. 2 move with zip or at high speed.",3.1
Zip code  | Us postcode. ,Zip code  ,Us postcode.,3.1
Zipper  | Esp. Us = ~zip 3a.,Zipper  ,Esp. Us = ~zip 3a.,2.9
"Zippy  |  colloq. Lively, speedy.",Zippy  ,"colloq. Lively, speedy.",3.2
Zircon  | Zirconium silicate of which some translucent varieties are cut into gems. ,Zircon  ,Zirconium silicate of which some translucent varieties are cut into gems.,3.0
Zirconium  | Grey metallic element.,Zirconium  ,Grey metallic element.,2.4
Zit  | Esp. Us slang pimple. ,Zit  ,Esp. Us slang pimple.,2.8
"Zither  | Stringed instrument with a flat soundbox, placed horizontally and played with the fingers and a plectrum. ",Zither  ,"Stringed instrument with a flat soundbox, placed horizontally and played with the fingers and a plectrum.",2.9
