"Guano  |  1 excrement of sea birds, used as manure. 2 artificial manure, esp. That made from fish. ",Guano  ,"1 excrement of sea birds, used as manure. 2 artificial manure, esp. That made from fish.",2.7
"Guarantee  —| 1 a formal promise or assurance, esp. That something is of a specified quality and durability. B document giving such an undertaking. 2 = ~guaranty. 3 person making a guaranty or giving a security. —v.  1 a give or serve as a guarantee for. B provide with a guarantee. 2 give a promise or assurance. 3  secure the possession of  for a person. ",Guarantee  ,"1 a formal promise or assurance, esp. That something is of a specified quality and durability. B document giving such an undertaking. 2 = ~guaranty. 3 person making a guaranty or giving a security. —v.  1 a give or serve as a guarantee for. B provide with a guarantee. 2 give a promise or assurance. 3  secure the possession of  for a person.",2.6
Guarantor  | Person who gives a guarantee or guaranty.,Guarantor  ,Person who gives a guarantee or guaranty.,2.5
Guaranty  |  1 written or other undertaking to answer for the payment of a debt or for the performance of an obligation by another person liable in the first instance. 2 thing serving as security.,Guaranty  ,1 written or other undertaking to answer for the payment of a debt or for the performance of an obligation by another person liable in the first instance. 2 thing serving as security.,2.7
Guard  | 1  watch over and defend or protect. 2 keep watch by  To control entry or exit. 3 supervise  And prevent from escaping. 4 keep  in check. 5  take precautions. —n. 1 state of vigilance. 2 person who protects or keeps watch. 3 soldiers etc. Protecting a place or person; escort. 4 official in general charge of a train. 5 part of an army detached for some purpose . 6   body of troops nominally employed to guard a monarch. 7 thing that protects . 8 us prison warder. 9 defensive posture or motion in boxing etc.  be on  guard keep watch. Off  guard unprepared for some surprise or difficulty. On  guard prepared for all contingencies. ,Guard  ,1  watch over and defend or protect. 2 keep watch by  To control entry or exit. 3 supervise  And prevent from escaping. 4 keep  in check. 5  take precautions. —n. 1 state of vigilance. 2 person who protects or keeps watch. 3 soldiers etc. Protecting a place or person; escort. 4 official in general charge of a train. 5 part of an army detached for some purpose . 6   body of troops nominally employed to guard a monarch. 7 thing that protects . 8 us prison warder. 9 defensive posture or motion in boxing etc.  be on  guard keep watch. Off  guard unprepared for some surprise or difficulty. On  guard prepared for all contingencies.,2.7
Guarded  |  Cautious.  guardedly adv.,Guarded  ,Cautious.  guardedly adv.,2.4
Guardhouse  | Building used to accommodate a military guard or to detain prisoners.,Guardhouse  ,Building used to accommodate a military guard or to detain prisoners.,3.1
"Guardian  | 1 protector, keeper. 2 person having legal custody of another, esp. A minor.  guardianship n. ",Guardian  ,"1 protector, keeper. 2 person having legal custody of another, esp. A minor.  guardianship n.",2.7
Guardroom  | Room serving the same purpose as a guardhouse.,Guardroom  ,Room serving the same purpose as a guardhouse.,3.4
Guardsman  | Soldier belonging to a body of guards or regiment of guards.,Guardsman  ,Soldier belonging to a body of guards or regiment of guards.,3.1
Guava  | 1 edible pale orange fruit with pink flesh. 2 tree bearing this. ,Guava  ,1 edible pale orange fruit with pink flesh. 2 tree bearing this.,2.9
Gubernatorial  | Esp. Us of or relating to a governor. ,Gubernatorial  ,Esp. Us of or relating to a governor.,2.4
Gudgeon1  | Small freshwater fish often used as bait. ,Gudgeon1  ,Small freshwater fish often used as bait.,3.2
Gudgeon2  | 1 a kind of pivot. 2 tubular part of a hinge. 3 socket for a rudder. 4 pin holding two blocks of stone etc. Together. ,Gudgeon2  ,1 a kind of pivot. 2 tubular part of a hinge. 3 socket for a rudder. 4 pin holding two blocks of stone etc. Together.,3.0
Guelder rose  | Shrub with round bunches of creamy-white flowers. ,Guelder rose  ,Shrub with round bunches of creamy-white flowers.,2.7
Guernsey  |  1 one of a breed of dairy cattle from guernsey in the channel islands. 2  type of thick woollen sweater.,Guernsey  ,1 one of a breed of dairy cattle from guernsey in the channel islands. 2  type of thick woollen sweater.,2.7
Guerrilla  |  member of a small independently acting  group taking part in irregular fighting. ,Guerrilla  ,member of a small independently acting  group taking part in irregular fighting.,3.0
"Guess  | 1  Estimate without calculation or measurement. 2 form a hypothesis or opinion about; conjecture; think likely. 3 conjecture or estimate correctly. 4  make a conjecture about. —n. Estimate, conjecture.  i guess colloq. I think it likely; i suppose. ",Guess  ,"1  Estimate without calculation or measurement. 2 form a hypothesis or opinion about; conjecture; think likely. 3 conjecture or estimate correctly. 4  make a conjecture about. —n. Estimate, conjecture.  i guess colloq. I think it likely; i suppose.",2.7
Guesswork  | Process of or results got by guessing.,Guesswork  ,Process of or results got by guessing.,3.2
Guest  | 1 person invited to visit another's house or to have a meal etc. At another's expense. 2 person lodging at a hotel etc. 3 outside performer invited to take part with a regular body of performers. ,Guest  ,1 person invited to visit another's house or to have a meal etc. At another's expense. 2 person lodging at a hotel etc. 3 outside performer invited to take part with a regular body of performers.,3.0
Guest-house  | Private house offering paid accommodation.,Guest-house  ,Private house offering paid accommodation.,3.4
Guestimate  |  colloq. Estimate based on a mixture of guesswork and calculation. ,Guestimate  ,colloq. Estimate based on a mixture of guesswork and calculation.,2.8
Guff  | Slang empty talk. ,Guff  ,Slang empty talk.,2.7
Guffaw  —| Boisterous laugh. —v. Utter a guffaw. ,Guffaw  ,Boisterous laugh. —v. Utter a guffaw.,2.3
Guidance  | 1 advice or direction for solving a problem etc. 2 guiding or being guided.,Guidance  ,1 advice or direction for solving a problem etc. 2 guiding or being guided.,2.7
"Guide  —| 1 person who leads or shows the way. 2 person who conducts tours. 3 adviser. 4 directing principle. 5 book with essential information on a subject, esp. = ~guidebook. 6 thing marking a position or guiding the eye. 7 bar etc. Directing the motion of something. 8  member of a girls' organization similar to the scouts. —v.  1 act as guide to. 2 be the principle or motive of. ",Guide  ,"1 person who leads or shows the way. 2 person who conducts tours. 3 adviser. 4 directing principle. 5 book with essential information on a subject, esp. = ~guidebook. 6 thing marking a position or guiding the eye. 7 bar etc. Directing the motion of something. 8  member of a girls' organization similar to the scouts. —v.  1 act as guide to. 2 be the principle or motive of.",3.1
Guidebook  | Book of information about a place for tourists etc.,Guidebook  ,Book of information about a place for tourists etc.,3.7
Guided missile  | Missile under remote control or directed by equipment within itself.,Guided missile  ,Missile under remote control or directed by equipment within itself.,3.5
Guide-dog  | Dog trained to guide a blind person.,Guide-dog  ,Dog trained to guide a blind person.,3.8
Guideline  | Principle directing action.,Guideline  ,Principle directing action.,3.1
Guider  | Adult leader of guides.,Guider  ,Adult leader of guides.,2.9
Guild  |  1 association of people for mutual aid or the pursuit of a common goal. 2 medieval association of craftsmen or merchants. ,Guild  ,1 association of people for mutual aid or the pursuit of a common goal. 2 medieval association of craftsmen or merchants.,2.8
Guilder  | Chief monetary unit of the netherlands. ,Guilder  ,Chief monetary unit of the netherlands.,2.8
Guildhall  | Meeting-place of a medieval guild; town hall.,Guildhall  ,Meeting-place of a medieval guild; town hall.,3.0
"Guile  | Cunning or sly behaviour; treachery, deceit.  guileful adj. Guileless adj. ",Guile  ,"Cunning or sly behaviour; treachery, deceit.  guileful adj. Guileless adj.",3.1
Guillemot  | Fast-flying sea bird nesting on cliffs etc. ,Guillemot  ,Fast-flying sea bird nesting on cliffs etc.,3.1
"Guillotine  —| 1 machine with a blade sliding vertically in grooves, used for beheading. 2 device for cutting paper etc. 3 method of preventing delay in the discussion of a legislative bill by fixing times at which various parts of it must be voted on. —v.  use a guillotine on. ",Guillotine  ,"1 machine with a blade sliding vertically in grooves, used for beheading. 2 device for cutting paper etc. 3 method of preventing delay in the discussion of a legislative bill by fixing times at which various parts of it must be voted on. —v.  use a guillotine on.",2.6
Guilt  | 1 fact of having committed a specified or implied offence. 2 feeling of having done wrong. ,Guilt  ,1 fact of having committed a specified or implied offence. 2 feeling of having done wrong.,2.8
Guiltless  |  innocent.,Guiltless  ,innocent.,2.8
Guilty  |  1 culpable of or responsible for a wrong. 2 conscious of or affected by guilt. 3 causing a feeling of guilt . 4  having committed a  offence.  guiltily adv. Guiltiness n. ,Guilty  ,1 culpable of or responsible for a wrong. 2 conscious of or affected by guilt. 3 causing a feeling of guilt . 4  having committed a  offence.  guiltily adv. Guiltiness n.,3.0
Guinea  | 1 hist. Sum of 21 old shillings . 2 hist. Former british gold coin first coined for the african trade. ,Guinea  ,1 hist. Sum of 21 old shillings . 2 hist. Former british gold coin first coined for the african trade.,3.1
Guinea-fowl  | African fowl with slate-coloured white-spotted plumage.,Guinea-fowl  ,African fowl with slate-coloured white-spotted plumage.,2.8
Guinea-pig  | 1 domesticated s. American cavy. 2 person used in an experiment.,Guinea-pig  ,1 domesticated s. American cavy. 2 person used in an experiment.,2.5
Guipure  | Heavy lace of linen pieces joined by embroidery. ,Guipure  ,Heavy lace of linen pieces joined by embroidery.,3.3
Guise  | 1 assumed appearance; pretence. 2 external appearance. ,Guise  ,1 assumed appearance; pretence. 2 external appearance.,2.8
Guitar  | Usu. Six-stringed musical instrument played with the fingers or a plectrum.  guitarist n. ,Guitar  ,Usu. Six-stringed musical instrument played with the fingers or a plectrum.  guitarist n.,2.8
"Gujarati   —|  1 native of gujarat. 2 language of gujarat. —adj. Of gujarat, its people, or language. ",Gujarati   ,"1 native of gujarat. 2 language of gujarat. —adj. Of gujarat, its people, or language.",2.9
"Gulch  | Us ravine, esp. One in which a torrent flows. ",Gulch  ,"Us ravine, esp. One in which a torrent flows.",2.8
"Gulf  | 1 stretch of sea consisting of a deep inlet with a narrow mouth. 2 deep hollow; chasm. 3 wide difference of feelings, opinion, etc. ",Gulf  ,"1 stretch of sea consisting of a deep inlet with a narrow mouth. 2 deep hollow; chasm. 3 wide difference of feelings, opinion, etc.",2.8
Gulf stream  | Warm current flowing from the gulf of mexico to newfoundland where it is deflected across the atlantic ocean.,Gulf stream  ,Warm current flowing from the gulf of mexico to newfoundland where it is deflected across the atlantic ocean.,2.6
Gull1  | Long-winged web-footed sea bird. ,Gull1  ,Long-winged web-footed sea bird.,2.6
"Gull2  | Dupe, fool. ",Gull2  ,"Dupe, fool.",2.5
Gullet  | Food-passage extending from the mouth to the stomach. ,Gullet  ,Food-passage extending from the mouth to the stomach.,2.7
Gullible  | Easily persuaded or deceived.  gullibility n. ,Gullible  ,Easily persuaded or deceived.  gullibility n.,2.6
Gully  |  1 water-worn ravine. 2 gutter or drain. 3 cricket fielding position between point and slips. ,Gully  ,1 water-worn ravine. 2 gutter or drain. 3 cricket fielding position between point and slips.,2.5
"Gulp  | 1  swallow hastily, greedily, or with effort. 2 swallow gaspingly or with difficulty; choke. 3  suppress . —n. 1 act of gulping. 2 large mouthful of a drink. ",Gulp  ,"1  swallow hastily, greedily, or with effort. 2 swallow gaspingly or with difficulty; choke. 3  suppress . —n. 1 act of gulping. 2 large mouthful of a drink.",2.7
Gum1  —| 1 a viscous secretion of some trees and shrubs. B adhesive substance made from this. 2 us chewing gum. 3 = ~gumdrop. 4 = ~gum arabic. 5 = ~gum-tree. —v.  1  Fasten with gum. 2 apply gum to.  gum up colloq. Interfere with the smooth running of. ,Gum1  ,1 a viscous secretion of some trees and shrubs. B adhesive substance made from this. 2 us chewing gum. 3 = ~gumdrop. 4 = ~gum arabic. 5 = ~gum-tree. —v.  1  Fasten with gum. 2 apply gum to.  gum up colloq. Interfere with the smooth running of.,3.3
Gum2  |  Firm flesh around the roots of the teeth. ,Gum2  ,Firm flesh around the roots of the teeth.,3.2
Gum3  |  by gum! Colloq. By god! ,Gum3  , by gum! Colloq. By god!,3.0
Gum arabic  | Gum exuded by some kinds of acacia.,Gum arabic  ,Gum exuded by some kinds of acacia.,2.9
Gumboil  | Small abscess on the gum.,Gumboil  ,Small abscess on the gum.,2.9
Gumboot  | Rubber boot.,Gumboot  ,Rubber boot.,3.1
Gumdrop  | Hard translucent sweet made with gelatin etc.,Gumdrop  ,Hard translucent sweet made with gelatin etc.,2.5
Gummy1  |  1 sticky. 2 exuding gum.,Gummy1  ,1 sticky. 2 exuding gum.,3.2
Gummy2  |  toothless.,Gummy2  ,toothless.,3.2
"Gumption  | Colloq. 1 resourcefulness, initiative. 2 common sense. ",Gumption  ,"Colloq. 1 resourcefulness, initiative. 2 common sense.",2.8
"Gum-tree  | Tree exuding gum, esp. A eucalyptus.  up a gum-tree colloq. In great difficulties.",Gum-tree  ,"Tree exuding gum, esp. A eucalyptus.  up a gum-tree colloq. In great difficulties.",3.4
"Gun  —| 1 weapon consisting of a metal tube from which bullets or other missiles are propelled with great force, esp. By a contained explosion. 2 starting pistol. 3 device for discharging insecticide, grease etc., in the required direction. 4 member of a shooting-party. 5 us gunman. —v.  1 a  shoot  with a gun. B shoot at with a gun. 2 go shooting. 3  seek out determinedly to attack or rebuke.  go great guns colloq. Proceed vigorously or successfully. Stick to one's guns colloq. Maintain one's position under attack. ",Gun  ,"1 weapon consisting of a metal tube from which bullets or other missiles are propelled with great force, esp. By a contained explosion. 2 starting pistol. 3 device for discharging insecticide, grease etc., in the required direction. 4 member of a shooting-party. 5 us gunman. —v.  1 a  shoot  with a gun. B shoot at with a gun. 2 go shooting. 3  seek out determinedly to attack or rebuke.  go great guns colloq. Proceed vigorously or successfully. Stick to one's guns colloq. Maintain one's position under attack.",2.7
Gunboat  | Small vessel with heavy guns.,Gunboat  ,Small vessel with heavy guns.,2.8
Gunboat diplomacy  | Political negotiation backed by the threat of force.,Gunboat diplomacy  ,Political negotiation backed by the threat of force.,3.2
Gun-carriage  | Wheeled support for a gun.,Gun-carriage  ,Wheeled support for a gun.,3.0
Gun-cotton  | Explosive made by steeping cotton in acids.,Gun-cotton  ,Explosive made by steeping cotton in acids.,3.1
Gun dog  | Dog trained to retrieve game shot by sportsmen.,Gun dog  ,Dog trained to retrieve game shot by sportsmen.,3.0
Gunfight  | Us fight with firearms.  gunfighter n.,Gunfight  ,Us fight with firearms.  gunfighter n.,3.2
Gunfire  | Firing of a gun or guns.,Gunfire  ,Firing of a gun or guns.,3.1
Gunge  | —n. Sticky or viscous matter. —v.   clog with gunge.  gungy adj. ,Gunge  ,—n. Sticky or viscous matter. —v.   clog with gunge.  gungy adj.,2.7
"Gung-ho  | Zealous, arrogantly eager. ",Gung-ho  ,"Zealous, arrogantly eager.",2.9
"Gunman  | Man armed with a gun, esp. When committing a crime",Gunman  ,"Man armed with a gun, esp. When committing a crime",2.6
Gun-metal  | 1 a dull bluish-grey colour. 2 alloy formerly used for guns.,Gun-metal  ,1 a dull bluish-grey colour. 2 alloy formerly used for guns.,3.1
Gunnel  | Of ~gunwale.,Gunnel  ,Of ~gunwale.,2.8
"Gunner  | 1 artillery soldier . 2 naut. Warrant-officer in charge of a battery, magazine, etc. 3 member of an aircraft crew who operates a gun.",Gunner  ,"1 artillery soldier . 2 naut. Warrant-officer in charge of a battery, magazine, etc. 3 member of an aircraft crew who operates a gun.",2.8
Gunnery  | 1 construction and management of large guns. 2 firing of guns.,Gunnery  ,1 construction and management of large guns. 2 firing of guns.,2.7
"Gunny  |  1 coarse sacking, usu. Of jute fibre. 2 sack made of this. ",Gunny  ,"1 coarse sacking, usu. Of jute fibre. 2 sack made of this.",2.6
Gunpoint  |  at gunpoint threatened with a gun or an ultimatum etc.,Gunpoint  , at gunpoint threatened with a gun or an ultimatum etc.,2.7
"Gunpowder  | Explosive made of saltpetre, sulphur, and charcoal.",Gunpowder  ,"Explosive made of saltpetre, sulphur, and charcoal.",2.7
Gunrunner  | Person engaged in the illegal sale or importing of firearms.  gunrunning n.,Gunrunner  ,Person engaged in the illegal sale or importing of firearms.  gunrunning n.,2.9
Gunshot  | 1 shot fired from a gun. 2 range of a gun .,Gunshot  ,1 shot fired from a gun. 2 range of a gun .,3.2
Gunslinger  | Esp. Us slang gunman.,Gunslinger  ,Esp. Us slang gunman.,3.3
Gunsmith  | Maker and repairer of small firearms.,Gunsmith  ,Maker and repairer of small firearms.,3.4
Gunwale  |  upper edge of the side of a boat or ship. ,Gunwale  ,upper edge of the side of a boat or ship.,2.4
Guppy  |  freshwater fish of the w. Indies and s. America frequently kept in aquariums. ,Guppy  ,freshwater fish of the w. Indies and s. America frequently kept in aquariums.,2.5
Gurgle  |  1 make a bubbling sound as of water from a bottle. 2 utter with such a sound. —n. Gurgling sound. ,Gurgle  ,1 make a bubbling sound as of water from a bottle. 2 utter with such a sound. —n. Gurgling sound.,2.8
Gurkha  | 1 member of the dominant hindu race in nepal. 2 nepalese soldier serving in the british army. ,Gurkha  ,1 member of the dominant hindu race in nepal. 2 nepalese soldier serving in the british army.,2.7
Gurnard  |  marine fish with a large spiny head and finger-like pectoral rays. ,Gurnard  ,marine fish with a large spiny head and finger-like pectoral rays.,2.9
Guru  |  1 hindu spiritual teacher or head of a religious sect. 2 influential or revered teacher. ,Guru  ,1 hindu spiritual teacher or head of a religious sect. 2 influential or revered teacher.,2.8
Gush  | 1 emit or flow in a sudden and copious stream. 2 speak or behave effusively. —n. 1 sudden or copious stream. 2 effusive manner. ,Gush  ,1 emit or flow in a sudden and copious stream. 2 speak or behave effusively. —n. 1 sudden or copious stream. 2 effusive manner.,2.6
Gusher  | 1 oil well from which oil flows without being pumped. 2 effusive person.,Gusher  ,1 oil well from which oil flows without being pumped. 2 effusive person.,3.0
Gusset  | 1 piece let into a garment etc. To strengthen or enlarge it. 2 bracket strengthening an angle of a structure. ,Gusset  ,1 piece let into a garment etc. To strengthen or enlarge it. 2 bracket strengthening an angle of a structure.,3.1
"Gust  —| 1 sudden strong rush of wind. 2 burst of rain, smoke, emotion, etc. —v. Blow in gusts.  gusty adj. . ",Gust  ,"1 sudden strong rush of wind. 2 burst of rain, smoke, emotion, etc. —v. Blow in gusts.  gusty adj. .",2.7
Gusto  | Zest; enjoyment. ,Gusto  ,Zest; enjoyment.,2.7
"Gut  —| 1 the intestine. 2  The bowel or entrails. 3  Colloq. Personal courage and determination; perseverance. 4 slang stomach, belly. 5  A contents. B essence. 6 a material for violin strings etc. B material for fishing-lines made from the silk-glands of silkworms. 7  A instinctive . B fundamental . —v.  1 remove or destroy the internal fittings of . 2 remove the guts of .  hate a person's guts colloq. Dislike a person intensely. ",Gut  ,"1 the intestine. 2  The bowel or entrails. 3  Colloq. Personal courage and determination; perseverance. 4 slang stomach, belly. 5  A contents. B essence. 6 a material for violin strings etc. B material for fishing-lines made from the silk-glands of silkworms. 7  A instinctive . B fundamental . —v.  1 remove or destroy the internal fittings of . 2 remove the guts of .  hate a person's guts colloq. Dislike a person intensely.",2.8
Gutless  | Colloq. Lacking courage or energy.,Gutless  ,Colloq. Lacking courage or energy.,1.6
Gutsy  |  colloq. 1 courageous. 2 greedy.,Gutsy  ,colloq. 1 courageous. 2 greedy.,2.8
Gutta-percha  | Tough rubbery substance obtained from latex. ,Gutta-percha  ,Tough rubbery substance obtained from latex.,2.7
Gutted  | Slang utterly exhausted or fed-up.,Gutted  ,Slang utterly exhausted or fed-up.,2.7
"Gutter  —| 1 shallow trough below the eaves of a house, or a channel at the side of a street, to carry off rainwater. 2  poor or degraded background or environment. 3 open conduit. 4 groove. —v.  burn unsteadily and melt away rapidly. ",Gutter  ,"1 shallow trough below the eaves of a house, or a channel at the side of a street, to carry off rainwater. 2  poor or degraded background or environment. 3 open conduit. 4 groove. —v.  burn unsteadily and melt away rapidly.",2.7
Guttering  | 1 gutters of a building etc. 2 material for gutters.,Guttering  ,1 gutters of a building etc. 2 material for gutters.,2.6
Gutter press  | Sensational newspapers.,Gutter press  ,Sensational newspapers.,3.0
Guttersnipe  | Street urchin.,Guttersnipe  ,Street urchin.,2.9
"Guttural  | 1 throaty, harsh-sounding. 2 phonet.  produced in the throat or by the back of the tongue and palate. 3 of the throat. —n. Phonet. Guttural consonant .  gutturally adv. ",Guttural  ,"1 throaty, harsh-sounding. 2 phonet.  produced in the throat or by the back of the tongue and palate. 3 of the throat. —n. Phonet. Guttural consonant .  gutturally adv.",2.9
Guv  | Slang = ~governor 7. ,Guv  ,Slang = ~governor 7.,2.9
Guy1  —| 1 colloq. Man; fellow. 2 effigy of guy fawkes burnt on 5 nov.  —v. Ridicule. ,Guy1  ,1 colloq. Man; fellow. 2 effigy of guy fawkes burnt on 5 nov.  —v. Ridicule.,2.7
Guy2  —| Rope or chain to secure a tent or steady a crane-load etc. —v. Secure with a guy or guys. ,Guy2  ,Rope or chain to secure a tent or steady a crane-load etc. —v. Secure with a guy or guys.,2.7
Guzzle  |  eat or drink greedily. ,Guzzle  ,eat or drink greedily.,2.6
