"Be  |  1 exist, live . 2 a occur; take place .",Be  ,"1 exist, live . 2 a occur; take place .",2.9
Bevel  —| 1 slope from the horizontal or vertical in carpentry etc.; sloping surface or edge. 2 tool for marking angles. —v.  1 reduce  to a sloping edge. 2 slope at an angle. ,Bevel  ,1 slope from the horizontal or vertical in carpentry etc.; sloping surface or edge. 2 tool for marking angles. —v.  1 reduce  to a sloping edge. 2 slope at an angle.,3.3
Bevel gear  | Gear working another at an angle to it.,Bevel gear  ,Gear working another at an angle to it.,3.8
Beverage  | Formal drink. ,Beverage  ,Formal drink.,3.1
Bevy  |  company . ,Bevy  ,company .,3.0
Bewail  | Lament; wail over.,Bewail  ,Lament; wail over.,3.3
Beware  |  be cautious  . ,Beware  ,be cautious  .,2.5
"Bewilder  | Perplex, confuse.  bewildering adj. Bewilderment n. ",Bewilder  ,"Perplex, confuse.  bewildering adj. Bewilderment n.",3.3
Bewitch  | 1 enchant. 2 cast a spell on.,Bewitch  ,1 enchant. 2 cast a spell on.,3.3
Beyond  —| 1 at or to the further side of. 2 outside the scope or understanding of . 3 more than. —adv. 1 at or to the further side. 2 further on. —n.  the unknown after death. ,Beyond  ,1 at or to the further side of. 2 outside the scope or understanding of . 3 more than. —adv. 1 at or to the further side. 2 further on. —n.  the unknown after death.,3.4
Bezel  | 1 sloped edge of a chisel. 2 oblique faces of a cut gem. 3 groove holding a watch-glass or gem. ,Bezel  ,1 sloped edge of a chisel. 2 oblique faces of a cut gem. 3 groove holding a watch-glass or gem.,3.0
Bezique  | Card-game for two. ,Bezique  ,Card-game for two.,2.6
