Flab  | Colloq. Fat; flabbiness. ,Flab  ,Colloq. Fat; flabbiness.,2.8
Flabbergast  |  Colloq. Astonish; dumbfound. ,Flabbergast  ,Colloq. Astonish; dumbfound.,1.8
Flabby  |  1  Limp; flaccid. 2 feeble.  flabbiness n. ,Flabby  ,1  Limp; flaccid. 2 feeble.  flabbiness n.,2.5
"Flaccid  | Limp, flabby, drooping.  flaccidity n. ",Flaccid  ,"Limp, flabby, drooping.  flaccidity n.",2.3
"Flag1  —| 1 a usu. Oblong or square piece of cloth, attachable by one edge to a pole or rope as a country's emblem or standard, a signal, etc. B small toy etc. Resembling a flag. 2 adjustable strip of metal etc. Indicating a taxi's availability for hire. —v.  1 a grow tired; lag . B hang down; droop. 2 mark out with or as if with a flag or flags. 3  inform or communicate by flag-signals.  flag down signal to stop. ",Flag1  ,"1 a usu. Oblong or square piece of cloth, attachable by one edge to a pole or rope as a country's emblem or standard, a signal, etc. B small toy etc. Resembling a flag. 2 adjustable strip of metal etc. Indicating a taxi's availability for hire. —v.  1 a grow tired; lag . B hang down; droop. 2 mark out with or as if with a flag or flags. 3  inform or communicate by flag-signals.  flag down signal to stop.",2.9
Flag2  —|  1 flat usu. Rectangular paving stone. 2  Pavement of these. —v.  pave with flags. ,Flag2  ,1 flat usu. Rectangular paving stone. 2  Pavement of these. —v.  pave with flags.,2.6
Flag3  | Plant with a bladed leaf . ,Flag3  ,Plant with a bladed leaf .,2.8
"Flag-day  | Fund-raising day for a charity, esp. With the sale of small paper flags etc. In the street.",Flag-day  ,"Fund-raising day for a charity, esp. With the sale of small paper flags etc. In the street.",3.0
"Flagellant  —| Person who scourges himself, herself, or others as a religious discipline or as a sexual stimulus. —adj. Of flagellation. ",Flagellant  ,"Person who scourges himself, herself, or others as a religious discipline or as a sexual stimulus. —adj. Of flagellation.",3.0
"Flagellate  |  scourge, flog.  flagellation n.",Flagellate  ,"scourge, flog.  flagellation n.",1.6
Flagellum  |  1 long lashlike appendage on some microscopic organisms. 2 runner; creeping shoot. ,Flagellum  ,1 long lashlike appendage on some microscopic organisms. 2 runner; creeping shoot.,2.8
Flageolet  | Small flute blown at the end. ,Flageolet  ,Small flute blown at the end.,2.5
"Flag of convenience  | Foreign flag under which a ship is registered, usu. To avoid regulations or financial charges.",Flag of convenience  ,"Foreign flag under which a ship is registered, usu. To avoid regulations or financial charges.",3.9
"Flag-officer  | Admiral, vice admiral, or rear admiral, or the commodore of a yacht-club.",Flag-officer  ,"Admiral, vice admiral, or rear admiral, or the commodore of a yacht-club.",3.3
Flag of truce  | White flag requesting a truce.,Flag of truce  ,White flag requesting a truce.,2.0
"Flagon  | 1 large bottle, usu. Holding a quart , esp. Of wine, cider, etc. 2 large vessel for wine etc., usu. With a handle, spout, and lid. ",Flagon  ,"1 large bottle, usu. Holding a quart , esp. Of wine, cider, etc. 2 large vessel for wine etc., usu. With a handle, spout, and lid.",2.8
Flag-pole  | = ~flagstaff.,Flag-pole  ,= ~flagstaff.,3.1
Flagrant  | Blatant; notorious; scandalous.  flagrancy n. Flagrantly adv. ,Flagrant  ,Blatant; notorious; scandalous.  flagrancy n. Flagrantly adv.,2.6
Flagship  | 1 ship with an admiral on board. 2 leader in a category etc.; exemplar.,Flagship  ,1 ship with an admiral on board. 2 leader in a category etc.; exemplar.,2.7
Flagstaff  | Pole on which a flag may be hoisted.,Flagstaff  ,Pole on which a flag may be hoisted.,3.2
Flagstone  | = ~flag2.,Flagstone  ,= ~flag2.,3.0
"Flag-waving  | Populist agitation, chauvinism.",Flag-waving  ,"Populist agitation, chauvinism.",2.7
"Flail  —| Wooden staff with a short heavy stick swinging from it, used for threshing. —v. 1 wave or swing wildly. 2 beat with or as with a flail. ",Flail  ,"Wooden staff with a short heavy stick swinging from it, used for threshing. —v. 1 wave or swing wildly. 2 beat with or as with a flail.",3.1
"Flair  | 1 natural talent in a specific area . 2 style, finesse. ",Flair  ,"1 natural talent in a specific area . 2 style, finesse.",2.6
Flak  | 1 anti-aircraft fire. 2 adverse criticism; abuse. ,Flak  ,1 anti-aircraft fire. 2 adverse criticism; abuse.,2.8
Flake  —| 1 small thin light piece of snow etc. 2 thin broad piece peeled or split off. 3 dogfish etc. As food. —v.   1 take off or come away in flakes. 2 sprinkle with or fall in flakes.  flake out colloq. Fall asleep or drop from exhaustion; faint. ,Flake  ,1 small thin light piece of snow etc. 2 thin broad piece peeled or split off. 3 dogfish etc. As food. —v.   1 take off or come away in flakes. 2 sprinkle with or fall in flakes.  flake out colloq. Fall asleep or drop from exhaustion; faint.,2.7
Flak jacket  | Protective reinforced military jacket.,Flak jacket  ,Protective reinforced military jacket.,3.0
"Flaky  |  1 of, like, or in flakes. 2 esp. Us slang crazy, eccentric.",Flaky  ,"1 of, like, or in flakes. 2 esp. Us slang crazy, eccentric.",2.9
Flaky pastry  | Crumblier version of puff pastry.,Flaky pastry  ,Crumblier version of puff pastry.,3.0
Flambé  |  covered with alcohol and set alight briefly . ,Flambé  ,covered with alcohol and set alight briefly .,2.9
Flamboyant  | 1 ostentatious; showy. 2 floridly decorated or coloured.  flamboyance n. Flamboyantly adv. ,Flamboyant  ,1 ostentatious; showy. 2 floridly decorated or coloured.  flamboyance n. Flamboyantly adv.,3.2
"Flame  —| 1 a ignited gas. B portion of this . 2 a bright light or colouring. B brilliant orange-red colour. 3 a strong passion, esp. Love . B colloq. Sweetheart. —v.  1  burn; blaze. 2  a  break out. B  become angry. 3 shine or glow like flame. ",Flame  ,"1 a ignited gas. B portion of this . 2 a bright light or colouring. B brilliant orange-red colour. 3 a strong passion, esp. Love . B colloq. Sweetheart. —v.  1  burn; blaze. 2  a  break out. B  become angry. 3 shine or glow like flame.",2.8
Flamenco  |  1 style of spanish gypsy guitar music with singing. 2 dance performed to this. ,Flamenco  ,1 style of spanish gypsy guitar music with singing. 2 dance performed to this.,3.0
Flame-thrower  | Weapon for throwing a spray of flame.,Flame-thrower  ,Weapon for throwing a spray of flame.,3.0
Flaming  | 1 emitting flames. 2 very hot . 3 colloq. A passionate . B expressing annoyance . 4 bright-coloured.,Flaming  ,1 emitting flames. 2 very hot . 3 colloq. A passionate . B expressing annoyance . 4 bright-coloured.,2.8
Flamingo  |  tall long-necked wading bird with mainly pink plumage. ,Flamingo  ,tall long-necked wading bird with mainly pink plumage.,2.7
Flammable  | Inflammable.  flammability n. ,Flammable  ,Inflammable.  flammability n.,1.9
Flan  | 1 pastry case with a savoury or sweet filling. 2 sponge base with a sweet topping. ,Flan  ,1 pastry case with a savoury or sweet filling. 2 sponge base with a sweet topping.,3.0
"Flange  | Projecting flat rim etc., for strengthening or attachment. ",Flange  ,"Projecting flat rim etc., for strengthening or attachment.",2.9
"Flank  —| 1 side of the body between ribs and hip. 2 side of a mountain, building, etc. 3 right or left side of an army etc. —v.  be at or move along the side of . ",Flank  ,"1 side of the body between ribs and hip. 2 side of a mountain, building, etc. 3 right or left side of an army etc. —v.  be at or move along the side of .",2.9
"Flannel  —| 1 a woven woollen usu. Napless fabric. B  Flannel garments, esp. Trousers. 2 face-cloth, esp. Towelling. 3 slang nonsense; flattery. —v.  1 slang flatter. 2 wash with a flannel. ",Flannel  ,"1 a woven woollen usu. Napless fabric. B  Flannel garments, esp. Trousers. 2 face-cloth, esp. Towelling. 3 slang nonsense; flattery. —v.  1 slang flatter. 2 wash with a flannel.",2.8
Flannelette  | Napped cotton fabric like flannel.,Flannelette  ,Napped cotton fabric like flannel.,2.6
"Flap  |  1 move or be moved up and down; beat. 2 colloq. Be agitated or panicky. 3 sway; flutter. 4  strike  With flat object; drive. 5 colloq.  listen intently. —n. 1 piece of cloth, wood, etc. Attached by one side esp. To cover a gap, e.g. A pocket-cover, the folded part of an envelope, a table-leaf. 2 motion of a wing, arm, etc. 3 colloq. Agitation; panic . 4 aileron. 5 light blow with something flat.  flappy adj. ",Flap  ,"1 move or be moved up and down; beat. 2 colloq. Be agitated or panicky. 3 sway; flutter. 4  strike  With flat object; drive. 5 colloq.  listen intently. —n. 1 piece of cloth, wood, etc. Attached by one side esp. To cover a gap, e.g. A pocket-cover, the folded part of an envelope, a table-leaf. 2 motion of a wing, arm, etc. 3 colloq. Agitation; panic . 4 aileron. 5 light blow with something flat.  flappy adj.",2.8
Flapdoodle  | Colloq. Nonsense. ,Flapdoodle  ,Colloq. Nonsense.,1.9
Flapjack  | 1 sweet oatcake. 2 esp. Us pancake.,Flapjack  ,1 sweet oatcake. 2 esp. Us pancake.,2.6
Flapper  | 1 person apt to panic. 2 slang  young unconventional woman.,Flapper  ,1 person apt to panic. 2 slang  young unconventional woman.,2.6
"Flare  |  1 widen gradually . 2  blaze brightly and unsteadily. 3 burst out, esp. Angrily. —n. 1 a dazzling irregular flame or light. B sudden outburst of flame. 2 flame or bright light used as a signal or to illuminate a target etc. 3 a gradual widening, esp. Of a skirt or trousers. B  Wide-bottomed trousers.  flare up burst into a sudden blaze, anger, activity, etc. ",Flare  ,"1 widen gradually . 2  blaze brightly and unsteadily. 3 burst out, esp. Angrily. —n. 1 a dazzling irregular flame or light. B sudden outburst of flame. 2 flame or bright light used as a signal or to illuminate a target etc. 3 a gradual widening, esp. Of a skirt or trousers. B  Wide-bottomed trousers.  flare up burst into a sudden blaze, anger, activity, etc.",2.6
Flare-path  | Line of lights on a runway to guide aircraft.,Flare-path  ,Line of lights on a runway to guide aircraft.,2.4
Flare-up  | Sudden outburst.,Flare-up  ,Sudden outburst.,2.5
"Flash  | 1  emit a brief or sudden light;  gleam. 2 send or reflect like a sudden flame . 3 a burst suddenly into view or perception . B move swiftly . 4 a send  By radio, telegraph, etc. B signal to  with lights. 5 colloq. Show ostentatiously . 6 slang indecently expose oneself. —n. 1 sudden bright light or flame, e.g. Of lightning. 2 an instant . 3 sudden brief feeling, display of wit, etc. . 4 = ~newsflash. 5 photog. = ~flashlight 1. 6 mil. Coloured cloth patch on a uniform. 7 bright patch of colour. —adj. Colloq. Gaudy; showy; vulgar . ",Flash  ,"1  emit a brief or sudden light;  gleam. 2 send or reflect like a sudden flame . 3 a burst suddenly into view or perception . B move swiftly . 4 a send  By radio, telegraph, etc. B signal to  with lights. 5 colloq. Show ostentatiously . 6 slang indecently expose oneself. —n. 1 sudden bright light or flame, e.g. Of lightning. 2 an instant . 3 sudden brief feeling, display of wit, etc. . 4 = ~newsflash. 5 photog. = ~flashlight 1. 6 mil. Coloured cloth patch on a uniform. 7 bright patch of colour. —adj. Colloq. Gaudy; showy; vulgar .",2.8
Flashback  | Scene set in an earlier time than the main action.,Flashback  ,Scene set in an earlier time than the main action.,2.9
Flash bulb  | Photog. Bulb for a flashlight.,Flash bulb  ,Photog. Bulb for a flashlight.,3.0
"Flash-cube  | Photog. Set of four flash bulbs in a cube, operated in turn.",Flash-cube  ,"Photog. Set of four flash bulbs in a cube, operated in turn.",3.2
Flasher  | 1 slang man who indecently exposes himself. 2 automatic device for switching lights rapidly on and off.,Flasher  ,1 slang man who indecently exposes himself. 2 automatic device for switching lights rapidly on and off.,3.2
Flash-gun  | Device operating a camera flashlight.,Flash-gun  ,Device operating a camera flashlight.,3.3
Flashing  |  strip used to prevent water penetration at a roof joint etc. ,Flashing  ,strip used to prevent water penetration at a roof joint etc.,2.8
Flash in the pan  | Promising start followed by failure.,Flash in the pan  ,Promising start followed by failure.,3.3
Flash-lamp  | Portable flashing electric lamp.,Flash-lamp  ,Portable flashing electric lamp.,3.7
"Flashlight  | 1 light giving an intense flash, used for night or indoor photography. 2 us electric torch.",Flashlight  ,"1 light giving an intense flash, used for night or indoor photography. 2 us electric torch.",2.9
Flashpoint  | 1 temperature at which vapour from oil etc. Will ignite in air. 2 point at which anger etc. Is expressed.,Flashpoint  ,1 temperature at which vapour from oil etc. Will ignite in air. 2 point at which anger etc. Is expressed.,3.1
Flashy  |  showy; gaudy; cheaply attractive.  flashily adv. Flashiness n.,Flashy  ,showy; gaudy; cheaply attractive.  flashily adv. Flashiness n.,3.2
Flask  | 1 narrow-necked bulbous bottle for wine etc. Or used in chemistry. 2 = ~hip-flask. 3 = ~vacuum flask. ,Flask  ,1 narrow-necked bulbous bottle for wine etc. Or used in chemistry. 2 = ~hip-flask. 3 = ~vacuum flask.,2.8
"Flat1  |  1 a horizontally level. B even; smooth; unbroken. C level and shallow . 2 unqualified; downright . 3 a dull; lifeless; monotonous . B dejected. 4  having lost its effervescence. 5  Having exhausted its charge. 6 mus. A below true or normal pitch . B  having a flat or flats in the signature. C  semitone lower than b, e, etc. 7  punctured; deflated. —adv. 1 at full length; spread out . 2 colloq. A completely, absolutely . B exactly . 3 mus. Below the true or normal pitch . —n. 1 flat part or thing . 2 level ground, esp. A plain or swamp. 3 mus. A note lowered a semitone below natural pitch. B sign indicating this. 4  flat racing or its season. 5 theatr. Flat scenery on a frame. 6 esp. Us colloq. Flat tyre.  flat out 1 at top speed. 2 using all one's strength etc. That's flat colloq. That is definite.  flatly adv. Flatness n. Flattish adj. ",Flat1  ,"1 a horizontally level. B even; smooth; unbroken. C level and shallow . 2 unqualified; downright . 3 a dull; lifeless; monotonous . B dejected. 4  having lost its effervescence. 5  Having exhausted its charge. 6 mus. A below true or normal pitch . B  having a flat or flats in the signature. C  semitone lower than b, e, etc. 7  punctured; deflated. —adv. 1 at full length; spread out . 2 colloq. A completely, absolutely . B exactly . 3 mus. Below the true or normal pitch . —n. 1 flat part or thing . 2 level ground, esp. A plain or swamp. 3 mus. A note lowered a semitone below natural pitch. B sign indicating this. 4  flat racing or its season. 5 theatr. Flat scenery on a frame. 6 esp. Us colloq. Flat tyre.  flat out 1 at top speed. 2 using all one's strength etc. That's flat colloq. That is definite.  flatly adv. Flatness n. Flattish adj.",2.8
"Flat2  | Set of rooms, usu. On one floor, as a residence.  flatlet n. ",Flat2  ,"Set of rooms, usu. On one floor, as a residence.  flatlet n.",2.7
"Flat-fish  | Sole, plaice, etc. With both eyes on one side of a flattened body.",Flat-fish  ,"Sole, plaice, etc. With both eyes on one side of a flattened body.",3.2
Flat foot  | Foot with a flattened arch.,Flat foot  ,Foot with a flattened arch.,2.9
Flat-footed  | 1 having flat feet. 2 colloq. A uninspired. B unprepared. C resolute.,Flat-footed  ,1 having flat feet. 2 colloq. A uninspired. B unprepared. C resolute.,3.2
Flat-iron  | Hist. Domestic iron heated on a fire etc.,Flat-iron  ,Hist. Domestic iron heated on a fire etc.,3.2
Flatmate  | Person sharing a flat.,Flatmate  ,Person sharing a flat.,2.9
"Flat race  | Horse race without jumps, over level ground.  flat racing n.",Flat race  ,"Horse race without jumps, over level ground.  flat racing n.",3.2
Flat rate  | Unvarying rate or charge.,Flat rate  ,Unvarying rate or charge.,3.1
Flat spin  | 1 aeron. A nearly horizontal spin. 2 colloq. State of panic.,Flat spin  ,1 aeron. A nearly horizontal spin. 2 colloq. State of panic.,3.5
Flatten  | 1 make or become flat. 2 colloq. A humiliate. B knock down.,Flatten  ,1 make or become flat. 2 colloq. A humiliate. B knock down.,2.9
"Flatter  | 1 compliment unduly, esp. For gain or advantage. 2  congratulate or delude  . 3  Enhance the appearance of . 4 cause to feel honoured.  flatterer n. Flattering adj. Flatteringly adv. ",Flatter  ,"1 compliment unduly, esp. For gain or advantage. 2  congratulate or delude  . 3  Enhance the appearance of . 4 cause to feel honoured.  flatterer n. Flattering adj. Flatteringly adv.",2.7
Flattery  | Exaggerated or insincere praise.,Flattery  ,Exaggerated or insincere praise.,2.6
"Flatulent  | 1 a causing intestinal wind. B caused by or suffering from this. 2  Inflated, pretentious.  flatulence n. ",Flatulent  ,"1 a causing intestinal wind. B caused by or suffering from this. 2  Inflated, pretentious.  flatulence n.",2.7
"Flatworm  | Worm with a flattened body, e.g. Flukes.",Flatworm  ,"Worm with a flattened body, e.g. Flukes.",2.9
Flaunt  |  Display proudly; show off; parade. ,Flaunt  ,Display proudly; show off; parade.,3.4
Flautist  | Flute-player. ,Flautist  ,Flute-player.,3.1
Flavor   —| 1 mingled sensation of smell and taste . 2 characteristic quality . 3  slight admixture . —v. Give flavour to; season.  flavourless adj. Flavoursome adj. ,Flavor   ,1 mingled sensation of smell and taste . 2 characteristic quality . 3  slight admixture . —v. Give flavour to; season.  flavourless adj. Flavoursome adj.,3.0
Flavoring  |  substance used to flavour food or drink.,Flavoring  ,substance used to flavour food or drink.,3.0
Flavour   —| 1 mingled sensation of smell and taste . 2 characteristic quality . 3  slight admixture . —v. Give flavour to; season.  flavourless adj. Flavoursome adj. ,Flavour   ,1 mingled sensation of smell and taste . 2 characteristic quality . 3  slight admixture . —v. Give flavour to; season.  flavourless adj. Flavoursome adj.,3.1
Flavouring  |  substance used to flavour food or drink.,Flavouring  ,substance used to flavour food or drink.,3.1
Flavour of the month  |  temporary trend or fashion.,Flavour of the month  ,temporary trend or fashion.,4.3
"Flaw1  —| 1 imperfection; blemish. 2 crack, chip, etc. 3 invalidating defect. —v. Crack; damage; spoil.  flawless adj. Flawlessly adv. ",Flaw1  ,"1 imperfection; blemish. 2 crack, chip, etc. 3 invalidating defect. —v. Crack; damage; spoil.  flawless adj. Flawlessly adv.",3.0
Flaw2  | Squall of wind. ,Flaw2  ,Squall of wind.,2.9
Flax  | 1 blue-flowered plant cultivated for its textile fibre and its seeds. 2 flax fibres. ,Flax  ,1 blue-flowered plant cultivated for its textile fibre and its seeds. 2 flax fibres.,3.0
Flaxen  | 1 of flax. 2  pale yellow.,Flaxen  ,1 of flax. 2  pale yellow.,3.2
Flax-seed  | Linseed.,Flax-seed  ,Linseed.,3.1
"Flay  | 1 strip the skin or hide off, esp. By beating. 2 criticize severely. 3 peel off . 4 extort money etc. From. ",Flay  ,"1 strip the skin or hide off, esp. By beating. 2 criticize severely. 3 peel off . 4 extort money etc. From.",2.8
Flea  | Small wingless jumping parasitic insect.  a flea in one's ear sharp reproof. ,Flea  ,Small wingless jumping parasitic insect.  a flea in one's ear sharp reproof.,2.7
Fleabag  | Slang shabby or unattractive person or thing.,Fleabag  ,Slang shabby or unattractive person or thing.,2.6
Flea-bite  | 1 bite of a flea. 2 trivial injury or inconvenience.,Flea-bite  ,1 bite of a flea. 2 trivial injury or inconvenience.,2.7
Flea-bitten  | 1 bitten by or infested with fleas. 2 shabby.,Flea-bitten  ,1 bitten by or infested with fleas. 2 shabby.,2.8
Flea market  | Street market selling second-hand goods etc.,Flea market  ,Street market selling second-hand goods etc.,3.0
Flea-pit  | Dingy dirty cinema etc.,Flea-pit  ,Dingy dirty cinema etc.,2.5
"Fleck  —| 1 small patch of colour or light. 2 particle, speck. —v. Mark with flecks. ",Fleck  ,"1 small patch of colour or light. 2 particle, speck. —v. Mark with flecks.",2.9
"Flection  |  1 bending or being bent, esp. Of a limb or joint. 2 bent part; curve. ",Flection  ,"1 bending or being bent, esp. Of a limb or joint. 2 bent part; curve.",2.6
Fled  | Of ~flee.,Fled  ,Of ~flee.,2.8
Fledge  |  1 provide or deck  With feathers. 2 bring up  until it can fly. 3  A able to fly. B independent; mature. ,Fledge  ,1 provide or deck  With feathers. 2 bring up  until it can fly. 3  A able to fly. B independent; mature.,2.3
Fledgling  |  1 young bird. 2 inexperienced person.,Fledgling  ,1 young bird. 2 inexperienced person.,2.5
Flee  |  1  a run away ; leave abruptly . B seek safety by fleeing. 2 vanish. ,Flee  ,1  a run away ; leave abruptly . B seek safety by fleeing. 2 vanish.,2.5
"Fleece  —| 1 a woolly coat of a sheep etc. B wool sheared from a sheep at one time. 2 thing resembling a fleece, esp. Soft fabric for lining etc. —v.  1  strip of money, valuables, etc.; swindle. 2 shear . 3 cover as if with a fleece .  fleecy adj. . ",Fleece  ,"1 a woolly coat of a sheep etc. B wool sheared from a sheep at one time. 2 thing resembling a fleece, esp. Soft fabric for lining etc. —v.  1  strip of money, valuables, etc.; swindle. 2 shear . 3 cover as if with a fleece .  fleecy adj. .",2.4
"Fleet  —| 1 a warships under one commander-in-chief. B  nation's warships etc.; navy. 2 number of vehicles in one company etc. —adj. Poet. Literary swift, nimble. ",Fleet  ,"1 a warships under one commander-in-chief. B  nation's warships etc.; navy. 2 number of vehicles in one company etc. —adj. Poet. Literary swift, nimble.",2.7
Fleeting  | Transitory; brief.  fleetingly adv.,Fleeting  ,Transitory; brief.  fleetingly adv.,2.8
Fleming  | 1 native of medieval flanders. 2 member of a flemish-speaking people of n. And w. Belgium. ,Fleming  ,1 native of medieval flanders. 2 member of a flemish-speaking people of n. And w. Belgium.,2.9
Flemish  | Of flanders. —n. Language of the flemings. ,Flemish  ,Of flanders. —n. Language of the flemings.,2.7
"Flesh  | 1 a soft, esp. Muscular, substance between the skin and bones of an animal or a human. B plumpness; fat. 2 the body, esp. As sinful. 3 pulpy substance of a fruit etc. 4 a visible surface of the human body. B  yellowish pink colour. 5 animal or human life.  all flesh all animate creation. Flesh out make or become substantial. In the flesh in person. One's own flesh and blood near relatives. ",Flesh  ,"1 a soft, esp. Muscular, substance between the skin and bones of an animal or a human. B plumpness; fat. 2 the body, esp. As sinful. 3 pulpy substance of a fruit etc. 4 a visible surface of the human body. B  yellowish pink colour. 5 animal or human life.  all flesh all animate creation. Flesh out make or become substantial. In the flesh in person. One's own flesh and blood near relatives.",2.8
"Flesh and blood  —| 1 the body or its substance. 2 humankind. 3 human nature, esp. As fallible. —adj. Real, not imaginary.",Flesh and blood  ,"1 the body or its substance. 2 humankind. 3 human nature, esp. As fallible. —adj. Real, not imaginary.",2.5
Fleshly  |  1 bodily; sensual. 2 mortal. 3 worldly.,Fleshly  ,1 bodily; sensual. 2 mortal. 3 worldly.,2.7
Fleshpots  |pl. Luxurious living.,Fleshpots  ,pl. Luxurious living.,2.7
Flesh-wound  | Superficial wound.,Flesh-wound  ,Superficial wound.,3.2
"Fleshy  |  of flesh; plump, pulpy.  fleshiness n.",Fleshy  ,"of flesh; plump, pulpy.  fleshiness n.",2.7
Fleur-de-lis  |   1 iris flower. 2 heraldry a lily of three petals. B former royal arms of france. ,Fleur-de-lis  ,1 iris flower. 2 heraldry a lily of three petals. B former royal arms of france.,3.1
Flew  past of ~fly1.,Flew  past of ,Flew  past of ~fly1.,3.2
Flews  |pl. Hanging lips of a bloodhound etc. ,Flews  ,pl. Hanging lips of a bloodhound etc.,2.8
Flex1  | 1 bend  Or be bent. 2 move  or  be moved to bend a joint. ,Flex1  ,1 bend  Or be bent. 2 move  or  be moved to bend a joint.,3.6
Flex2  | Flexible insulated electric cable. ,Flex2  ,Flexible insulated electric cable.,3.3
Flexible  | 1 capable of bending without breaking; pliable. 2 manageable. 3 adaptable; variable .  flexibility n. Flexibly adv. ,Flexible  ,1 capable of bending without breaking; pliable. 2 manageable. 3 adaptable; variable .  flexibility n. Flexibly adv.,3.2
"Flexion  |  1 bending or being bent, esp. Of a limb or joint. 2 bent part; curve. ",Flexion  ,"1 bending or being bent, esp. Of a limb or joint. 2 bent part; curve.",3.0
Flexitime  | System of flexible working hours. ,Flexitime  ,System of flexible working hours.,2.6
"Flibbertigibbet  | Gossiping, frivolous, or restless person. ",Flibbertigibbet  ,"Gossiping, frivolous, or restless person.",3.2
"Flick  —| 1 a light sharp blow with a whip etc. B sudden release of a bent digit, esp. To propel a small object. 2 sudden movement or jerk, esp. Of the wrist in throwing etc. 3 colloq. A cinema film. B  the cinema. —v. 1  strike or move with a flick . 2 give a flick with .  flick through 1 turn over . 2 a turn over the pages etc. Of, by a rapid movement of the fingers. B glance through . ",Flick  ,"1 a light sharp blow with a whip etc. B sudden release of a bent digit, esp. To propel a small object. 2 sudden movement or jerk, esp. Of the wrist in throwing etc. 3 colloq. A cinema film. B  the cinema. —v. 1  strike or move with a flick . 2 give a flick with .  flick through 1 turn over . 2 a turn over the pages etc. Of, by a rapid movement of the fingers. B glance through .",2.9
Flicker  | 1  shine or burn unsteadily. 2 flutter. 3  Waver. —n. 1 flickering movement or light. 2 brief spell .  flicker out die away. ,Flicker  ,1  shine or burn unsteadily. 2 flutter. 3  Waver. —n. 1 flickering movement or light. 2 brief spell .  flicker out die away.,2.7
Flick-knife  | Knife with a blade that springs out when a button is pressed.,Flick-knife  ,Knife with a blade that springs out when a button is pressed.,3.1
Flier  | Of ~flyer.,Flier  ,Of ~flyer.,2.8
"Flight1  | 1 a act or manner of flying. B movement or passage through the air. 2 a journey through the air or in space. B timetabled airline journey. 3 flock of birds, insects, etc. 4  series, esp. Of stairs. 5 imaginative excursion or sally . 6  volley . 7 tail of a dart. ",Flight1  ,"1 a act or manner of flying. B movement or passage through the air. 2 a journey through the air or in space. B timetabled airline journey. 3 flock of birds, insects, etc. 4  series, esp. Of stairs. 5 imaginative excursion or sally . 6  volley . 7 tail of a dart.",2.6
"Flight2  | Fleeing, hasty retreat.  put to flight cause to flee. Take  flight flee. ",Flight2  ,"Fleeing, hasty retreat.  put to flight cause to flee. Take  flight flee.",2.5
Flight bag  | Small zipped shoulder bag for air travel.,Flight bag  ,Small zipped shoulder bag for air travel.,2.5
Flight-deck  | 1 deck of an aircraft-carrier. 2 control room of a large aircraft.,Flight-deck  ,1 deck of an aircraft-carrier. 2 control room of a large aircraft.,3.1
Flightless  |  Unable to fly.,Flightless  ,Unable to fly.,2.6
Flight lieutenant  | Raf officer next below squadron leader.,Flight lieutenant  ,Raf officer next below squadron leader.,2.9
Flight path  | Planned course of an aircraft etc.,Flight path  ,Planned course of an aircraft etc.,2.9
Flight-recorder  | Device in an aircraft recording technical details of a flight.,Flight-recorder  ,Device in an aircraft recording technical details of a flight.,3.3
Flight sergeant  | Raf rank next above sergeant.,Flight sergeant  ,Raf rank next above sergeant.,2.7
"Flighty  |   frivolous, fickle, changeable.  flightiness n.",Flighty  ,"frivolous, fickle, changeable.  flightiness n.",2.9
"Flimsy  |  1 insubstantial, rickety . 2  Unconvincing. 3  thin.  flimsily adv. Flimsiness n. ",Flimsy  ,"1 insubstantial, rickety . 2  Unconvincing. 3  thin.  flimsily adv. Flimsiness n.",2.4
Flinch  | Draw back in fear etc.; wince. ,Flinch  ,Draw back in fear etc.; wince.,2.6
"Fling  |  1 throw or hurl forcefully or hurriedly. 2  put on or take off  carelessly or rapidly. 3 put or send suddenly or violently . 4 rush, esp. Angrily . 5  discard rashly. —n. 1 act of flinging; throw. 2 bout of wild behaviour. 3 whirling scottish dance, esp. The highland fling. ",Fling  ,"1 throw or hurl forcefully or hurriedly. 2  put on or take off  carelessly or rapidly. 3 put or send suddenly or violently . 4 rush, esp. Angrily . 5  discard rashly. —n. 1 act of flinging; throw. 2 bout of wild behaviour. 3 whirling scottish dance, esp. The highland fling.",2.6
"Flint  | 1 a hard grey siliceous stone. B piece of this, esp. As a primitive tool or weapon. 2 piece of hard alloy used to give a spark. 3 anything hard and unyielding.  flinty adj. . ",Flint  ,"1 a hard grey siliceous stone. B piece of this, esp. As a primitive tool or weapon. 2 piece of hard alloy used to give a spark. 3 anything hard and unyielding.  flinty adj. .",3.3
Flintlock  | Hist. Old type of gun fired by a spark from a flint.,Flintlock  ,Hist. Old type of gun fired by a spark from a flint.,3.2
Flip1  |  1 flick or toss  So that it spins in the air. 2 turn  over; flick. 3 slang = flip one's lid. —n. 1 act of flipping. 2 colloq. Short trip. —adj. Colloq. Glib; flippant.  flip one's lid slang lose self-control; go mad. Flip through = flick through. ,Flip1  ,1 flick or toss  So that it spins in the air. 2 turn  over; flick. 3 slang = flip one's lid. —n. 1 act of flipping. 2 colloq. Short trip. —adj. Colloq. Glib; flippant.  flip one's lid slang lose self-control; go mad. Flip through = flick through.,2.6
Flip2  | 1 = ~egg-flip. 2 drink of heated beer and spirit. ,Flip2  ,1 = ~egg-flip. 2 drink of heated beer and spirit.,2.5
Flip chart  | Large pad of paper on a stand.,Flip chart  ,Large pad of paper on a stand.,3.2
Flip-flop  |  sandal with a thong between the toes. ,Flip-flop  ,sandal with a thong between the toes.,2.4
Flippant  | Frivolous; disrespectful; offhand.  flippancy n. Flippantly adv. ,Flippant  ,Frivolous; disrespectful; offhand.  flippancy n. Flippantly adv.,2.7
"Flipper  | 1 broad flat limb of a turtle, penguin, etc., used in swimming. 2 similar rubber foot attachment for underwater swimming. 3 slang hand.",Flipper  ,"1 broad flat limb of a turtle, penguin, etc., used in swimming. 2 similar rubber foot attachment for underwater swimming. 3 slang hand.",2.6
"Flipping  | & adv. Slang expressing annoyance, or as an intensifier.",Flipping  ,"& adv. Slang expressing annoyance, or as an intensifier.",2.5
Flip side  | Colloq. 1 reverse side of a gramophone record. 2 reverse or less important side of something.,Flip side  ,Colloq. 1 reverse side of a gramophone record. 2 reverse or less important side of something.,2.7
Flirt  | 1  try to attract sexually but without serious intent. 2  superficially engage in; trifle. —n. Person who flirts.  flirtation n. Flirtatious adj. Flirtatiously adv. Flirtatiousness n. ,Flirt  ,1  try to attract sexually but without serious intent. 2  superficially engage in; trifle. —n. Person who flirts.  flirtation n. Flirtatious adj. Flirtatiously adv. Flirtatiousness n.,3.1
"Flit  |  1 move lightly, softly, or rapidly. 2 make short flights. 3 colloq. Disappear secretly to escape creditors etc. —n. Act of flitting. ",Flit  ,"1 move lightly, softly, or rapidly. 2 make short flights. 3 colloq. Disappear secretly to escape creditors etc. —n. Act of flitting.",2.6
Flitch  | Side of bacon. ,Flitch  ,Side of bacon.,3.1
Flitter  | Flit about; flutter. ,Flitter  ,Flit about; flutter.,2.9
Flitter-mouse  | = ~bat2.,Flitter-mouse  ,= ~bat2.,3.1
"Float  | 1 a  rest or move on the surface of a liquid. B set  afloat. 2 colloq. A move in a leisurely way. B  hover before the eye or mind. 3  move or be suspended freely in a liquid or gas. 4 a start or launch . B offer  On the stock market. 5 commerce cause or allow to have a fluctuating exchange rate. 6 circulate or cause  to circulate. —n. 1 thing that floats, esp.: a a raft. B a light object as an indicator of a fish biting or supporting a fishing-net. C a hollow structure enabling an aircraft to float on water. D a floating device on water, petrol, etc., controlling the level. 2 small esp. Electrically-powered vehicle or cart . 3 decorated platform or tableau on a lorry in a procession etc. 4 a supply of loose change in a shop, at a fête, etc. B petty cash. 5 theatr.  Footlights. 6 tool for smoothing plaster.  floatable adj. ",Float  ,"1 a  rest or move on the surface of a liquid. B set  afloat. 2 colloq. A move in a leisurely way. B  hover before the eye or mind. 3  move or be suspended freely in a liquid or gas. 4 a start or launch . B offer  On the stock market. 5 commerce cause or allow to have a fluctuating exchange rate. 6 circulate or cause  to circulate. —n. 1 thing that floats, esp.: a a raft. B a light object as an indicator of a fish biting or supporting a fishing-net. C a hollow structure enabling an aircraft to float on water. D a floating device on water, petrol, etc., controlling the level. 2 small esp. Electrically-powered vehicle or cart . 3 decorated platform or tableau on a lorry in a procession etc. 4 a supply of loose change in a shop, at a fête, etc. B petty cash. 5 theatr.  Footlights. 6 tool for smoothing plaster.  floatable adj.",2.7
Floatation  | Of ~flotation.,Floatation  ,Of ~flotation.,2.3
Floating  | Not settled; variable .,Floating  ,Not settled; variable .,2.8
Floating dock  | Floating structure usable as a dry dock.,Floating dock  ,Floating structure usable as a dry dock.,3.5
Floating kidney  | Abnormally movable kidney.,Floating kidney  ,Abnormally movable kidney.,2.4
Floating rib  | Lower rib not attached to the breastbone.,Floating rib  ,Lower rib not attached to the breastbone.,2.5
Floating voter  | Voter without fixed allegiance.,Floating voter  ,Voter without fixed allegiance.,2.7
Floaty  |  light and airy. ,Floaty  ,light and airy.,2.6
Flocculent  | Like or in tufts of wool etc.; downy.  flocculence n. ,Flocculent  ,Like or in tufts of wool etc.; downy.  flocculence n.,2.2
Flock1  —| 1 animals of one kind as a group or unit. 2 large crowd of people. 3 people in the care of a priest or teacher etc. —v.  congregate; mass; troop. ,Flock1  ,1 animals of one kind as a group or unit. 2 large crowd of people. 3 people in the care of a priest or teacher etc. —v.  congregate; mass; troop.,3.3
"Flock2  | 1 lock or tuft of wool, cotton, etc. 2  Wool-refuse etc. Used for quilting and stuffing. ",Flock2  ,"1 lock or tuft of wool, cotton, etc. 2  Wool-refuse etc. Used for quilting and stuffing.",3.1
Flock-paper  |  wallpaper with a raised flock pattern.,Flock-paper  ,wallpaper with a raised flock pattern.,3.0
Floe  | Sheet of floating ice. ,Floe  ,Sheet of floating ice.,2.6
"Flog  |  1 a beat with a whip, stick, etc. B make work through violent effort . 2  slang sell.  flog a dead horse waste one's efforts. Flog to death colloq. Talk about or promote at tedious length. ",Flog  ,"1 a beat with a whip, stick, etc. B make work through violent effort . 2  slang sell.  flog a dead horse waste one's efforts. Flog to death colloq. Talk about or promote at tedious length.",2.8
"Flood  —| 1 a overflowing or influx of water, esp. Over land; inundation. B the water that overflows. 2 outpouring; torrent . 3 inflow of the tide .",Flood  ,"1 a overflowing or influx of water, esp. Over land; inundation. B the water that overflows. 2 outpouring; torrent . 3 inflow of the tide .",2.8
"Floodgate  | 1 gate for admitting or excluding water, esp. In a lock. 2  Last restraint against tears, rain, anger, etc.",Floodgate  ,"1 gate for admitting or excluding water, esp. In a lock. 2  Last restraint against tears, rain, anger, etc.",2.9
"Floodlight  —| Large powerful light  to illuminate a building, sports ground, etc. —v. Illuminate with floodlights.  floodlit adj.",Floodlight  ,"Large powerful light  to illuminate a building, sports ground, etc. —v. Illuminate with floodlights.  floodlit adj.",2.8
Flood-tide  | Exceptionally high tide caused esp. By the moon.,Flood-tide  ,Exceptionally high tide caused esp. By the moon.,3.0
"Floor  —| 1 lower supporting surface of a room. 2 a bottom of the sea, a cave, etc. B any level area. 3 all the rooms etc. On one level of a building; storey. 4 a  place where members sit and speak. B right to speak next in a debate . 5 minimum of prices, wages, etc. 6 colloq. Ground. —v. 1 provide with a floor; pave. 2 knock or bring  down. 3 colloq. Confound, baffle. 4 colloq. Overcome. 5 serve as the floor of .  from the floor  Given by a member of the audience. Take the floor 1 begin to dance. 2 speak in a debate. ",Floor  ,"1 lower supporting surface of a room. 2 a bottom of the sea, a cave, etc. B any level area. 3 all the rooms etc. On one level of a building; storey. 4 a  place where members sit and speak. B right to speak next in a debate . 5 minimum of prices, wages, etc. 6 colloq. Ground. —v. 1 provide with a floor; pave. 2 knock or bring  down. 3 colloq. Confound, baffle. 4 colloq. Overcome. 5 serve as the floor of .  from the floor  Given by a member of the audience. Take the floor 1 begin to dance. 2 speak in a debate.",3.2
Floorboard  | Long wooden board used for flooring.,Floorboard  ,Long wooden board used for flooring.,3.2
Floorcloth  | Cloth for washing the floor.,Floorcloth  ,Cloth for washing the floor.,2.3
Flooring  | Material of which a floor is made.,Flooring  ,Material of which a floor is made.,3.3
Floor manager  | Stage-manager of a television production.,Floor manager  ,Stage-manager of a television production.,3.5
Floor plan  | Diagram of the rooms etc. On one storey.,Floor plan  ,Diagram of the rooms etc. On one storey.,3.2
Floor show  | Nightclub entertainment.,Floor show  ,Nightclub entertainment.,3.4
Floozie  |   colloq. Esp. Disreputable girl or woman. ,Floozie  ,colloq. Esp. Disreputable girl or woman.,2.7
Flop  |  1 sway about heavily or loosely. 2  fall or sit etc. Awkwardly or suddenly. 3 slang fail; collapse . 4 make a dull soft thud or splash. —n. 1 flopping movement or sound. 2 slang failure. —adv. With a flop. ,Flop  ,1 sway about heavily or loosely. 2  fall or sit etc. Awkwardly or suddenly. 3 slang fail; collapse . 4 make a dull soft thud or splash. —n. 1 flopping movement or sound. 2 slang failure. —adv. With a flop.,2.7
Floppy  |  tending to flop; flaccid. —n.   computing flexible disc for the storage of data.  floppiness n.,Floppy  ,tending to flop; flaccid. —n.   computing flexible disc for the storage of data.  floppiness n.,2.8
Flora  |  1 plant life of a region or period. 2 list or book of these. ,Flora  ,1 plant life of a region or period. 2 list or book of these.,3.0
"Floral  | Of, decorated with, or depicting flowers.  florally adv. ",Floral  ,"Of, decorated with, or depicting flowers.  florally adv.",3.0
Florentine  | Of florence in italy. —n. Native or citizen of florence. ,Florentine  ,Of florence in italy. —n. Native or citizen of florence.,2.7
"Floret  | 1 each of the small flowers making up a composite flower-head. 2 each stem of a head of cauliflower, broccoli, etc. 3 small flower. ",Floret  ,"1 each of the small flowers making up a composite flower-head. 2 each stem of a head of cauliflower, broccoli, etc. 3 small flower.",2.9
"Floribunda  | Plant, esp. A rose, bearing dense clusters of flowers. ",Floribunda  ,"Plant, esp. A rose, bearing dense clusters of flowers.",3.1
Florid  | 1 ruddy . 2 elaborately ornate; showy.  floridly adv. Floridness n. ,Florid  ,1 ruddy . 2 elaborately ornate; showy.  floridly adv. Floridness n.,3.1
Florin  | Hist. 1 british two-shilling coin now worth 10 pence. 2 english or foreign gold or silver coin. ,Florin  ,Hist. 1 british two-shilling coin now worth 10 pence. 2 english or foreign gold or silver coin.,3.1
Florist  | Person who deals in or grows flowers. ,Florist  ,Person who deals in or grows flowers.,2.5
Floruit  | Flourished; lived and worked . —n. Period or date of working etc. ,Floruit  ,Flourished; lived and worked . —n. Period or date of working etc.,3.1
Floss  —| 1 rough silk of a silkworm's cocoon. 2 silk thread used in embroidery. 3 = ~dental floss. —v.  Clean  with dental floss.  flossy adj. ,Floss  ,1 rough silk of a silkworm's cocoon. 2 silk thread used in embroidery. 3 = ~dental floss. —v.  Clean  with dental floss.  flossy adj.,2.6
Flotation  |  launching or financing of a commercial enterprise etc. ,Flotation  ,launching or financing of a commercial enterprise etc.,2.7
Flotilla  | 1 small fleet. 2 fleet of small ships. ,Flotilla  ,1 small fleet. 2 fleet of small ships.,2.8
Flotsam  | Wreckage found floating. ,Flotsam  ,Wreckage found floating.,2.8
Flotsam and jetsam  | 1 odds and ends. 2 vagrants.,Flotsam and jetsam  ,1 odds and ends. 2 vagrants.,2.9
Flounce1  |   go or move angrily or impatiently . —n. Flouncing movement. ,Flounce1  ,go or move angrily or impatiently . —n. Flouncing movement.,2.3
"Flounce2  —| Frill on a dress, skirt, etc. —v.  trim with flounces. ",Flounce2  ,"Frill on a dress, skirt, etc. —v.  trim with flounces.",2.3
Flounder1  | 1 struggle helplessly as if wading in mud. 2 do a task clumsily. —n. Act of floundering. ,Flounder1  ,1 struggle helplessly as if wading in mud. 2 do a task clumsily. —n. Act of floundering.,2.3
Flounder2  |  1 edible european flat-fish. 2 n. American flat-fish. ,Flounder2  ,1 edible european flat-fish. 2 n. American flat-fish.,2.5
Flour  —| 1 meal or powder from ground wheat etc. 2 any fine powder. —v. Sprinkle with flour.  floury adj. . Flouriness n. ,Flour  ,1 meal or powder from ground wheat etc. 2 any fine powder. —v. Sprinkle with flour.  floury adj. . Flouriness n.,2.8
"Flourish  | 1 a grow vigorously; thrive. B prosper. C be in one's prime. 2 wave, brandish. —n. 1 showy gesture. 2 ornamental curve in handwriting. 3 mus. Ornate passage or fanfare. ",Flourish  ,"1 a grow vigorously; thrive. B prosper. C be in one's prime. 2 wave, brandish. —n. 1 showy gesture. 2 ornamental curve in handwriting. 3 mus. Ornate passage or fanfare.",2.1
Flout  | Disobey  Contemptuously; mock; insult. —n. Flouting speech or act. ,Flout  ,Disobey  Contemptuously; mock; insult. —n. Flouting speech or act.,2.6
Flow  | 1 glide along as a stream. 2  Gush out; be spilt. 3  Circulate. 4 move smoothly or steadily. 5  Hang gracefully. 6  be caused by. 7  be in flood. 8  be plentiful. 9  archaic be plentifully supplied with . —n. 1 a flowing movement or mass. B flowing liquid . C outpouring; stream . 2 rise of a tide or river . ,Flow  ,1 glide along as a stream. 2  Gush out; be spilt. 3  Circulate. 4 move smoothly or steadily. 5  Hang gracefully. 6  be caused by. 7  be in flood. 8  be plentiful. 9  archaic be plentifully supplied with . —n. 1 a flowing movement or mass. B flowing liquid . C outpouring; stream . 2 rise of a tide or river .,2.8
Flow chart  |  diagram of the movement or action in a complex activity.,Flow chart  ,diagram of the movement or action in a complex activity.,3.4
"Flower  —| 1 part of a plant from which the fruit or seed is developed. 2 blossom, esp. Used for decoration. 3 plant cultivated for its flowers. —v. 1 bloom or cause  to bloom; blossom. 2 reach a peak.  the flower of the best of. In flower blooming.  flowered adj. ",Flower  ,"1 part of a plant from which the fruit or seed is developed. 2 blossom, esp. Used for decoration. 3 plant cultivated for its flowers. —v. 1 bloom or cause  to bloom; blossom. 2 reach a peak.  the flower of the best of. In flower blooming.  flowered adj.",2.8
Flower-bed  | Garden bed for flowers.,Flower-bed  ,Garden bed for flowers.,3.2
Flower-head  | = ~head n. 3 c.,Flower-head  ,= ~head n. 3 c.,3.3
Flower people  | Hippies with flowers as symbols of peace and love.,Flower people  ,Hippies with flowers as symbols of peace and love.,2.7
Flowerpot  | Pot for growing a plant in.,Flowerpot  ,Pot for growing a plant in.,2.8
"Flower power  | Peace and love, esp. As a political idea.",Flower power  ,"Peace and love, esp. As a political idea.",3.7
Flowers of sulphur  | Fine powder produced when sulphur evaporates and condenses.,Flowers of sulphur  ,Fine powder produced when sulphur evaporates and condenses.,3.1
Flowery  | 1 florally decorated. 2  High-flown; ornate. 3 full of flowers.  floweriness n.,Flowery  ,1 florally decorated. 2  High-flown; ornate. 3 full of flowers.  floweriness n.,2.5
Flowing  | 1  Fluent; easy. 2  Smoothly continuous. 3  Unconfined.  flowingly adv.,Flowing  ,1  Fluent; easy. 2  Smoothly continuous. 3  Unconfined.  flowingly adv.,2.8
Flown  | Of ~fly1.,Flown  ,Of ~fly1.,2.8
Flu  | Colloq. Influenza. ,Flu  ,Colloq. Influenza.,2.9
Fluctuate  |  vary irregularly; rise and fall.  fluctuation n. ,Fluctuate  ,vary irregularly; rise and fall.  fluctuation n.,2.1
Flue  | 1 smoke-duct in a chimney. 2 channel for conveying heat. ,Flue  ,1 smoke-duct in a chimney. 2 channel for conveying heat.,2.8
"Fluent  | 1  Flowing, natural. 2 verbally facile, esp. In a foreign language .  fluency n. Fluently adv. ",Fluent  ,"1  Flowing, natural. 2 verbally facile, esp. In a foreign language .  fluency n. Fluently adv.",2.9
"Fluff  —| 1 soft fur, feathers, or fabric particles etc. 2 slang mistake in a performance etc. —v. 1  shake into or become a soft mass. 2 colloq. Make a fluff; bungle.  bit of fluff slang offens. Attractive woman.  fluffy adj. . Fluffiness n. ",Fluff  ,"1 soft fur, feathers, or fabric particles etc. 2 slang mistake in a performance etc. —v. 1  shake into or become a soft mass. 2 colloq. Make a fluff; bungle.  bit of fluff slang offens. Attractive woman.  fluffy adj. . Fluffiness n.",2.7
Flugelhorn  | Valved brass wind instrument like a cornet. ,Flugelhorn  ,Valved brass wind instrument like a cornet.,3.6
"Fluid  —| 1 substance, esp. A gas or liquid, whose shape is determined by its confines. 2 fluid part or secretion. —adj. 1 able to flow and alter shape freely. 2 constantly changing .",Fluid  ,"1 substance, esp. A gas or liquid, whose shape is determined by its confines. 2 fluid part or secretion. —adj. 1 able to flow and alter shape freely. 2 constantly changing .",3.0
"Fluid ounce  | One-twentieth, or us one-sixteenth, of a pint.",Fluid ounce  ,"One-twentieth, or us one-sixteenth, of a pint.",3.2
Fluke1  —| Lucky accident . —v.  achieve by a fluke.  fluky adj. . ,Fluke1  ,Lucky accident . —v.  achieve by a fluke.  fluky adj. .,3.1
"Fluke2  | 1 parasitic flatworm, e.g. The liver fluke. 2 flat-fish, esp. A flounder. ",Fluke2  ,"1 parasitic flatworm, e.g. The liver fluke. 2 flat-fish, esp. A flounder.",2.9
Fluke3  | 1 broad triangular plate on an anchor arm. 2 lobe of a whale's tail. ,Fluke3  ,1 broad triangular plate on an anchor arm. 2 lobe of a whale's tail.,2.9
"Flummery  |  1 flattery; nonsense. 2 sweet dish made with beaten eggs, sugar, etc. ",Flummery  ,"1 flattery; nonsense. 2 sweet dish made with beaten eggs, sugar, etc.",3.0
"Flummox  | Colloq. Bewilder, disconcert. ",Flummox  ,"Colloq. Bewilder, disconcert.",3.2
Flung  | Of ~fling.,Flung  ,Of ~fling.,2.5
Flunk  | Us colloq. Fail . ,Flunk  ,Us colloq. Fail .,3.0
"Flunkey  |   usu. Derog. 1 liveried footman. 2 toady; snob. 3 us cook, waiter, etc. ",Flunkey  ,"usu. Derog. 1 liveried footman. 2 toady; snob. 3 us cook, waiter, etc.",2.6
Fluoresce  |  be or become fluorescent. ,Fluoresce  ,be or become fluorescent.,3.3
Fluorescence  | 1 light radiation from certain substances. 2 property of absorbing invisible light and emitting visible light. ,Fluorescence  ,1 light radiation from certain substances. 2 property of absorbing invisible light and emitting visible light.,3.3
"Fluorescent  | Of, having, or showing fluorescence.",Fluorescent  ,"Of, having, or showing fluorescence.",3.2
Fluorescent lamp  |  esp. Tubular lamp or bulb radiating largely by fluorescence.,Fluorescent lamp  ,esp. Tubular lamp or bulb radiating largely by fluorescence.,3.7
"Fluoridate  |  add fluoride to , esp. To prevent tooth decay.  fluoridation n.",Fluoridate  ,"add fluoride to , esp. To prevent tooth decay.  fluoridation n.",2.9
Fluoride  | Binary compound of fluorine.,Fluoride  ,Binary compound of fluorine.,2.9
Fluorinate  |  1 = ~fluoridate. 2 introduce fluorine into .  fluorination n.,Fluorinate  ,1 = ~fluoridate. 2 introduce fluorine into .  fluorination n.,3.1
Fluorine  | Poisonous pale-yellow gaseous element. ,Fluorine  ,Poisonous pale-yellow gaseous element.,2.9
Fluorite  | Mineral form of calcium fluoride. ,Fluorite  ,Mineral form of calcium fluoride.,3.1
Fluorocarbon  | Compound of a hydrocarbon with fluorine atoms.,Fluorocarbon  ,Compound of a hydrocarbon with fluorine atoms.,2.8
Fluorspar  | = ~fluorite. ,Fluorspar  ,= ~fluorite.,3.3
"Flurry  —|  1 gust or squall . 2 sudden burst of activity, excitement, etc.; commotion. —v.  confuse; agitate. ",Flurry  ,"1 gust or squall . 2 sudden burst of activity, excitement, etc.; commotion. —v.  confuse; agitate.",2.7
"Flush1  | 1 blush, redden, glow warmly . 2  Cause to glow or blush . 3 a cleanse  By a flow of water. B  dispose of in this way. 4 rush out, spurt. —n. 1 blush or glow. 2 a rush of water. B cleansing of a drain, lavatory, etc. Thus. 3 rush of esp. Elation or triumph. 4 freshness; vigour. 5 a  sudden feeling of heat during menopause. B feverish redness or temperature etc. —adj. 1 level, in the same plane. 2 colloq. Having plenty of money. ",Flush1  ,"1 blush, redden, glow warmly . 2  Cause to glow or blush . 3 a cleanse  By a flow of water. B  dispose of in this way. 4 rush out, spurt. —n. 1 blush or glow. 2 a rush of water. B cleansing of a drain, lavatory, etc. Thus. 3 rush of esp. Elation or triumph. 4 freshness; vigour. 5 a  sudden feeling of heat during menopause. B feverish redness or temperature etc. —adj. 1 level, in the same plane. 2 colloq. Having plenty of money.",2.7
"Flush2  | Hand of cards all of one suit, esp. In poker. ",Flush2  ,"Hand of cards all of one suit, esp. In poker.",2.5
Flush3  | 1 cause  to fly up. 2  fly up and away.  flush out 1 reveal. 2 drive out. ,Flush3  ,1 cause  to fly up. 2  fly up and away.  flush out 1 reveal. 2 drive out.,2.7
Fluster  | 1 make or become nervous or confused . 2 bustle. —n. Confused or agitated state. ,Fluster  ,1 make or become nervous or confused . 2 bustle. —n. Confused or agitated state.,2.8
"Flute  —| 1 a high-pitched woodwind instrument held sideways. B any similar wind instrument. 2 ornamental vertical groove in a column. —v.  1 play, or play  On, the flute. 2 speak or sing etc. In a high voice. 3 make grooves in.  fluting n. Fluty adj. . ",Flute  ,"1 a high-pitched woodwind instrument held sideways. B any similar wind instrument. 2 ornamental vertical groove in a column. —v.  1 play, or play  On, the flute. 2 speak or sing etc. In a high voice. 3 make grooves in.  fluting n. Fluty adj. .",2.8
"Flutter  | 1 flap  in flying or trying to fly. 2 fall quiveringly . 3 wave or flap quickly. 4 move about restlessly. 5  Beat feebly or irregularly. —n. 1 act of fluttering. 2 tremulous excitement . 3 slang small bet, esp. On a horse. 4 abnormally rapid heartbeat. 5 rapid variation of pitch, esp. Of recorded sound. ",Flutter  ,"1 flap  in flying or trying to fly. 2 fall quiveringly . 3 wave or flap quickly. 4 move about restlessly. 5  Beat feebly or irregularly. —n. 1 act of fluttering. 2 tremulous excitement . 3 slang small bet, esp. On a horse. 4 abnormally rapid heartbeat. 5 rapid variation of pitch, esp. Of recorded sound.",2.5
Fluvial  | Of or found in rivers. ,Fluvial  ,Of or found in rivers.,2.8
Flux  | 1 process of flowing or flowing out. 2 discharge. 3 continuous change . 4 substance mixed with a metal etc. To aid fusion. ,Flux  ,1 process of flowing or flowing out. 2 discharge. 3 continuous change . 4 substance mixed with a metal etc. To aid fusion.,3.1
"Fly1  |  1 a  Move through the air or space under control, esp. With wings. B travel through the air or space. 2 control the flight of or transport in . 3 a cause to fly or remain aloft. B  Wave or flutter. 4 pass, move, or rise quickly. 5 a flee; flee from. B colloq. Depart hastily. 6 be driven, forced, or scattered . 7  a hasten or spring violently. B attack or criticize fiercely. —n.  1  A concealing flap, esp. Over a trouser-fastening. B this fastening. 2 flap at a tent entrance. 3  Space above a stage where scenery and lighting are suspended. 4 act of flying.  fly high be ambitious; prosper. Fly in the face of disregard or disobey. Fly a kite test opinion. Fly off the handle colloq. Lose one's temper. ",Fly1  ,"1 a  Move through the air or space under control, esp. With wings. B travel through the air or space. 2 control the flight of or transport in . 3 a cause to fly or remain aloft. B  Wave or flutter. 4 pass, move, or rise quickly. 5 a flee; flee from. B colloq. Depart hastily. 6 be driven, forced, or scattered . 7  a hasten or spring violently. B attack or criticize fiercely. —n.  1  A concealing flap, esp. Over a trouser-fastening. B this fastening. 2 flap at a tent entrance. 3  Space above a stage where scenery and lighting are suspended. 4 act of flying.  fly high be ambitious; prosper. Fly in the face of disregard or disobey. Fly a kite test opinion. Fly off the handle colloq. Lose one's temper.",2.8
"Fly2  |  1 insect with two usu. Transparent wings. 2 other winged insect, e.g. A firefly. 3 disease of plants or animals caused by flies. 4  fly as bait in fishing.  like flies in large numbers . No flies on  Colloq.  very astute. ",Fly2  ,"1 insect with two usu. Transparent wings. 2 other winged insect, e.g. A firefly. 3 disease of plants or animals caused by flies. 4  fly as bait in fishing.  like flies in large numbers . No flies on  Colloq.  very astute.",2.8
"Fly3  | Slang knowing, clever, alert. ",Fly3  ,"Slang knowing, clever, alert.",2.9
Fly-away  |  fine and difficult to control.,Fly-away  ,fine and difficult to control.,3.4
"Fly-blown  | Tainted, esp. By flies.",Fly-blown  ,"Tainted, esp. By flies.",3.1
Fly-by-night  | Unreliable. —n. Unreliable person.,Fly-by-night  ,Unreliable. —n. Unreliable person.,3.1
Flycatcher  | Bird catching insects during short flights from a chosen perch.,Flycatcher  ,Bird catching insects during short flights from a chosen perch.,2.7
Flyer  |  colloq. 1 airman or airwoman. 2 thing that flies in a specified way . 3 fast-moving animal or vehicle. 4 ambitious or outstanding person. 5 small handbill.,Flyer  ,colloq. 1 airman or airwoman. 2 thing that flies in a specified way . 3 fast-moving animal or vehicle. 4 ambitious or outstanding person. 5 small handbill.,3.0
Fly-fish  | Fish with a fly.,Fly-fish  ,Fish with a fly.,3.0
Fly-half  | Rugby stand-off half.,Fly-half  ,Rugby stand-off half.,2.9
"Flying  | 1 fluttering, waving, or hanging loose. 2 hasty, brief . 3 designed for rapid movement. 4  leaping with winglike membranes etc. —n. Flight, esp. In an aircraft.  with flying colours with distinction.",Flying  ,"1 fluttering, waving, or hanging loose. 2 hasty, brief . 3 designed for rapid movement. 4  leaping with winglike membranes etc. —n. Flight, esp. In an aircraft.  with flying colours with distinction.",2.8
Flying boat  | Boatlike seaplane.,Flying boat  ,Boatlike seaplane.,3.1
Flying buttress  |  buttress running from the upper part of a wall to an outer support and transmitting the thrust of the roof or vault.,Flying buttress  ,buttress running from the upper part of a wall to an outer support and transmitting the thrust of the roof or vault.,1.9
Flying doctor  | Doctor who uses an aircraft to visit patients.,Flying doctor  ,Doctor who uses an aircraft to visit patients.,3.3
Flying fish  | Tropical fish with winglike fins for gliding through the air.,Flying fish  ,Tropical fish with winglike fins for gliding through the air.,3.4
Flying fox  | Fruit-eating bat with a foxlike head.,Flying fox  ,Fruit-eating bat with a foxlike head.,3.2
Flying officer  | Raf rank next below flight lieutenant.,Flying officer  ,Raf rank next below flight lieutenant.,3.2
Flying picket  | Mobile industrial strike picket.,Flying picket  ,Mobile industrial strike picket.,3.5
Flying saucer  | Supposed alien spaceship.,Flying saucer  ,Supposed alien spaceship.,3.1
Flying squad  | Rapidly mobile police detachment etc.,Flying squad  ,Rapidly mobile police detachment etc.,2.8
Flying start  | 1 start  In which the starting-point is crossed at full speed. 2 vigorous start .,Flying start  ,1 start  In which the starting-point is crossed at full speed. 2 vigorous start .,3.2
Fly in the ointment  | Minor irritation or setback.,Fly in the ointment  ,Minor irritation or setback.,2.8
Flyleaf  | Blank leaf at the beginning or end of a book.,Flyleaf  ,Blank leaf at the beginning or end of a book.,3.0
Fly on the wall  | Unnoticed observer.,Fly on the wall  ,Unnoticed observer.,2.8
Flyover  | Bridge carrying one road or railway over another.,Flyover  ,Bridge carrying one road or railway over another.,2.8
Fly-paper  | Sticky treated paper for catching flies.,Fly-paper  ,Sticky treated paper for catching flies.,3.2
Fly-past  | Ceremonial flight of aircraft.,Fly-past  ,Ceremonial flight of aircraft.,3.1
Fly-post  | Fix  Illegally on walls etc.,Fly-post  ,Fix  Illegally on walls etc.,3.2
Flysheet  | 1 canvas cover over a tent for extra protection. 2 short tract or circular.,Flysheet  ,1 canvas cover over a tent for extra protection. 2 short tract or circular.,2.9
Fly-tip  | Illegally dump .  fly-tipper n.,Fly-tip  ,Illegally dump .  fly-tipper n.,3.1
Fly-trap  | Plant that catches flies.,Fly-trap  ,Plant that catches flies.,3.0
"Flyweight  | 1 weight in certain sports between light flyweight and bantamweight, in amateur boxing 48–51 kg. 2 sportsman of this weight.",Flyweight  ,"1 weight in certain sports between light flyweight and bantamweight, in amateur boxing 48–51 kg. 2 sportsman of this weight.",2.9
Flywheel  | Heavy wheel on a revolving shaft to regulate machinery or accumulate power.,Flywheel  ,Heavy wheel on a revolving shaft to regulate machinery or accumulate power.,2.9
