"Ah  | Expressing surprise, pleasure, realization, etc. ",Ah  ,"Expressing surprise, pleasure, realization, etc.",3.2
"Aha  | Expressing surprise, triumph, mockery, etc. ",Aha  ,"Expressing surprise, triumph, mockery, etc.",3.0
Ahead  | 1 further forward in space or time. 2 in the lead .,Ahead  ,1 further forward in space or time. 2 in the lead .,3.2
"Ahem  | Used to attract attention, gain time, etc. ",Ahem  ,"Used to attract attention, gain time, etc.",3.1
Ahoy  | Naut. Call used in hailing. ,Ahoy  ,Naut. Call used in hailing.,2.9
