Or1  | 1 introducing an alternative . 2 introducing an alternative name . 3 introducing an afterthought . 4 = or else 1 .  or else 1 otherwise . 2 colloq. Expressing a warning or threat . ,Or1  ,1 introducing an alternative . 2 introducing an alternative name . 3 introducing an afterthought . 4 = or else 1 .  or else 1 otherwise . 2 colloq. Expressing a warning or threat .,2.8
Or2  | Heraldry gold. ,Or2  ,Heraldry gold.,2.6
Oracle  | 1 a place at which divine advice or prophecy was sought in classical antiquity. B response given. C prophet or prophetess at an oracle. 2 person or thing regarded as a source of wisdom etc. 3  propr. Teletext service provided by independent television.  oracular adj. ,Oracle  ,1 a place at which divine advice or prophecy was sought in classical antiquity. B response given. C prophet or prophetess at an oracle. 2 person or thing regarded as a source of wisdom etc. 3  propr. Teletext service provided by independent television.  oracular adj.,2.6
Oral  | 1 by word of mouth; spoken; not written . 2 done or taken by the mouth . —n. Colloq. Spoken examination.  orally adv. ,Oral  ,1 by word of mouth; spoken; not written . 2 done or taken by the mouth . —n. Colloq. Spoken examination.  orally adv.,3.1
Orange  —| 1 a roundish reddish-yellow juicy citrus fruit. B tree bearing this. 2 its colour. —adj. Orange-coloured. ,Orange  ,1 a roundish reddish-yellow juicy citrus fruit. B tree bearing this. 2 its colour. —adj. Orange-coloured.,2.7
"Orangeade  | Orange-flavoured, usu. Fizzy, drink.",Orangeade  ,"Orange-flavoured, usu. Fizzy, drink.",2.6
Orangeman  | Member of a political society formed in 1795 to support protestantism in ireland. ,Orangeman  ,Member of a political society formed in 1795 to support protestantism in ireland.,2.8
"Orangery  |  place, esp. A building, where orange-trees are cultivated.",Orangery  ,"place, esp. A building, where orange-trees are cultivated.",2.7
Orang-utan  |  large reddish-haired long-armed anthropoid ape of the e. Indies. ,Orang-utan  ,large reddish-haired long-armed anthropoid ape of the e. Indies.,2.5
Oration  | Formal or ceremonial speech. ,Oration  ,Formal or ceremonial speech.,2.5
Orator  | 1 person making a formal speech. 2 eloquent public speaker. ,Orator  ,1 person making a formal speech. 2 eloquent public speaker.,3.2
"Oratorio  |  semi-dramatic work for orchestra and voices, esp. On a sacred theme. ",Oratorio  ,"semi-dramatic work for orchestra and voices, esp. On a sacred theme.",2.9
Oratory  |  1 art of or skill in public speaking. 2 small private chapel.  oratorical adj. ,Oratory  ,1 art of or skill in public speaking. 2 small private chapel.  oratorical adj.,2.9
"Orb  | 1 globe surmounted by a cross as part of coronation regalia. 2 sphere, globe. 3 poet. Celestial body. 4 poet. Eye. ",Orb  ,"1 globe surmounted by a cross as part of coronation regalia. 2 sphere, globe. 3 poet. Celestial body. 4 poet. Eye.",2.7
Orbicular  | Formal circular or spherical. ,Orbicular  ,Formal circular or spherical.,2.5
"Orbit  —| 1 a curved course of a planet, satellite, etc. B one complete passage around a body. 2 range or sphere of action. 3 eye socket. —v.  1 move in orbit round. 2 put into orbit.  orbiter n. ",Orbit  ,"1 a curved course of a planet, satellite, etc. B one complete passage around a body. 2 range or sphere of action. 3 eye socket. —v.  1 move in orbit round. 2 put into orbit.  orbiter n.",2.9
Orbital  | 1 of an orbit or orbits. 2  passing round the outside of a town.,Orbital  ,1 of an orbit or orbits. 2  passing round the outside of a town.,2.8
"Orca  | Any of various cetaceans, esp. The killer whale. ",Orca  ,"Any of various cetaceans, esp. The killer whale.",2.6
Orcadian  | Of orkney. —n. Native of orkney. ,Orcadian  ,Of orkney. —n. Native of orkney.,2.7
Orchard  | Piece of enclosed land with fruit-trees. ,Orchard  ,Piece of enclosed land with fruit-trees.,2.8
"Orchestra  | 1 large group of instrumentalists combining strings, woodwinds, brass, and percussion. 2  part of a theatre etc. Where the orchestra plays, usu. In front of the stage and on a lower level.  orchestral adj. ",Orchestra  ,"1 large group of instrumentalists combining strings, woodwinds, brass, and percussion. 2  part of a theatre etc. Where the orchestra plays, usu. In front of the stage and on a lower level.  orchestral adj.",3.3
Orchestrate  |  1 arrange or compose for orchestral performance. 2 arrange  to achieve a desired result.  orchestration n.,Orchestrate  ,1 arrange or compose for orchestral performance. 2 arrange  to achieve a desired result.  orchestration n.,3.3
Orchid  | Any of various plants with brilliant flowers. ,Orchid  ,Any of various plants with brilliant flowers.,2.7
"Ordain  | 1 confer holy orders on. 2 decree, order. ",Ordain  ,"1 confer holy orders on. 2 decree, order.",2.8
"Ordeal  | 1 painful or horrific experience; severe trial. 2 hist. Test of an accused person by subjection to severe pain, with survival taken as proof of innocence. ",Ordeal  ,"1 painful or horrific experience; severe trial. 2 hist. Test of an accused person by subjection to severe pain, with survival taken as proof of innocence.",2.7
"Order  —| 1 a condition in which every part, unit, etc. Is in its right place; tidiness. B specified sequence, succession, etc. . 2 authoritative command, direction, instruction, etc. 3 state of obedience to law, authority, etc. 4 a direction to supply or pay something. B goods etc. To be supplied. 5 social class; its members . 6 kind; sort . 7 constitution or nature of the world, society, etc. . 8 taxonomic rank below a class and above a family. 9 religious fraternity with a common rule of life. 10 grade of the christian ministry. 11 any of the five classical styles of architecture . 12 a company of persons distinguished by a particular honour . B insignia worn by its members. 13 eccl. The stated form of divine service . 14 system of rules or procedure  . —v. 1 command; bid; prescribe. 2 command or direct  to a specified destination . 3 direct a waiter, tradesman, etc. To supply . 4  Put in order; regulate . 5  Ordain.  in  order 1 in the correct  sequence or position. 2 fit  for use. 3 according  to the rules at a meeting etc. In order that with the intention; so that. In order to with the purpose of doing; with a view to. Of  the order of approximately. On order ordered but not yet received. Order about command officiously. To order as specified by the customer. ",Order  ,"1 a condition in which every part, unit, etc. Is in its right place; tidiness. B specified sequence, succession, etc. . 2 authoritative command, direction, instruction, etc. 3 state of obedience to law, authority, etc. 4 a direction to supply or pay something. B goods etc. To be supplied. 5 social class; its members . 6 kind; sort . 7 constitution or nature of the world, society, etc. . 8 taxonomic rank below a class and above a family. 9 religious fraternity with a common rule of life. 10 grade of the christian ministry. 11 any of the five classical styles of architecture . 12 a company of persons distinguished by a particular honour . B insignia worn by its members. 13 eccl. The stated form of divine service . 14 system of rules or procedure  . —v. 1 command; bid; prescribe. 2 command or direct  to a specified destination . 3 direct a waiter, tradesman, etc. To supply . 4  Put in order; regulate . 5  Ordain.  in  order 1 in the correct  sequence or position. 2 fit  for use. 3 according  to the rules at a meeting etc. In order that with the intention; so that. In order to with the purpose of doing; with a view to. Of  the order of approximately. On order ordered but not yet received. Order about command officiously. To order as specified by the customer.",2.9
"Order in council  | Executive order, often approved by parliament but not debated.",Order in council  ,"Executive order, often approved by parliament but not debated.",3.5
"Orderly  | 1 methodically arranged or inclined, tidy. 2 well-behaved. —n.  1 male cleaner in a hospital. 2 soldier who carries orders for an officer etc.  orderliness n.",Orderly  ,"1 methodically arranged or inclined, tidy. 2 well-behaved. —n.  1 male cleaner in a hospital. 2 soldier who carries orders for an officer etc.  orderliness n.",2.8
Orderly room  | Room in a barracks used for company business.,Orderly room  ,Room in a barracks used for company business.,2.7
"Order of the day  | 1 prevailing state of things. 2 principal action, procedure, or programme.",Order of the day  ,"1 prevailing state of things. 2 principal action, procedure, or programme.",3.5
"Order-paper  | Written or printed order of the day's proceedings, esp. In parliament.",Order-paper  ,"Written or printed order of the day's proceedings, esp. In parliament.",2.9
"Ordinal  |  number defining position in a series, e.g. ‘first’, ‘second’, ‘third’, etc. ",Ordinal  ,"number defining position in a series, e.g. ‘first’, ‘second’, ‘third’, etc.",2.6
Ordinance  | 1 decree. 2 religious rite. ,Ordinance  ,1 decree. 2 religious rite.,2.3
Ordinand  | Candidate for ordination. ,Ordinand  ,Candidate for ordination.,2.3
"Ordinary  | 1 normal, usual. 2 commonplace, unexceptional. —n.  rc ch. 1 parts of a service that do not vary from day to day. 2 rule or book laying down the order of service.  in the ordinary way in normal circumstances. Out of the ordinary unusual.  ordinarily adv. Ordinariness n. ",Ordinary  ,"1 normal, usual. 2 commonplace, unexceptional. —n.  rc ch. 1 parts of a service that do not vary from day to day. 2 rule or book laying down the order of service.  in the ordinary way in normal circumstances. Out of the ordinary unusual.  ordinarily adv. Ordinariness n.",2.7
Ordinary level  | Hist. Lowest level of the gce examination.,Ordinary level  ,Hist. Lowest level of the gce examination.,3.4
Ordinary seaman  | Sailor of the lowest rank.,Ordinary seaman  ,Sailor of the lowest rank.,2.9
Ordinate  | Math. Coordinate measured usu. Vertically. ,Ordinate  ,Math. Coordinate measured usu. Vertically.,2.8
"Ordination  | Conferring of holy orders, ordaining.",Ordination  ,"Conferring of holy orders, ordaining.",2.6
Ordnance  | 1 artillery; military supplies. 2 government service dealing with these. ,Ordnance  ,1 artillery; military supplies. 2 government service dealing with these.,2.8
Ordnance survey  | Official survey of the uk producing detailed maps.,Ordnance survey  ,Official survey of the uk producing detailed maps.,3.2
Ordovician  | Of the second period in the palaeozoic era. —n. This period. ,Ordovician  ,Of the second period in the palaeozoic era. —n. This period.,2.8
Ordure  | Dung. ,Ordure  ,Dung.,2.8
Ore  | Solid rock or mineral from which metal or other valuable minerals may be extracted. ,Ore  ,Solid rock or mineral from which metal or other valuable minerals may be extracted.,2.8
Oregano  | Dried wild marjoram as seasoning. ,Oregano  ,Dried wild marjoram as seasoning.,2.9
"Organ  | 1 a musical instrument having pipes supplied with air from bellows and operated by keyboards and pedals. B instrument producing similar sounds electronically. C harmonium. 2 a part of an animal or plant body serving a particular function . B esp. Joc. Penis. 3 medium of communication, esp. A newspaper representing a party or interest. ",Organ  ,"1 a musical instrument having pipes supplied with air from bellows and operated by keyboards and pedals. B instrument producing similar sounds electronically. C harmonium. 2 a part of an animal or plant body serving a particular function . B esp. Joc. Penis. 3 medium of communication, esp. A newspaper representing a party or interest.",3.1
"Organdie  | Fine translucent muslin, usu. Stiffened. ",Organdie  ,"Fine translucent muslin, usu. Stiffened.",2.7
Organ-grinder  | Player of a barrel-organ.,Organ-grinder  ,Player of a barrel-organ.,3.2
"Organic  | 1 of or affecting a bodily organ or organs. 2  having organs or an organized physical structure. 3 produced without the use of artificial fertilizers, pesticides, etc. 4  Containing carbon. 5 a structural, inherent. B constitutional. 6 organized or systematic .  organically adv. ",Organic  ,"1 of or affecting a bodily organ or organs. 2  having organs or an organized physical structure. 3 produced without the use of artificial fertilizers, pesticides, etc. 4  Containing carbon. 5 a structural, inherent. B constitutional. 6 organized or systematic .  organically adv.",2.7
Organic chemistry  | Chemistry of carbon compounds.,Organic chemistry  ,Chemistry of carbon compounds.,3.2
Organism  | 1 individual plant or animal. 2 living being with interdependent parts. 3 system made up of interdependent parts. ,Organism  ,1 individual plant or animal. 2 living being with interdependent parts. 3 system made up of interdependent parts.,3.0
Organist  | Organ-player.,Organist  ,Organ-player.,3.6
"Organization  |  1 organizing or being organized. 2 organized body, system, or society.  organizational adj.",Organization  ,"1 organizing or being organized. 2 organized body, system, or society.  organizational adj.",3.2
"Organize  |   1 a give an orderly structure to, systematize. B make arrangements for . 2 initiate, arrange for. 3  A enlist  in a trade union, political party, etc. B form . 4  Make organic; make into living tissue.  organizer n. ",Organize  ,"1 a give an orderly structure to, systematize. B make arrangements for . 2 initiate, arrange for. 3  A enlist  in a trade union, political party, etc. B form . 4  Make organic; make into living tissue.  organizer n.",3.1
Organ-loft  | Gallery for an organ.,Organ-loft  ,Gallery for an organ.,3.1
Organza  | Thin stiff transparent silk or synthetic dress fabric. ,Organza  ,Thin stiff transparent silk or synthetic dress fabric.,2.4
Orgasm  —| Climax of sexual excitement. —v. Have a sexual orgasm.  orgasmic adj. ,Orgasm  ,Climax of sexual excitement. —v. Have a sexual orgasm.  orgasmic adj.,3.2
Orgy  |  1 wild party with indiscriminate sexual activity. 2 excessive indulgence in an activity.  orgiastic adj. ,Orgy  ,1 wild party with indiscriminate sexual activity. 2 excessive indulgence in an activity.  orgiastic adj.,2.9
Oriel  |  projecting window of an upper storey. ,Oriel  ,projecting window of an upper storey.,2.9
"Orient  —|  countries east of the mediterranean, esp. E. Asia. —v. 1 a place or determine the position of with the aid of a compass; find the bearings of. B  direct.",Orient  ,"countries east of the mediterranean, esp. E. Asia. —v. 1 a place or determine the position of with the aid of a compass; find the bearings of. B  direct.",2.7
"Oriental   | Of the east, esp. E. Asia; of the orient. —n. Native of the orient.",Oriental   ,"Of the east, esp. E. Asia; of the orient. —n. Native of the orient.",2.7
Orientate  |  = ~orient v. ,Orientate  ,= ~orient v.,2.8
Orientation  | 1 orienting or being oriented. 2 a relative position. B person's attitude or adjustment in relation to circumstances. 3 introduction to a subject or situation; briefing.  orientational adj.,Orientation  ,1 orienting or being oriented. 2 a relative position. B person's attitude or adjustment in relation to circumstances. 3 introduction to a subject or situation; briefing.  orientational adj.,2.8
"Orienteering  | Competitive sport in which runners cross open country with a map, compass, etc. ",Orienteering  ,"Competitive sport in which runners cross open country with a map, compass, etc.",2.7
"Orifice  | Opening, esp. The mouth of a cavity. ",Orifice  ,"Opening, esp. The mouth of a cavity.",3.2
Origami  | Art of folding paper into decorative shapes. ,Origami  ,Art of folding paper into decorative shapes.,3.0
Origan  |  wild marjoram.  ,Origan  ,wild marjoram.,2.8
"Origin  | 1 starting-point; source. 2  Ancestry, parentage. 3 math. Point from which coordinates are measured. ",Origin  ,"1 starting-point; source. 2  Ancestry, parentage. 3 math. Point from which coordinates are measured.",2.8
"Original  | 1 existing from the beginning; earliest; innate. 2 inventive; creative; not derivative or imitative. 3 not copied or translated; by the artist etc. Himself . —n. Original model, pattern, picture, etc. From which another is copied or translated.  originality n. Originally adv.",Original  ,"1 existing from the beginning; earliest; innate. 2 inventive; creative; not derivative or imitative. 3 not copied or translated; by the artist etc. Himself . —n. Original model, pattern, picture, etc. From which another is copied or translated.  originality n. Originally adv.",2.9
Original sin  | Innate human sinfulness held to be a result of the fall.,Original sin  ,Innate human sinfulness held to be a result of the fall.,2.9
Originate  |  1 cause to begin; initiate. 2 have as an origin; begin.  origination n. Originator n.,Originate  ,1 cause to begin; initiate. 2 have as an origin; begin.  origination n. Originator n.,3.2
Oriole  |  bird with black and yellow plumage in the male. ,Oriole  ,bird with black and yellow plumage in the male.,2.8
Ormolu  | 1  Gilded bronze; gold-coloured alloy. 2 articles made of or decorated with ormolu. ,Ormolu  ,1  Gilded bronze; gold-coloured alloy. 2 articles made of or decorated with ormolu.,2.6
"Ornament  —| 1 a thing used to adorn or decorate. B quality or person bringing honour or distinction. 2 decoration, esp. On a building . 3 musical embellishment. —v. Adorn; beautify.  ornamental adj. Ornamentation n. ",Ornament  ,"1 a thing used to adorn or decorate. B quality or person bringing honour or distinction. 2 decoration, esp. On a building . 3 musical embellishment. —v. Adorn; beautify.  ornamental adj. Ornamentation n.",3.0
Ornate  | 1 elaborately adorned. 2  convoluted; flowery.  ornately adv. Ornateness n. ,Ornate  ,1 elaborately adorned. 2  convoluted; flowery.  ornately adv. Ornateness n.,2.8
Ornithology  | The study of birds.  ornithological adj. Ornithologist n. ,Ornithology  ,The study of birds.  ornithological adj. Ornithologist n.,2.6
"Orotund  | 1  full, round; imposing. 2  Pompous; pretentious. ",Orotund  ,"1  full, round; imposing. 2  Pompous; pretentious.",2.5
Orphan  —| Child whose parents are dead. —v. Bereave  of its parents. ,Orphan  ,Child whose parents are dead. —v. Bereave  of its parents.,2.6
Orphanage  | Home for orphans.,Orphanage  ,Home for orphans.,2.4
Orrery  |  clockwork model of the solar system. ,Orrery  ,clockwork model of the solar system.,3.2
Orris  | 1 a kind of iris. 2 = ~orris root. ,Orris  ,1 a kind of iris. 2 = ~orris root.,3.2
Orris root  | Fragrant iris root used in perfumery etc.,Orris root  ,Fragrant iris root used in perfumery etc.,2.8
"Ortho-  | Form 1 straight. 2 right, correct. ",Ortho-  ,"Form 1 straight. 2 right, correct.",2.9
Orthodontics  |pl.  Correction of irregularities in the teeth and jaws.  orthodontic adj. Orthodontist n. ,Orthodontics  ,pl.  Correction of irregularities in the teeth and jaws.  orthodontic adj. Orthodontist n.,2.3
"Orthodox  | 1 holding usual or accepted opinions, esp. On religion, morals, etc. 2 generally approved, conventional . 3   strictly traditional.  orthodoxy n. ",Orthodox  ,"1 holding usual or accepted opinions, esp. On religion, morals, etc. 2 generally approved, conventional . 3   strictly traditional.  orthodoxy n.",2.8
"Orthodox church  | Eastern church with the patriarch of constantinople as its head, and including the national churches of russia, romania, greece, etc.",Orthodox church  ,"Eastern church with the patriarch of constantinople as its head, and including the national churches of russia, romania, greece, etc.",3.4
Orthography  |  spelling .  orthographic adj. ,Orthography  ,spelling .  orthographic adj.,2.7
"Orthopaedics  |pl.   branch of medicine dealing with the correction of diseased, deformed, or injured bones or muscles.  orthopaedic adj. Orthopaedist n. ",Orthopaedics  ,"pl.   branch of medicine dealing with the correction of diseased, deformed, or injured bones or muscles.  orthopaedic adj. Orthopaedist n.",3.0
"Orthopedics  |pl.   branch of medicine dealing with the correction of diseased, deformed, or injured bones or muscles.  orthopaedic adj. Orthopaedist n. ",Orthopedics  ,"pl.   branch of medicine dealing with the correction of diseased, deformed, or injured bones or muscles.  orthopaedic adj. Orthopaedist n.",3.1
"Ortolan  |  European bunting, eaten as a delicacy. ",Ortolan  ,"European bunting, eaten as a delicacy.",2.4
