Si  | = ~te. ,Si  ,= ~te.,3.2
"Siamese  —|  1 native or language of siam  in asia. 2  cat of a cream-coloured short-haired breed with dark markings and blue eyes. —adj. Of siam, its people, or language.",Siamese  ,"1 native or language of siam  in asia. 2  cat of a cream-coloured short-haired breed with dark markings and blue eyes. —adj. Of siam, its people, or language.",2.8
Siamese twins  |pl. 1 twins joined at some part of the body. 2 any closely associated pair.,Siamese twins  ,pl. 1 twins joined at some part of the body. 2 any closely associated pair.,3.1
Sibilant  | 1 sounded with a hiss. 2 hissing. —n. Sibilant letter or sound.  sibilance n. Sibilancy n. ,Sibilant  ,1 sounded with a hiss. 2 hissing. —n. Sibilant letter or sound.  sibilance n. Sibilancy n.,3.0
Sibling  | Each of two or more children having one or both parents in common. ,Sibling  ,Each of two or more children having one or both parents in common.,2.9
Sibyl  | Pagan prophetess. ,Sibyl  ,Pagan prophetess.,3.1
Sibylline  | 1 of or from a sibyl. 2 oracular; prophetic. ,Sibylline  ,1 of or from a sibyl. 2 oracular; prophetic.,3.3
"Sic  |  used, spelt, etc., as written . ",Sic  ,"used, spelt, etc., as written .",2.7
"Sick  | 1 esp. Us unwell, ill. 2 vomiting or likely to vomit. 3  colloq. A disgusted; surfeited. B angry, esp. Because of surfeit. 4 colloq.  Cruel, morbid, perverted, offensive. 5 a mentally disordered. B  Pining . —n. Colloq. Vomit. —v.  colloq. Vomit.  take  sick colloq. Be taken ill. ",Sick  ,"1 esp. Us unwell, ill. 2 vomiting or likely to vomit. 3  colloq. A disgusted; surfeited. B angry, esp. Because of surfeit. 4 colloq.  Cruel, morbid, perverted, offensive. 5 a mentally disordered. B  Pining . —n. Colloq. Vomit. —v.  colloq. Vomit.  take  sick colloq. Be taken ill.",2.7
"Sickbay  | Room, cabin, etc. For those who are sick.",Sickbay  ,"Room, cabin, etc. For those who are sick.",3.5
Sickbed  | Invalid's bed.,Sickbed  ,Invalid's bed.,2.3
Sicken  | 1 affect with disgust etc. 2 a  show symptoms of illness. B  Feel nausea or disgust. 3  A disgusting. B colloq. Very annoying.  sickeningly adv.,Sicken  ,1 affect with disgust etc. 2 a  show symptoms of illness. B  Feel nausea or disgust. 3  A disgusting. B colloq. Very annoying.  sickeningly adv.,2.8
"Sickle  | Short-handled tool with a semicircular blade, used for reaping etc. ",Sickle  ,"Short-handled tool with a semicircular blade, used for reaping etc.",2.8
Sick-leave  | Leave granted because of illness.,Sick-leave  ,Leave granted because of illness.,1.9
"Sickle-cell  | Sickle-shaped blood cell, esp. As found in a type of severe hereditary anaemia.",Sickle-cell  ,"Sickle-shaped blood cell, esp. As found in a type of severe hereditary anaemia.",3.1
"Sickly  |  1 a weak; apt to be ill. B languid, faint, or pale. 2 causing ill health. 3 sentimental or mawkish. 4 of or inducing nausea. ",Sickly  ,"1 a weak; apt to be ill. B languid, faint, or pale. 2 causing ill health. 3 sentimental or mawkish. 4 of or inducing nausea.",2.6
Sickness  | 1 being ill; disease. 2 vomiting or a tendency to vomit.,Sickness  ,1 being ill; disease. 2 vomiting or a tendency to vomit.,2.8
Sick-pay  | Pay given during sick-leave.,Sick-pay  ,Pay given during sick-leave.,2.7
"Side  —| 1 a each of the surfaces bounding an object. B vertical inner or outer surface. C such a surface as distinct from the top or bottom, front or back. 2 a right or left part of a person or animal, esp. Of the torso. B left or right half or a specified part of a thing. C  Adjoining position . D direction . 3 a either surface of a thing regarded as having two surfaces. B writing filling one side of a sheet of paper. 4 aspect of a question, character, etc. . 5 a each of two competing groups in war, politics, games, etc. B cause etc. Regarded as being in conflict with another. 6 a part or region near the edge. B  Subordinate, peripheral, or detached part . 7 colloq. Television channel. 8 each of the bounding lines of a plane rectilinear figure. 9 position nearer or farther than, or right or left of, a given dividing line. 10 line of descent through one parent. 11  spin given to a billiard-ball etc. By hitting it on one side. 12 slang cheek; pretensions . —v.   take part or be on the same side.  by the side of 1 close to. 2 compared with. Let the side down embarrass or fail one's colleagues. On one side 1 not in the main or central position. 2 aside. On the … side somewhat . On the side 1 as a sideline. 2 illicitly. 3 us as a side dish. Side by side standing close together, esp. For mutual support. Take sides support one or other cause etc. ",Side  ,"1 a each of the surfaces bounding an object. B vertical inner or outer surface. C such a surface as distinct from the top or bottom, front or back. 2 a right or left part of a person or animal, esp. Of the torso. B left or right half or a specified part of a thing. C  Adjoining position . D direction . 3 a either surface of a thing regarded as having two surfaces. B writing filling one side of a sheet of paper. 4 aspect of a question, character, etc. . 5 a each of two competing groups in war, politics, games, etc. B cause etc. Regarded as being in conflict with another. 6 a part or region near the edge. B  Subordinate, peripheral, or detached part . 7 colloq. Television channel. 8 each of the bounding lines of a plane rectilinear figure. 9 position nearer or farther than, or right or left of, a given dividing line. 10 line of descent through one parent. 11  spin given to a billiard-ball etc. By hitting it on one side. 12 slang cheek; pretensions . —v.   take part or be on the same side.  by the side of 1 close to. 2 compared with. Let the side down embarrass or fail one's colleagues. On one side 1 not in the main or central position. 2 aside. On the … side somewhat . On the side 1 as a sideline. 2 illicitly. 3 us as a side dish. Side by side standing close together, esp. For mutual support. Take sides support one or other cause etc.",2.9
"Sideboard  | Table or esp. A flat-topped cupboard for dishes, table linen, etc.",Sideboard  ,"Table or esp. A flat-topped cupboard for dishes, table linen, etc.",3.0
Sideboards  |pl. Colloq. Hair grown by a man down the sides of his face.,Sideboards  ,pl. Colloq. Hair grown by a man down the sides of his face.,3.0
Sideburns  |pl. = ~sideboards. ,Sideburns  ,pl. = ~sideboards.,2.5
Side-car  | Passenger compartment attached to the side of a motor cycle.,Side-car  ,Passenger compartment attached to the side of a motor cycle.,3.1
Sided  | 1 having sides. 2  Having a specified number or type of sides.,Sided  ,1 having sides. 2  Having a specified number or type of sides.,2.7
Side-door  | 1 door at the side of a building. 2 indirect means of access.,Side-door  ,1 door at the side of a building. 2 indirect means of access.,3.1
Side-drum  | Small double-headed drum.,Side-drum  ,Small double-headed drum.,3.3
Side-effect  | Secondary  effect.,Side-effect  ,Secondary  effect.,3.1
"Sidekick  | Colloq. Friend, associate; henchman.",Sidekick  ,"Colloq. Friend, associate; henchman.",2.7
Sidelight  | 1 light from the side. 2 small light at the side of the front of a vehicle. 3 naut. Light on the side of a moving ship.,Sidelight  ,1 light from the side. 2 small light at the side of the front of a vehicle. 3 naut. Light on the side of a moving ship.,3.0
Sideline  | 1 work etc. Done in addition to one's main activity. 2  A line bounding the side of a hockey-pitch etc. B space next to these where spectators etc. Sit.  on the sidelines not directly concerned.,Sideline  ,1 work etc. Done in addition to one's main activity. 2  A line bounding the side of a hockey-pitch etc. B space next to these where spectators etc. Sit.  on the sidelines not directly concerned.,2.9
Sidelong  |  oblique. —adv. Obliquely.,Sidelong  ,oblique. —adv. Obliquely.,3.0
Sidereal  | Of the constellations or fixed stars. ,Sidereal  ,Of the constellations or fixed stars.,2.6
Sidereal day  | Time between successive meridional transits of a star etc.,Sidereal day  ,Time between successive meridional transits of a star etc.,2.8
"Side-road  | Minor road, esp. Branching from a main road.",Side-road  ,"Minor road, esp. Branching from a main road.",3.1
Side-saddle  —| Saddle for a woman riding with both legs on the same side of the horse. —adv. Riding in this position.,Side-saddle  ,Saddle for a woman riding with both legs on the same side of the horse. —adv. Riding in this position.,3.3
"Sideshow  | 1 small show or stall in an exhibition, fair, etc. 2 minor incident or issue.",Sideshow  ,"1 small show or stall in an exhibition, fair, etc. 2 minor incident or issue.",2.9
Sidesman  | Assistant churchwarden who takes the collection etc.,Sidesman  ,Assistant churchwarden who takes the collection etc.,3.1
Side-splitting  | Causing violent laughter.,Side-splitting  ,Causing violent laughter.,2.4
Sidestep  —| Step to the side. —v.  1 avoid by stepping sideways. 2 evade.,Sidestep  ,Step to the side. —v.  1 avoid by stepping sideways. 2 evade.,2.9
Side-swipe  —| 1 glancing blow on or from the side. 2 incidental criticism etc. —v. Hit  with a side-swipe.,Side-swipe  ,1 glancing blow on or from the side. 2 incidental criticism etc. —v. Hit  with a side-swipe.,3.3
Sidetrack  | Divert or diverge from the main course or issue.,Sidetrack  ,Divert or diverge from the main course or issue.,2.9
Sidewalk  | Us pavement.,Sidewalk  ,Us pavement.,3.2
Sideways  —| 1 to or from a side. 2 with one side facing forward. —adj. To or from a side.,Sideways  ,1 to or from a side. 2 with one side facing forward. —adj. To or from a side.,2.8
Side-whiskers  |pl. Whiskers on the cheeks.,Side-whiskers  ,pl. Whiskers on the cheeks.,3.3
Side wind  | Wind from the side.,Side wind  ,Wind from the side.,2.9
"Siding  | Short track at the side of a railway line, used for shunting.",Siding  ,"Short track at the side of a railway line, used for shunting.",2.9
Sidle  |   walk timidly or furtively. ,Sidle  ,walk timidly or furtively.,3.1
"Siege  | 1 surrounding and blockading of a town, castle, etc. 2 similar operation by police etc. To force an armed person out of a building.  lay siege to conduct the siege of. Raise the siege of abandon, or cause the abandonment of, an attempted siege of. ",Siege  ,"1 surrounding and blockading of a town, castle, etc. 2 similar operation by police etc. To force an armed person out of a building.  lay siege to conduct the siege of. Raise the siege of abandon, or cause the abandonment of, an attempted siege of.",2.7
"Siemens  | Si unit of conductance, equal to one reciprocal ohm. ",Siemens  ,"Si unit of conductance, equal to one reciprocal ohm.",2.8
Sienna  | 1 a kind of earth used as a pigment. 2 its colour of yellowish-brown  or reddish-brown . ,Sienna  ,1 a kind of earth used as a pigment. 2 its colour of yellowish-brown  or reddish-brown .,2.8
"Sierra  | Long jagged mountain chain, esp. In spain or spanish america. ",Sierra  ,"Long jagged mountain chain, esp. In spain or spanish america.",2.8
"Siesta  | Afternoon sleep or rest, esp. In hot countries. ",Siesta  ,"Afternoon sleep or rest, esp. In hot countries.",2.7
"Sieve  —| Perforated or meshed utensil for separating solids or coarse material from liquids or fine particles, or for pulping. —v.  sift. ",Sieve  ,"Perforated or meshed utensil for separating solids or coarse material from liquids or fine particles, or for pulping. —v.  sift.",3.5
Sift  | 1 put through a sieve. 2  separate  from material. 3 sprinkle  from a perforated container. 4 examine . 5  Fall as if from a sieve. ,Sift  ,1 put through a sieve. 2  separate  from material. 3 sprinkle  from a perforated container. 4 examine . 5  Fall as if from a sieve.,2.9
"Sigh  | 1 emit an audible breath in sadness, weariness, relief, etc. 2  yearn for. 3 express with sighs. 4 make a sighing sound. —n. 1 act of sighing. 2 sound made in sighing. ",Sigh  ,"1 emit an audible breath in sadness, weariness, relief, etc. 2  yearn for. 3 express with sighs. 4 make a sighing sound. —n. 1 act of sighing. 2 sound made in sighing.",2.4
"Sight  —| 1 a faculty of seeing. B act of seeing or being seen. 2 thing seen. 3 opinion . 4 range of vision . 5  Noteworthy features of a town etc. 6 a device on a gun, telescope, etc., for assisting aim or observation. B aim or observation so gained. 7 colloq. Unsightly person or thing . 8 colloq. Great deal . —v. 1 get sight of, observe the presence of . 2 aim  With a sight.  at first sight on first glimpse or impression. At  sight as soon as a person or a thing has been seen. Catch  sight of begin  to see or be aware of. In sight 1 visible. 2 near at hand. Set one's sights on aim at. ",Sight  ,"1 a faculty of seeing. B act of seeing or being seen. 2 thing seen. 3 opinion . 4 range of vision . 5  Noteworthy features of a town etc. 6 a device on a gun, telescope, etc., for assisting aim or observation. B aim or observation so gained. 7 colloq. Unsightly person or thing . 8 colloq. Great deal . —v. 1 get sight of, observe the presence of . 2 aim  With a sight.  at first sight on first glimpse or impression. At  sight as soon as a person or a thing has been seen. Catch  sight of begin  to see or be aware of. In sight 1 visible. 2 near at hand. Set one's sights on aim at.",2.7
Sighted  | 1 not blind. 2  Having specified vision .,Sighted  ,1 not blind. 2  Having specified vision .,2.6
Sight for sore eyes  | Colloq. Welcome person or thing.,Sight for sore eyes  ,Colloq. Welcome person or thing.,2.9
Sightless  | Blind.,Sightless  ,Blind.,2.2
Sightly  | Attractive to look at.,Sightly  ,Attractive to look at.,2.8
Sight-read  | Read  at sight.,Sight-read  ,Read  at sight.,3.2
Sight-screen  | Cricket large white screen placed near the boundary in line with the wicket to help the batsman see the ball.,Sight-screen  ,Cricket large white screen placed near the boundary in line with the wicket to help the batsman see the ball.,3.5
Sightseer  | Person visiting the sights of a place.  sightseeing n.,Sightseer  ,Person visiting the sights of a place.  sightseeing n.,2.8
Sight unseen  | Without previous inspection.,Sight unseen  ,Without previous inspection.,2.9
Sigma  | Eighteenth letter of the greek alphabet . ,Sigma  ,Eighteenth letter of the greek alphabet .,3.4
"Sign  —| 1 thing indicating a quality, state, future event, etc. . 2 mark, symbol, etc. 3 gesture or action conveying an order etc. 4 signboard; signpost. 5 each of the twelve divisions of the zodiac. —v. 1 a  Write  on a document etc. As authorization. B sign  as authorization. 2 communicate by gesture . 3 engage or be engaged by signing a contract etc. .  sign away relinquish  By signing. Sign in 1 sign a register on arrival. 2 get  admitted by signing a register. Sign off 1 end work, broadcasting, etc. 2 withdraw one's claim to unemployment benefit after finding work. Sign on 1 agree to a contract etc. 2 employ . 3 register as unemployed. Sign out sign a register on departing. Sign up 1 engage . 2 enlist in the armed forces. 3 enrol. ",Sign  ,"1 thing indicating a quality, state, future event, etc. . 2 mark, symbol, etc. 3 gesture or action conveying an order etc. 4 signboard; signpost. 5 each of the twelve divisions of the zodiac. —v. 1 a  Write  on a document etc. As authorization. B sign  as authorization. 2 communicate by gesture . 3 engage or be engaged by signing a contract etc. .  sign away relinquish  By signing. Sign in 1 sign a register on arrival. 2 get  admitted by signing a register. Sign off 1 end work, broadcasting, etc. 2 withdraw one's claim to unemployment benefit after finding work. Sign on 1 agree to a contract etc. 2 employ . 3 register as unemployed. Sign out sign a register on departing. Sign up 1 engage . 2 enlist in the armed forces. 3 enrol.",3.2
Signal1  —| 1 a sign  conveying information etc. B message of such signs. 2 immediate cause of action etc. . 3 a electrical impulse or impulses or radio waves transmitted as a signal. B sequence of these. 4 device on a railway giving instructions or warnings to train-drivers etc. —v.  1 make signals. 2 a  Make signals to; direct. B transmit or express by signal; announce.  signaller n. ,Signal1  ,1 a sign  conveying information etc. B message of such signs. 2 immediate cause of action etc. . 3 a electrical impulse or impulses or radio waves transmitted as a signal. B sequence of these. 4 device on a railway giving instructions or warnings to train-drivers etc. —v.  1 make signals. 2 a  Make signals to; direct. B transmit or express by signal; announce.  signaller n.,3.0
"Signal2  | Adj. Remarkable, noteworthy.  signally adv. ",Signal2  ,"Adj. Remarkable, noteworthy.  signally adv.",2.9
Signal-box  | Building beside a railway track from which signals are controlled.,Signal-box  ,Building beside a railway track from which signals are controlled.,3.2
Signalize  |   1 make noteworthy or remarkable. 2 indicate.,Signalize  ,1 make noteworthy or remarkable. 2 indicate.,2.6
Signalman  | Railway signal operator.,Signalman  ,Railway signal operator.,2.5
"Signatory  —|  party that has signed an agreement, esp. A treaty. —adj. Having signed such an agreement etc. ",Signatory  ,"party that has signed an agreement, esp. A treaty. —adj. Having signed such an agreement etc.",2.9
"Signature  | 1 a person's name, initials, etc. Used in signing. B act of signing. 2 mus. A = ~key signature. B = ~time signature. 3 printing section of a book made from one sheet folded and cut. ",Signature  ,"1 a person's name, initials, etc. Used in signing. B act of signing. 2 mus. A = ~key signature. B = ~time signature. 3 printing section of a book made from one sheet folded and cut.",2.8
Signature tune  | Tune used regularly to introduce a particular broadcast or performer.,Signature tune  ,Tune used regularly to introduce a particular broadcast or performer.,3.8
Signboard  | Board displaying a name or symbol etc. Outside a shop or hotel etc.,Signboard  ,Board displaying a name or symbol etc. Outside a shop or hotel etc.,2.9
Signet  | Small seal. ,Signet  ,Small seal.,2.7
Signet-ring  | Ring with a seal set in it.,Signet-ring  ,Ring with a seal set in it.,2.9
Significance  | 1 importance. 2 meaning. 3 being significant. 4 extent to which a result deviates from a hypothesis such that the difference is due to more than errors in sampling. ,Significance  ,1 importance. 2 meaning. 3 being significant. 4 extent to which a result deviates from a hypothesis such that the difference is due to more than errors in sampling.,2.9
Significant  | 1 having a meaning; indicative. 2 noteworthy; important.  significantly adv. ,Significant  ,1 having a meaning; indicative. 2 noteworthy; important.  significantly adv.,2.7
Significant figure  | Digit conveying information about a number containing it.,Significant figure  ,Digit conveying information about a number containing it.,3.2
Signify  |  1 be a sign or indication of. 2 mean; symbolize. 3 make known. 4 be of importance; matter.  signification n. ,Signify  ,1 be a sign or indication of. 2 mean; symbolize. 3 make known. 4 be of importance; matter.  signification n.,3.0
"Sign language  | System of communication by gestures, used esp. By the deaf.",Sign language  ,"System of communication by gestures, used esp. By the deaf.",3.0
Sign of the cross  | Christian sign made by tracing a cross with the hand.,Sign of the cross  ,Christian sign made by tracing a cross with the hand.,3.7
Signor  |  title used of or to an italian-speaking man. ,Signor  ,title used of or to an italian-speaking man.,2.8
Signora  | Title used of or to an italian-speaking esp. Married woman.,Signora  ,Title used of or to an italian-speaking esp. Married woman.,3.3
Signorina  | Title used of or to an italian-speaking esp. Unmarried woman.,Signorina  ,Title used of or to an italian-speaking esp. Unmarried woman.,2.7
"Signpost  —| 1 post on a road etc. Indicating direction etc. 2 indication, guide. —v. Provide with a signpost or signposts.",Signpost  ,"1 post on a road etc. Indicating direction etc. 2 indication, guide. —v. Provide with a signpost or signposts.",2.8
Signwriter  | Person who paints signboards etc.,Signwriter  ,Person who paints signboards etc.,2.8
Sikh  | Member of an indian monotheistic sect. ,Sikh  ,Member of an indian monotheistic sect.,3.3
Silage  | 1 green fodder stored in a silo. 2 storage in a silo. ,Silage  ,1 green fodder stored in a silo. 2 storage in a silo.,2.8
"Silence  —| 1 absence of sound. 2 abstinence from speech or noise. 3 avoidance of mentioning a thing, betraying a secret, etc. —v.  make silent, esp. By force or superior argument.  in silence without speech or other sound. ",Silence  ,"1 absence of sound. 2 abstinence from speech or noise. 3 avoidance of mentioning a thing, betraying a secret, etc. —v.  make silent, esp. By force or superior argument.  in silence without speech or other sound.",2.8
"Silencer  | Device for reducing the noise of a vehicle's exhaust, a gun, etc.",Silencer  ,"Device for reducing the noise of a vehicle's exhaust, a gun, etc.",2.8
Silent  | Not speaking; not making or accompanied by any sound.  silently adv. ,Silent  ,Not speaking; not making or accompanied by any sound.  silently adv.,2.7
Silent majority  | The mass of allegedly moderate people who rarely express an opinion.,Silent majority  ,The mass of allegedly moderate people who rarely express an opinion.,2.4
"Silhouette  —| 1 picture showing the outline only, usu. In black on white or cut from paper. 2 dark shadow or outline against a lighter background. —v.  represent or  show in silhouette. ",Silhouette  ,"1 picture showing the outline only, usu. In black on white or cut from paper. 2 dark shadow or outline against a lighter background. —v.  represent or  show in silhouette.",3.1
"Silica  | Silicon dioxide, occurring as quartz etc. And as a main constituent of sandstone and other rocks.  siliceous adj. ",Silica  ,"Silicon dioxide, occurring as quartz etc. And as a main constituent of sandstone and other rocks.  siliceous adj.",2.7
Silica gel  | Hydrated silica in a hard granular form used as a drying agent.,Silica gel  ,Hydrated silica in a hard granular form used as a drying agent.,3.3
Silicate  | Compound of a metal with silicon and oxygen.,Silicate  ,Compound of a metal with silicon and oxygen.,3.0
Silicon  | Chem. Non-metallic element occurring widely in silica and silicates.,Silicon  ,Chem. Non-metallic element occurring widely in silica and silicates.,2.5
Silicon chip  | Silicon microchip.,Silicon chip  ,Silicon microchip.,2.6
"Silicone  | Any organic compound of silicon, with high resistance to cold, heat, water, etc.",Silicone  ,"Any organic compound of silicon, with high resistance to cold, heat, water, etc.",2.6
Silicosis  | Lung fibrosis caused by inhaling dust containing silica.,Silicosis  ,Lung fibrosis caused by inhaling dust containing silica.,2.8
"Silk  | 1 fine soft lustrous fibre produced by silkworms. 2  Thread or cloth from this. 3  Cloth or garments of silk, esp. As worn by a jockey. 4 colloq. Queen's  counsel, as having the right to wear a silk gown. 5 fine soft thread .  take silk become a queen's  counsel. ",Silk  ,"1 fine soft lustrous fibre produced by silkworms. 2  Thread or cloth from this. 3  Cloth or garments of silk, esp. As worn by a jockey. 4 colloq. Queen's  counsel, as having the right to wear a silk gown. 5 fine soft thread .  take silk become a queen's  counsel.",2.8
Silken  | 1 made of silk. 2 soft or lustrous.,Silken  ,1 made of silk. 2 soft or lustrous.,3.0
Silk-screen printing  | = ~screen printing.,Silk-screen printing  ,= ~screen printing.,3.0
Silkworm  | Caterpillar that spins a cocoon of silk.,Silkworm  ,Caterpillar that spins a cocoon of silk.,2.6
Silky  |  1 soft and smooth like silk. 2 suave.  silkily adv. Silkiness n.,Silky  ,1 soft and smooth like silk. 2 suave.  silkily adv. Silkiness n.,2.9
"Sill  | Slab of stone, wood, or metal at the foot of a window or doorway. ",Sill  ,"Slab of stone, wood, or metal at the foot of a window or doorway.",3.2
Sillabub  | Of ~syllabub.,Sillabub  ,Of ~syllabub.,2.7
"Silly  |  1 foolish, imprudent. 2 weak-minded. 3 cricket  very close to the batsman. —n.  colloq. Foolish person.  sillily adv. Silliness n. ",Silly  ,"1 foolish, imprudent. 2 weak-minded. 3 cricket  very close to the batsman. —n.  colloq. Foolish person.  sillily adv. Silliness n.",2.9
"Silo  |  1 pit or airtight barn etc. In which green crops are kept for fodder. 2 pit or tower for storing grain, cement, etc. 3 underground storage chamber for a guided missile. ",Silo  ,"1 pit or airtight barn etc. In which green crops are kept for fodder. 2 pit or tower for storing grain, cement, etc. 3 underground storage chamber for a guided missile.",2.7
"Silt  —| Sediment in a channel, harbour, etc. —v.  choke or be choked with silt. ",Silt  ,"Sediment in a channel, harbour, etc. —v.  choke or be choked with silt.",3.2
Silurian  geol. | Of the third period of the palaeozoic era. —n. This period. ,Silurian  geol,Of the third period of the palaeozoic era. —n. This period.,2.8
Silvan  | Of ~sylvan.,Silvan  ,Of ~sylvan.,2.9
Silver  —| 1 greyish-white lustrous precious metallic element. 2 colour of this. 3 silver or cupro-nickel coins. 4 household cutlery. 5 = ~silver medal. —adj. Of or coloured like silver. —v. 1 coat or plate with silver. 2 provide  with a backing of tin amalgam etc. 3 make silvery. 4 turn grey or white. ,Silver  ,1 greyish-white lustrous precious metallic element. 2 colour of this. 3 silver or cupro-nickel coins. 4 household cutlery. 5 = ~silver medal. —adj. Of or coloured like silver. —v. 1 coat or plate with silver. 2 provide  with a backing of tin amalgam etc. 3 make silvery. 4 turn grey or white.,2.8
Silver band  | Band playing silver-plated instruments.,Silver band  ,Band playing silver-plated instruments.,2.9
Silver birch  | Common birch with silver-coloured bark.,Silver birch  ,Common birch with silver-coloured bark.,2.9
Silverfish  |  1 small silvery wingless insect. 2 silver-coloured fish.,Silverfish  ,1 small silvery wingless insect. 2 silver-coloured fish.,3.2
Silver jubilee  | 25th anniversary.,Silver jubilee  ,25th anniversary.,4.6
Silver lining  | Consolation or hope in misfortune.,Silver lining  ,Consolation or hope in misfortune.,2.8
"Silver medal  | Medal of silver, usu. Awarded as second prize.",Silver medal  ,"Medal of silver, usu. Awarded as second prize.",3.6
Silver paper  | Aluminium foil.,Silver paper  ,Aluminium foil.,3.3
"Silver plate  | Vessels, cutlery, etc., plated with silver.  silver-plated adj.",Silver plate  ,"Vessels, cutlery, etc., plated with silver.  silver-plated adj.",3.1
Silver sand  | Fine pure sand used in gardening.,Silver sand  ,Fine pure sand used in gardening.,2.8
Silver screen  |  cinema films collectively.,Silver screen  ,cinema films collectively.,2.9
Silverside  | Upper side of a round of beef.,Silverside  ,Upper side of a round of beef.,2.9
Silversmith  | Worker in silver.,Silversmith  ,Worker in silver.,3.5
Silver tongue  | Eloquence.,Silver tongue  ,Eloquence.,2.8
Silverware  | Articles of or plated with silver.,Silverware  ,Articles of or plated with silver.,2.9
Silver wedding  | 25th anniversary of a wedding.,Silver wedding  ,25th anniversary of a wedding.,3.5
Silvery  | 1 like silver in colour or appearance. 2 having a clear gentle ringing sound.,Silvery  ,1 like silver in colour or appearance. 2 having a clear gentle ringing sound.,2.9
Silviculture  |  cultivation of forest trees. ,Silviculture  ,cultivation of forest trees.,3.1
Simian  | 1 of the anthropoid apes. 2 like an ape or monkey. —n. Ape or monkey. ,Simian  ,1 of the anthropoid apes. 2 like an ape or monkey. —n. Ape or monkey.,3.0
"Similar  | 1 like, alike. 2  having a resemblance. 3 geom. Shaped alike.  similarity n. . Similarly adv. ",Similar  ,"1 like, alike. 2  having a resemblance. 3 geom. Shaped alike.  similarity n. . Similarly adv.",2.8
Simile  | 1 esp. Poetical comparison of one thing with another using the words ‘like’ or ‘as’ . 2 use of this. ,Simile  ,1 esp. Poetical comparison of one thing with another using the words ‘like’ or ‘as’ . 2 use of this.,2.7
"Similitude  | 1 guise, appearance. 2 comparison; expression of a comparison. ",Similitude  ,"1 guise, appearance. 2 comparison; expression of a comparison.",3.3
Simmer  | 1 bubble or boil gently. 2 be in a state of suppressed anger or excitement. —n. Simmering condition.  simmer down become less agitated. ,Simmer  ,1 bubble or boil gently. 2 be in a state of suppressed anger or excitement. —n. Simmering condition.  simmer down become less agitated.,2.7
"Simnel cake  | Rich fruit cake, usu. With a marzipan layer and decoration, eaten esp. At easter. ",Simnel cake  ,"Rich fruit cake, usu. With a marzipan layer and decoration, eaten esp. At easter.",3.1
Simony  | Buying or selling of ecclesiastical privileges. ,Simony  ,Buying or selling of ecclesiastical privileges.,2.4
Simoom  | Hot dry dust-laden desert wind. ,Simoom  ,Hot dry dust-laden desert wind.,2.8
Simper  | 1 smile in a silly or affected way. 2 express by or with simpering. —n. Such a smile. ,Simper  ,1 smile in a silly or affected way. 2 express by or with simpering. —n. Such a smile.,2.7
"Simple  |  1 understood or done easily and without difficulty. 2 not complicated or elaborate; plain. 3 not compound or complex. 4 absolute, unqualified, straightforward . 5 foolish; gullible, feeble-minded.  simpleness n. ",Simple  ,"1 understood or done easily and without difficulty. 2 not complicated or elaborate; plain. 3 not compound or complex. 4 absolute, unqualified, straightforward . 5 foolish; gullible, feeble-minded.  simpleness n.",3.0
Simple fracture  | Fracture of the bone only without a wound.,Simple fracture  ,Fracture of the bone only without a wound.,1.7
Simple interest  | Interest payable on a capital sum only.,Simple interest  ,Interest payable on a capital sum only.,2.8
Simple-minded  | Foolish; feeble-minded.  simple-mindedness n.,Simple-minded  ,Foolish; feeble-minded.  simple-mindedness n.,2.8
Simpleton  | Gullible or halfwitted person.,Simpleton  ,Gullible or halfwitted person.,2.8
Simplicity  | Fact or condition of being simple.,Simplicity  ,Fact or condition of being simple.,3.0
Simplify  |  make simple or simpler.  simplification n.,Simplify  ,make simple or simpler.  simplification n.,2.9
Simplistic  | Excessively or affectedly simple.  simplistically adv.,Simplistic  ,Excessively or affectedly simple.  simplistically adv.,3.4
Simply  | 1 in a simple manner. 2 absolutely . 3 merely .,Simply  ,1 in a simple manner. 2 absolutely . 3 merely .,2.7
"Simulate  |  1 pretend to be, have, or feel. 2 imitate or counterfeit. 3 reproduce the conditions of , e.g. For training. 4 produce a computer model of .  simulation n. Simulator n. ",Simulate  ,"1 pretend to be, have, or feel. 2 imitate or counterfeit. 3 reproduce the conditions of , e.g. For training. 4 produce a computer model of .  simulation n. Simulator n.",3.2
Simultaneous  |  occurring or operating at the same time.  simultaneity n. Simultaneously adv. ,Simultaneous  ,occurring or operating at the same time.  simultaneity n. Simultaneously adv.,3.1
"Sin1  —| 1 a breaking of divine or moral law, esp. Deliberately. B such an act. 2 offence against good taste or propriety etc. —v.  1 commit a sin. 2  offend. ",Sin1  ,"1 a breaking of divine or moral law, esp. Deliberately. B such an act. 2 offence against good taste or propriety etc. —v.  1 commit a sin. 2  offend.",2.8
Sin bin  | Colloq. Ice hockey penalty box.,Sin bin  ,Colloq. Ice hockey penalty box.,3.5
Since  —| Throughout or during the period after . —conj. 1 during or in the time after . 2 because. —adv. 1 from that time or event until now . 2 ago . ,Since  ,Throughout or during the period after . —conj. 1 during or in the time after . 2 because. —adv. 1 from that time or event until now . 2 ago .,3.1
"Sincere  |  1 free from pretence. 2 genuine, honest, frank.  sincerity n. ",Sincere  ,"1 free from pretence. 2 genuine, honest, frank.  sincerity n.",2.5
Sincerely  | In a sincere manner.  yours sincerely formula for ending an informal letter.,Sincerely  ,In a sincere manner.  yours sincerely formula for ending an informal letter.,2.2
Sine  | Ratio of the side opposite a given angle  to the hypotenuse. ,Sine  ,Ratio of the side opposite a given angle  to the hypotenuse.,2.8
Sinecure  | Profitable or prestigious position requiring little or no work. ,Sinecure  ,Profitable or prestigious position requiring little or no work.,2.7
Sine die  | Formal indefinitely . ,Sine die  ,Formal indefinitely .,3.1
Sine qua non  | Indispensable condition or qualification. ,Sine qua non  ,Indispensable condition or qualification.,1.9
Sinew  | 1 tough fibrous tissue uniting muscle to bone; a tendon. 2  Muscles; bodily strength. 3  Strength or framework of a thing.  sinewy adj. ,Sinew  ,1 tough fibrous tissue uniting muscle to bone; a tendon. 2  Muscles; bodily strength. 3  Strength or framework of a thing.  sinewy adj.,3.2
Sinful  | Committing or involving sin.  sinfully adv. Sinfulness n.,Sinful  ,Committing or involving sin.  sinfully adv. Sinfulness n.,2.5
"Sing  |  1 utter musical sounds, esp. Words with a set tune. 2 utter or produce by singing. 3  Hum, buzz, or whistle. 4  hear a humming sound. 5 slang turn informer. 6  literary celebrate in verse. —n. Act or spell of singing.  sing out shout. Sing the praises of praise enthusiastically.  singer n. ",Sing  ,"1 utter musical sounds, esp. Words with a set tune. 2 utter or produce by singing. 3  Hum, buzz, or whistle. 4  hear a humming sound. 5 slang turn informer. 6  literary celebrate in verse. —n. Act or spell of singing.  sing out shout. Sing the praises of praise enthusiastically.  singer n.",2.8
Singe  |  1 burn superficially; scorch. 2 burn off the tips of . —n. Superficial burn. ,Singe  ,1 burn superficially; scorch. 2 burn off the tips of . —n. Superficial burn.,2.7
Singer-songwriter  | Person who sings and writes songs.,Singer-songwriter  ,Person who sings and writes songs.,3.2
Singhalese  | Of ~sinhalese.,Singhalese  ,Of ~sinhalese.,2.9
"Single  | 1 one only, not double or multiple. 2 united or undivided. 3 for or done by one person etc. 4 one by itself . 5 regarded separately . 6 not married. 7  Even one . 8  having only one circle of petals. —n. 1 single thing, esp. A single room in a hotel. 2  ticket valid for an outward journey only. 3 pop record with one item on each side. 4 cricket hit for one run. 5  Game with one player on each side. 6  Unmarried people. —v.  choose for special attention etc.  singly adv. ",Single  ,"1 one only, not double or multiple. 2 united or undivided. 3 for or done by one person etc. 4 one by itself . 5 regarded separately . 6 not married. 7  Even one . 8  having only one circle of petals. —n. 1 single thing, esp. A single room in a hotel. 2  ticket valid for an outward journey only. 3 pop record with one item on each side. 4 cricket hit for one run. 5  Game with one player on each side. 6  Unmarried people. —v.  choose for special attention etc.  singly adv.",2.8
Single-breasted  |  Having only one vertical row of buttons and overlapping little down the front.,Single-breasted  ,Having only one vertical row of buttons and overlapping little down the front.,2.8
Single combat  | Duel.,Single combat  ,Duel.,3.5
Single cream  | Thin cream with a relatively low fat content.,Single cream  ,Thin cream with a relatively low fat content.,2.6
Single-decker  | Bus with only one deck.,Single-decker  ,Bus with only one deck.,3.3
Single file  —| Line of people one behind another. —adv. One behind the other.,Single file  ,Line of people one behind another. —adv. One behind the other.,2.8
Single-handed  | Without help.  single-handedly adv.,Single-handed  ,Without help.  single-handedly adv.,2.8
Single-minded  | Having or intent on only one aim.  single-mindedly adv. Single-mindedness n.,Single-minded  ,Having or intent on only one aim.  single-mindedly adv. Single-mindedness n.,2.8
Single parent  | Person bringing up a child or children alone.,Single parent  ,Person bringing up a child or children alone.,2.9
Singlet  | Sleeveless vest. ,Singlet  ,Sleeveless vest.,2.7
Singleton  | 1 one card only of a suit in a player's hand. 2 single person or thing. ,Singleton  ,1 one card only of a suit in a player's hand. 2 single person or thing.,2.9
Singsong  —| Informal singing party. —adj. Monotonously rising and falling. ,Singsong  ,Informal singing party. —adj. Monotonously rising and falling.,3.2
"Singular  | 1 unique; outstanding; extraordinary, strange. 2 gram.  denoting a single person or thing. —n. Gram. 1 singular word or form. 2 the singular number.  singularity n. Singularly adv. ",Singular  ,"1 unique; outstanding; extraordinary, strange. 2 gram.  denoting a single person or thing. —n. Gram. 1 singular word or form. 2 the singular number.  singularity n. Singularly adv.",2.8
Sinhalese   —|  1 member of a n. Indian people now forming the majority of the population of sri lanka. 2 their language. —adj. Of this people or language. ,Sinhalese   ,1 member of a n. Indian people now forming the majority of the population of sri lanka. 2 their language. —adj. Of this people or language.,2.7
"Sinister  | 1 evil or villainous in appearance or manner. 2 wicked, criminal. 3 ominous. 4 heraldry of or on the left-hand side of a shield etc. . ",Sinister  ,"1 evil or villainous in appearance or manner. 2 wicked, criminal. 3 ominous. 4 heraldry of or on the left-hand side of a shield etc. .",3.1
Sink  |  1 fall or come slowly downwards. 2 disappear below the horizon. 3 a go or penetrate below the surface esp. Of a liquid. B  go to the bottom of the sea etc. 4 settle comfortably. 5 a decline in strength etc. B  descend in pitch or volume. 6 cause or allow to sink or penetrate. 7 cause  To fail. 8 dig  or bore .,Sink  ,1 fall or come slowly downwards. 2 disappear below the horizon. 3 a go or penetrate below the surface esp. Of a liquid. B  go to the bottom of the sea etc. 4 settle comfortably. 5 a decline in strength etc. B  descend in pitch or volume. 6 cause or allow to sink or penetrate. 7 cause  To fail. 8 dig  or bore .,2.7
Sinker  | Weight used to sink a fishing-line or sounding-line.,Sinker  ,Weight used to sink a fishing-line or sounding-line.,2.7
Sinking fund  | Money set aside gradually for the eventual repayment of a debt.,Sinking fund  ,Money set aside gradually for the eventual repayment of a debt.,3.0
"Sinner  | Person who sins, esp. Habitually.",Sinner  ,"Person who sins, esp. Habitually.",2.7
Sinn fein  | Political wing of the ira. ,Sinn fein  ,Political wing of the ira.,3.3
Sino-  | Form chinese; chinese and . ,Sino-  ,Form chinese; chinese and .,2.9
"Sinology  | The study of the chinese language, chinese history, etc.  sinologist n.",Sinology  ,"The study of the chinese language, chinese history, etc.  sinologist n.",2.9
Sinuous  | Having many curves; undulating.  sinuosity n. ,Sinuous  ,Having many curves; undulating.  sinuosity n.,2.6
"Sinus  | Cavity of bone or tissue, esp. In the skull connecting with the nostrils. ",Sinus  ,"Cavity of bone or tissue, esp. In the skull connecting with the nostrils.",2.7
Sinusitis  | Inflammation of a sinus.,Sinusitis  ,Inflammation of a sinus.,2.9
Sip  |  drink in small mouthfuls. —n. 1 small mouthful of liquid. 2 act of taking this. ,Sip  ,drink in small mouthfuls. —n. 1 small mouthful of liquid. 2 act of taking this.,3.1
"Siphon  —| 1 tube shaped like an inverted v or u with unequal legs, used to convey liquid from a container to a lower level by atmospheric pressure. 2 bottle from which aerated water is forced by the pressure of gas. —v.  1  flow through a siphon. 2 divert or set aside . ",Siphon  ,"1 tube shaped like an inverted v or u with unequal legs, used to convey liquid from a container to a lower level by atmospheric pressure. 2 bottle from which aerated water is forced by the pressure of gas. —v.  1  flow through a siphon. 2 divert or set aside .",3.3
Sir  | 1 polite form of address or reference to a man. 2  title prefixed to the forename of a knight or baronet. ,Sir  ,1 polite form of address or reference to a man. 2  title prefixed to the forename of a knight or baronet.,2.8
"Sire  —| 1 male parent of an animal, esp. A stallion. 2 archaic form of address to a king. 3 archaic father or male ancestor. —v.   beget. ",Sire  ,"1 male parent of an animal, esp. A stallion. 2 archaic form of address to a king. 3 archaic father or male ancestor. —v.   beget.",3.0
Siren  | 1 a device for making a loud wailing or warning sound. B this sound. 2  woman or winged creature whose singing lured unwary sailors on to rocks. 3  Temptress; seductress. ,Siren  ,1 a device for making a loud wailing or warning sound. B this sound. 2  woman or winged creature whose singing lured unwary sailors on to rocks. 3  Temptress; seductress.,3.1
Sirenian  | Any one of an order of large aquatic plant-eating mammals.,Sirenian  ,Any one of an order of large aquatic plant-eating mammals.,2.7
Sirloin  | Upper and choicer part of a loin of beef. ,Sirloin  ,Upper and choicer part of a loin of beef.,3.2
Sirocco  |   1 saharan simoom. 2 warm sultry wind in s. Europe. ,Sirocco  ,1 saharan simoom. 2 warm sultry wind in s. Europe.,3.2
"Sirup  |  1 a sweet sauce of sugar dissolved in boiling water. B similar fluid as a drink, medicine, etc. 2 condensed sugar-cane juice; molasses, treacle. 3 excessive sweetness of manner or style.  syrupy adj. ",Sirup  ,"1 a sweet sauce of sugar dissolved in boiling water. B similar fluid as a drink, medicine, etc. 2 condensed sugar-cane juice; molasses, treacle. 3 excessive sweetness of manner or style.  syrupy adj.",2.9
Sis  | Colloq. Sister. ,Sis  ,Colloq. Sister.,3.3
Sisal  | 1 fibre made from a mexican agave. 2 this plant. ,Sisal  ,1 fibre made from a mexican agave. 2 this plant.,3.0
Siskin  | Yellowish-green songbird. ,Siskin  ,Yellowish-green songbird.,2.9
Sissy   | —n.  effeminate or cowardly person. —adj.  effeminate; cowardly. ,Sissy   ,—n.  effeminate or cowardly person. —adj.  effeminate; cowardly.,2.9
"Sister  | 1 woman or girl in relation to her siblings. 2 female fellow member of a trade union, feminist group, etc. 3 senior female nurse. 4 member of a female religious order. 5  Of the same type, design, or origin etc. .  sisterly adj. ",Sister  ,"1 woman or girl in relation to her siblings. 2 female fellow member of a trade union, feminist group, etc. 3 senior female nurse. 4 member of a female religious order. 5  Of the same type, design, or origin etc. .  sisterly adj.",2.9
Sisterhood  | 1 relationship between or as between sisters. 2 society of esp. Religious or charitable women. 3 community of feeling between women.,Sisterhood  ,1 relationship between or as between sisters. 2 society of esp. Religious or charitable women. 3 community of feeling between women.,3.3
Sister-in-law  |  1 sister of one's wife or husband. 2 wife of one's brother.,Sister-in-law  ,1 sister of one's wife or husband. 2 wife of one's brother.,3.4
Sisyphean  |  endless and fruitless like that of sisyphus . ,Sisyphean  ,endless and fruitless like that of sisyphus .,2.4
"Sit  |  1 support the body by resting the buttocks on the ground or a seat etc. 2 cause to sit; place in a sitting position. 3 a  perch or warm the eggs in its nest. B  rest with the hind legs bent and the buttocks on the ground. 4  Be in session. 5  pose . 6  be a member of parliament for . 7  take . 8 be in a more or less permanent position or condition . 9  Fit or hang in a certain way. 10 babysit.  be sitting pretty be comfortably placed. Sit at a person's feet be a person's pupil. Sit back relax one's efforts. Sit down 1 sit after standing. 2 cause to sit. 3  submit tamely to . Sit in 1 occupy a place as a protest. 2  take the place of. 3  be present as a guest or observer at . Sit in judgement be censorious or self-righteous. Sit on 1 be a member of . 2 hold a session or inquiry concerning. 3 colloq. Delay action about. 4 colloq. Repress, rebuke, or snub. Sit on the fence remain neutral or undecided. Sit out 1 take no part in . 2 stay till the end of . 3 sit outdoors. Sit tight colloq. 1 remain firmly in one's place. 2 not yield. Sit up 1 rise from lying to sitting. 2 sit firmly upright. 3 go to bed late. 4 colloq. Become interested or aroused etc. Sit well on suit or fit. ",Sit  ,"1 support the body by resting the buttocks on the ground or a seat etc. 2 cause to sit; place in a sitting position. 3 a  perch or warm the eggs in its nest. B  rest with the hind legs bent and the buttocks on the ground. 4  Be in session. 5  pose . 6  be a member of parliament for . 7  take . 8 be in a more or less permanent position or condition . 9  Fit or hang in a certain way. 10 babysit.  be sitting pretty be comfortably placed. Sit at a person's feet be a person's pupil. Sit back relax one's efforts. Sit down 1 sit after standing. 2 cause to sit. 3  submit tamely to . Sit in 1 occupy a place as a protest. 2  take the place of. 3  be present as a guest or observer at . Sit in judgement be censorious or self-righteous. Sit on 1 be a member of . 2 hold a session or inquiry concerning. 3 colloq. Delay action about. 4 colloq. Repress, rebuke, or snub. Sit on the fence remain neutral or undecided. Sit out 1 take no part in . 2 stay till the end of . 3 sit outdoors. Sit tight colloq. 1 remain firmly in one's place. 2 not yield. Sit up 1 rise from lying to sitting. 2 sit firmly upright. 3 go to bed late. 4 colloq. Become interested or aroused etc. Sit well on suit or fit.",2.8
Sitar  | Long-necked indian lute. ,Sitar  ,Long-necked indian lute.,3.3
Sitcom  | Colloq. Situation comedy. ,Sitcom  ,Colloq. Situation comedy.,2.7
Sit-down  —| Adj. 1  eaten sitting at a table. 2  With demonstrators occupying their workplace or sitting down on the ground in a public place. —n. 1 spell of sitting. 2 sit-down protest etc.,Sit-down  ,Adj. 1  eaten sitting at a table. 2  With demonstrators occupying their workplace or sitting down on the ground in a public place. —n. 1 spell of sitting. 2 sit-down protest etc.,3.1
"Site  —| 1 ground chosen or used for a town or building. 2 place of or for some activity . —v.  locate, place. ",Site  ,"1 ground chosen or used for a town or building. 2 place of or for some activity . —v.  locate, place.",3.2
Sit-in  | Protest involving sitting in.,Sit-in  ,Protest involving sitting in.,3.4
Sitka  |  fast-growing spruce yielding timber. ,Sitka  ,fast-growing spruce yielding timber.,2.9
"Sitter  | 1 person who sits, esp. For a portrait. 2 = babysitter . 3 colloq. Easy catch or shot.",Sitter  ,"1 person who sits, esp. For a portrait. 2 = babysitter . 3 colloq. Easy catch or shot.",3.5
Sitting  —| 1 continuous period spent engaged in an activity . 2 time during which an assembly is engaged in business. 3 session in which a meal is served. —adj. 1 having sat down. 2  still. 3  Current.,Sitting  ,1 continuous period spent engaged in an activity . 2 time during which an assembly is engaged in business. 3 session in which a meal is served. —adj. 1 having sat down. 2  still. 3  Current.,3.3
Sitting duck  |  colloq. Easy target.,Sitting duck  ,colloq. Easy target.,3.8
Sitting-room  | Room for relaxed sitting in.,Sitting-room  ,Room for relaxed sitting in.,3.7
Sitting tenant  | Tenant occupying premises.,Sitting tenant  ,Tenant occupying premises.,3.1
Situate  |   1 put in a certain position or circumstances. 2 establish or indicate the place of; put in a context. ,Situate  ,1 put in a certain position or circumstances. 2 establish or indicate the place of; put in a context.,3.1
Situation  | 1 place and its surroundings. 2 circumstances; position; state of affairs. 3 formal paid job.  situational adj.,Situation  ,1 place and its surroundings. 2 circumstances; position; state of affairs. 3 formal paid job.  situational adj.,2.9
Situation comedy  | Broadcast comedy based on characters dealing with awkward domestic situations.,Situation comedy  ,Broadcast comedy based on characters dealing with awkward domestic situations.,3.1
Sit-up  | Physical exercise of sitting up from a supine position without using the arms or hands.,Sit-up  ,Physical exercise of sitting up from a supine position without using the arms or hands.,3.3
Sit-upon  | Colloq. Buttocks.,Sit-upon  ,Colloq. Buttocks.,3.1
Six  | & n. 1 one more than five. 2 symbol for this . 3 size etc. Denoted by six. 4 cricket hit scoring six runs. 5 six o'clock.  at sixes and sevens in confusion or disagreement. Knock  for six colloq. Utterly surprise or overcome. ,Six  ,& n. 1 one more than five. 2 symbol for this . 3 size etc. Denoted by six. 4 cricket hit scoring six runs. 5 six o'clock.  at sixes and sevens in confusion or disagreement. Knock  for six colloq. Utterly surprise or overcome.,2.8
Sixer  | 1 cricket hit for six runs. 2 brownie or cub in charge of a group of six.,Sixer  ,1 cricket hit for six runs. 2 brownie or cub in charge of a group of six.,2.9
Sixfold  | & adv. 1 six times as much or as many. 2 consisting of six parts.,Sixfold  ,& adv. 1 six times as much or as many. 2 consisting of six parts.,3.3
Sixpence  | 1 sum of six esp. Old pence. 2 hist. Coin worth this.,Sixpence  ,1 sum of six esp. Old pence. 2 hist. Coin worth this.,3.1
"Sixpenny  | Costing or worth sixpence, esp. Before decimalization.",Sixpenny  ,"Costing or worth sixpence, esp. Before decimalization.",2.6
Six-shooter  |  revolver with six chambers.,Six-shooter  ,revolver with six chambers.,3.5
Sixteen  | & n. 1 one more than fifteen. 2 symbol for this . 3 size etc. Denoted by sixteen.  sixteenth adj. & n. ,Sixteen  ,& n. 1 one more than fifteen. 2 symbol for this . 3 size etc. Denoted by sixteen.  sixteenth adj. & n.,2.8
Sixth  | & n. 1 next after fifth. 2 any of six equal parts of a thing.  sixthly adv.,Sixth  ,& n. 1 next after fifth. 2 any of six equal parts of a thing.  sixthly adv.,2.8
Sixth form  | Form in a secondary school for pupils over 16.,Sixth form  ,Form in a secondary school for pupils over 16.,3.2
Sixth-form college  | Separate college for pupils over 16.,Sixth-form college  ,Separate college for pupils over 16.,3.3
Sixth former  | Sixth-form pupil.,Sixth former  ,Sixth-form pupil.,3.6
Sixth sense  | Supposed intuitive or extrasensory faculty.,Sixth sense  ,Supposed intuitive or extrasensory faculty.,2.6
"Sixty  | & n.  1 six times ten. 2 symbol for this . 3  Numbers from 60 to 69, esp. The years of a century or of a person's life.  sixtieth adj. & n. ",Sixty  ,"& n.  1 six times ten. 2 symbol for this . 3  Numbers from 60 to 69, esp. The years of a century or of a person's life.  sixtieth adj. & n.",2.7
Sizable  | Of ~sizeable.,Sizable  ,Of ~sizeable.,3.2
"Size1  —| 1 relative dimensions, magnitude. 2 each of the classes into which similar things are divided according to size. —v.  sort in sizes or according to size.  the size of it colloq. The truth of the matter. Size up colloq. Form a judgement of.  sized adj. . ",Size1  ,"1 relative dimensions, magnitude. 2 each of the classes into which similar things are divided according to size. —v.  sort in sizes or according to size.  the size of it colloq. The truth of the matter. Size up colloq. Form a judgement of.  sized adj. .",3.3
"Size2  —| Sticky solution used in glazing paper, stiffening textiles, etc. —v.  treat with size. ",Size2  ,"Sticky solution used in glazing paper, stiffening textiles, etc. —v.  treat with size.",3.2
Sizeable  |  large or fairly large.,Sizeable  ,large or fairly large.,3.5
"Sizzle  |  1 sputter or hiss, esp. In frying. 2 colloq. Be very hot or excited etc. —n. Sizzling sound.  sizzling adj. & adv. ",Sizzle  ,"1 sputter or hiss, esp. In frying. 2 colloq. Be very hot or excited etc. —n. Sizzling sound.  sizzling adj. & adv.",2.7
