Suasion  | Formal persuasion . ,Suasion  ,Formal persuasion .,3.3
Suave  | Smooth; polite; sophisticated.  suavely adv. Suavity n. ,Suave  ,Smooth; polite; sophisticated.  suavely adv. Suavity n.,3.3
Sub  | —n. 1 submarine. 2 subscription. 3 substitute. 4 sub-editor. —v.  1  act as a substitute. 2  sub-edit. ,Sub  ,—n. 1 submarine. 2 subscription. 3 substitute. 4 sub-editor. —v.  1  act as a substitute. 2  sub-edit.,2.7
"Subaltern  | Officer below the rank of captain, esp. A second lieutenant. ",Subaltern  ,"Officer below the rank of captain, esp. A second lieutenant.",2.9
Sub-aqua  | Of underwater swimming or diving.,Sub-aqua  ,Of underwater swimming or diving.,3.0
Subaquatic  | Underwater.,Subaquatic  ,Underwater.,2.8
"Subatomic  | Occurring in, or smaller than, an atom.",Subatomic  ,"Occurring in, or smaller than, an atom.",2.6
Subcommittee  | Committee formed from a main committee for a special purpose.,Subcommittee  ,Committee formed from a main committee for a special purpose.,2.7
Subconscious  | Of the part of the mind which is not fully conscious but influences actions etc. —n. This part of the mind.  subconsciously adv.,Subconscious  ,Of the part of the mind which is not fully conscious but influences actions etc. —n. This part of the mind.  subconsciously adv.,2.1
"Subcontinent  | Large land mass, smaller than a continent.",Subcontinent  ,"Large land mass, smaller than a continent.",3.0
Subcontract  | 1 employ another contractor to do  as part of a larger project. 2 make or carry out a subcontract. —n. Secondary contract.  subcontractor n.,Subcontract  ,1 employ another contractor to do  as part of a larger project. 2 make or carry out a subcontract. —n. Secondary contract.  subcontractor n.,2.8
Subculture  | Distinct cultural group within a larger culture.,Subculture  ,Distinct cultural group within a larger culture.,2.8
Subcutaneous  | Under the skin.,Subcutaneous  ,Under the skin.,2.3
Subdivide  |  divide again after a first division.  subdivision n.,Subdivide  ,divide again after a first division.  subdivision n.,2.8
"Subdue  |  1 conquer, subjugate, or tame. 2  Softened; lacking in intensity; toned down. ",Subdue  ,"1 conquer, subjugate, or tame. 2  Softened; lacking in intensity; toned down.",3.0
Sub-editor  | 1 assistant editor. 2 person who edits material for printing.  sub-edit v. .,Sub-editor  ,1 assistant editor. 2 person who edits material for printing.  sub-edit v. .,3.0
Subfusc  | Formal dull; dusky. —n. Formal clothing at some universities. ,Subfusc  ,Formal dull; dusky. —n. Formal clothing at some universities.,2.5
Subgroup  | Subset of a group.,Subgroup  ,Subset of a group.,3.0
Subheading  | Subordinate heading or title.,Subheading  ,Subordinate heading or title.,2.7
Subhuman  |  Less than human.,Subhuman  ,Less than human.,2.9
"Subject  —| 1 a matter, theme, etc. To be discussed, described, represented, etc. B  person, circumstance, etc., giving rise to a specified feeling, action, etc. . 2 field of study. 3 logic & gram.",Subject  ,"1 a matter, theme, etc. To be discussed, described, represented, etc. B  person, circumstance, etc., giving rise to a specified feeling, action, etc. . 2 field of study. 3 logic & gram.",3.1
"Subjective  | 1  Not impartial or literal; personal. 2 esp. Philos. Of the individual consciousness or perception; imaginary, partial, or distorted. 3 gram. Of the subject.  subjectively adv. Subjectivity n. ",Subjective  ,"1  Not impartial or literal; personal. 2 esp. Philos. Of the individual consciousness or perception; imaginary, partial, or distorted. 3 gram. Of the subject.  subjectively adv. Subjectivity n.",2.8
Subjoin  | Add  At the end. ,Subjoin  ,Add  At the end.,2.9
Sub judice  | Law under judicial consideration and therefore prohibited from public discussion elsewhere. ,Sub judice  ,Law under judicial consideration and therefore prohibited from public discussion elsewhere.,2.9
Subjugate  |  bring into subjection; vanquish.  subjugation n. Subjugator n. ,Subjugate  ,bring into subjection; vanquish.  subjugation n. Subjugator n.,3.1
"Subjunctive  gram. |  expressing what is imagined, wished, or possible . —n. This mood or form. ",Subjunctive  gram,"expressing what is imagined, wished, or possible . —n. This mood or form.",2.3
Sublease  —| Lease granted by a tenant to a subtenant. —v.  lease to a subtenant.,Sublease  ,Lease granted by a tenant to a subtenant. —v.  lease to a subtenant.,2.8
Sublet  —| = ~sublease n. —v.  = ~sublease v.,Sublet  ,= ~sublease n. —v.  = ~sublease v.,2.9
Sub-lieutenant  | Officer ranking next below lieutenant.,Sub-lieutenant  ,Officer ranking next below lieutenant.,2.8
"Sublimate  |  1 divert  into socially more acceptable activity. 2 convert  from the solid state directly to vapour by heat, and usu. Allow it to solidify again. 3 refine; purify; idealize. —n. Sublimated substance.  sublimation n. ",Sublimate  ,"1 divert  into socially more acceptable activity. 2 convert  from the solid state directly to vapour by heat, and usu. Allow it to solidify again. 3 refine; purify; idealize. —n. Sublimated substance.  sublimation n.",2.8
Sublime  |  1 of the most exalted or noble kind; awe-inspiring. 2 arrogantly unruffled . —v. 1 = ~sublimate v. 2. 2 purify or elevate by or as if by sublimation; make sublime. 3 become pure  by sublimation.  sublimely adv. Sublimity n. ,Sublime  ,1 of the most exalted or noble kind; awe-inspiring. 2 arrogantly unruffled . —v. 1 = ~sublimate v. 2. 2 purify or elevate by or as if by sublimation; make sublime. 3 become pure  by sublimation.  sublimely adv. Sublimity n.,3.4
Subliminal  | Psychol.  Below the threshold of sensation or consciousness.  subliminally adv. ,Subliminal  ,Psychol.  Below the threshold of sensation or consciousness.  subliminally adv.,2.5
Sub-machine-gun  | Hand-held lightweight machine-gun.,Sub-machine-gun  ,Hand-held lightweight machine-gun.,3.4
"Submarine  —| Vessel, esp. An armed warship, capable of operating under water. —attrib. Adj. Existing, occurring, done, or used under the sea.  submariner n.",Submarine  ,"Vessel, esp. An armed warship, capable of operating under water. —attrib. Adj. Existing, occurring, done, or used under the sea.  submariner n.",2.8
"Submerge  |  1 place, go, or dive under water. 2 inundate with work, problems, etc.  submergence n. Submersion n. ",Submerge  ,"1 place, go, or dive under water. 2 inundate with work, problems, etc.  submergence n. Submersion n.",2.4
Submersible  —| Submarine operating under water for short periods. —adj. Capable of submerging.,Submersible  ,Submarine operating under water for short periods. —adj. Capable of submerging.,2.3
Submicroscopic  | Too small to be seen by an ordinary microscope.,Submicroscopic  ,Too small to be seen by an ordinary microscope.,2.3
Submission  | 1 a submitting or being submitted. B thing submitted. 2 submissiveness. ,Submission  ,1 a submitting or being submitted. B thing submitted. 2 submissiveness.,2.7
"Submissive  | Humble, obedient.  submissively adv. Submissiveness n.",Submissive  ,"Humble, obedient.  submissively adv. Submissiveness n.",2.2
"Submit  |  1  a cease resistance; yield. B refl. Surrender  to the control of another etc. 2 present for consideration. 3  subject  to a process, treatment, etc. ",Submit  ,"1  a cease resistance; yield. B refl. Surrender  to the control of another etc. 2 present for consideration. 3  subject  to a process, treatment, etc.",2.9
"Subnormal  | Below or less than normal, esp. In intelligence.",Subnormal  ,"Below or less than normal, esp. In intelligence.",2.7
Suborder  | Taxonomic category between an order and a family.,Suborder  ,Taxonomic category between an order and a family.,2.5
"Subordinate  |  of inferior importance or rank; secondary, subservient. —n. Person working under another. —v.   make or treat as subordinate.  subordination n. ",Subordinate  ,"of inferior importance or rank; secondary, subservient. —n. Person working under another. —v.   make or treat as subordinate.  subordination n.",3.0
"Subordinate clause  | Clause serving as an adjective, adverb, or noun in a main sentence.",Subordinate clause  ,"Clause serving as an adjective, adverb, or noun in a main sentence.",3.0
Suborn  | Induce by bribery etc. To commit perjury etc. ,Suborn  ,Induce by bribery etc. To commit perjury etc.,2.8
Sub-plot  | Secondary plot in a play etc.,Sub-plot  ,Secondary plot in a play etc.,3.1
Subpoena  —| Writ ordering a person to attend a lawcourt. —v.  serve a subpoena on. ,Subpoena  ,Writ ordering a person to attend a lawcourt. —v.  serve a subpoena on.,2.8
Sub rosa  | & adv. In secrecy or confidence. ,Sub rosa  ,& adv. In secrecy or confidence.,2.8
Subroutine  | Computing routine designed to perform a frequently used operation within a program.,Subroutine  ,Computing routine designed to perform a frequently used operation within a program.,2.5
"Subscribe  |  1  a pay , esp. Regularly, for membership of an organization, receipt of a publication, etc. B contribute money to a fund, for a cause, etc. 2  agree with an opinion etc. .  subscribe to arrange to receive  Regularly. ",Subscribe  ,"1  a pay , esp. Regularly, for membership of an organization, receipt of a publication, etc. B contribute money to a fund, for a cause, etc. 2  agree with an opinion etc. .  subscribe to arrange to receive  Regularly.",2.9
Subscriber  | 1 person who subscribes. 2 person hiring a telephone line.,Subscriber  ,1 person who subscribes. 2 person hiring a telephone line.,2.3
Subscriber trunk dialling  | Automatic connection of trunk calls by dialling.,Subscriber trunk dialling  ,Automatic connection of trunk calls by dialling.,3.2
Subscript  | Written or printed below the line. —n. Subscript number etc.,Subscript  ,Written or printed below the line. —n. Subscript number etc.,2.8
"Subscription  —| 1 a act of subscribing. B money subscribed. 2 membership fee, esp. Paid regularly. —attrib. Adj. Paid for mainly by advance sales of tickets .",Subscription  ,"1 a act of subscribing. B money subscribed. 2 membership fee, esp. Paid regularly. —attrib. Adj. Paid for mainly by advance sales of tickets .",3.2
Subsection  | Division of a section.,Subsection  ,Division of a section.,2.7
"Subsequent  |  following, esp. As a consequence.  subsequently adv. ",Subsequent  ,"following, esp. As a consequence.  subsequently adv.",2.8
Subservient  | 1 servile. 2  instrumental. 3  subordinate.  subservience n. ,Subservient  ,1 servile. 2  instrumental. 3  subordinate.  subservience n.,3.0
Subset  | Set of which all the elements are contained in another set.,Subset  ,Set of which all the elements are contained in another set.,3.0
Subside  |  1 become tranquil; abate . 2  Sink. 3  cave in; sink.  subsidence n. ,Subside  ,1 become tranquil; abate . 2  Sink. 3  cave in; sink.  subsidence n.,3.0
"Subsidiary  | 1 supplementary; auxiliary. 2  controlled by another. —n.  subsidiary thing, person, or company. ",Subsidiary  ,"1 supplementary; auxiliary. 2  controlled by another. —n.  subsidiary thing, person, or company.",3.1
Subsidize  |   1 pay a subsidy to. 2 partially pay for by subsidy.,Subsidize  ,1 pay a subsidy to. 2 partially pay for by subsidy.,2.6
Subsidy  |  1 money granted esp. By the state to keep down the price of commodities etc. 2 any monetary grant. ,Subsidy  ,1 money granted esp. By the state to keep down the price of commodities etc. 2 any monetary grant.,2.4
Subsist  | 1  keep oneself alive; be kept alive. 2 remain in being; exist. ,Subsist  ,1  keep oneself alive; be kept alive. 2 remain in being; exist.,2.6
Subsistence  | 1 state or instance of subsisting. 2 a means of support; livelihood. B  Minimal level of existence or income.,Subsistence  ,1 state or instance of subsisting. 2 a means of support; livelihood. B  Minimal level of existence or income.,3.0
Subsistence farming  | Farming which supports the farmer's household but produces no surplus.,Subsistence farming  ,Farming which supports the farmer's household but produces no surplus.,3.1
Subsoil  | Soil immediately under the surface soil.,Subsoil  ,Soil immediately under the surface soil.,2.5
Subsonic  | Of speeds less than that of sound.,Subsonic  ,Of speeds less than that of sound.,2.7
Substance  | 1 particular kind of material having uniform properties. 2 reality; solidity. 3 content or essence as opposed to form etc. . 4 wealth and possessions .  in substance generally; essentially. ,Substance  ,1 particular kind of material having uniform properties. 2 reality; solidity. 3 content or essence as opposed to form etc. . 4 wealth and possessions .  in substance generally; essentially.,2.7
Substandard  | Of less than the required or normal quality or size.,Substandard  ,Of less than the required or normal quality or size.,2.9
Substantial  | 1 a of real importance or value. B large in size or amount. 2 solid; sturdy. 3 commercially successful; wealthy. 4 essential; largely true. 5 real; existing.  substantially adv. ,Substantial  ,1 a of real importance or value. B large in size or amount. 2 solid; sturdy. 3 commercially successful; wealthy. 4 essential; largely true. 5 real; existing.  substantially adv.,2.7
Substantiate  |  prove the truth of .  substantiation n.,Substantiate  ,prove the truth of .  substantiation n.,2.9
"Substantive  | 1 genuine, actual, real. 2 not slight; substantial. —n. Gram. = ~noun.  substantively adv.",Substantive  ,"1 genuine, actual, real. 2 not slight; substantial. —n. Gram. = ~noun.  substantively adv.",2.9
Substitute  —| 1  Person or thing acting or used in place of another. 2 artificial alternative to a food etc. —v.    act as a substitute.  substitution n. ,Substitute  ,1  Person or thing acting or used in place of another. 2 artificial alternative to a food etc. —v.    act as a substitute.  substitution n.,2.8
Substratum  |  underlying layer or substance.,Substratum  ,underlying layer or substance.,2.8
Substructure  | Underlying or supporting structure.,Substructure  ,Underlying or supporting structure.,2.9
"Subsume  |   include  In a rule, class, etc. ",Subsume  ,"include  In a rule, class, etc.",3.0
Subtenant  | Person renting a room etc. From its tenant.  subtenancy n. .,Subtenant  ,Person renting a room etc. From its tenant.  subtenancy n. .,2.9
Subtend  |  be opposite . ,Subtend  ,be opposite .,2.7
Subterfuge  | 1 attempt to avoid blame or defeat esp. By lying or deceit. 2 statement etc. Used for such a purpose. ,Subterfuge  ,1 attempt to avoid blame or defeat esp. By lying or deceit. 2 statement etc. Used for such a purpose.,2.6
Subterranean  | Underground. ,Subterranean  ,Underground.,2.8
Subtext  | Underlying theme.,Subtext  ,Underlying theme.,3.4
"Subtitle  —| 1 secondary or additional title of a book etc. 2 caption on a film etc., esp. Translating dialogue. —v.  provide with a subtitle or subtitles.",Subtitle  ,"1 secondary or additional title of a book etc. 2 caption on a film etc., esp. Translating dialogue. —v.  provide with a subtitle or subtitles.",3.0
"Subtle  |  1 elusive, mysterious; hard to grasp. 2  Faint, delicate. 3 a perceptive . B ingenious .  subtlety n. . Subtly adv. ",Subtle  ,"1 elusive, mysterious; hard to grasp. 2  Faint, delicate. 3 a perceptive . B ingenious .  subtlety n. . Subtly adv.",2.9
Subtotal  | Total of one part of a group of figures to be added.,Subtotal  ,Total of one part of a group of figures to be added.,2.9
Subtract  |  deduct  From another.  subtraction n. ,Subtract  ,deduct  From another.  subtraction n.,2.8
Subtropics  |pl. Regions adjacent to the tropics.  subtropical adj.,Subtropics  ,pl. Regions adjacent to the tropics.  subtropical adj.,2.6
Suburb  | Outlying district of a city. ,Suburb  ,Outlying district of a city.,3.2
Suburban  | 1 of or characteristic of suburbs. 2 derog. Provincial in outlook.  suburbanite n.,Suburban  ,1 of or characteristic of suburbs. 2 derog. Provincial in outlook.  suburbanite n.,3.6
"Suburbia  | Often derog. Suburbs, their inhabitants, and their way of life.",Suburbia  ,"Often derog. Suburbs, their inhabitants, and their way of life.",2.8
Subvention  | Subsidy. ,Subvention  ,Subsidy.,2.9
Subversive  | Seeking to subvert . —n. Subversive person.  subversion n. Subversively adv. Subversiveness n. ,Subversive  ,Seeking to subvert . —n. Subversive person.  subversion n. Subversively adv. Subversiveness n.,2.6
Subvert  | Overthrow or weaken . ,Subvert  ,Overthrow or weaken .,2.9
Subway  | 1 pedestrian tunnel beneath a road etc. 2 esp. Us underground railway.,Subway  ,1 pedestrian tunnel beneath a road etc. 2 esp. Us underground railway.,3.0
Subzero  |  lower than zero.,Subzero  ,lower than zero.,2.4
"Succeed  | 1 a  have success. B be successful. 2 follow; come next after. 3  come into an inheritance, office, title, or property . ",Succeed  ,"1 a  have success. B be successful. 2 follow; come next after. 3  come into an inheritance, office, title, or property .",2.8
"Success  | 1 accomplishment of an aim; favourable outcome. 2 attainment of wealth, fame, or position. 3 successful thing or person. ",Success  ,"1 accomplishment of an aim; favourable outcome. 2 attainment of wealth, fame, or position. 3 successful thing or person.",3.0
Successful  | Having success; prosperous.  successfully adv.,Successful  ,Having success; prosperous.  successfully adv.,2.8
"Succession  | 1 a process of following in order; succeeding. B series of things or people one after another. 2 a right of succeeding to the throne, an office, inheritance, etc. B act or process of so succeeding. C those having such a right.  in succession one after another. In succession to as the successor of.",Succession  ,"1 a process of following in order; succeeding. B series of things or people one after another. 2 a right of succeeding to the throne, an office, inheritance, etc. B act or process of so succeeding. C those having such a right.  in succession one after another. In succession to as the successor of.",3.3
Successive  | Following one after another; consecutive.  successively adv.,Successive  ,Following one after another; consecutive.  successively adv.,3.0
Successor  |  person or thing that succeeds another.,Successor  ,person or thing that succeeds another.,3.2
Succinct  | Brief; concise.  succinctly adv. Succinctness n. ,Succinct  ,Brief; concise.  succinctly adv. Succinctness n.,3.1
"Succor   —| Aid, esp. In time of need. —v. Give succour to. ",Succor   ,"Aid, esp. In time of need. —v. Give succour to.",2.7
"Succour   —| Aid, esp. In time of need. —v. Give succour to. ",Succour   ,"Aid, esp. In time of need. —v. Give succour to.",2.5
Succubus  |  female demon formerly believed to have sexual intercourse with sleeping men. ,Succubus  ,female demon formerly believed to have sexual intercourse with sleeping men.,3.0
Succulent  | 1 juicy; palatable. 2 bot.  thick and fleshy. —n. Bot. Succulent plant.  succulence n. ,Succulent  ,1 juicy; palatable. 2 bot.  thick and fleshy. —n. Bot. Succulent plant.  succulence n.,2.7
Succumb  |  1 surrender . 2 die  . ,Succumb  ,1 surrender . 2 die  .,2.6
Such  | 1  of the kind or degree indicated . 2 so great or extreme . 3 of a more than normal kind or degree . —pron. Such a person or persons; such a thing or things.  as such as being what has been indicated or named; in itself . Such as for example. ,Such  ,1  of the kind or degree indicated . 2 so great or extreme . 3 of a more than normal kind or degree . —pron. Such a person or persons; such a thing or things.  as such as being what has been indicated or named; in itself . Such as for example.,2.8
Such-and-such  —| Adj. Of a particular kind but not needing to be specified. —n. Such a person or thing.,Such-and-such  ,Adj. Of a particular kind but not needing to be specified. —n. Such a person or thing.,3.2
"Suchlike  | —attrib. Adj. Of such a kind. —n. Things, people, etc. Of such a kind.",Suchlike  ,"—attrib. Adj. Of such a kind. —n. Things, people, etc. Of such a kind.",2.7
Suck  | 1 draw  into the mouth by suction. 2  Draw fluid from  in this way. 3 roll the tongue round . 4 make a sucking action or sound. 5  engulf or drown in a sucking movement. —n. Act or period of sucking.  suck dry exhaust the contents of by sucking. Suck in 1 absorb. 2 involve  esp. Against his or her will. Suck up 1  colloq. Behave obsequiously. 2 absorb. ,Suck  ,1 draw  into the mouth by suction. 2  Draw fluid from  in this way. 3 roll the tongue round . 4 make a sucking action or sound. 5  engulf or drown in a sucking movement. —n. Act or period of sucking.  suck dry exhaust the contents of by sucking. Suck in 1 absorb. 2 involve  esp. Against his or her will. Suck up 1  colloq. Behave obsequiously. 2 absorb.,2.8
Sucker  | 1 a gullible person. B  person susceptible to. 2 a rubber cup etc. Adhering by suction. B similar organ of an organism. 3 shoot springing from a root or stem below ground.,Sucker  ,1 a gullible person. B  person susceptible to. 2 a rubber cup etc. Adhering by suction. B similar organ of an organism. 3 shoot springing from a root or stem below ground.,2.9
Suckle  |  1 feed  from the breast or udder. 2 feed by sucking the breast etc.,Suckle  ,1 feed  from the breast or udder. 2 feed by sucking the breast etc.,2.9
Suckling  | Unweaned child or animal.,Suckling  ,Unweaned child or animal.,2.8
"Sucrose  | Sugar from sugar cane, sugar beet, etc. ",Sucrose  ,"Sugar from sugar cane, sugar beet, etc.",2.7
Suction  | 1 act of sucking. 2 a production of a partial vacuum by the removal of air etc. So that liquid etc. Is forced in or adhesion is procured. B force so produced. ,Suction  ,1 act of sucking. 2 a production of a partial vacuum by the removal of air etc. So that liquid etc. Is forced in or adhesion is procured. B force so produced.,3.0
"Sudanese  | Of sudan. —n.  1 native, national, or inhabitant of sudan. 2 person of sudanese descent. ",Sudanese  ,"Of sudan. —n.  1 native, national, or inhabitant of sudan. 2 person of sudanese descent.",2.8
Sudden  | Done or occurring unexpectedly or abruptly.  all of a sudden suddenly.  suddenly adv. Suddenness n. ,Sudden  ,Done or occurring unexpectedly or abruptly.  all of a sudden suddenly.  suddenly adv. Suddenness n.,2.7
"Sudden death  | Colloq. Decision in a tied game etc. Dependent on one move, card, etc.",Sudden death  ,"Colloq. Decision in a tied game etc. Dependent on one move, card, etc.",2.5
Sudden infant death syndrome  | = ~cot-death.,Sudden infant death syndrome  ,= ~cot-death.,2.6
Sudorific  | Causing sweating. —n. Sudorific drug. ,Sudorific  ,Causing sweating. —n. Sudorific drug.,2.5
Suds  |pl. Froth of soap and water.  sudsy adj. ,Suds  ,pl. Froth of soap and water.  sudsy adj.,3.2
Sue  |  1  Begin a law suit against. 2  make application to a lawcourt for redress. 3  make entreaty to a person for a favour. ,Sue  ,1  Begin a law suit against. 2  make application to a lawcourt for redress. 3  make entreaty to a person for a favour.,3.3
Suede  |  1 leather with the flesh side rubbed to a nap. 2 cloth imitating it. ,Suede  ,1 leather with the flesh side rubbed to a nap. 2 cloth imitating it.,2.8
"Suet  | Hard white fat on the kidneys or loins of oxen, sheep, etc.  suety adj. ",Suet  ,"Hard white fat on the kidneys or loins of oxen, sheep, etc.  suety adj.",3.0
"Suffer  | 1 undergo pain, grief, damage, etc. 2 undergo, experience, or be subjected to . 3 tolerate . 4  Archaic allow.  sufferer n. ",Suffer  ,"1 undergo pain, grief, damage, etc. 2 undergo, experience, or be subjected to . 3 tolerate . 4  Archaic allow.  sufferer n.",2.7
Sufferance  | Tacit consent.  on sufferance tolerated but not encouraged. ,Sufferance  ,Tacit consent.  on sufferance tolerated but not encouraged.,2.4
Suffice  |  1  Be adequate. 2 satisfy.  suffice it to say i shall say only this. ,Suffice  ,1  Be adequate. 2 satisfy.  suffice it to say i shall say only this.,2.6
Sufficiency  |   adequate amount.,Sufficiency  ,adequate amount.,2.9
"Sufficient  | Sufficing, adequate.  sufficiently adv.",Sufficient  ,"Sufficing, adequate.  sufficiently adv.",2.8
"Suffocate  |  1 choke or kill by stopping breathing, esp. By pressure, fumes, etc. 2  produce a choking or breathlessness in. 3 be or feel suffocated.  suffocating adj. Suffocation n. ",Suffocate  ,"1 choke or kill by stopping breathing, esp. By pressure, fumes, etc. 2  produce a choking or breathlessness in. 3 be or feel suffocated.  suffocating adj. Suffocation n.",1.9
Suffragan  | 1 bishop assisting a diocesan bishop. 2 bishop in relation to his archbishop or metropolitan. ,Suffragan  ,1 bishop assisting a diocesan bishop. 2 bishop in relation to his archbishop or metropolitan.,2.7
Suffrage  | Right of voting in political elections. ,Suffrage  ,Right of voting in political elections.,3.3
Suffragette  | Hist. Woman seeking suffrage by organized protest.,Suffragette  ,Hist. Woman seeking suffrage by organized protest.,2.8
Suffuse  |   Spread throughout from within.  suffusion n. ,Suffuse  ,Spread throughout from within.  suffusion n.,2.3
Sufi  |  muslim mystic.  sufic adj. Sufism n. ,Sufi  ,muslim mystic.  sufic adj. Sufism n.,3.0
"Sugar  —| 1 sweet crystalline substance esp. From sugar cane and sugar beet, used in cookery etc.; sucrose. 2 chem. Soluble usu. Sweet crystalline carbohydrate, e.g. Glucose. 3 esp. Us colloq. Darling . —v. Sweeten or coat with sugar. ",Sugar  ,"1 sweet crystalline substance esp. From sugar cane and sugar beet, used in cookery etc.; sucrose. 2 chem. Soluble usu. Sweet crystalline carbohydrate, e.g. Glucose. 3 esp. Us colloq. Darling . —v. Sweeten or coat with sugar.",3.3
Sugar beet  | Beet yielding sugar.,Sugar beet  ,Beet yielding sugar.,3.0
Sugar cane  | Tropical grass yielding sugar.,Sugar cane  ,Tropical grass yielding sugar.,3.1
Sugar-daddy  | Slang elderly man who lavishes gifts on a young woman.,Sugar-daddy  ,Slang elderly man who lavishes gifts on a young woman.,3.4
Sugar loaf  | Conical moulded mass of sugar.,Sugar loaf  ,Conical moulded mass of sugar.,3.0
Sugar soap  | Alkaline compound for cleaning or removing paint.,Sugar soap  ,Alkaline compound for cleaning or removing paint.,3.3
Sugary  | 1 containing or like sugar. 2 excessively sweet or esp. Sentimental.  sugariness n.,Sugary  ,1 containing or like sugar. 2 excessively sweet or esp. Sentimental.  sugariness n.,2.8
Suggest  | 1  propose . 2 a evoke . B hint at.  suggest itself  Come into the mind. ,Suggest  ,1  propose . 2 a evoke . B hint at.  suggest itself  Come into the mind.,2.7
Suggestible  | 1 easily influenced. 2 capable of being suggested.  suggestibility n.,Suggestible  ,1 easily influenced. 2 capable of being suggested.  suggestibility n.,2.6
"Suggestion  | 1 suggesting or being suggested. 2 theory, plan, etc., suggested. 3 slight trace, hint. 4 psychol. Insinuation of a belief etc. Into the mind. ",Suggestion  ,"1 suggesting or being suggested. 2 theory, plan, etc., suggested. 3 slight trace, hint. 4 psychol. Insinuation of a belief etc. Into the mind.",2.6
Suggestive  | 1  hinting . 2  Indecent.  suggestively adv.,Suggestive  ,1  hinting . 2  Indecent.  suggestively adv.,2.7
Suicidal  | 1 inclined to commit suicide. 2 of suicide. 3 self-destructive; rash.  suicidally adv.,Suicidal  ,1 inclined to commit suicide. 2 of suicide. 3 self-destructive; rash.  suicidally adv.,2.5
Suicide  | 1 a intentional killing of oneself. B person who commits suicide. 2 self-destructive action or course . ,Suicide  ,1 a intentional killing of oneself. B person who commits suicide. 2 self-destructive action or course .,2.8
Sui generis  | Of its own kind; unique. ,Sui generis  ,Of its own kind; unique.,3.0
"Suit  —| 1 set of matching clothes, usu. A jacket and trousers or skirt. 2  Clothes for a special purpose . 3 any of the four sets  making up a pack of cards. 4 lawsuit. 5 a petition, esp. To a person in authority. B archaic courting a woman . —v. 1 go well with . 2  Meet the demands or requirements of; satisfy; agree with. 3 make fitting; accommodate; adapt. 4  Appropriate; well-fitted .  suit oneself do as one chooses. ",Suit  ,"1 set of matching clothes, usu. A jacket and trousers or skirt. 2  Clothes for a special purpose . 3 any of the four sets  making up a pack of cards. 4 lawsuit. 5 a petition, esp. To a person in authority. B archaic courting a woman . —v. 1 go well with . 2  Meet the demands or requirements of; satisfy; agree with. 3 make fitting; accommodate; adapt. 4  Appropriate; well-fitted .  suit oneself do as one chooses.",3.1
Suitable  |  well-fitted; appropriate.  suitability n. Suitably adv.,Suitable  ,well-fitted; appropriate.  suitability n. Suitably adv.,2.8
"Suitcase  | Case for carrying clothes etc., with a handle and a flat hinged lid.",Suitcase  ,"Case for carrying clothes etc., with a handle and a flat hinged lid.",2.7
"Suite  | 1 set, esp. Of rooms in a hotel etc. Or a sofa and armchairs. 2 mus. Set of instrumental pieces performed as a unit. ",Suite  ,"1 set, esp. Of rooms in a hotel etc. Or a sofa and armchairs. 2 mus. Set of instrumental pieces performed as a unit.",3.2
Suitor  | 1 man wooing a woman. 2 plaintiff or petitioner in a lawsuit. ,Suitor  ,1 man wooing a woman. 2 plaintiff or petitioner in a lawsuit.,3.2
Sulfa  |  any of various sulphonamides . ,Sulfa  ,any of various sulphonamides .,3.2
Sulfate  |  salt or ester of sulphuric acid. ,Sulfate  ,salt or ester of sulphuric acid.,3.4
Sulfide  |  binary compound of sulphur.,Sulfide  ,binary compound of sulphur.,2.4
Sulfite  |  salt or ester of sulphurous acid. ,Sulfite  ,salt or ester of sulphurous acid.,3.0
Sulfonamide  |  any of a class of antibiotic drugs containing sulphur. ,Sulfonamide  ,any of a class of antibiotic drugs containing sulphur.,3.0
Sulfur  |  1 pale-yellow non-metallic element burning with a blue flame and a suffocating smell. 2 pale greenish-yellow colour. ,Sulfur  ,1 pale-yellow non-metallic element burning with a blue flame and a suffocating smell. 2 pale greenish-yellow colour.,3.0
Sulfureous  |  of or like sulphur.,Sulfureous  ,of or like sulphur.,2.5
Sulfuric  |  chem. Containing sulphur with a valency of six.,Sulfuric  ,chem. Containing sulphur with a valency of six.,2.8
Sulfurous  |  1 of or like sulphur. 2 chem. Containing sulphur with a valency of four.,Sulfurous  ,1 of or like sulphur. 2 chem. Containing sulphur with a valency of four.,2.7
Sulk  | Be sulky. —n.  period of sullen silence. ,Sulk  ,Be sulky. —n.  period of sullen silence.,3.2
"Sulky  |  sullen or silent, esp. From resentment or bad temper.  sulkily adv. Sulkiness n. ",Sulky  ,"sullen or silent, esp. From resentment or bad temper.  sulkily adv. Sulkiness n.",2.6
"Sullen  | Passively resentful, sulky, morose.  sullenly adv. Sullenness n. ",Sullen  ,"Passively resentful, sulky, morose.  sullenly adv. Sullenness n.",2.9
Sully  |  disgrace or tarnish . ,Sully  ,disgrace or tarnish .,2.7
Sulpha  |  any of various sulphonamides . ,Sulpha  ,any of various sulphonamides .,2.8
Sulphate  |  salt or ester of sulphuric acid. ,Sulphate  ,salt or ester of sulphuric acid.,2.5
Sulphide  |  binary compound of sulphur.,Sulphide  ,binary compound of sulphur.,2.4
Sulphite  |  salt or ester of sulphurous acid. ,Sulphite  ,salt or ester of sulphurous acid.,2.4
Sulphonamide  |  any of a class of antibiotic drugs containing sulphur. ,Sulphonamide  ,any of a class of antibiotic drugs containing sulphur.,2.6
Sulphur  |  1 pale-yellow non-metallic element burning with a blue flame and a suffocating smell. 2 pale greenish-yellow colour. ,Sulphur  ,1 pale-yellow non-metallic element burning with a blue flame and a suffocating smell. 2 pale greenish-yellow colour.,2.7
Sulphur dioxide  | Colourless pungent gas formed by burning sulphur in air and dissolving it in water.,Sulphur dioxide  ,Colourless pungent gas formed by burning sulphur in air and dissolving it in water.,2.6
Sulphureous  |  of or like sulphur.,Sulphureous  ,of or like sulphur.,2.3
Sulphuric  |  chem. Containing sulphur with a valency of six.,Sulphuric  ,chem. Containing sulphur with a valency of six.,2.6
Sulphuric acid  | Dense oily highly corrosive acid.,Sulphuric acid  ,Dense oily highly corrosive acid.,2.5
Sulphurous  |  1 of or like sulphur. 2 chem. Containing sulphur with a valency of four.,Sulphurous  ,1 of or like sulphur. 2 chem. Containing sulphur with a valency of four.,2.6
Sulphurous acid  | A weak acid used as a reducing and bleaching acid.,Sulphurous acid  ,A weak acid used as a reducing and bleaching acid.,2.5
Sultan  | Muslim sovereign.  sultanate n. ,Sultan  ,Muslim sovereign.  sultanate n.,2.7
"Sultana  | 1 seedless raisin. 2 sultan's mother, wife, concubine, or daughter. ",Sultana  ,"1 seedless raisin. 2 sultan's mother, wife, concubine, or daughter.",2.8
"Sultry  |  1  Hot and close. 2  Passionate, sensual.  sultrily adv. Sultriness n. ",Sultry  ,"1  Hot and close. 2  Passionate, sensual.  sultrily adv. Sultriness n.",3.3
"Sum  —| 1 total resulting from addition. 2 amount of money . 3 a arithmetical problem. B  Colloq. Arithmetic work, esp. Elementary. —v.  find the sum of.  in sum in brief. Sum up 1  give a summing-up. 2 form or express an opinion of . 3 summarize. ",Sum  ,"1 total resulting from addition. 2 amount of money . 3 a arithmetical problem. B  Colloq. Arithmetic work, esp. Elementary. —v.  find the sum of.  in sum in brief. Sum up 1  give a summing-up. 2 form or express an opinion of . 3 summarize.",2.8
Sumac  |  1 shrub with reddish conical fruits used as a spice. 2 dried and ground leaves of this used in tanning and dyeing. ,Sumac  ,1 shrub with reddish conical fruits used as a spice. 2 dried and ground leaves of this used in tanning and dyeing.,3.1
Summarize  |   make or be a summary of.,Summarize  ,make or be a summary of.,2.4
Summary  —|  brief account. —adj. Without details or formalities; brief.  summarily adv. ,Summary  ,brief account. —adj. Without details or formalities; brief.  summarily adv.,3.4
Summation  | 1 finding of a total. 2 a summing-up.,Summation  ,1 finding of a total. 2 a summing-up.,3.1
Summer  | 1  Warmest season of the year. 2  mature stage of life etc.  summery adj. ,Summer  ,1  Warmest season of the year. 2  mature stage of life etc.  summery adj.,3.3
Summer-house  | Light building in a garden etc. For sitting in in fine weather.,Summer-house  ,Light building in a garden etc. For sitting in in fine weather.,3.0
Summer pudding  | Pudding of soft fruit pressed in a bread case.,Summer pudding  ,Pudding of soft fruit pressed in a bread case.,2.7
Summer school  | Course of summer lectures etc. Held esp. At a university.,Summer school  ,Course of summer lectures etc. Held esp. At a university.,3.2
Summer solstice  | Solstice about 21 june.,Summer solstice  ,Solstice about 21 june.,3.1
Summertime  | Season or period of summer.,Summertime  ,Season or period of summer.,3.4
Summer time  | Period from march to october when clocks are advanced an hour.,Summer time  ,Period from march to october when clocks are advanced an hour.,3.1
Summing-up  | 1 judge's review of evidence given to a jury. 2 recapitulation of the main points of an argument etc.,Summing-up  ,1 judge's review of evidence given to a jury. 2 recapitulation of the main points of an argument etc.,2.9
"Summit  | 1 highest point, top. 2 highest degree of power, ambition, etc. 3  Conference of heads of government. ",Summit  ,"1 highest point, top. 2 highest degree of power, ambition, etc. 3  Conference of heads of government.",3.3
"Summon  | 1 order to come or appear, esp. In a lawcourt. 2  Call upon . 3 call together. 4  gather . ",Summon  ,"1 order to come or appear, esp. In a lawcourt. 2  Call upon . 3 call together. 4  gather .",3.3
"Summons  —|  authoritative call to attend or do something, esp. To appear in court. —v. Esp. Law serve with a summons.",Summons  ,"authoritative call to attend or do something, esp. To appear in court. —v. Esp. Law serve with a summons.",3.3
Sumo  |  Japanese wrestling in which a wrestler is defeated by touching the ground with any part of the body except the soles of the feet or by moving outside the ring. ,Sumo  ,Japanese wrestling in which a wrestler is defeated by touching the ground with any part of the body except the soles of the feet or by moving outside the ring.,3.3
"Sump  | 1 casing holding the oil in an internal-combustion engine. 2 pit, well, hole, etc. In which superfluous liquid collects. ",Sump  ,"1 casing holding the oil in an internal-combustion engine. 2 pit, well, hole, etc. In which superfluous liquid collects.",2.8
Sumptuary  | Law regulating  expenditure. ,Sumptuary  ,Law regulating  expenditure.,2.0
"Sumptuous  | Rich, lavish, costly.  sumptuously adv. Sumptuousness n. ",Sumptuous  ,"Rich, lavish, costly.  sumptuously adv. Sumptuousness n.",2.3
Sun  —| 1 a the star round which the earth orbits and from which it receives light and warmth. B this light or warmth. 2 any star. —v.  refl. Bask in the sun.  under the sun anywhere in the world.  sunless adj. ,Sun  ,1 a the star round which the earth orbits and from which it receives light and warmth. B this light or warmth. 2 any star. —v.  refl. Bask in the sun.  under the sun anywhere in the world.  sunless adj.,2.7
"Sunbathe  |  bask in the sun, esp. To tan the body.  sunbather n.",Sunbathe  ,"bask in the sun, esp. To tan the body.  sunbather n.",3.6
Sunbeam  | Ray of sunlight.,Sunbeam  ,Ray of sunlight.,3.2
"Sunbed  | 1 long lightweight, usu. Folding, chair for sunbathing. 2 bed for lying on under a sun-lamp.",Sunbed  ,"1 long lightweight, usu. Folding, chair for sunbathing. 2 bed for lying on under a sun-lamp.",2.7
Sunblock  | Lotion protecting the skin from the sun.,Sunblock  ,Lotion protecting the skin from the sun.,2.6
Sunburn  | Inflammation and tanning of the skin from exposure to the sun.  sunburnt adj. .,Sunburn  ,Inflammation and tanning of the skin from exposure to the sun.  sunburnt adj. .,2.6
"Sundae  | Ice-cream with fruit, nuts, syrup, etc. ",Sundae  ,"Ice-cream with fruit, nuts, syrup, etc.",2.8
"Sunday  —| 1 first day of the week, a christian holiday and day of worship. 2 colloq. Newspaper published on sundays. —adv. Colloq. 1 on sunday. 2  on sundays; each sunday. ",Sunday  ,"1 first day of the week, a christian holiday and day of worship. 2 colloq. Newspaper published on sundays. —adv. Colloq. 1 on sunday. 2  on sundays; each sunday.",3.2
"Sunday best  | Joc. Person's best clothes, esp. For sunday use.",Sunday best  ,"Joc. Person's best clothes, esp. For sunday use.",3.5
Sunday school  | Religious class on sundays for children.,Sunday school  ,Religious class on sundays for children.,3.3
Sunder  | Archaic or literary separate. ,Sunder  ,Archaic or literary separate.,3.2
Sundew  | Small insect-consuming bog-plant.,Sundew  ,Small insect-consuming bog-plant.,3.4
Sundial  | Instrument showing the time by the shadow of a pointer in sunlight.,Sundial  ,Instrument showing the time by the shadow of a pointer in sunlight.,2.9
Sundown  | Sunset.,Sundown  ,Sunset.,2.7
Sundry  | Various; several. —n.   Items or oddments not mentioned individually. ,Sundry  ,Various; several. —n.   Items or oddments not mentioned individually.,2.8
Sunfish  |  any of various almost spherical fish.,Sunfish  ,any of various almost spherical fish.,3.1
Sunflower  | Tall plant with large golden-rayed flowers.,Sunflower  ,Tall plant with large golden-rayed flowers.,2.9
Sung  | Of ~sing.,Sung  ,Of ~sing.,2.7
Sun-glasses  |pl. Glasses tinted to protect the eyes from sunlight or glare.,Sun-glasses  ,pl. Glasses tinted to protect the eyes from sunlight or glare.,3.3
Sunk  | Of ~sink.,Sunk  ,Of ~sink.,2.7
"Sunken  | 1 at a lower level; submerged. 2  Hollow, depressed. ",Sunken  ,"1 at a lower level; submerged. 2  Hollow, depressed.",3.4
"Sun-lamp  | Lamp giving ultraviolet rays for therapy, to tan, etc.",Sun-lamp  ,"Lamp giving ultraviolet rays for therapy, to tan, etc.",3.9
Sunlight  | Light from the sun.,Sunlight  ,Light from the sun.,3.1
Sunlit  | Illuminated by sunlight.,Sunlit  ,Illuminated by sunlight.,3.0
Sun lounge  | Room with large windows to receive sunlight.,Sun lounge  ,Room with large windows to receive sunlight.,3.7
"Sunni  —|  1 one of the two main branches of islam, accepting law based not only on the koran, but on muhammad's words and acts. 2 adherent of this branch. —adj.  of or relating to sunni. ",Sunni  ,"1 one of the two main branches of islam, accepting law based not only on the koran, but on muhammad's words and acts. 2 adherent of this branch. —adj.  of or relating to sunni.",3.2
"Sunny  |  1 bright with or warmed by sunlight. 2 cheery, bright.  sunnily adv. Sunniness n.",Sunny  ,"1 bright with or warmed by sunlight. 2 cheery, bright.  sunnily adv. Sunniness n.",2.7
Sunrise  | 1 sun's rising. 2 time of this.,Sunrise  ,1 sun's rising. 2 time of this.,3.1
Sun-roof  | Panel in a car's roof that can be opened.,Sun-roof  ,Panel in a car's roof that can be opened.,3.9
Sunset  | 1 sun's setting. 2 time of this.,Sunset  ,1 sun's setting. 2 time of this.,3.0
Sunshade  | Parasol; awning.,Sunshade  ,Parasol; awning.,2.7
Sunshine  | 1 a light of the sun. B area lit by the sun. 2 fine weather. 3 cheerfulness. 4 colloq. Form of address.,Sunshine  ,1 a light of the sun. B area lit by the sun. 2 fine weather. 3 cheerfulness. 4 colloq. Form of address.,2.8
Sunspot  | Dark patch on the sun's surface.,Sunspot  ,Dark patch on the sun's surface.,3.0
Sunstroke  | Acute prostration from excessive exposure to the sun.,Sunstroke  ,Acute prostration from excessive exposure to the sun.,2.5
Suntan  | Brownish skin colour caused by exposure to the sun.  suntanned adj.,Suntan  ,Brownish skin colour caused by exposure to the sun.  suntanned adj.,3.1
"Suntrap  | Sunny, esp. Sheltered, place.",Suntrap  ,"Sunny, esp. Sheltered, place.",3.7
Sun-up  | Esp. Us sunrise.,Sun-up  ,Esp. Us sunrise.,3.3
Sup1  |  1 take by sips or spoonfuls. 2 esp. N.engl. Colloq. Drink . —n. Sip of liquid. ,Sup1  ,1 take by sips or spoonfuls. 2 esp. N.engl. Colloq. Drink . —n. Sip of liquid.,3.1
Sup2  |  archaic take supper. ,Sup2  ,archaic take supper.,2.8
Super  |  Colloq. Excellent; splendid. —n. Colloq. 1 superintendent. 2 supernumerary. ,Super  ,Colloq. Excellent; splendid. —n. Colloq. 1 superintendent. 2 supernumerary.,2.8
"Super-  | Form forming nouns, adjectives, and verbs, meaning: 1 above, beyond, or over . 2 to an extreme degree . 3 extra good or large of its kind . 4 of a higher kind .  ",Super-  ,"Form forming nouns, adjectives, and verbs, meaning: 1 above, beyond, or over . 2 to an extreme degree . 3 extra good or large of its kind . 4 of a higher kind .",2.7
Superabundant  | Abounding beyond what is normal or right.  superabundance n. ,Superabundant  ,Abounding beyond what is normal or right.  superabundance n.,3.1
Superannuate  |  1 pension  off. 2 dismiss or discard as too old. 3  Too old for work or use. ,Superannuate  ,1 pension  off. 2 dismiss or discard as too old. 3  Too old for work or use.,3.7
Superannuation  | 1 pension. 2 payment towards this.,Superannuation  ,1 pension. 2 payment towards this.,3.4
Superb  | 1 colloq. Excellent. 2 magnificent.  superbly adv. ,Superb  ,1 colloq. Excellent. 2 magnificent.  superbly adv.,2.9
Supercargo  |  officer in a merchant ship managing sales etc. Of cargo. ,Supercargo  ,officer in a merchant ship managing sales etc. Of cargo.,1.8
"Supercharge  |  1  charge  With energy, emotion, etc. 2 use a supercharger on.",Supercharge  ,"1  charge  With energy, emotion, etc. 2 use a supercharger on.",2.7
Supercharger  | Device supplying air or fuel to an internal-combustion engine at above atmospheric pressure to increase efficiency.,Supercharger  ,Device supplying air or fuel to an internal-combustion engine at above atmospheric pressure to increase efficiency.,3.0
Supercilious  | Contemptuous; haughty.  superciliously adv. Superciliousness n. ,Supercilious  ,Contemptuous; haughty.  superciliously adv. Superciliousness n.,2.3
Supercomputer  | Powerful computer capable of dealing with complex mathematical problems.,Supercomputer  ,Powerful computer capable of dealing with complex mathematical problems.,3.5
Superconductivity  | Physics property of zero electrical resistance in some substances at very low absolute temperatures.  superconducting adj.,Superconductivity  ,Physics property of zero electrical resistance in some substances at very low absolute temperatures.  superconducting adj.,2.6
Superconductor  | Physics substance having superconductivity.,Superconductor  ,Physics substance having superconductivity.,3.7
Superego  |  psychol. Part of the mind that acts as a conscience and responds to social rules.,Superego  ,psychol. Part of the mind that acts as a conscience and responds to social rules.,2.8
Supererogation  | Doing more than duty requires. ,Supererogation  ,Doing more than duty requires.,2.2
Superficial  | 1 of or on the surface; lacking depth. 2 swift or cursory . 3 apparent but not real . 4  shallow.  superficiality n. Superficially adv. ,Superficial  ,1 of or on the surface; lacking depth. 2 swift or cursory . 3 apparent but not real . 4  shallow.  superficiality n. Superficially adv.,2.7
Superfine  | Commerce of extra quality. ,Superfine  ,Commerce of extra quality.,2.8
Superfluity  |  1 state of being superfluous. 2 superfluous amount or thing. ,Superfluity  ,1 state of being superfluous. 2 superfluous amount or thing.,2.1
Superfluous  | More than is needed or wanted; useless. ,Superfluous  ,More than is needed or wanted; useless.,1.8
Superglue  | Exceptionally strong glue.,Superglue  ,Exceptionally strong glue.,3.0
Supergrass  | Colloq. Police informer implicating many people.,Supergrass  ,Colloq. Police informer implicating many people.,2.9
Superhuman  | Exceeding normal human capability.,Superhuman  ,Exceeding normal human capability.,2.6
Superimpose  |   lay  on something else.  superimposition n.,Superimpose  ,lay  on something else.  superimposition n.,2.6
"Superintend  | Supervise, direct.  superintendence n.",Superintend  ,"Supervise, direct.  superintendence n.",2.5
Superintendent  | 1 police officer above the rank of chief inspector. 2 a person who superintends. B director of an institution etc.,Superintendent  ,1 police officer above the rank of chief inspector. 2 a person who superintends. B director of an institution etc.,3.3
Superior  | 1 in a higher position; of higher rank. 2 a high-quality . B supercilious . 3  better or greater in some respect. 4  written or printed above the line. —n. 1 person superior to another esp. In rank. 2 head of a monastery etc. .  superiority n. ,Superior  ,1 in a higher position; of higher rank. 2 a high-quality . B supercilious . 3  better or greater in some respect. 4  written or printed above the line. —n. 1 person superior to another esp. In rank. 2 head of a monastery etc. .  superiority n.,2.8
Superlative  | 1 of the highest quality or degree; excellent. 2 gram.  expressing the highest degree of a quality . —n. 1 gram. Superlative form of an adjective or adverb. 2  High praise; exaggerated language. ,Superlative  ,1 of the highest quality or degree; excellent. 2 gram.  expressing the highest degree of a quality . —n. 1 gram. Superlative form of an adjective or adverb. 2  High praise; exaggerated language.,2.9
Superman  | 1 colloq. Man of exceptional strength or ability. 2 philos. Ideal person not subject to conventional morality etc.,Superman  ,1 colloq. Man of exceptional strength or ability. 2 philos. Ideal person not subject to conventional morality etc.,3.2
"Supermarket  | Large self-service store selling food, household goods, etc.",Supermarket  ,"Large self-service store selling food, household goods, etc.",3.4
"Supernatural  | Not attributable to, or explicable by, the laws of nature; magical; mystical. —n.  supernatural forces, effects, etc.  supernaturally adv.",Supernatural  ,"Not attributable to, or explicable by, the laws of nature; magical; mystical. —n.  supernatural forces, effects, etc.  supernaturally adv.",3.3
Supernova  |  star increasing suddenly in brightness.,Supernova  ,star increasing suddenly in brightness.,3.5
Supernumerary  | 1 in excess of the normal number; extra. 2 engaged for extra work. 3  appearing on stage but not speaking. —n.  supernumerary person or thing. ,Supernumerary  ,1 in excess of the normal number; extra. 2 engaged for extra work. 3  appearing on stage but not speaking. —n.  supernumerary person or thing.,2.8
Superphosphate  | Fertilizer made from phosphate rock.,Superphosphate  ,Fertilizer made from phosphate rock.,1.8
Superpower  | Extremely powerful nation.,Superpower  ,Extremely powerful nation.,3.8
Superscript  | Written or printed above. —n. Superscript number or symbol. ,Superscript  ,Written or printed above. —n. Superscript number or symbol.,2.6
Supersede  |  1 take the place of. 2 replace with another person or thing.  supersession n. ,Supersede  ,1 take the place of. 2 replace with another person or thing.  supersession n.,3.6
Supersonic  | Of or having a speed greater than that of sound.  supersonically adv.,Supersonic  ,Of or having a speed greater than that of sound.  supersonically adv.,2.3
"Superstar  | Extremely famous or renowned actor, musician, etc.",Superstar  ,"Extremely famous or renowned actor, musician, etc.",2.8
"Superstition  | 1 belief in the supernatural; irrational fear of the unknown. 2 practice, belief, or religion based on this.  superstitious adj. Superstitiously adv. ",Superstition  ,"1 belief in the supernatural; irrational fear of the unknown. 2 practice, belief, or religion based on this.  superstitious adj. Superstitiously adv.",2.0
Superstore  | Large supermarket.,Superstore  ,Large supermarket.,3.1
Superstructure  | Structure built on top of another.,Superstructure  ,Structure built on top of another.,3.0
Supertanker  | Very large tanker ship.,Supertanker  ,Very large tanker ship.,3.2
Supertax  | Additional tax on incomes above a certain level.,Supertax  ,Additional tax on incomes above a certain level.,3.1
Supervene  |  formal occur as an interruption or change.  supervention n. ,Supervene  ,formal occur as an interruption or change.  supervention n.,2.8
"Supervise  |  superintend, oversee.  supervision n. Supervisor n. Supervisory adj. ",Supervise  ,"superintend, oversee.  supervision n. Supervisor n. Supervisory adj.",3.1
Superwoman  | Colloq. Woman of exceptional strength or ability.,Superwoman  ,Colloq. Woman of exceptional strength or ability.,3.3
"Supine  | 1 lying face upwards. 2 inert, indolent. —n. Latin verbal noun used only in the accusative and ablative. ",Supine  ,"1 lying face upwards. 2 inert, indolent. —n. Latin verbal noun used only in the accusative and ablative.",2.7
"Supper  | 1 late evening snack. 2 evening meal, esp. Light. ",Supper  ,"1 late evening snack. 2 evening meal, esp. Light.",2.8
"Supplant  | Take the place of, esp. By underhand means. ",Supplant  ,"Take the place of, esp. By underhand means.",3.2
"Supple  |  flexible, pliant.  suppleness n. ",Supple  ,"flexible, pliant.  suppleness n.",3.0
"Supplement  —| 1 thing or part added to improve or provide further information. 2 separate section, esp. A colour magazine, of a newspaper etc. —v. Provide a supplement for.  supplemental adj. Supplementary adj. Supplementation n.  ",Supplement  ,"1 thing or part added to improve or provide further information. 2 separate section, esp. A colour magazine, of a newspaper etc. —v. Provide a supplement for.  supplemental adj. Supplementary adj. Supplementation n.",3.4
Suppliant  | Supplicating. —n. Supplicating person. ,Suppliant  ,Supplicating. —n. Supplicating person.,2.9
Supplicate  |  literary 1 petition humbly to  or for . 2  make a petition.  supplicant adj. & n. Supplication n. Supplicatory adj. ,Supplicate  ,literary 1 petition humbly to  or for . 2  make a petition.  supplicant adj. & n. Supplication n. Supplicatory adj.,3.0
"Supply  |  1 provide . 2  provide . 3 meet or make up for . —n.  1 providing of what is needed. 2 stock, store, amount, etc., of something provided or obtainable. 3  Provisions and equipment for an army, expedition, etc. 4  Schoolteacher etc. Acting as a temporary substitute for another.  in short supply scarce. Supply and demand econ. Quantities available and required, as factors regulating price.",Supply  ,"1 provide . 2  provide . 3 meet or make up for . —n.  1 providing of what is needed. 2 stock, store, amount, etc., of something provided or obtainable. 3  Provisions and equipment for an army, expedition, etc. 4  Schoolteacher etc. Acting as a temporary substitute for another.  in short supply scarce. Supply and demand econ. Quantities available and required, as factors regulating price.",3.2
Supply-side  | Adj. Econ. Denoting a policy of low taxation etc. To encourage production and investment.,Supply-side  ,Adj. Econ. Denoting a policy of low taxation etc. To encourage production and investment.,3.3
"Support  | 1 carry all or part of the weight of; keep from falling, sinking, or failing. 2 provide for . 3 strengthen, encourage. 4 bear out; tend to substantiate. 5 give help or approval to ; further . 6 speak in favour of . 7  Take a secondary part to ; perform a secondary act to  at a pop concert etc. —n. 1 supporting or being supported. 2 person or thing that supports. 3 secondary act at a pop concert etc. in support of so as to support. ",Support  ,"1 carry all or part of the weight of; keep from falling, sinking, or failing. 2 provide for . 3 strengthen, encourage. 4 bear out; tend to substantiate. 5 give help or approval to ; further . 6 speak in favour of . 7  Take a secondary part to ; perform a secondary act to  at a pop concert etc. —n. 1 supporting or being supported. 2 person or thing that supports. 3 secondary act at a pop concert etc. in support of so as to support.",2.9
"Supporter  | Person or thing that supports a cause, team, etc.",Supporter  ,"Person or thing that supports a cause, team, etc.",3.3
Supporting film  |  Less important film in a cinema programme.,Supporting film  ,Less important film in a cinema programme.,3.3
Supportive  | Providing  support or encouragement.  supportively adv. Supportiveness n.,Supportive  ,Providing  support or encouragement.  supportively adv. Supportiveness n.,3.1
Suppose  |   1 assume; be inclined to think. 2 take as a possibility or hypothesis . 3  As a formula of proposal . 4  Require as a condition . 5  in the circumstances that; if . 6  Presumed . 7  A be expected or required . B  Ought not; not be allowed to .  i suppose so expression of hesitant agreement. ,Suppose  ,1 assume; be inclined to think. 2 take as a possibility or hypothesis . 3  As a formula of proposal . 4  Require as a condition . 5  in the circumstances that; if . 6  Presumed . 7  A be expected or required . B  Ought not; not be allowed to .  i suppose so expression of hesitant agreement.,3.0
Supposedly  | Allegedly; as is generally believed.,Supposedly  ,Allegedly; as is generally believed.,2.8
Supposition  | 1 thing supposed. 2 act of supposing.,Supposition  ,1 thing supposed. 2 act of supposing.,2.9
Suppositious  | Hypothetical.,Suppositious  ,Hypothetical.,2.8
Suppository  |  medical preparation melting in the rectum or vagina. ,Suppository  ,medical preparation melting in the rectum or vagina.,3.0
"Suppress  | 1 put an end to, esp. Forcibly. 2 prevent  From being seen, heard, or known. 3 a partly or wholly eliminate . B equip  to reduce the interference caused by it.  suppressible adj. Suppression n. Suppressor n. ",Suppress  ,"1 put an end to, esp. Forcibly. 2 prevent  From being seen, heard, or known. 3 a partly or wholly eliminate . B equip  to reduce the interference caused by it.  suppressible adj. Suppression n. Suppressor n.",3.1
Suppurate  |  1 form pus. 2 fester.  suppuration n. ,Suppurate  ,1 form pus. 2 fester.  suppuration n.,3.1
Supra  | Above or earlier . ,Supra  ,Above or earlier .,3.4
Supranational  | Transcending national limits.,Supranational  ,Transcending national limits.,3.1
Supremacy  |  1 being supreme. 2 highest authority.,Supremacy  ,1 being supreme. 2 highest authority.,2.7
Supreme  | 1 highest in authority or rank. 2 greatest; most important. 3  Involving death.  supremely adv. ,Supreme  ,1 highest in authority or rank. 2 greatest; most important. 3  Involving death.  supremely adv.,2.7
Supreme court  | Highest judicial court in a state etc.,Supreme court  ,Highest judicial court in a state etc.,2.7
Supremo  |   person in overall charge. ,Supremo  ,person in overall charge.,2.8
Surcease  literary —| Cessation. —v.  cease. ,Surcease  literary ,Cessation. —v.  cease.,3.0
Surcharge  —| Additional charge or payment. —v.  exact a surcharge from. ,Surcharge  ,Additional charge or payment. —v.  exact a surcharge from.,3.0
"Surd  math |  irrational. —n. Surd number, esp. The root of an integer. ",Surd  math ,"irrational. —n. Surd number, esp. The root of an integer.",3.4
"Sure  | 1  convinced. 2 having adequate reason for a belief or assertion. 3  confident in anticipation or knowledge of. 4 reliable or unfailing. 5  Certain. 6 undoubtedly true or truthful. —adv. Colloq. Certainly.  be sure  Take care to; not fail to. For sure colloq. Certainly. Make sure make or become certain; ensure. Sure enough colloq. In fact; certainly. To be sure admittedly; indeed, certainly.  sureness n. ",Sure  ,"1  convinced. 2 having adequate reason for a belief or assertion. 3  confident in anticipation or knowledge of. 4 reliable or unfailing. 5  Certain. 6 undoubtedly true or truthful. —adv. Colloq. Certainly.  be sure  Take care to; not fail to. For sure colloq. Certainly. Make sure make or become certain; ensure. Sure enough colloq. In fact; certainly. To be sure admittedly; indeed, certainly.  sureness n.",2.7
Sure-fire  | Adj. Colloq. Certain to succeed.,Sure-fire  ,Adj. Colloq. Certain to succeed.,3.4
Sure-footed  | Never stumbling or making a mistake.,Sure-footed  ,Never stumbling or making a mistake.,3.0
Surely  | 1 with certainty or safety . 2 as an appeal to likelihood or reason .,Surely  ,1 with certainty or safety . 2 as an appeal to likelihood or reason .,2.8
"Surety  |  1 money given as a guarantee of performance etc. 2  person who takes responsibility for another's debt, obligation, etc. ",Surety  ,"1 money given as a guarantee of performance etc. 2  person who takes responsibility for another's debt, obligation, etc.",3.1
Surf  —| Foam of the sea breaking on the shore or reefs. —v. Practise surfing.  surfer n. ,Surf  ,Foam of the sea breaking on the shore or reefs. —v. Practise surfing.  surfer n.,3.2
Surface  —| 1 a the outside of a thing. B area of this. 2 any of the limits of a solid. 3 top of a liquid or of the ground etc. 4 outward or superficial aspect. 5 geom. Set of points with length and breadth but no thickness. 6  A of or on the surface. B superficial. —v.  1 give the required surface to . 2 rise or bring to the surface. 3 become visible or known. 4 colloq. Wake up; get up.  come to the surface become perceptible. ,Surface  ,1 a the outside of a thing. B area of this. 2 any of the limits of a solid. 3 top of a liquid or of the ground etc. 4 outward or superficial aspect. 5 geom. Set of points with length and breadth but no thickness. 6  A of or on the surface. B superficial. —v.  1 give the required surface to . 2 rise or bring to the surface. 3 become visible or known. 4 colloq. Wake up; get up.  come to the surface become perceptible.,2.7
Surface mail  | Mail carried by land or sea.,Surface mail  ,Mail carried by land or sea.,3.0
"Surface tension  | Tension of the surface-film of a liquid, tending to minimize its surface area.",Surface tension  ,"Tension of the surface-film of a liquid, tending to minimize its surface area.",2.9
Surfboard  | Long narrow board used in surfing.,Surfboard  ,Long narrow board used in surfing.,3.3
"Surfeit  —| 1 an excess, esp. In eating or drinking. 2 resulting fullness. —v.  1 overfeed. 2   be wearied through excess. ",Surfeit  ,"1 an excess, esp. In eating or drinking. 2 resulting fullness. —v.  1 overfeed. 2   be wearied through excess.",3.0
Surfing  | Sport of riding the surf on a board.,Surfing  ,Sport of riding the surf on a board.,3.2
"Surge  —| 1 sudden rush. 2 heavy forward or upward motion. 3 sudden increase in price, activity, etc. 4 sudden increase in voltage of an electric current. 5 swell of the sea. —v.  1 move suddenly and powerfully forwards. 2  Increase suddenly. 3  Swell. ",Surge  ,"1 sudden rush. 2 heavy forward or upward motion. 3 sudden increase in price, activity, etc. 4 sudden increase in voltage of an electric current. 5 swell of the sea. —v.  1 move suddenly and powerfully forwards. 2  Increase suddenly. 3  Swell.",3.3
Surgeon  | 1 medical practitioner qualified in surgery. 2 naval or military medical officer.,Surgeon  ,1 medical practitioner qualified in surgery. 2 naval or military medical officer.,2.8
"Surgery  |  1 treatment of bodily injuries or disorders by incision or manipulation etc. As opposed to drugs. 2  place where or time when a doctor, dentist, etc., treats patients, or an mp, lawyer, etc., gives advice. ",Surgery  ,"1 treatment of bodily injuries or disorders by incision or manipulation etc. As opposed to drugs. 2  place where or time when a doctor, dentist, etc., treats patients, or an mp, lawyer, etc., gives advice.",2.0
Surgical  | 1 of or by surgeons or surgery. 2 a used in surgery. B worn to correct a deformity etc. 3  swift and precise. surgically adv.,Surgical  ,1 of or by surgeons or surgery. 2 a used in surgery. B worn to correct a deformity etc. 3  swift and precise. surgically adv.,2.5
Surgical spirit  | Methylated spirit used for cleansing etc.,Surgical spirit  ,Methylated spirit used for cleansing etc.,2.6
Surly  |  bad-tempered; unfriendly.   surliness n. ,Surly  ,bad-tempered; unfriendly.   surliness n.,2.9
Surmise  —| Conjecture. —v.   infer doubtfully; guess; suppose. ,Surmise  ,Conjecture. —v.   infer doubtfully; guess; suppose.,3.1
Surmount  | 1 overcome . 2  cap or crown.  surmountable adj. ,Surmount  ,1 overcome . 2  cap or crown.  surmountable adj.,3.2
"Surname  | Family name, usu. Inherited or acquired by marriage. ",Surname  ,"Family name, usu. Inherited or acquired by marriage.",3.1
"Surpass  | 1 be greater or better than, outdo. 2  Pre-eminent. ",Surpass  ,"1 be greater or better than, outdo. 2  Pre-eminent.",3.7
Surplice  | Loose white vestment worn by clergy and choristers. ,Surplice  ,Loose white vestment worn by clergy and choristers.,3.1
Surplus  —| 1 amount left over. 2 excess of revenue over expenditure. —adj. Exceeding what is needed or used. ,Surplus  ,1 amount left over. 2 excess of revenue over expenditure. —adj. Exceeding what is needed or used.,3.0
"Surprise  —| 1 unexpected or astonishing thing. 2 emotion caused by this. 3 catching or being caught unawares. 4  Unexpected; made or done etc. Without warning. —v.  1 affect with surprise; turn out contrary to the expectations of. 2  shock, scandalize. 3 capture or attack by surprise. 4 come upon  unawares. 5  startle  into an action etc.  take by surprise affect with surprise, esp. By an unexpected encounter or statement.  surprising adj. Surprisingly adv. ",Surprise  ,"1 unexpected or astonishing thing. 2 emotion caused by this. 3 catching or being caught unawares. 4  Unexpected; made or done etc. Without warning. —v.  1 affect with surprise; turn out contrary to the expectations of. 2  shock, scandalize. 3 capture or attack by surprise. 4 come upon  unawares. 5  startle  into an action etc.  take by surprise affect with surprise, esp. By an unexpected encounter or statement.  surprising adj. Surprisingly adv.",2.7
Surreal  | Unreal; dreamlike; bizarre. ,Surreal  ,Unreal; dreamlike; bizarre.,3.2
"Surrealism  | 20th-c. Movement in art and literature, attempting to express the subconscious mind by dream imagery, bizarre juxtapositions, etc.  surrealist n. & adj. Surrealistic adj. Surrealistically adv. ",Surrealism  ,"20th-c. Movement in art and literature, attempting to express the subconscious mind by dream imagery, bizarre juxtapositions, etc.  surrealist n. & adj. Surrealistic adj. Surrealistically adv.",2.9
"Surrender  | 1 hand over; relinquish. 2 submit, esp. To an enemy. 3 refl.  yield to a habit, emotion, influence, etc. 4  give up rights under  in return for a smaller sum received immediately. 5 abandon . —n. Act of surrendering.  surrender to bail duly appear in court after release on bail. ",Surrender  ,"1 hand over; relinquish. 2 submit, esp. To an enemy. 3 refl.  yield to a habit, emotion, influence, etc. 4  give up rights under  in return for a smaller sum received immediately. 5 abandon . —n. Act of surrendering.  surrender to bail duly appear in court after release on bail.",2.7
Surreptitious  | Done by stealth; clandestine.  surreptitiously adv. ,Surreptitious  ,Done by stealth; clandestine.  surreptitiously adv.,1.3
"Surrogate  | 1 substitute. 2  deputy, esp. Of a bishop in granting marriage licences.  surrogacy n. ",Surrogate  ,"1 substitute. 2  deputy, esp. Of a bishop in granting marriage licences.  surrogacy n.",2.6
"Surrogate mother  | Woman who bears a child on behalf of another woman, usu. By artificial insemination of her own egg by the other woman's partner.",Surrogate mother  ,"Woman who bears a child on behalf of another woman, usu. By artificial insemination of her own egg by the other woman's partner.",2.4
"Surround  | Come or be all round; encircle, enclose. —n. 1 border or edging, esp. An area of floor between the walls and carpet of a room. 2 surrounding area or substance. ",Surround  ,"Come or be all round; encircle, enclose. —n. 1 border or edging, esp. An area of floor between the walls and carpet of a room. 2 surrounding area or substance.",3.7
Surroundings  |pl. Objects or conditions around or affecting a person or thing; environment.,Surroundings  ,pl. Objects or conditions around or affecting a person or thing; environment.,2.8
"Surtax  | Additional tax, esp. On high incomes. ",Surtax  ,"Additional tax, esp. On high incomes.",3.1
Surtitle  | Explanatory caption projected on to a screen above the stage during an opera.,Surtitle  ,Explanatory caption projected on to a screen above the stage during an opera.,3.1
Surveillance  | Close observation undertaken by the police etc. ,Surveillance  ,Close observation undertaken by the police etc.,2.8
"Survey  | 1 view or consider as a whole. 2 examine the condition of . 3 determine the boundaries, extent, ownership, etc. Of . —n. 1 general view or consideration. 2 a act of surveying property. B statement etc. Resulting from this. 3 investigation of public opinion etc. 4 map or plan made by surveying. ",Survey  ,"1 view or consider as a whole. 2 examine the condition of . 3 determine the boundaries, extent, ownership, etc. Of . —n. 1 general view or consideration. 2 a act of surveying property. B statement etc. Resulting from this. 3 investigation of public opinion etc. 4 map or plan made by surveying.",3.0
"Surveyor  | Person who surveys land and buildings, esp. For a living.",Surveyor  ,"Person who surveys land and buildings, esp. For a living.",3.0
Survival  | 1 surviving. 2 relic.,Survival  ,1 surviving. 2 relic.,2.7
Survive  |  1 continue to live or exist. 2 live or exist longer than. 3 remain alive after or continue to exist in spite of .  survivor n. ,Survive  ,1 continue to live or exist. 2 live or exist longer than. 3 remain alive after or continue to exist in spite of .  survivor n.,3.0
Sus  | Of ~suss.,Sus  ,Of ~suss.,3.3
Susceptibility  |  1 being susceptible. 2  Person's feelings.,Susceptibility  ,1 being susceptible. 2  Person's feelings.,2.6
"Susceptible  | 1 impressionable, sensitive, emotional. 2  A  liable or vulnerable to. B  allowing; admitting of .  susceptibly adv. ",Susceptible  ,"1 impressionable, sensitive, emotional. 2  A  liable or vulnerable to. B  allowing; admitting of .  susceptibly adv.",3.4
Sushi  | Japanese dish of balls of cold rice topped with raw fish etc. ,Sushi  ,Japanese dish of balls of cold rice topped with raw fish etc.,3.1
Suspect  | 1 be inclined to think. 2 have an impression of the existence or presence of. 3  mentally accuse. 4 doubt the genuineness or truth of. —n. Suspected person. —adj. Subject to or deserving suspicion. ,Suspect  ,1 be inclined to think. 2 have an impression of the existence or presence of. 3  mentally accuse. 4 doubt the genuineness or truth of. —n. Suspected person. —adj. Subject to or deserving suspicion.,2.8
"Suspend  | 1 hang up. 2 keep inoperative or undecided for a time. 3 debar temporarily from a function, office, etc. 4   floating between the top and bottom. ",Suspend  ,"1 hang up. 2 keep inoperative or undecided for a time. 3 debar temporarily from a function, office, etc. 4   floating between the top and bottom.",3.1
Suspended animation  | Temporary deathlike condition.,Suspended animation  ,Temporary deathlike condition.,3.4
Suspended sentence  | Judicial sentence left unenforced subject to good behaviour during a specified period.,Suspended sentence  ,Judicial sentence left unenforced subject to good behaviour during a specified period.,2.4
Suspender  | 1 attachment to hold up a stocking or sock by its top. 2  Us braces.,Suspender  ,1 attachment to hold up a stocking or sock by its top. 2  Us braces.,3.1
Suspender belt  | Woman's undergarment with suspenders.,Suspender belt  ,Woman's undergarment with suspenders.,3.2
Suspense  | State of anxious uncertainty or expectation.  suspenseful adj. ,Suspense  ,State of anxious uncertainty or expectation.  suspenseful adj.,3.0
Suspension  | 1 suspending or being suspended. 2 springs etc. Supporting a vehicle on its axles. 3 substance consisting of particles suspended in a medium.,Suspension  ,1 suspending or being suspended. 2 springs etc. Supporting a vehicle on its axles. 3 substance consisting of particles suspended in a medium.,2.9
Suspension bridge  | Bridge with a roadway suspended from cables supported by towers.,Suspension bridge  ,Bridge with a roadway suspended from cables supported by towers.,3.8
Suspicion  | 1 unconfirmed belief; distrust. 2 suspecting or being suspected. 3  slight trace of.  above suspicion too obviously good etc. To be suspected. Under suspicion suspected. ,Suspicion  ,1 unconfirmed belief; distrust. 2 suspecting or being suspected. 3  slight trace of.  above suspicion too obviously good etc. To be suspected. Under suspicion suspected.,3.3
Suspicious  | 1 prone to or feeling suspicion. 2 causing suspicion.  suspiciously adv.,Suspicious  ,1 prone to or feeling suspicion. 2 causing suspicion.  suspiciously adv.,3.0
"Suss  | Slang    1 investigate, inspect. 2 work out; realize.  on suss on suspicion . ",Suss  ,"Slang    1 investigate, inspect. 2 work out; realize.  on suss on suspicion .",3.3
"Sustain  | 1 support, bear the weight of, esp. For a long period. 2 encourage, support. 3  nourish. 4 endure, stand. 5 suffer . 6  Uphold or decide in favour of . 7 corroborate . 8 maintain .  sustainable adj. ",Sustain  ,"1 support, bear the weight of, esp. For a long period. 2 encourage, support. 3  nourish. 4 endure, stand. 5 suffer . 6  Uphold or decide in favour of . 7 corroborate . 8 maintain .  sustainable adj.",3.1
"Sustenance  | 1 nourishment, food. 2 means of support. ",Sustenance  ,"1 nourishment, food. 2 means of support.",3.3
Suttee  | Esp. Hist. 1 hindu custom of a widow's suicide on her husband's funeral pyre. 2 widow undergoing this. ,Suttee  ,Esp. Hist. 1 hindu custom of a widow's suicide on her husband's funeral pyre. 2 widow undergoing this.,2.9
Suture  —| 1 stitching of the edges of a wound or incision. 2 thread or wire used for this. —v.  stitch . ,Suture  ,1 stitching of the edges of a wound or incision. 2 thread or wire used for this. —v.  stitch .,2.9
Suzerain  | 1 hist. Feudal overlord. 2 archaic sovereign or state partially controlling another state that is internally autonomous.  suzerainty n. ,Suzerain  ,1 hist. Feudal overlord. 2 archaic sovereign or state partially controlling another state that is internally autonomous.  suzerainty n.,2.7
