Woad  | 1 plant yielding a blue dye. 2 dye from this. ,Woad  ,1 plant yielding a blue dye. 2 dye from this.,2.6
"Wobble  |  1 sway from side to side. 2 stand or go unsteadily; stagger. 3 waver, vacillate. —n. State or instance of wobbling. ",Wobble  ,"1 sway from side to side. 2 stand or go unsteadily; stagger. 3 waver, vacillate. —n. State or instance of wobbling.",2.8
"Wobbly  |  1 tending to wobble. 2 wavy . 3 weak after illness. 4 wavering, insecure .  throw a wobbly slang have a tantrum or fit of nerves.",Wobbly  ,"1 tending to wobble. 2 wavy . 3 weak after illness. 4 wavering, insecure .  throw a wobbly slang have a tantrum or fit of nerves.",2.5
"Wodge  | Colloq. Chunk, lump. ",Wodge  ,"Colloq. Chunk, lump.",3.1
Woe  | 1 affliction; bitter grief. 2  Calamities.  woe betide see ~betide. Woe is me alas. ,Woe  ,1 affliction; bitter grief. 2  Calamities.  woe betide see ~betide. Woe is me alas.,2.8
Woebegone  | Dismal-looking. ,Woebegone  ,Dismal-looking.,3.0
Woeful  | 1 sorrowful. 2 causing or feeling affliction. 3 very bad.  woefully adv.,Woeful  ,1 sorrowful. 2 causing or feeling affliction. 3 very bad.  woefully adv.,2.8
"Wog  | Slang offens. Foreigner, esp. A non-white one. ",Wog  ,"Slang offens. Foreigner, esp. A non-white one.",2.8
Woggle  | Leather etc. Ring through which the ends of a scout's neckerchief are passed at the neck. ,Woggle  ,Leather etc. Ring through which the ends of a scout's neckerchief are passed at the neck.,3.3
Wok  | Bowl-shaped frying-pan used in esp. Chinese cookery. ,Wok  ,Bowl-shaped frying-pan used in esp. Chinese cookery.,2.7
Woke  past of ~wake1.,Woke  past of ,Woke  past of ~wake1.,3.2
Woken  | Of ~wake1.,Woken  ,Of ~wake1.,3.2
Wold  | High open uncultivated land or moor. ,Wold  ,High open uncultivated land or moor.,2.4
"Wolf  —|  1 wild animal related to the dog, usu. Hunting in packs. 2 slang man who seduces women. —v.  devour greedily.  cry wolf raise false alarms. Keep the wolf from the door avert starvation.  wolfish adj. ",Wolf  ,"1 wild animal related to the dog, usu. Hunting in packs. 2 slang man who seduces women. —v.  devour greedily.  cry wolf raise false alarms. Keep the wolf from the door avert starvation.  wolfish adj.",2.8
Wolfhound  | Dog of a kind used orig. To hunt wolves.,Wolfhound  ,Dog of a kind used orig. To hunt wolves.,2.6
Wolf in sheep's clothing  | Hostile person who pretends friendship.,Wolf in sheep,Hostile person who pretends friendship.,3.4
Wolfram  | 1 tungsten. 2 tungsten ore. ,Wolfram  ,1 tungsten. 2 tungsten ore.,3.4
Wolfsbane  | Aconite.,Wolfsbane  ,Aconite.,3.0
Wolf-whistle  | Whistle made by a man to a sexually attractive woman.,Wolf-whistle  ,Whistle made by a man to a sexually attractive woman.,3.0
Wolverine  | N. American animal of the weasel family. ,Wolverine  ,N. American animal of the weasel family.,2.7
Wolves  pl. Of ~wolf.,Wolves  pl,Wolves  pl. Of ~wolf.,3.1
"Woman  |  1 adult human female. 2 the female sex. 3 colloq. Wife or girlfriend. 4  feminine characteristics . 5  Female . 6  Woman of a specified nationality, skill, etc. . 7 colloq. Charwoman. ",Woman  ,"1 adult human female. 2 the female sex. 3 colloq. Wife or girlfriend. 4  feminine characteristics . 5  Female . 6  Woman of a specified nationality, skill, etc. . 7 colloq. Charwoman.",2.8
Womanhood  | 1 female maturity. 2 womanly instinct. 3 womankind.,Womanhood  ,1 female maturity. 2 womanly instinct. 3 womankind.,2.4
"Womanish  | Derog. Effeminate, unmanly.",Womanish  ,"Derog. Effeminate, unmanly.",2.6
Womanize  |   chase after women; philander.  womanizer n.,Womanize  ,chase after women; philander.  womanizer n.,2.5
Womankind  |  women in general.,Womankind  ,women in general.,2.8
Womanly  | Having or showing qualities associated with women.  womanliness n.,Womanly  ,Having or showing qualities associated with women.  womanliness n.,2.6
Womb  | Organ of conception and gestation in a woman and other female mammals. ,Womb  ,Organ of conception and gestation in a woman and other female mammals.,3.1
Wombat  | Burrowing plant-eating australian marsupial. ,Wombat  ,Burrowing plant-eating australian marsupial.,2.7
Women  pl. Of ~woma,Women  pl,Women  pl. Of ~woma,3.4
Womenfolk  | 1 women in general. 2 the women in a family.,Womenfolk  ,1 women in general. 2 the women in a family.,2.9
Womenkind  | Of ~womankind.,Womenkind  ,Of ~womankind.,3.3
Women's libber  | Colloq. Supporter of women's liberation.,Women,Colloq. Supporter of women's liberation.,3.1
Women's liberation  |  colloq. Movement urging the liberation of women from domestic duties and subservient status.,Women,colloq. Movement urging the liberation of women from domestic duties and subservient status.,3.1
Women's rights  |pl. Position of legal and social equality with men.,Women,pl. Position of legal and social equality with men.,3.1
Won  | Of ~win.,Won  ,Of ~win.,2.8
"Wonder  —| 1 emotion, esp. Admiration, excited by what is unexpected, unfamiliar, or inexplicable. 2 strange or remarkable thing, specimen, event, etc. 3  Having marvellous or amazing properties etc. . —v. 1 be filled with wonder or great surprise. 2  be surprised to find. 3 desire or be curious to know .  i shouldn't wonder colloq. I think it likely. No  wonder one cannot be surprised. Work  wonders 1 do miracles. 2 be remarkably effective. ",Wonder  ,"1 emotion, esp. Admiration, excited by what is unexpected, unfamiliar, or inexplicable. 2 strange or remarkable thing, specimen, event, etc. 3  Having marvellous or amazing properties etc. . —v. 1 be filled with wonder or great surprise. 2  be surprised to find. 3 desire or be curious to know .  i shouldn't wonder colloq. I think it likely. No  wonder one cannot be surprised. Work  wonders 1 do miracles. 2 be remarkably effective.",2.8
Wonderful  | Very remarkable or admirable.  wonderfully adv. ,Wonderful  ,Very remarkable or admirable.  wonderfully adv.,2.8
Wonderland  | 1 fairyland. 2 land of surprises or marvels.,Wonderland  ,1 fairyland. 2 land of surprises or marvels.,2.8
"Wonderment  | Surprise, awe.",Wonderment  ,"Surprise, awe.",2.7
Wondrous  poet. | Wonderful. —adv. Wonderfully .,Wondrous  poet,Wonderful. —adv. Wonderfully .,2.0
"Wonky  |  slang 1 crooked, askew. 2 loose, unsteady. 3 unreliable. ",Wonky  ,"slang 1 crooked, askew. 2 loose, unsteady. 3 unreliable.",2.7
"Wont  —| Adj. Archaic or literary  Accustomed. —n. Formal or joc. What is customary, one's habit. ",Wont  ,"Adj. Archaic or literary  Accustomed. —n. Formal or joc. What is customary, one's habit.",2.6
Won't  contr. Will not.,Won,Won't  contr. Will not.,2.8
"Wonted  | Adj. Habitual, usual.",Wonted  ,"Adj. Habitual, usual.",2.7
Woo  |  1 court; seek the hand or love of. 2 try to win . 3 seek the favour or support of. 4 coax or importune.  wooer n. ,Woo  ,1 court; seek the hand or love of. 2 try to win . 3 seek the favour or support of. 4 coax or importune.  wooer n.,2.7
Wood  | 1 a hard fibrous substance of the trunk or branches of a tree or shrub. B this for timber or fuel. 2  Growing trees densely occupying a tract of land. 3 wooden cask for wine etc. 4 wooden-headed golf club. 5 = ~bowl2 n. 1.  not see the wood for the trees fail to grasp the main issue from over-attention to details. Out of the wood  out of danger or difficulty. ,Wood  ,1 a hard fibrous substance of the trunk or branches of a tree or shrub. B this for timber or fuel. 2  Growing trees densely occupying a tract of land. 3 wooden cask for wine etc. 4 wooden-headed golf club. 5 = ~bowl2 n. 1.  not see the wood for the trees fail to grasp the main issue from over-attention to details. Out of the wood  out of danger or difficulty.,2.7
Wood anemone  | A wild spring-flowering anemone.,Wood anemone  ,A wild spring-flowering anemone.,3.3
Woodbine  | Honeysuckle.,Woodbine  ,Honeysuckle.,3.0
Woodchuck  | N. American marmot. ,Woodchuck  ,N. American marmot.,2.4
Woodcock  | Game-bird related to the snipe.,Woodcock  ,Game-bird related to the snipe.,3.0
"Woodcraft  | 1 knowledge of woodland, esp. In camping etc. 2 skill in woodwork.",Woodcraft  ,"1 knowledge of woodland, esp. In camping etc. 2 skill in woodwork.",3.2
Woodcut  | 1 relief cut on wood. 2 print made from this.,Woodcut  ,1 relief cut on wood. 2 print made from this.,2.7
Woodcutter  | Person who cuts timber.,Woodcutter  ,Person who cuts timber.,2.4
Wooded  | Having woods or many trees.,Wooded  ,Having woods or many trees.,2.4
"Wooden  | 1 made of wood. 2 like wood. 3 a stiff, clumsy. B expressionless.  woodenly adv. Woodenness n.",Wooden  ,"1 made of wood. 2 like wood. 3 a stiff, clumsy. B expressionless.  woodenly adv. Woodenness n.",3.0
"Woodland  |  Wooded country, woods.",Woodland  ,"Wooded country, woods.",3.5
Woodlouse  |  small land crustacean with many legs.,Woodlouse  ,small land crustacean with many legs.,2.1
Woodman  | Forester.,Woodman  ,Forester.,2.9
Woodpecker  | Bird that taps tree-trunks in search of insects.,Woodpecker  ,Bird that taps tree-trunks in search of insects.,3.3
Woodpigeon  | Dove with white patches like a ring round its neck.,Woodpigeon  ,Dove with white patches like a ring round its neck.,2.8
"Woodpile  | Pile of wood, esp. For fuel.",Woodpile  ,"Pile of wood, esp. For fuel.",3.0
Wood pulp  | Wood-fibre prepared for paper-making.,Wood pulp  ,Wood-fibre prepared for paper-making.,3.1
Woodruff  | White-flowered plant with fragrant leaves.,Woodruff  ,White-flowered plant with fragrant leaves.,2.8
Woodshed  | Shed where wood for fuel is stored.  something nasty in the woodshed colloq. Shocking thing kept secret.,Woodshed  ,Shed where wood for fuel is stored.  something nasty in the woodshed colloq. Shocking thing kept secret.,3.2
"Woodwind  | 1 wind instruments that were  orig. Made of wood, e.g. The flute, clarinet, oboe, and saxophone. 2 one such instrument.",Woodwind  ,"1 wind instruments that were  orig. Made of wood, e.g. The flute, clarinet, oboe, and saxophone. 2 one such instrument.",3.1
Woodwork  | 1 making of things in wood. 2 things made of wood.  crawl out of the woodwork colloq.  appear.,Woodwork  ,1 making of things in wood. 2 things made of wood.  crawl out of the woodwork colloq.  appear.,3.3
Woodworm  | 1 wood-boring larva of a kind of beetle. 2 condition of wood affected by this.,Woodworm  ,1 wood-boring larva of a kind of beetle. 2 condition of wood affected by this.,2.5
Woody  |  1 wooded. 2 like or of wood.  woodiness n.,Woody  ,1 wooded. 2 like or of wood.  woodiness n.,2.8
Woodyard  | Yard where wood is used or stored.,Woodyard  ,Yard where wood is used or stored.,2.7
Woody nightshade  | A kind of nightshade with poisonous red berries.,Woody nightshade  ,A kind of nightshade with poisonous red berries.,2.8
Woof1  —| Gruff bark of a dog. —v. Give a woof. ,Woof1  ,Gruff bark of a dog. —v. Give a woof.,2.8
Woof2  | = ~weft 1. ,Woof2  ,= ~weft 1.,2.6
Woofer  | Loudspeaker for low frequencies. ,Woofer  ,Loudspeaker for low frequencies.,3.0
Wool  | 1 fine soft wavy hair from the fleece of sheep etc. 2 woollen yarn or cloth or clothing. 3 wool-like substance .  pull the wool over a person's eyes deceive a person. ,Wool  ,1 fine soft wavy hair from the fleece of sheep etc. 2 woollen yarn or cloth or clothing. 3 wool-like substance .  pull the wool over a person's eyes deceive a person.,2.9
Woolen   | Made wholly or partly of wool. —n. 1 woollen fabric. 2  Woollen garments. ,Woolen   ,Made wholly or partly of wool. —n. 1 woollen fabric. 2  Woollen garments.,3.0
Wool-gathering  | Absent-mindedness.,Wool-gathering  ,Absent-mindedness.,3.5
Woollen   | Made wholly or partly of wool. —n. 1 woollen fabric. 2  Woollen garments. ,Woollen   ,Made wholly or partly of wool. —n. 1 woollen fabric. 2  Woollen garments.,2.9
"Woolly  |  1 bearing wool. 2 like wool. 3 woollen . 4  indistinct. 5  vague or confused. —n.  colloq. Woollen garment, esp. A pullover.  woolliness n.",Woolly  ,"1 bearing wool. 2 like wool. 3 woollen . 4  indistinct. 5  vague or confused. —n.  colloq. Woollen garment, esp. A pullover.  woolliness n.",2.8
Woolsack  | 1 lord chancellor's wool-stuffed seat in the house of lords. 2 his position.,Woolsack  ,1 lord chancellor's wool-stuffed seat in the house of lords. 2 his position.,2.7
Woozy  |  colloq. 1 dizzy or unsteady. 2 slightly drunk.  woozily adv. Wooziness n. ,Woozy  ,colloq. 1 dizzy or unsteady. 2 slightly drunk.  woozily adv. Wooziness n.,2.9
Wop  | Slang offens. Italian or other s. European. ,Wop  ,Slang offens. Italian or other s. European.,2.6
Worcester sauce  | A pungent sauce. ,Worcester sauce  ,A pungent sauce.,3.5
"Word  —| 1 meaningful element of speech, usu. Shown with a space on either side of it when written or printed. 2 speech, esp. As distinct from action. 3 one's promise or assurance. 4  Thing said, remark, conversation. 5  Text of a song or an actor's part. 6  Angry talk . 7 news, message . 8 command . —v. Put into words; select words to express.  in other words expressing the same thing differently. In so many words in those very words; explicitly. In a  word briefly. My  word exclamation of surprise etc. Take a person at his or her word interpret a person's words literally. Take a person's word for it believe a person's statement without investigation etc. The word  the bible. Word for word in exactly the same or  corresponding words.  wordless adj. ",Word  ,"1 meaningful element of speech, usu. Shown with a space on either side of it when written or printed. 2 speech, esp. As distinct from action. 3 one's promise or assurance. 4  Thing said, remark, conversation. 5  Text of a song or an actor's part. 6  Angry talk . 7 news, message . 8 command . —v. Put into words; select words to express.  in other words expressing the same thing differently. In so many words in those very words; explicitly. In a  word briefly. My  word exclamation of surprise etc. Take a person at his or her word interpret a person's words literally. Take a person's word for it believe a person's statement without investigation etc. The word  the bible. Word for word in exactly the same or  corresponding words.  wordless adj.",2.7
Word-blindness  | = ~dyslexia.,Word-blindness  ,= ~dyslexia.,3.4
Word-game  | Game involving the making or selection etc. Of words.,Word-game  ,Game involving the making or selection etc. Of words.,3.5
Wording  | Form of words used.,Wording  ,Form of words used.,2.7
Word of mouth  | Speech .,Word of mouth  ,Speech .,2.1
Word-perfect  | Knowing one's part etc. By heart.,Word-perfect  ,Knowing one's part etc. By heart.,4.6
"Wordplay  | Witty use of words, esp. Punning.",Wordplay  ,"Witty use of words, esp. Punning.",3.4
"Word processor  | Computer program, or device incorporating a computer, used for storing text entered from a keyboard, making corrections, and providing a printout.  word-process v. Word processing n.",Word processor  ,"Computer program, or device incorporating a computer, used for storing text entered from a keyboard, making corrections, and providing a printout.  word-process v. Word processing n.",3.7
Wordy  |  using or expressed in too many words.  wordily adv. Wordiness n.,Wordy  ,using or expressed in too many words.  wordily adv. Wordiness n.,2.9
Wore  past of ~wear.,Wore  past of ,Wore  past of ~wear.,3.7
"Work  —| 1 application of mental or physical effort to a purpose; use of energy. 2 task to be undertaken. 3 thing done or made by work; result of an action. 4 employment or occupation etc., esp. As a means of earning income. 5 literary or musical composition. 6 actions or experiences of a specified kind . 7  Things made of a specified material or with specified tools etc. .",Work  ,"1 application of mental or physical effort to a purpose; use of energy. 2 task to be undertaken. 3 thing done or made by work; result of an action. 4 employment or occupation etc., esp. As a means of earning income. 5 literary or musical composition. 6 actions or experiences of a specified kind . 7  Things made of a specified material or with specified tools etc. .",2.8
"Workable  | That can be worked, will work, or is worth working.  workability n.",Workable  ,"That can be worked, will work, or is worth working.  workability n.",2.7
"Workaday  | Ordinary, everyday, practical.",Workaday  ,"Ordinary, everyday, practical.",2.3
Workaholic  | Colloq. Person addicted to working.,Workaholic  ,Colloq. Person addicted to working.,2.4
Work-basket  | Basket for sewing materials.,Work-basket  ,Basket for sewing materials.,3.4
"Workbench  | Bench for manual work, esp. Carpentry.",Workbench  ,"Bench for manual work, esp. Carpentry.",2.7
Workbook  | Student's book with exercises.,Workbook  ,Student's book with exercises.,3.3
"Workbox  | Box for tools, needlework, etc.",Workbox  ,"Box for tools, needlework, etc.",3.2
"Work camp  | Camp at which community work is done, esp. By young volunteers.",Work camp  ,"Camp at which community work is done, esp. By young volunteers.",3.3
Workday  | Day on which work is usually done.,Workday  ,Day on which work is usually done.,2.9
"Worker  | 1 person who works, esp. For an employer. 2 neuter bee or ant. 3 person who works hard.",Worker  ,"1 person who works, esp. For an employer. 2 neuter bee or ant. 3 person who works hard.",3.1
Work experience  | Scheme intended to give young people temporary experience of employment.,Work experience  ,Scheme intended to give young people temporary experience of employment.,3.0
Workforce  | 1 workers engaged or available. 2 number of these.,Workforce  ,1 workers engaged or available. 2 number of these.,3.0
Workhouse  | Hist. Public institution for the poor of a parish.,Workhouse  ,Hist. Public institution for the poor of a parish.,2.6
"Working  —| Adj. 1 a engaged in work . B while so engaged . 2 functioning or able to function . —n. 1 activity of work. 2 functioning. 3 mine or quarry. 4  Machinery, mechanism.",Working  ,"Adj. 1 a engaged in work . B while so engaged . 2 functioning or able to function . —n. 1 activity of work. 2 functioning. 3 mine or quarry. 4  Machinery, mechanism.",2.8
Working capital  | Capital actually used in a business.,Working capital  ,Capital actually used in a business.,2.9
"Working class  | Social class employed, esp. In manual or industrial work, for wages.  working-class adj.",Working class  ,"Social class employed, esp. In manual or industrial work, for wages.  working-class adj.",3.1
Working day  | 1 workday. 2 part of the day devoted to work.,Working day  ,1 workday. 2 part of the day devoted to work.,3.0
Working hypothesis  | Hypothesis as a basis for action.,Working hypothesis  ,Hypothesis as a basis for action.,2.8
Working knowledge  | Knowledge adequate to work with.,Working knowledge  ,Knowledge adequate to work with.,3.4
Working lunch  | Lunch at which business is conducted.,Working lunch  ,Lunch at which business is conducted.,3.0
Working order  | Condition in which a machine works.,Working order  ,Condition in which a machine works.,3.2
Working party  | Group of people appointed to study and advise on a particular problem.,Working party  ,Group of people appointed to study and advise on a particular problem.,3.0
Workload  | Amount of work to be done.,Workload  ,Amount of work to be done.,2.6
Workman  | 1 man employed to do manual labour. 2 person with regard to skill in a job .,Workman  ,1 man employed to do manual labour. 2 person with regard to skill in a job .,2.9
"Workmanlike  | Competent, showing practised skill.",Workmanlike  ,"Competent, showing practised skill.",2.5
Workmanship  | Degree of skill in doing a task or of finish in the product made.,Workmanship  ,Degree of skill in doing a task or of finish in the product made.,2.9
Workmate  | Person working alongside another.,Workmate  ,Person working alongside another.,3.0
"Work of art  | Fine picture, poem, building, etc.",Work of art  ,"Fine picture, poem, building, etc.",3.6
Workout  | Session of physical exercise or training.,Workout  ,Session of physical exercise or training.,2.3
Workpiece  | Thing worked on with a tool or machine.,Workpiece  ,Thing worked on with a tool or machine.,3.0
Workplace  | Place at which a person works.,Workplace  ,Place at which a person works.,2.4
Workroom  | Room for working in.,Workroom  ,Room for working in.,2.8
Worksheet  | 1 paper for recording work done or in progress. 2 paper listing questions or activities for students etc. To work through.,Worksheet  ,1 paper for recording work done or in progress. 2 paper listing questions or activities for students etc. To work through.,2.8
Workshop  | 1 room or building in which goods are manufactured. 2 place or meeting for concerted discussion or activity .,Workshop  ,1 room or building in which goods are manufactured. 2 place or meeting for concerted discussion or activity .,3.3
Work-shy  | Disinclined to work.,Work-shy  ,Disinclined to work.,3.0
Workstation  | 1 location of a stage in a manufacturing process. 2 computer terminal or the desk etc. Where this is located.,Workstation  ,1 location of a stage in a manufacturing process. 2 computer terminal or the desk etc. Where this is located.,2.8
Work study  | Assessment of methods of working so as to achieve maximum productivity.,Work study  ,Assessment of methods of working so as to achieve maximum productivity.,3.2
Work table  | Table for working at.,Work table  ,Table for working at.,3.8
"Worktop  | Flat surface for working on, esp. In a kitchen.",Worktop  ,"Flat surface for working on, esp. In a kitchen.",2.9
Work-to-rule  | Working to rule.,Work-to-rule  ,Working to rule.,2.8
"World  | 1 a the earth, or a planetary body like it. B its countries and people. 2 the universe, all that exists. 3 a the time, state, or scene of human existence. B  mortal life. 4 secular interests and affairs. 5 human affairs; active life. 6 average, respectable, or fashionable people or their customs or opinions. 7 all that concerns or all who belong to a specified class or sphere of activity . 8  vast amount. 9  Affecting many nations, of all nations .  bring  into the world give birth . For all the world  precisely. In the world of all; at all . Man  of the world person experienced and practical in human affairs. Out of this world colloq. Extremely good etc. Think the world of have a very high regard for. ",World  ,"1 a the earth, or a planetary body like it. B its countries and people. 2 the universe, all that exists. 3 a the time, state, or scene of human existence. B  mortal life. 4 secular interests and affairs. 5 human affairs; active life. 6 average, respectable, or fashionable people or their customs or opinions. 7 all that concerns or all who belong to a specified class or sphere of activity . 8  vast amount. 9  Affecting many nations, of all nations .  bring  into the world give birth . For all the world  precisely. In the world of all; at all . Man  of the world person experienced and practical in human affairs. Out of this world colloq. Extremely good etc. Think the world of have a very high regard for.",2.8
World-beater  | Person or thing surpassing all others.,World-beater  ,Person or thing surpassing all others.,3.0
World-class  | Of a quality or standard regarded as high throughout the world.,World-class  ,Of a quality or standard regarded as high throughout the world.,3.3
World cup  | Competition between football teams from various countries.,World cup  ,Competition between football teams from various countries.,3.4
World-famous  | Known throughout the world.,World-famous  ,Known throughout the world.,2.9
"Worldly  |  1 of the affairs of the world, temporal, earthly . 2 experienced in life, sophisticated, practical.  worldliness n.",Worldly  ,"1 of the affairs of the world, temporal, earthly . 2 experienced in life, sophisticated, practical.  worldliness n.",2.9
Worldly-wise  | Prudent or shrewd in one's dealings with the world.,Worldly-wise  ,Prudent or shrewd in one's dealings with the world.,3.1
World music  | Pop music that incorporates local or ethnic elements .,World music  ,Pop music that incorporates local or ethnic elements .,3.3
World war  | War involving many major nations.,World war  ,War involving many major nations.,3.1
World-weary  | Bored with human affairs.  world-weariness n.,World-weary  ,Bored with human affairs.  world-weariness n.,2.4
Worldwide  | Occurring in or known in all parts of the world. —adv. Throughout the world.,Worldwide  ,Occurring in or known in all parts of the world. —adv. Throughout the world.,3.0
"Worm  —| 1 any of various types of creeping invertebrate animals with long slender bodies and no limbs. 2 larva of an insect, esp. In fruit or wood. 3  Intestinal parasites. 4 insignificant or contemptible person. 5 spiral part of a screw. —v. 1  Move with a crawling motion. 2 refl.  insinuate oneself into favour etc. 3  obtain  By cunning persistence. 4 rid  Of worms. ",Worm  ,"1 any of various types of creeping invertebrate animals with long slender bodies and no limbs. 2 larva of an insect, esp. In fruit or wood. 3  Intestinal parasites. 4 insignificant or contemptible person. 5 spiral part of a screw. —v. 1  Move with a crawling motion. 2 refl.  insinuate oneself into favour etc. 3  obtain  By cunning persistence. 4 rid  Of worms.",2.7
Worm-cast  | Convoluted mass of earth left on the surface by a burrowing earthworm.,Worm-cast  ,Convoluted mass of earth left on the surface by a burrowing earthworm.,2.8
Wormeaten  | 1 eaten into by worms; decayed. 2 old and dilapidated.,Wormeaten  ,1 eaten into by worms; decayed. 2 old and dilapidated.,2.6
Worm-hole  | Hole left by the passage of a worm.,Worm-hole  ,Hole left by the passage of a worm.,2.3
Worm's-eye view  | View from below or from a humble position.,Worm,View from below or from a humble position.,2.7
Wormwood  | 1 plant with a bitter aromatic taste. 2 bitter mortification; source of this. ,Wormwood  ,1 plant with a bitter aromatic taste. 2 bitter mortification; source of this.,3.0
Wormy  |  1 full of worms. 2 wormeaten.  worminess n.,Wormy  ,1 full of worms. 2 wormeaten.  worminess n.,2.4
Worn  | Of ~wear. —adj. 1 damaged by use or wear. 2 looking tired and exhausted.,Worn  ,Of ~wear. —adj. 1 damaged by use or wear. 2 looking tired and exhausted.,2.8
Worrisome  | Causing worry.,Worrisome  ,Causing worry.,2.6
"Worry  |  1 give way to anxiety. 2 harass, importune; be a trouble or anxiety to. 3  Shake or pull about with the teeth. 4  Uneasy. —n.  1 thing that causes anxiety or disturbs tranquility. 2 disturbed state of mind; anxiety.  worrier n. ",Worry  ,"1 give way to anxiety. 2 harass, importune; be a trouble or anxiety to. 3  Shake or pull about with the teeth. 4  Uneasy. —n.  1 thing that causes anxiety or disturbs tranquility. 2 disturbed state of mind; anxiety.  worrier n.",2.8
Worry beads  |pl. String of beads manipulated with the fingers to occupy or calm oneself.,Worry beads  ,pl. String of beads manipulated with the fingers to occupy or calm oneself.,2.8
Worse  | 1 more bad. 2  In or into worse health or a worse condition . —adv. More badly; more ill. —n. 1 worse thing or things . 2  worse condition .  none the worse  not adversely affected . The worse for wear 1 damaged by use. 2 injured. Worse luck unfortunately. Worse off in a worse  position. ,Worse  ,1 more bad. 2  In or into worse health or a worse condition . —adv. More badly; more ill. —n. 1 worse thing or things . 2  worse condition .  none the worse  not adversely affected . The worse for wear 1 damaged by use. 2 injured. Worse luck unfortunately. Worse off in a worse  position.,2.7
Worsen  | Make or become worse.,Worsen  ,Make or become worse.,2.9
"Worship  —| 1 a homage or service to a deity. B acts, rites, or ceremonies of this. 2 adoration, devotion. 3   forms of description or address for a mayor, certain magistrates, etc. —v.  1 adore as divine; honour with religious rites. 2 idolize or regard with adoration. 3 attend public worship. 4 be full of adoration.  worshipper n. ",Worship  ,"1 a homage or service to a deity. B acts, rites, or ceremonies of this. 2 adoration, devotion. 3   forms of description or address for a mayor, certain magistrates, etc. —v.  1 adore as divine; honour with religious rites. 2 idolize or regard with adoration. 3 attend public worship. 4 be full of adoration.  worshipper n.",3.1
"Worshipful  |  archaic  honourable, distinguished.",Worshipful  ,"archaic  honourable, distinguished.",3.4
Worst  | Most bad. —adv. Most badly. —n. Worst part or possibility . —v. Get the better of; defeat.  at its etc. Worst in the worst state. At worst  in the worst possible case. Do your worst expression of defiance. Get the worst of it be defeated. If the worst comes to the worst if the worst happens. ,Worst  ,Most bad. —adv. Most badly. —n. Worst part or possibility . —v. Get the better of; defeat.  at its etc. Worst in the worst state. At worst  in the worst possible case. Do your worst expression of defiance. Get the worst of it be defeated. If the worst comes to the worst if the worst happens.,3.3
Worsted  | 1 fine woollen yarn. 2 fabric made from this. ,Worsted  ,1 fine woollen yarn. 2 fabric made from this.,3.1
Wort  | 1 archaic  plant . 2 infusion of malt before it is fermented into beer. ,Wort  ,1 archaic  plant . 2 infusion of malt before it is fermented into beer.,2.7
Worth  —| Adj.  1 of a value equivalent to . 2 such as to justify or repay . 3 possessing or having property amounting to . —n. 1 what a person or thing is worth; the  merit of . 2 equivalent of money in a commodity .  for all one is worth colloq. With one's utmost efforts. For what it is worth without a guarantee of its truth or value. Worth it colloq. Worth while. Worth one's salt see ~salt. Worth one's weight in gold see ~weight. Worth while  see ~while. ,Worth  ,Adj.  1 of a value equivalent to . 2 such as to justify or repay . 3 possessing or having property amounting to . —n. 1 what a person or thing is worth; the  merit of . 2 equivalent of money in a commodity .  for all one is worth colloq. With one's utmost efforts. For what it is worth without a guarantee of its truth or value. Worth it colloq. Worth while. Worth one's salt see ~salt. Worth one's weight in gold see ~weight. Worth while  see ~while.,2.7
Worthless  | Without value or merit.  worthlessness n.,Worthless  ,Without value or merit.  worthlessness n.,1.8
"Worthwhile  | That is worth the time, effort, or money spent.",Worthwhile  ,"That is worth the time, effort, or money spent.",3.1
"Worthy  |  1 deserving respect, estimable . 2 entitled to  recognition . 3 a  Deserving . B  adequate or suitable to the dignity etc. Of . —n.  1 worthy person. 2 person of some distinction.  worthily adv. Worthiness n.",Worthy  ,"1 deserving respect, estimable . 2 entitled to  recognition . 3 a  Deserving . B  adequate or suitable to the dignity etc. Of . —n.  1 worthy person. 2 person of some distinction.  worthily adv. Worthiness n.",2.7
"Would  |aux.  past of ~will1, used esp.: 1 in reported speech . 2 to express a condition . 3 to express habitual action . 4 to express a question or polite request . 5 to express probability . 6 to express consent .",Would  ,"aux.  past of ~will1, used esp.: 1 in reported speech . 2 to express a condition . 3 to express habitual action . 4 to express a question or polite request . 5 to express probability . 6 to express consent .",2.8
Would-be  | Adj. Desiring or aspiring to be.,Would-be  ,Adj. Desiring or aspiring to be.,3.0
Wouldn't  contr. Would not.,Wouldn,Wouldn't  contr. Would not.,2.8
Wound1  —| 1 injury done to living tissue by a deep cut or heavy blow etc. 2 pain inflicted on one's feelings; injury to one's reputation. —v. Inflict a wound on. ,Wound1  ,1 injury done to living tissue by a deep cut or heavy blow etc. 2 pain inflicted on one's feelings; injury to one's reputation. —v. Inflict a wound on.,2.9
Wound2  | Of ~wind2.,Wound2  ,Of ~wind2.,2.7
Wound up  | Excited; tense; angry.,Wound up  ,Excited; tense; angry.,2.9
Wove  past of ~weave1.,Wove  past of ,Wove  past of ~weave1.,3.3
Woven  | Of ~weave1.,Woven  ,Of ~weave1.,3.1
Wow1  | Expressing astonishment or admiration. —n. Slang sensational success. —v. Slang impress greatly. ,Wow1  ,Expressing astonishment or admiration. —n. Slang sensational success. —v. Slang impress greatly.,3.4
"Wow2  | Slow pitch-fluctuation in sound-reproduction, perceptible in long notes. ",Wow2  ,"Slow pitch-fluctuation in sound-reproduction, perceptible in long notes.",3.4
