Ad  | Colloq. Advertisement. ,Ad  ,Colloq. Advertisement.,3.3
"Adage  | Traditional maxim, proverb. ",Adage  ,"Traditional maxim, proverb.",2.9
Adagio  mus. —| In slow time. —n.  such a movement or passage. ,Adagio  mus,In slow time. —n.  such a movement or passage.,3.5
Adam  | The first man.  not know a person from adam be unable to recognize a person. ,Adam  ,The first man.  not know a person from adam be unable to recognize a person.,2.7
Adamant  | Stubbornly resolute; unyielding.  adamantly adv. ,Adamant  ,Stubbornly resolute; unyielding.  adamantly adv.,2.8
Adam's apple  | Projection of cartilage at the front of the neck.,Adam,Projection of cartilage at the front of the neck.,2.7
"Adapt  | 1 a  fit, adjust . B  make suitable for a purpose. C modify . 2  adjust to new conditions.  adaptable adj. Adaptation n. ",Adapt  ,"1 a  fit, adjust . B  make suitable for a purpose. C modify . 2  adjust to new conditions.  adaptable adj. Adaptation n.",2.9
Adaptor  | 1 device for making equipment compatible. 2 device for connecting several electrical plugs to one socket.,Adaptor  ,1 device for making equipment compatible. 2 device for connecting several electrical plugs to one socket.,2.9
Add  | 1 join  as an increase or supplement. 2 put together  to find their total. 3 say further.  add in include. Add up 1 find the total of. 2  amount to. 3 colloq. Make sense. ,Add  ,1 join  as an increase or supplement. 2 put together  to find their total. 3 say further.  add in include. Add up 1 find the total of. 2  amount to. 3 colloq. Make sense.,3.0
Addendum  |  1 thing to be added. 2 material added at the end of a book.,Addendum  ,1 thing to be added. 2 material added at the end of a book.,3.5
"Adder  | Small venomous snake, esp. The common viper. ",Adder  ,"Small venomous snake, esp. The common viper.",3.3
"Addict  | 1 person addicted, esp. To a drug. 2 colloq. Devotee . ",Addict  ,"1 person addicted, esp. To a drug. 2 colloq. Devotee .",3.2
Addicted  | 1  dependent on a drug etc. As a habit. 2 devoted to an interest.  addiction n.,Addicted  ,1  dependent on a drug etc. As a habit. 2 devoted to an interest.  addiction n.,2.6
Addictive  | Causing addiction.,Addictive  ,Causing addiction.,3.0
"Addition  | 1 adding. 2 person or thing added.  in addition  also, as well . ",Addition  ,"1 adding. 2 person or thing added.  in addition  also, as well .",3.2
"Additional  | Added, extra, supplementary.  additionally adv.",Additional  ,"Added, extra, supplementary.  additionally adv.",2.7
"Additive  | Substance added to improve another, esp. To colour, flavour, or preserve food. ",Additive  ,"Substance added to improve another, esp. To colour, flavour, or preserve food.",2.8
"Addle  |  1 muddle, confuse. 2   become rotten. ",Addle  ,"1 muddle, confuse. 2   become rotten.",3.4
"Address  —| 1 a place where a person lives or an organization is situated. B particulars of this, esp. For postal purposes. C computing location of an item of stored information. 2 discourse to an audience. —v. 1 write postal directions on . 2 direct . 3 speak or write to, esp. Formally. 4 direct one's attention to. 5 golf take aim at .  address oneself to 1 speak or write to. 2 attend to. ",Address  ,"1 a place where a person lives or an organization is situated. B particulars of this, esp. For postal purposes. C computing location of an item of stored information. 2 discourse to an audience. —v. 1 write postal directions on . 2 direct . 3 speak or write to, esp. Formally. 4 direct one's attention to. 5 golf take aim at .  address oneself to 1 speak or write to. 2 attend to.",2.7
Addressee  | Person to whom a letter etc. Is addressed.,Addressee  ,Person to whom a letter etc. Is addressed.,2.6
Adduce  |  cite as an instance or as proof or evidence.  adducible adj. ,Adduce  ,cite as an instance or as proof or evidence.  adducible adj.,2.7
"Adenoids  |pl. Area of enlarged lymphatic tissue between the nose and the throat, often hindering breathing in the young.  adenoidal adj. ",Adenoids  ,"pl. Area of enlarged lymphatic tissue between the nose and the throat, often hindering breathing in the young.  adenoidal adj.",2.6
Adept  |  skilful. —n. Adept person. ,Adept  ,skilful. —n. Adept person.,2.9
"Adequate  | Sufficient, satisfactory.  adequacy n. Adequately adv. ",Adequate  ,"Sufficient, satisfactory.  adequacy n. Adequately adv.",2.3
Adhere  |  1  stick fast to a substance etc. 2  behave according to . 3  give allegiance. ,Adhere  ,1  stick fast to a substance etc. 2  behave according to . 3  give allegiance.,3.4
"Adherent  —| Supporter. —adj. Sticking, adhering.  adherence n.",Adherent  ,"Supporter. —adj. Sticking, adhering.  adherence n.",3.3
Adhesion  | 1 adhering. 2 unnatural union of body tissues due to inflammation.,Adhesion  ,1 adhering. 2 unnatural union of body tissues due to inflammation.,2.8
"Adhesive  | Sticky, causing adhesion. —n. Adhesive substance.  adhesiveness n.",Adhesive  ,"Sticky, causing adhesion. —n. Adhesive substance.  adhesiveness n.",3.0
Ad hoc  | For one particular occasion or use. ,Ad hoc  ,For one particular occasion or use.,3.3
Adieu  | Goodbye. ,Adieu  ,Goodbye.,3.3
Ad infinitum  | Without limit; for ever. ,Ad infinitum  ,Without limit; for ever.,2.5
Adipose  | Of fat; fatty .  adiposity n. ,Adipose  ,Of fat; fatty .  adiposity n.,3.2
Adjacent  |  lying near; adjoining.  adjacency n. ,Adjacent  ,lying near; adjoining.  adjacency n.,3.3
Adjective  | Word used to describe or modify a noun or pronoun.  adjectival adj. ,Adjective  ,Word used to describe or modify a noun or pronoun.  adjectival adj.,2.7
Adjoin  | Be next to and joined with. ,Adjoin  ,Be next to and joined with.,2.8
"Adjourn  | 1 put off, postpone; break off  Temporarily. 2  break and disperse or  transfer to another place .  adjournment n. ",Adjourn  ,"1 put off, postpone; break off  Temporarily. 2  break and disperse or  transfer to another place .  adjournment n.",3.0
Adjudge  |  1 pronounce judgement on . 2 pronounce or award judicially.  adjudgement n. . ,Adjudge  ,1 pronounce judgement on . 2 pronounce or award judicially.  adjudgement n. .,2.8
"Adjudicate  |  1 act as judge in a competition, court, etc. 2 adjudge.  adjudication n. Adjudicative adj. Adjudicator n.",Adjudicate  ,"1 act as judge in a competition, court, etc. 2 adjudge.  adjudication n. Adjudicative adj. Adjudicator n.",2.2
"Adjunct  | 1  subordinate or incidental thing. 2 gram. Word or phrase used to explain or amplify the predicate, subject, etc. ",Adjunct  ,"1  subordinate or incidental thing. 2 gram. Word or phrase used to explain or amplify the predicate, subject, etc.",2.9
Adjure  |   Beg or command.  adjuration n. ,Adjure  ,Beg or command.  adjuration n.,2.7
Adjust  | 1 order or position; regulate; arrange. 2  become or make suited; adapt. 3 harmonize . 4 assess .  adjustable adj. Adjustment n. ,Adjust  ,1 order or position; regulate; arrange. 2  become or make suited; adapt. 3 harmonize . 4 assess .  adjustable adj. Adjustment n.,3.3
Adjutant  | 1 a army officer assisting a superior in administrative duties. B assistant. 2  giant indian stork. ,Adjutant  ,1 a army officer assisting a superior in administrative duties. B assistant. 2  giant indian stork.,2.9
"Ad lib  |  improvise. —adj. Improvised. —adv. As one pleases, to any desired extent. ",Ad lib  ,"improvise. —adj. Improvised. —adv. As one pleases, to any desired extent.",3.2
Admin  | Colloq. Administration. ,Admin  ,Colloq. Administration.,2.9
"Administer  | 1 manage . 2 a deliver or dispense, esp. Formally . B  direct the taking of . ",Administer  ,"1 manage . 2 a deliver or dispense, esp. Formally . B  direct the taking of .",2.9
Administrate  |  administer ; act as an administrator.,Administrate  ,administer ; act as an administrator.,3.0
"Administration  | 1 administering, esp. Public affairs. 2 government in power.",Administration  ,"1 administering, esp. Public affairs. 2 government in power.",3.1
Administrative  | Of the management of affairs.,Administrative  ,Of the management of affairs.,2.7
"Administrator  | Manager of a business, public affairs, or a person's estate.",Administrator  ,"Manager of a business, public affairs, or a person's estate.",1.6
Admirable  | Deserving admiration; excellent.  admirably adv. ,Admirable  ,Deserving admiration; excellent.  admirably adv.,3.3
"Admiral  | 1 a commander-in-chief of a navy. B high-ranking naval officer, commander. 2 any of various butterflies. ",Admiral  ,"1 a commander-in-chief of a navy. B high-ranking naval officer, commander. 2 any of various butterflies.",2.7
Admiralty  |   hist. Committee superintending the royal navy.,Admiralty  ,hist. Committee superintending the royal navy.,2.8
Admiration  | 1 respect; warm approval or pleasure. 2 object of this.,Admiration  ,1 respect; warm approval or pleasure. 2 object of this.,3.0
"Admire  |  1 regard with approval, respect, or satisfaction. 2 express admiration of.  admirer n. Admiring adj. Admirlingly adv. ",Admire  ,"1 regard with approval, respect, or satisfaction. 2 express admiration of.  admirer n. Admiring adj. Admirlingly adv.",3.2
Admissible  | 1  Worth accepting or considering. 2 law allowable as evidence. ,Admissible  ,1  Worth accepting or considering. 2 law allowable as evidence.,2.8
Admission  | 1 acknowledgement . 2 a process or right of entering. B charge for this .,Admission  ,1 acknowledgement . 2 a process or right of entering. B charge for this .,3.3
"Admit  |  1  acknowledge; recognize as true. 2  confess to . 3 allow  entrance, access, etc. 4 take  into hospital. 5  accommodate. 6  allow as possible. ",Admit  ,"1  acknowledge; recognize as true. 2  confess to . 3 allow  entrance, access, etc. 4 take  into hospital. 5  accommodate. 6  allow as possible.",2.8
"Admittance  | Admitting or being admitted, usu. To a place.",Admittance  ,"Admitting or being admitted, usu. To a place.",2.5
Admittedly  | As must be admitted.,Admittedly  ,As must be admitted.,2.9
"Admixture  | 1 thing added, esp. A minor ingredient. 2 adding of this.",Admixture  ,"1 thing added, esp. A minor ingredient. 2 adding of this.",2.5
"Admonish  | 1 reprove. 2 urge, advise. 3  warn.  admonishment n. Admonition n. Admonitory adj. ",Admonish  ,"1 reprove. 2 urge, advise. 3  warn.  admonishment n. Admonition n. Admonitory adj.",3.0
Ad nauseam  | Excessively; disgustingly. ,Ad nauseam  ,Excessively; disgustingly.,1.5
"Ado  | Fuss, busy activity; trouble. ",Ado  ,"Fuss, busy activity; trouble.",2.8
Adobe  | 1 sun-dried brick. 2 clay for making these. ,Adobe  ,1 sun-dried brick. 2 clay for making these.,3.1
Adolescent  | Between childhood and adulthood. —n. Adolescent person.  adolescence n. ,Adolescent  ,Between childhood and adulthood. —n. Adolescent person.  adolescence n.,3.1
Adonis  | Handsome young man. ,Adonis  ,Handsome young man.,3.4
"Adopt  | 1 legally take  into a relationship, esp. Another's child as one's own. 2 choose . 3 take over . 4 choose as a candidate for office. 5 accept responsibility for the maintenance of . 6 accept or approve .  adoption n. ",Adopt  ,"1 legally take  into a relationship, esp. Another's child as one's own. 2 choose . 3 take over . 4 choose as a candidate for office. 5 accept responsibility for the maintenance of . 6 accept or approve .  adoption n.",3.3
Adoptive  | Because of adoption . ,Adoptive  ,Because of adoption .,2.8
"Adorable  | 1 deserving adoration. 2 colloq. Delightful, charming.",Adorable  ,"1 deserving adoration. 2 colloq. Delightful, charming.",2.9
Adore  |  1 love intensely. 2 worship as divine. 3 colloq. Like very much.  adoration n. Adorer n. ,Adore  ,1 love intensely. 2 worship as divine. 3 colloq. Like very much.  adoration n. Adorer n.,2.8
Adorn  | Add beauty to; decorate.  adornment n. ,Adorn  ,Add beauty to; decorate.  adornment n.,2.8
"Adrenal  | 1 at or near the kidneys. 2 of the adrenal glands. —n.  either of two ductless glands above the kidneys, secreting adrenalin. ",Adrenal  ,"1 at or near the kidneys. 2 of the adrenal glands. —n.  either of two ductless glands above the kidneys, secreting adrenalin.",2.7
Adrenalin  |  1 stimulative hormone secreted by the adrenal glands. 2 this extracted or synthesized for medicinal use.,Adrenalin  ,1 stimulative hormone secreted by the adrenal glands. 2 this extracted or synthesized for medicinal use.,2.6
"Adrift  | & predic.adj. 1 drifting. 2 powerless; aimless. 3 colloq. A unfastened. B out of order, wrong .",Adrift  ,"& predic.adj. 1 drifting. 2 powerless; aimless. 3 colloq. A unfastened. B out of order, wrong .",2.8
"Adroit  | Dexterous, skilful. ",Adroit  ,"Dexterous, skilful.",2.5
"Adsorb  |  hold  To its surface, forming a thin film.  adsorbent adj. & n. Adsorption n. ",Adsorb  ,"hold  To its surface, forming a thin film.  adsorbent adj. & n. Adsorption n.",2.8
Adulation  | Obsequious flattery. ,Adulation  ,Obsequious flattery.,2.8
"Adult  | 1 mature, grown-up. 2  Of or for adults . —n. Adult person.  adulthood n. ",Adult  ,"1 mature, grown-up. 2  Of or for adults . —n. Adult person.  adulthood n.",3.4
Adulterate  |  debase  by adding other substances.  adulterant adj. & n. Adulteration n. ,Adulterate  ,debase  by adding other substances.  adulterant adj. & n. Adulteration n.,2.9
Adulterer  |  person who commits adultery.,Adulterer  ,person who commits adultery.,2.8
Adultery  | Voluntary sexual intercourse between a married person and a person other than his or her spouse.  adulterous adj.,Adultery  ,Voluntary sexual intercourse between a married person and a person other than his or her spouse.  adulterous adj.,3.0
Adumbrate  |  1 indicate faintly or in outline. 2 foreshadow. 3 overshadow.  adumbration n. ,Adumbrate  ,1 indicate faintly or in outline. 2 foreshadow. 3 overshadow.  adumbration n.,2.8
Advance  |  1 move or put forward; progress. 2 pay or lend  beforehand. 3 promote . 4 present . 5  A well ahead. B socially progressive. —n. 1 going forward; progress. 2 prepayment; loan. 3  Amorous approaches. 4 rise in price. —attrib. Adj. Done or supplied beforehand .  advance on approach threateningly. In advance ahead in place or time. ,Advance  ,1 move or put forward; progress. 2 pay or lend  beforehand. 3 promote . 4 present . 5  A well ahead. B socially progressive. —n. 1 going forward; progress. 2 prepayment; loan. 3  Amorous approaches. 4 rise in price. —attrib. Adj. Done or supplied beforehand .  advance on approach threateningly. In advance ahead in place or time.,3.2
Advanced level  | High level of gce examination.,Advanced level  ,High level of gce examination.,3.4
"Advancement  | Promotion of a person, cause, or plan.",Advancement  ,"Promotion of a person, cause, or plan.",2.8
"Advantage  —| 1 beneficial feature. 2 benefit, profit. 3  superiority. 4  the next point after deuce. —v.  benefit, favour.  take advantage of 1 make good use of. 2 exploit, esp. Unfairly. 3 euphem. Seduce.  advantageous adj. ",Advantage  ,"1 beneficial feature. 2 benefit, profit. 3  superiority. 4  the next point after deuce. —v.  benefit, favour.  take advantage of 1 make good use of. 2 exploit, esp. Unfairly. 3 euphem. Seduce.  advantageous adj.",2.9
Advent  | 1 season before christmas. 2 coming of christ. 3  important arrival. ,Advent  ,1 season before christmas. 2 coming of christ. 3  important arrival.,2.8
Adventist  | Member of a christian sect believing in the imminent second coming of christ.,Adventist  ,Member of a christian sect believing in the imminent second coming of christ.,2.6
"Adventitious  | 1 accidental, casual. 2 added from outside. 3 biol. Formed accidentally or under unusual conditions. ",Adventitious  ,"1 accidental, casual. 2 added from outside. 3 biol. Formed accidentally or under unusual conditions.",2.6
"Adventure  —| 1 unusual and exciting experience. 2 enterprise . —v.  dare, venture; engage in adventure. ",Adventure  ,"1 unusual and exciting experience. 2 enterprise . —v.  dare, venture; engage in adventure.",3.1
"Adventure playground  | Playground with climbing-frames, building blocks, etc.",Adventure playground  ,"Playground with climbing-frames, building blocks, etc.",3.3
"Adventurer  |  1 person who seeks adventure, esp. For personal gain or enjoyment. 2 financial speculator.",Adventurer  ,"1 person who seeks adventure, esp. For personal gain or enjoyment. 2 financial speculator.",2.6
"Adventurous  | Venturesome, enterprising.",Adventurous  ,"Venturesome, enterprising.",2.9
"Adverb  | Word indicating manner, degree, circumstance, etc., used to modify an adjective, verb, or other adverb .  adverbial adj. ",Adverb  ,"Word indicating manner, degree, circumstance, etc., used to modify an adjective, verb, or other adverb .  adverbial adj.",3.1
"Adversary  |  enemy, opponent.",Adversary  ,"enemy, opponent.",3.4
Adverse  | Unfavourable; harmful.  adversely adv. ,Adverse  ,Unfavourable; harmful.  adversely adv.,3.0
"Adversity  | Misfortune, distress.",Adversity  ,"Misfortune, distress.",2.8
Advert  | Colloq. Advertisement. ,Advert  ,Colloq. Advertisement.,2.8
"Advertise  |  1 promote  publicly to increase sales. 2 make generally known. 3  seek by a notice in a newspaper etc. To buy, employ, sell, etc. ",Advertise  ,"1 promote  publicly to increase sales. 2 make generally known. 3  seek by a notice in a newspaper etc. To buy, employ, sell, etc.",3.0
"Advertisement  | 1 public announcement, esp. Of goods etc. For sale or wanted, vacancies, etc. 2 advertising. ",Advertisement  ,"1 public announcement, esp. Of goods etc. For sale or wanted, vacancies, etc. 2 advertising.",2.5
Advice  | 1 recommendation on how to act. 2 information given; news. 3 formal notice of a transaction.,Advice  ,1 recommendation on how to act. 2 information given; news. 3 formal notice of a transaction.,2.8
"Advisable  | To be recommended, expedient.  advisability n.",Advisable  ,"To be recommended, expedient.  advisability n.",2.2
Advise  |  1  Give advice to. 2 recommend . 3  inform. ,Advise  ,1  Give advice to. 2 recommend . 3  inform.,3.1
Advisedly  | After due consideration; deliberately.,Advisedly  ,After due consideration; deliberately.,2.8
"Adviser  |  person who advises, esp. Officially.",Adviser  ,"person who advises, esp. Officially.",3.0
Advisory  | Giving advice .,Advisory  ,Giving advice .,3.0
"Advocaat  | Liqueur of eggs, sugar, and brandy. ",Advocaat  ,"Liqueur of eggs, sugar, and brandy.",2.4
"Advocacy  | Support or argument for a cause, policy, etc.",Advocacy  ,"Support or argument for a cause, policy, etc.",2.7
"Advocate  —| 1  person who supports or speaks in favour. 2 person who pleads for another, esp. In a lawcourt. —v.  recommend by argument. ",Advocate  ,"1  person who supports or speaks in favour. 2 person who pleads for another, esp. In a lawcourt. —v.  recommend by argument.",2.8
"Adz  |  tool like an axe, with an arched blade at right angles to the handle. ",Adz  ,"tool like an axe, with an arched blade at right angles to the handle.",3.0
"Adze  |  tool like an axe, with an arched blade at right angles to the handle. ",Adze  ,"tool like an axe, with an arched blade at right angles to the handle.",2.9
