Kibbutz  |  communal esp. Farming settlement in israel. ,Kibbutz  ,communal esp. Farming settlement in israel.,2.2
Kibosh  | Slang nonsense.  put the kibosh on put an end to. ,Kibosh  ,Slang nonsense.  put the kibosh on put an end to.,2.4
"Kick  | 1 strike, strike out, or propel forcibly, with the foot or hoof. 2  protest at; rebel against. 3 slang give up . 4  Expel or dismiss forcibly. 5 refl. Be annoyed with oneself. 6 football score  by a kick. —n. 1 kicking action or blow. 2 colloq. A sharp stimulant effect, esp. Of alcohol. B  Thrill . 3 strength, resilience . 4 colloq. Specified temporary interest . 5 recoil of a gun when fired.  kick about  colloq. 1 a drift idly from place to place. B be unused or unwanted. 2 a treat roughly. B discuss unsystematically. Kick the bucket slang die. Kick one's heels see ~heel1.",Kick  ,"1 strike, strike out, or propel forcibly, with the foot or hoof. 2  protest at; rebel against. 3 slang give up . 4  Expel or dismiss forcibly. 5 refl. Be annoyed with oneself. 6 football score  by a kick. —n. 1 kicking action or blow. 2 colloq. A sharp stimulant effect, esp. Of alcohol. B  Thrill . 3 strength, resilience . 4 colloq. Specified temporary interest . 5 recoil of a gun when fired.  kick about  colloq. 1 a drift idly from place to place. B be unused or unwanted. 2 a treat roughly. B discuss unsystematically. Kick the bucket slang die. Kick one's heels see ~heel1.",2.7
"Kickback  | Colloq. 1 recoil. 2  payment for help or favours, esp. In business.",Kickback  ,"Colloq. 1 recoil. 2  payment for help or favours, esp. In business.",3.1
Kick-off  | Football start or resumption of a match.,Kick-off  ,Football start or resumption of a match.,3.2
Kickstand  | Rod for supporting a bicycle or motor cycle when stationary.,Kickstand  ,Rod for supporting a bicycle or motor cycle when stationary.,2.8
Kick-start  —|  device to start the engine of a motor cycle etc. By the downward thrust of a pedal. —v. Start  In this way.,Kick-start  ,device to start the engine of a motor cycle etc. By the downward thrust of a pedal. —v. Start  In this way.,3.3
Kid1  —| 1 young goat. 2 leather from this. 3 colloq. Child. —v.   give birth.  handle with kid gloves treat carefully. ,Kid1  ,1 young goat. 2 leather from this. 3 colloq. Child. —v.   give birth.  handle with kid gloves treat carefully.,2.9
"Kid2  |   colloq. Deceive, trick, tease .  no kidding slang that is the truth. ",Kid2  ,"colloq. Deceive, trick, tease .  no kidding slang that is the truth.",2.7
Kiddie  |   slang = ~kid1 n. 3.,Kiddie  ,slang = ~kid1 n. 3.,2.9
Kiddo  |  slang = ~kid1 n. 3.,Kiddo  ,slang = ~kid1 n. 3.,3.1
"Kidnap  |  1 abduct , esp. To obtain a ransom. 2 steal .  kidnapper n. ",Kidnap  ,"1 abduct , esp. To obtain a ransom. 2 steal .  kidnapper n.",2.9
Kidney  |  1 either of two organs in the abdominal cavity of vertebrates which remove nitrogenous wastes from the blood and excrete urine. 2 animal's kidney as food. ,Kidney  ,1 either of two organs in the abdominal cavity of vertebrates which remove nitrogenous wastes from the blood and excrete urine. 2 animal's kidney as food.,2.8
Kidney bean  | Red-skinned dried bean.,Kidney bean  ,Red-skinned dried bean.,2.7
Kidney machine  | Machine able to take over the function of a damaged kidney.,Kidney machine  ,Machine able to take over the function of a damaged kidney.,3.6
Kidney-shaped  | Having one side concave and the other convex.,Kidney-shaped  ,Having one side concave and the other convex.,3.0
"Kill  | 1  Deprive of life or vitality; cause death or the death of. 2 destroy . 3 refl. Colloq. A overexert oneself . B laugh heartily. 4 colloq. Overwhelm with amusement. 5 switch off . 6 computing colloq. Delete. 7 colloq. Cause pain or discomfort to . 8 pass  usu. While waiting . 9 defeat . 10 a tennis etc. Hit  so that it cannot be returned. B stop  dead. 11 make ineffective  . —n. 1 act of killing . 2 animal killed, esp. By a hunter. 3 colloq. Destruction or disablement of an enemy aircraft etc.  dressed to kill dressed showily or alluringly. In at the kill present at a successful conclusion. Kill off 1 destroy completely. 2  bring about the death of . Kill or cure   Drastic, extreme. Kill two birds with one stone achieve two aims at once. Kill with kindness spoil with overindulgence. ",Kill  ,"1  Deprive of life or vitality; cause death or the death of. 2 destroy . 3 refl. Colloq. A overexert oneself . B laugh heartily. 4 colloq. Overwhelm with amusement. 5 switch off . 6 computing colloq. Delete. 7 colloq. Cause pain or discomfort to . 8 pass  usu. While waiting . 9 defeat . 10 a tennis etc. Hit  so that it cannot be returned. B stop  dead. 11 make ineffective  . —n. 1 act of killing . 2 animal killed, esp. By a hunter. 3 colloq. Destruction or disablement of an enemy aircraft etc.  dressed to kill dressed showily or alluringly. In at the kill present at a successful conclusion. Kill off 1 destroy completely. 2  bring about the death of . Kill or cure   Drastic, extreme. Kill two birds with one stone achieve two aims at once. Kill with kindness spoil with overindulgence.",2.8
"Killer  | 1 a person, animal, or thing that kills. B murderer. 2 colloq. A impressive, formidable, or excellent thing. B hilarious joke.",Killer  ,"1 a person, animal, or thing that kills. B murderer. 2 colloq. A impressive, formidable, or excellent thing. B hilarious joke.",2.7
Killer instinct  | 1 innate tendency to kill. 2 ruthless streak.,Killer instinct  ,1 innate tendency to kill. 2 ruthless streak.,2.3
Killer whale  | Dolphin with a prominent dorsal fin.,Killer whale  ,Dolphin with a prominent dorsal fin.,2.2
Killing  —| 1 a causing of death. B instance of this. 2 colloq. Great  success . —adj. Colloq. 1 very funny. 2 exhausting.,Killing  ,1 a causing of death. B instance of this. 2 colloq. Great  success . —adj. Colloq. 1 very funny. 2 exhausting.,3.3
"Killjoy  | Gloomy or censorious person, esp. At a party etc.",Killjoy  ,"Gloomy or censorious person, esp. At a party etc.",2.9
"Kiln  | Furnace or oven for burning, baking, or drying, esp. For calcining lime or firing pottery etc. ",Kiln  ,"Furnace or oven for burning, baking, or drying, esp. For calcining lime or firing pottery etc.",2.9
Kilo  |  kilogram. ,Kilo  ,kilogram.,3.0
"Kilo-  | Form 1,000 . ",Kilo-  ,"Form 1,000 .",3.2
"Kilobyte  | Computing 1,024  bytes as a measure of memory size etc.",Kilobyte  ,"Computing 1,024  bytes as a measure of memory size etc.",2.9
Kilocalorie  | = large calorie .,Kilocalorie  ,= large calorie .,2.9
Kilocycle  | Hist. Kilohertz.,Kilocycle  ,Hist. Kilohertz.,2.8
"Kilogram  |  si unit of mass, approx. 2.205 lb.",Kilogram  ,"si unit of mass, approx. 2.205 lb.",2.7
"Kilohertz  | 1,000 hertz, 1,000 cycles per second.",Kilohertz  ,"1,000 hertz, 1,000 cycles per second.",2.6
"Kilojoule  | 1,000 joules, esp. As a measure of the energy value of foods.",Kilojoule  ,"1,000 joules, esp. As a measure of the energy value of foods.",2.3
"Kiloliter  |  1,000 litres .",Kiloliter  ,"1,000 litres .",3.3
"Kilolitre  |  1,000 litres .",Kilolitre  ,"1,000 litres .",2.9
"Kilometer  |  1,000 metres .  kilometric adj.",Kilometer  ,"1,000 metres .  kilometric adj.",2.9
"Kilometre  |  1,000 metres .  kilometric adj.",Kilometre  ,"1,000 metres .  kilometric adj.",2.8
"Kiloton  |  unit of explosive power equivalent to 1,000 tons of tnt.",Kiloton  ,"unit of explosive power equivalent to 1,000 tons of tnt.",3.0
"Kilovolt  | 1,000 volts.",Kilovolt  ,"1,000 volts.",2.8
"Kilowatt  | 1,000 watts.",Kilowatt  ,"1,000 watts.",2.7
"Kilowatt-hour  | Electrical energy equivalent to a power consumption of 1,000 watts for one hour.",Kilowatt-hour  ,"Electrical energy equivalent to a power consumption of 1,000 watts for one hour.",3.1
"Kilt  —| Pleated knee-length usu. Tartan skirt, traditionally worn by highland men. —v. 1 tuck up  round the body. 2  Gather in vertical pleats. ",Kilt  ,"Pleated knee-length usu. Tartan skirt, traditionally worn by highland men. —v. 1 tuck up  round the body. 2  Gather in vertical pleats.",2.9
Kilter  |  good working order . ,Kilter  ,good working order .,2.7
Kimono  |  1 long sashed japanese robe. 2 similar dressing-gown. ,Kimono  ,1 long sashed japanese robe. 2 similar dressing-gown.,2.6
Kin  —| One's relatives or family. —predic. Adj. Related. ,Kin  ,One's relatives or family. —predic. Adj. Related.,2.8
"Kind  —| 1 race, species, or natural group of animals, plants, etc. . 2 class, type, sort, variety. 3 natural way, fashion, etc. . —adj.  friendly, generous, or benevolent.  in kind 1 in the same form, likewise . 2  in goods or labour, not money. 3 character, quality . Kind of colloq. To some extent . A kind of loosely resembling . ",Kind  ,"1 race, species, or natural group of animals, plants, etc. . 2 class, type, sort, variety. 3 natural way, fashion, etc. . —adj.  friendly, generous, or benevolent.  in kind 1 in the same form, likewise . 2  in goods or labour, not money. 3 character, quality . Kind of colloq. To some extent . A kind of loosely resembling .",3.1
Kindergarten  | Class or school for very young children. ,Kindergarten  ,Class or school for very young children.,3.2
Kind-hearted  | Of a kind disposition.  kind-heartedly adv. Kind-heartedness n.,Kind-hearted  ,Of a kind disposition.  kind-heartedly adv. Kind-heartedness n.,3.2
"Kindle  |  1 light, catch, or set on fire. 2 arouse or inspire. 3 become aroused or animated. ",Kindle  ,"1 light, catch, or set on fire. 2 arouse or inspire. 3 become aroused or animated.",2.9
Kindling  | Small sticks etc. For lighting fires.,Kindling  ,Small sticks etc. For lighting fires.,2.8
Kindly1  | 1 in a kind manner . 2 often iron. Please .  look kindly upon regard sympathetically. Take kindly to be pleased by; like.,Kindly1  ,1 in a kind manner . 2 often iron. Please .  look kindly upon regard sympathetically. Take kindly to be pleased by; like.,2.9
"Kindly2  |  1 kind, kind-hearted. 2  Pleasant, mild.  kindlily adv. Kindliness n.",Kindly2  ,"1 kind, kind-hearted. 2  Pleasant, mild.  kindlily adv. Kindliness n.",2.6
Kindness  | 1 being kind. 2 kind act.,Kindness  ,1 being kind. 2 kind act.,3.3
"Kindred  | Related, allied, or similar. —n. 1 one's relations collectively. 2 blood relationship. 3 resemblance in character. ",Kindred  ,"Related, allied, or similar. —n. 1 one's relations collectively. 2 blood relationship. 3 resemblance in character.",2.5
Kindred spirit  | Person like or in sympathy with oneself.,Kindred spirit  ,Person like or in sympathy with oneself.,3.0
Kinematics  |pl.  Branch of mechanics concerned with the motion of objects without reference to cause.  kinematic adj. ,Kinematics  ,pl.  Branch of mechanics concerned with the motion of objects without reference to cause.  kinematic adj.,3.2
Kinetic  | Of or due to motion.  kinetically adv. ,Kinetic  ,Of or due to motion.  kinetically adv.,2.9
Kinetic art  | Sculpture etc. Designed to move.,Kinetic art  ,Sculpture etc. Designed to move.,2.6
Kinetic energy  | Energy of motion.,Kinetic energy  ,Energy of motion.,3.6
Kinetics  |pl. 1 = ~dynamics 1a. 2  Branch of physical chemistry measuring and studying the rates of chemical reactions.,Kinetics  ,pl. 1 = ~dynamics 1a. 2  Branch of physical chemistry measuring and studying the rates of chemical reactions.,2.8
"King  | 1  male sovereign, esp. A hereditary ruler. 2 pre-eminent person or thing . 3  Large  kind of plant, animal, etc. . 4 chess piece which must be checkmated for a win. 5 crowned piece in draughts. 6 court-card depicting a king. 7  national anthem when the sovereign is male.  kingly adj. Kingship n. ",King  ,"1  male sovereign, esp. A hereditary ruler. 2 pre-eminent person or thing . 3  Large  kind of plant, animal, etc. . 4 chess piece which must be checkmated for a win. 5 crowned piece in draughts. 6 court-card depicting a king. 7  national anthem when the sovereign is male.  kingly adj. Kingship n.",2.8
King charles spaniel  | Small black and tan spaniel.,King charles spaniel  ,Small black and tan spaniel.,3.1
Kingcup  | Marsh marigold.,Kingcup  ,Marsh marigold.,3.2
Kingdom  | 1 territory or state ruled by a king or queen. 2 spiritual reign or sphere of god. 3 domain. 4 division of the natural world . 5 specified sphere . ,Kingdom  ,1 territory or state ruled by a king or queen. 2 spiritual reign or sphere of god. 3 domain. 4 division of the natural world . 5 specified sphere .,2.9
Kingdom come  | Colloq. The next world.,Kingdom come  ,Colloq. The next world.,3.1
"Kingfisher  | Small bird with brightly coloured plumage, diving for fish etc.",Kingfisher  ,"Small bird with brightly coloured plumage, diving for fish etc.",2.9
King of arms  | A chief herald.,King of arms  ,A chief herald.,3.6
King of beasts  | Lion.,King of beasts  ,Lion.,3.3
King of birds  | Eagle.,King of birds  ,Eagle.,3.3
"Kingpin  | 1 main, large, or vertical bolt, esp. As a pivot. 2 essential person or thing.",Kingpin  ,"1 main, large, or vertical bolt, esp. As a pivot. 2 essential person or thing.",2.5
King-post  | Upright post from the tie-beam of a roof to the apex of a truss.,King-post  ,Upright post from the tie-beam of a roof to the apex of a truss.,3.1
King's counsel  | = ~queen's counsel.,King,= ~queen's counsel.,2.8
King's english  | = ~queen's english.,King,= ~queen's english.,2.8
King's evidence  see ~evidence.,King,King's evidence  see ~evidence.,2.8
King's guide  | = ~queen's guide.,King,= ~queen's guide.,2.8
King's highway  | = ~queen's highway.,King,= ~queen's highway.,2.8
King-size  |  very large.,King-size  ,very large.,3.3
King's proctor  | = ~queen's proctor.,King,= ~queen's proctor.,2.8
King's scout  | = ~queen's scout.,King,= ~queen's scout.,2.8
"Kink  —| 1 a twist or bend in wire etc. B tight wave in hair. 2 mental twist or quirk, esp. When perverse. —v.  form a kink. ",Kink  ,"1 a twist or bend in wire etc. B tight wave in hair. 2 mental twist or quirk, esp. When perverse. —v.  form a kink.",2.8
Kinky  |  1 colloq. A sexually perverted or unconventional. B  Bizarre and sexually provocative. 2 having kinks.  kinkily adv. Kinkiness n.,Kinky  ,1 colloq. A sexually perverted or unconventional. B  Bizarre and sexually provocative. 2 having kinks.  kinkily adv. Kinkiness n.,2.7
Kinsfolk  |pl. One's blood relations.,Kinsfolk  ,pl. One's blood relations.,2.9
Kinship  | 1 blood relationship. 2 likeness; sympathy.,Kinship  ,1 blood relationship. 2 likeness; sympathy.,3.2
Kinsman  |  1 blood relation. 2 relation by marriage.,Kinsman  ,1 blood relation. 2 relation by marriage.,2.8
"Kiosk  | 1 light open-fronted booth selling food, newspapers, tickets, etc. 2 telephone box. ",Kiosk  ,"1 light open-fronted booth selling food, newspapers, tickets, etc. 2 telephone box.",3.1
Kip  slang —| 1 sleep; nap. 2 bed or cheap lodgings. —v.   sleep. ,Kip  slang ,1 sleep; nap. 2 bed or cheap lodgings. —v.   sleep.,2.4
"Kipper  —| Fish, esp. A herring, split, salted, dried, and usu. Smoked. —v. Cure  Thus. ",Kipper  ,"Fish, esp. A herring, split, salted, dried, and usu. Smoked. —v. Cure  Thus.",2.8
Kir  | Dry white wine with crème de cassis.,Kir  ,Dry white wine with crème de cassis.,2.9
Kirby-grip  |  Type of sprung hairgrip. ,Kirby-grip  ,Type of sprung hairgrip.,3.3
Kirk  | Scot. & n.engl. 1 church. 2  church of scotland. ,Kirk  ,Scot. & n.engl. 1 church. 2  church of scotland.,2.8
Kirk-session  | Lowest court in the church of scotland.,Kirk-session  ,Lowest court in the church of scotland.,3.5
Kirsch  | Brandy distilled from cherries. ,Kirsch  ,Brandy distilled from cherries.,2.5
"Kismet  | Destiny, fate. ",Kismet  ,"Destiny, fate.",2.7
"Kiss  | 1 touch with the lips, esp. As a sign of love, affection, greeting, or reverence. 2  touch each others' lips in this way. 3 lightly touch. —n. 1 touch with the lips. 2 light touch.  kiss and tell recount one's sexual exploits. Kiss a person's arse coarse slang toady to. Kiss the dust submit abjectly. ",Kiss  ,"1 touch with the lips, esp. As a sign of love, affection, greeting, or reverence. 2  touch each others' lips in this way. 3 lightly touch. —n. 1 touch with the lips. 2 light touch.  kiss and tell recount one's sexual exploits. Kiss a person's arse coarse slang toady to. Kiss the dust submit abjectly.",3.1
"Kiss-curl  | Small curl of hair on the forehead, nape, etc.",Kiss-curl  ,"Small curl of hair on the forehead, nape, etc.",2.9
Kisser  | 1 person who kisses. 2 slang mouth; face.,Kisser  ,1 person who kisses. 2 slang mouth; face.,3.0
Kiss of death  | Apparent good luck etc. Which causes ruin.,Kiss of death  ,Apparent good luck etc. Which causes ruin.,1.4
Kiss of life  | Mouth-to-mouth resuscitation.,Kiss of life  ,Mouth-to-mouth resuscitation.,3.7
Kissogram  |  Novelty telegram or greeting delivered with a kiss.,Kissogram  ,Novelty telegram or greeting delivered with a kiss.,3.2
"Kit  —| 1 articles, equipment, etc. For a specific purpose . 2 specialized, esp. Sports, clothing or uniform . 3 set of parts needed to assemble furniture, a model, etc. —v.  (often foll.",Kit  ,"1 articles, equipment, etc. For a specific purpose . 2 specialized, esp. Sports, clothing or uniform . 3 set of parts needed to assemble furniture, a model, etc. —v.  (often foll.",2.8
Kitbag  | Large usu. Cylindrical bag used for a soldier's or traveller's kit.,Kitbag  ,Large usu. Cylindrical bag used for a soldier's or traveller's kit.,2.8
Kitchen  | 1 place where food is prepared and cooked. 2 kitchen fitments . ,Kitchen  ,1 place where food is prepared and cooked. 2 kitchen fitments .,3.5
Kitchenette  | Small kitchen or cooking area.,Kitchenette  ,Small kitchen or cooking area.,3.2
"Kitchen garden  | Garden with vegetables, fruit, herbs, etc.",Kitchen garden  ,"Garden with vegetables, fruit, herbs, etc.",3.5
Kitchenware  | Cooking utensils.,Kitchenware  ,Cooking utensils.,3.4
Kite  | 1 light framework with a thin covering flown on a string in the wind. 2 soaring bird of prey. ,Kite  ,1 light framework with a thin covering flown on a string in the wind. 2 soaring bird of prey.,2.8
Kitemark  | Official kite-shaped mark on goods approved by the british standards institution.,Kitemark  ,Official kite-shaped mark on goods approved by the british standards institution.,2.9
Kith  |  kith and kin friends and relations. ,Kith  , kith and kin friends and relations.,2.7
"Kitsch  |  Vulgar, pretentious, or worthless art.  kitschy adj. . ",Kitsch  ,"Vulgar, pretentious, or worthless art.  kitschy adj. .",3.1
"Kitten  —| Young cat, ferret, etc. —v.  Give birth .  have kittens colloq. Be very upset or anxious. ",Kitten  ,"Young cat, ferret, etc. —v.  Give birth .  have kittens colloq. Be very upset or anxious.",3.2
"Kittenish  | Playful, lively, or flirtatious.",Kittenish  ,"Playful, lively, or flirtatious.",2.8
Kittiwake  | A kind of small seagull. ,Kittiwake  ,A kind of small seagull.,2.5
Kitty1  |  1 fund of money for communal use. 2 pool in some card-games. ,Kitty1  ,1 fund of money for communal use. 2 pool in some card-games.,2.8
Kitty2  |  childish name for a kitten or cat.,Kitty2  ,childish name for a kitten or cat.,2.7
Kiwi  |  1 flightless long-billed new zealand bird. 2  colloq. New zealander. ,Kiwi  ,1 flightless long-billed new zealand bird. 2  colloq. New zealander.,3.2
Kiwi fruit  | Green-fleshed fruit of a climbing plant.,Kiwi fruit  ,Green-fleshed fruit of a climbing plant.,3.3
