"Alabaster  —| Translucent usu. White form of gypsum, used for carving etc. —adj. 1 of alabaster. 2 white or smooth. ",Alabaster  ,"Translucent usu. White form of gypsum, used for carving etc. —adj. 1 of alabaster. 2 white or smooth.",2.9
Alacrity  | Briskness; cheerful readiness. ,Alacrity  ,Briskness; cheerful readiness.,2.8
Alarm  —| 1 warning of danger etc. 2 a warning sound or device. B = ~alarm clock. 3 apprehension . —v. 1 frighten or disturb. 2 warn.  alarming adj. Alarmingly adv. ,Alarm  ,1 warning of danger etc. 2 a warning sound or device. B = ~alarm clock. 3 apprehension . —v. 1 frighten or disturb. 2 warn.  alarming adj. Alarmingly adv.,2.7
Alarm clock  | Clock that rings at a set time.,Alarm clock  ,Clock that rings at a set time.,3.3
Alarmist  | Person stirring up alarm.,Alarmist  ,Person stirring up alarm.,2.5
"Alas  | Expressing grief, pity, or concern. ",Alas  ,"Expressing grief, pity, or concern.",2.8
Alb  | Long white vestment worn by christian priests. ,Alb  ,Long white vestment worn by christian priests.,2.7
"Albatross  | 1 a long-winged, stout-bodied bird related to the petrel. B encumbrance. 2 golf score of three strokes under par at any hole. ",Albatross  ,"1 a long-winged, stout-bodied bird related to the petrel. B encumbrance. 2 golf score of three strokes under par at any hole.",3.6
Albeit  | Literary though. ,Albeit  ,Literary though.,2.9
"Albino  |  1 person or animal lacking pigment in the skin and hair , and the eyes . 2 plant lacking normal colouring.  albinism n. ",Albino  ,"1 person or animal lacking pigment in the skin and hair , and the eyes . 2 plant lacking normal colouring.  albinism n.",2.6
"Album  | 1 book for photographs, stamps, etc. 2 a long-playing gramophone record. B set of these. ",Album  ,"1 book for photographs, stamps, etc. 2 a long-playing gramophone record. B set of these.",2.9
"Albumen  | 1 egg-white. 2 substance found between the skin and germ of many seeds, usu. The edible part. ",Albumen  ,"1 egg-white. 2 substance found between the skin and germ of many seeds, usu. The edible part.",3.0
"Albumin  | Water-soluble protein found in egg-white, milk, blood, etc.  albuminous adj.",Albumin  ,"Water-soluble protein found in egg-white, milk, blood, etc.  albuminous adj.",3.4
"Alchemy  | Medieval chemistry, esp. Seeking to turn base metals into gold.  alchemist n. ",Alchemy  ,"Medieval chemistry, esp. Seeking to turn base metals into gold.  alchemist n.",2.7
"Alcohol  | 1  colourless volatile inflammable liquid, esp. As the intoxicant in wine, beer, spirits, etc., and as a solvent, fuel, etc. 2 liquor containing this. 3 chem. Any of many organic compounds containing one or more hydroxyl groups attached to carbon atoms. ",Alcohol  ,"1  colourless volatile inflammable liquid, esp. As the intoxicant in wine, beer, spirits, etc., and as a solvent, fuel, etc. 2 liquor containing this. 3 chem. Any of many organic compounds containing one or more hydroxyl groups attached to carbon atoms.",3.1
"Alcoholic  | Of, like, containing, or caused by alcohol. —n. Person suffering from alcoholism.",Alcoholic  ,"Of, like, containing, or caused by alcohol. —n. Person suffering from alcoholism.",2.7
Alcoholism  | Condition resulting from addiction to alcohol.,Alcoholism  ,Condition resulting from addiction to alcohol.,2.8
"Alcove  | Recess, esp. In the wall of a room. ",Alcove  ,"Recess, esp. In the wall of a room.",3.0
Aldehyde  | Chem. Any of a class of compounds formed by the oxidation of alcohols. ,Aldehyde  ,Chem. Any of a class of compounds formed by the oxidation of alcohols.,2.6
Al dente  |  Cooked so as to be still firm when bitten. ,Al dente  ,Cooked so as to be still firm when bitten.,3.0
Alder  | Tree related to the birch. ,Alder  ,Tree related to the birch.,3.5
"Alderman  | Esp. Hist. Co-opted member of an english county or borough council, next in dignity to the mayor. ",Alderman  ,"Esp. Hist. Co-opted member of an english county or borough council, next in dignity to the mayor.",3.3
Ale  | Beer. ,Ale  ,Beer.,2.8
Aleatory  | Depending on chance. ,Aleatory  ,Depending on chance.,2.6
Alehouse  | Hist. Tavern.,Alehouse  ,Hist. Tavern.,2.9
Alembic  | 1 hist. Apparatus formerly used in distilling. 2 means of refining or extracting. ,Alembic  ,1 hist. Apparatus formerly used in distilling. 2 means of refining or extracting.,3.3
"Alert  | 1 watchful, vigilant. 2 nimble, attentive. —n. 1 warning call or alarm. 2 state or period of special vigilance. —v.  warn. ",Alert  ,"1 watchful, vigilant. 2 nimble, attentive. —n. 1 warning call or alarm. 2 state or period of special vigilance. —v.  warn.",2.7
Alexander technique  | Technique for controlling posture as an aid to well-being. ,Alexander technique  ,Technique for controlling posture as an aid to well-being.,3.2
Alexandrine  |  having six iambic feet. —n. Alexandrine line. ,Alexandrine  ,having six iambic feet. —n. Alexandrine line.,2.4
Alfalfa  | Clover-like plant used for fodder. ,Alfalfa  ,Clover-like plant used for fodder.,3.1
Alfresco  | In the open air. ,Alfresco  ,In the open air.,2.7
"Alga  |   Non-flowering stemless water-plant, esp. Seaweed and plankton. ",Alga  ,"Non-flowering stemless water-plant, esp. Seaweed and plankton.",3.1
Algebra  | Branch of mathematics that uses letters etc. To represent numbers and quantities.  algebraic adj. ,Algebra  ,Branch of mathematics that uses letters etc. To represent numbers and quantities.  algebraic adj.,2.8
Algol  | High-level computer programming language. ,Algol  ,High-level computer programming language.,3.0
"Algorithm  | Process or set of rules used for calculation etc., esp. With a computer.  algorithmic adj. ",Algorithm  ,"Process or set of rules used for calculation etc., esp. With a computer.  algorithmic adj.",2.8
Alias  —| Also named or known as. —n. Assumed name. ,Alias  ,Also named or known as. —n. Assumed name.,2.7
Alibi  |  1 claim or proof that one was elsewhere when a crime etc. Was committed. 2 informal excuse. ,Alibi  ,1 claim or proof that one was elsewhere when a crime etc. Was committed. 2 informal excuse.,3.0
Alien  | 1  unfamiliar; unacceptable or repugnant. 2 foreign. 3 of beings from other worlds. —n. 1 foreign-born resident who is not naturalized. 2 being from another world. ,Alien  ,1  unfamiliar; unacceptable or repugnant. 2 foreign. 3 of beings from other worlds. —n. 1 foreign-born resident who is not naturalized. 2 being from another world.,2.7
Alienable  | Law able to be transferred to new ownership.,Alienable  ,Law able to be transferred to new ownership.,2.3
"Alienate  |  1 estrange, make hostile. 2 transfer ownership of.  alienation n.",Alienate  ,"1 estrange, make hostile. 2 transfer ownership of.  alienation n.",2.4
Alight1  | Adj. 1 on fire. 2 lit up; excited. ,Alight1  ,Adj. 1 on fire. 2 lit up; excited.,3.3
"Alight2  | 1  descend from a vehicle. 2 come to earth, settle. ",Alight2  ,"1  descend from a vehicle. 2 come to earth, settle.",2.8
Align  | 1 put or bring into line. 2  ally  With .  alignment n. ,Align  ,1 put or bring into line. 2  ally  With .  alignment n.,2.8
"Alike  |  Similar, like. —adv. In a similar way.",Alike  ,"Similar, like. —adv. In a similar way.",2.7
Alimentary  | Of or providing food or nourishment. ,Alimentary  ,Of or providing food or nourishment.,3.0
Alimentary canal  | Passage along which food passes during digestion.,Alimentary canal  ,Passage along which food passes during digestion.,2.9
Alimony  | Money payable to a spouse or former spouse after separation or divorce.,Alimony  ,Money payable to a spouse or former spouse after separation or divorce.,2.7
"Aliphatic  | Chem. Of organic compounds in which carbon atoms form open chains, not aromatic rings. ",Aliphatic  ,"Chem. Of organic compounds in which carbon atoms form open chains, not aromatic rings.",2.6
Aliquot  |  contained by the whole an integral number of times . —n. 1 aliquot part. 2  any known fraction of a whole; sample. ,Aliquot  ,contained by the whole an integral number of times . —n. 1 aliquot part. 2  any known fraction of a whole; sample.,2.0
"Alive  |  1 living. 2 lively, active. 3  aware of; alert. 4  swarming or teeming with. ",Alive  ,"1 living. 2 lively, active. 3  aware of; alert. 4  swarming or teeming with.",2.8
"Alkali  |  1 a any of a class of substances that liberate hydroxide ions in water, usu. Form caustic or corrosive solutions, turn litmus blue, and have a ph of more than 7, e.g. Caustic soda.",Alkali  ,"1 a any of a class of substances that liberate hydroxide ions in water, usu. Form caustic or corrosive solutions, turn litmus blue, and have a ph of more than 7, e.g. Caustic soda.",2.8
"Alkaloid  | Nitrogenous organic compound of plant origin, e.g. Morphine, quinine.",Alkaloid  ,"Nitrogenous organic compound of plant origin, e.g. Morphine, quinine.",2.7
"Alkane  | Chem. Saturated aliphatic hydrocarbon having the general formula cnh2n+2, including methane and ethane.",Alkane  ,"Chem. Saturated aliphatic hydrocarbon having the general formula cnh2n+2, including methane and ethane.",2.9
"Alkene  | Chem. Unsaturated aliphatic hydrocarbon containing a double bond and having the general formula cnh2n, including ethylene.",Alkene  ,"Chem. Unsaturated aliphatic hydrocarbon containing a double bond and having the general formula cnh2n, including ethylene.",2.8
"Alkyne  | Chem. Unsaturated aliphatic hydrocarbon containing a triple bond and having the general formula cnh2n-2, including acetylene.",Alkyne  ,"Chem. Unsaturated aliphatic hydrocarbon containing a triple bond and having the general formula cnh2n-2, including acetylene.",2.7
"All  | 1 whole amount, quantity, or extent of . 2 any whatever . 3 greatest possible . —n. 1 all concerned; everything . 2  a the whole of . B every one of . C colloq. As much as . D colloq. In a state of . 3 one's whole strength or resources . 4  each . —adv. 1 a entirely, quite . B as an intensifier . 2 colloq. Very . 3  To that, or the utmost, extent .  all along from the beginning. All and sundry everyone. All but very nearly. All for colloq. Strongly in favour of. All found with board and lodging provided free. All in colloq. Exhausted. All in all everything considered. All manner of every kind of. All of a sudden suddenly. All one   a matter of indifference. All out using all one's strength  attrib.: all-out effort). All over 1 completely finished. 2 in or on all parts of . 3 colloq. Typically . 4 slang effusively attentive to . All right  1 satisfactory; safe and sound; in good condition. 2 satisfactorily . 3 a expressing consent. B as an intensifier . All round 1 in all respects. 2 for each person. All the same nevertheless. All there colloq. Mentally alert or normal. All the time throughout . All together all at once; all in one place or in a group  . All up with hopeless for . At all  In any way; to any extent . In all in total; altogether. ",All  ,"1 whole amount, quantity, or extent of . 2 any whatever . 3 greatest possible . —n. 1 all concerned; everything . 2  a the whole of . B every one of . C colloq. As much as . D colloq. In a state of . 3 one's whole strength or resources . 4  each . —adv. 1 a entirely, quite . B as an intensifier . 2 colloq. Very . 3  To that, or the utmost, extent .  all along from the beginning. All and sundry everyone. All but very nearly. All for colloq. Strongly in favour of. All found with board and lodging provided free. All in colloq. Exhausted. All in all everything considered. All manner of every kind of. All of a sudden suddenly. All one   a matter of indifference. All out using all one's strength  attrib.: all-out effort). All over 1 completely finished. 2 in or on all parts of . 3 colloq. Typically . 4 slang effusively attentive to . All right  1 satisfactory; safe and sound; in good condition. 2 satisfactorily . 3 a expressing consent. B as an intensifier . All round 1 in all respects. 2 for each person. All the same nevertheless. All there colloq. Mentally alert or normal. All the time throughout . All together all at once; all in one place or in a group  . All up with hopeless for . At all  In any way; to any extent . In all in total; altogether.",2.8
Allah  | The muslim and arab name of god. ,Allah  ,The muslim and arab name of god.,3.3
Allay  | 1 diminish . 2 alleviate . ,Allay  ,1 diminish . 2 alleviate .,2.7
All-clear  | Signal that danger etc. Is over.,All-clear  ,Signal that danger etc. Is over.,3.3
"All comers  |pl. Anyone who applies, takes up a challenge, etc.",All comers  ,"pl. Anyone who applies, takes up a challenge, etc.",3.4
"Allegation  | 1 assertion, esp. Unproved. 2 alleging. ",Allegation  ,"1 assertion, esp. Unproved. 2 alleging.",2.9
"Allege  |  1 declare, esp. Without proof. 2 advance as an argument or excuse. ",Allege  ,"1 declare, esp. Without proof. 2 advance as an argument or excuse.",2.6
Allegedly  | As is alleged.,Allegedly  ,As is alleged.,2.7
Allegiance  | 1 loyalty . 2 the duty of a subject. ,Allegiance  ,1 loyalty . 2 the duty of a subject.,2.7
Allegory  |  story whose moral is represented symbolically.  allegorical adj. Allegorize v.  . ,Allegory  ,story whose moral is represented symbolically.  allegorical adj. Allegorize v.  .,2.8
Allegretto  mus. —| In a fairly brisk tempo. —n.  such a passage or movement. ,Allegretto  mus,In a fairly brisk tempo. —n.  such a passage or movement.,3.3
Allegro  mus. —| In a brisk tempo. —n.  such a passage or movement. ,Allegro  mus,In a brisk tempo. —n.  such a passage or movement.,3.2
Alleluia   | God be praised. —n. Song or shout of praise to god. ,Alleluia   ,God be praised. —n. Song or shout of praise to god.,3.1
Allen key  | Propr. Spanner designed to turn an allen screw. ,Allen key  ,Propr. Spanner designed to turn an allen screw.,3.3
Allen screw  | Propr. Screw with a hexagonal socket in the head.,Allen screw  ,Propr. Screw with a hexagonal socket in the head.,2.4
Allergic  | 1  a having an allergy to. B colloq. Having a strong dislike for. 2 caused by an allergy.,Allergic  ,1  a having an allergy to. B colloq. Having a strong dislike for. 2 caused by an allergy.,2.9
"Allergy  |  1 adverse reaction to certain substances, esp. Particular foods, pollen, fur, or dust. 2 colloq. Antipathy. ",Allergy  ,"1 adverse reaction to certain substances, esp. Particular foods, pollen, fur, or dust. 2 colloq. Antipathy.",2.8
Alleviate  |  make  Less severe.  alleviation n. ,Alleviate  ,make  Less severe.  alleviation n.,3.0
"Alley  |  1 narrow street or passageway. 2 enclosure for skittles, bowling, etc. 3 walk or lane in a park etc. ",Alley  ,"1 narrow street or passageway. 2 enclosure for skittles, bowling, etc. 3 walk or lane in a park etc.",3.2
"Alliance  | 1 union or agreement to cooperate, esp. Of states by treaty or families by marriage. 2  political coalition party. 3 relationship; friendship. ",Alliance  ,"1 union or agreement to cooperate, esp. Of states by treaty or families by marriage. 2  political coalition party. 3 relationship; friendship.",3.5
Allied  | 1  associated in an alliance. 2 connected or related.,Allied  ,1  associated in an alliance. 2 connected or related.,2.7
Alligator  | Large reptile of the crocodile family with a head broader and shorter than a crocodile's. ,Alligator  ,Large reptile of the crocodile family with a head broader and shorter than a crocodile's.,3.0
All-in  | Adj. Inclusive of all.,All-in  ,Adj. Inclusive of all.,2.7
All-in wrestling  | Wrestling with few or no restrictions.,All-in wrestling  ,Wrestling with few or no restrictions.,3.5
Alliteration  | Repetition of the same letter or sound at the beginning of adjacent or closely connected words .  alliterate v. . Alliterative adj. ,Alliteration  ,Repetition of the same letter or sound at the beginning of adjacent or closely connected words .  alliterate v. . Alliterative adj.,2.4
Allocate  |   assign or devote to .  allocation n. ,Allocate  ,assign or devote to .  allocation n.,2.6
"Allot  |  apportion or distribute to , esp. As a share or task . ",Allot  ,"apportion or distribute to , esp. As a share or task .",2.7
Allotment  | 1 small piece of land rented by a local authority for cultivation. 2 share. 3 allotting.,Allotment  ,1 small piece of land rented by a local authority for cultivation. 2 share. 3 allotting.,2.7
Allotropy  | Existence of two or more different physical forms of a chemical element.  allotropic adj. ,Allotropy  ,Existence of two or more different physical forms of a chemical element.  allotropic adj.,2.5
Allow  | 1  Permit. 2 assign a limited amount etc. . 3  provide or set aside for a purpose; add or deduct in consideration . ,Allow  ,1  Permit. 2 assign a limited amount etc. . 3  provide or set aside for a purpose; add or deduct in consideration .,2.8
"Allowance  | 1 amount or sum allowed, esp. Regularly for a stated purpose. 2 amount allowed in reckoning. 3 deduction or discount.  make allowances  1 consider . 2 make excuses for .",Allowance  ,"1 amount or sum allowed, esp. Regularly for a stated purpose. 2 amount allowed in reckoning. 3 deduction or discount.  make allowances  1 consider . 2 make excuses for .",2.8
Alloy  —| 1 mixture of two or more metals. 2 inferior metal mixed esp. With gold or silver. —v. 1 mix . 2 debase by admixture. 3 moderate . ,Alloy  ,1 mixture of two or more metals. 2 inferior metal mixed esp. With gold or silver. —v. 1 mix . 2 debase by admixture. 3 moderate .,2.4
All-purpose  | Adj. Having many uses.,All-purpose  ,Adj. Having many uses.,3.2
All-right  | Adj. Colloq. Acceptable .,All-right  ,Adj. Colloq. Acceptable .,3.2
All-round  | Adj.  versatile.,All-round  ,Adj.  versatile.,2.9
All-rounder  | Versatile person.,All-rounder  ,Versatile person.,3.6
"All saints' day  | 1 nov., christian festival in honour of saints.",All saints,"1 nov., christian festival in honour of saints.",3.5
"All souls' day  | 2 nov., roman catholic festival with prayers for the souls of the dead.",All souls,"2 nov., roman catholic festival with prayers for the souls of the dead.",3.4
Allspice  | 1 aromatic spice obtained from the berry of the pimento plant. 2 the berry.,Allspice  ,1 aromatic spice obtained from the berry of the pimento plant. 2 the berry.,3.0
All-time  | Adj.  Unsurpassed.,All-time  ,Adj.  Unsurpassed.,3.2
"Allude  |   refer to, esp. Indirectly or briefly. ",Allude  ,"refer to, esp. Indirectly or briefly.",2.6
"Allure  |  attract, charm, or entice. —n. Attractiveness, personal charm, fascination.  allurement n. ",Allure  ,"attract, charm, or entice. —n. Attractiveness, personal charm, fascination.  allurement n.",2.4
Allusion  |  passing or indirect reference.  allusive adj. ,Allusion  ,passing or indirect reference.  allusive adj.,3.0
"Alluvial  | Of alluvium. —n. Alluvium, esp. Containing a precious metal.",Alluvial  ,"Of alluvium. —n. Alluvium, esp. Containing a precious metal.",2.5
"Alluvium  |  deposit of usu. Fine fertile soil left behind by a flood, esp. In a river valley. ",Alluvium  ,"deposit of usu. Fine fertile soil left behind by a flood, esp. In a river valley.",2.8
"Ally  —|  state, person, etc., formally cooperating or united with another, esp.  in war. —v. Also   combine in alliance. ",Ally  ,"state, person, etc., formally cooperating or united with another, esp.  in war. —v. Also   combine in alliance.",3.5
"Alma mater  | One's university, school, or college. ",Alma mater  ,"One's university, school, or college.",3.1
"Almanac  |  calendar, usu. With astronomical data. ",Almanac  ,"calendar, usu. With astronomical data.",2.8
Almighty  | 1 having complete power. 2  god. 3 slang very great . ,Almighty  ,1 having complete power. 2  god. 3 slang very great .,2.8
Almond  | 1 nutlike kernel of a fruit allied to the peach and plum. 2 tree bearing this. ,Almond  ,1 nutlike kernel of a fruit allied to the peach and plum. 2 tree bearing this.,3.0
Almoner  | Social worker attached to a hospital. ,Almoner  ,Social worker attached to a hospital.,3.2
Almost  | All but; very nearly. ,Almost  ,All but; very nearly.,2.8
Alms  |pl. Hist. Donation of money or food to the poor. ,Alms  ,pl. Hist. Donation of money or food to the poor.,3.0
Almshouse  | Hist. Charitable institution for the poor.,Almshouse  ,Hist. Charitable institution for the poor.,2.8
Aloe  | 1 plant of the lily family with toothed fleshy leaves. 2   strong laxative from aloe juice. ,Aloe  ,1 plant of the lily family with toothed fleshy leaves. 2   strong laxative from aloe juice.,3.1
"Aloft  | Adj. & adv. 1 high up, overhead. 2 upwards. ",Aloft  ,"Adj. & adv. 1 high up, overhead. 2 upwards.",3.0
"Alone  —| Adj. 1 without the presence or help of others. 2 lonely . —adv. Only, exclusively. ",Alone  ,"Adj. 1 without the presence or help of others. 2 lonely . —adv. Only, exclusively.",2.8
"Along  —| Beside or through  the length of. —adv. 1 onward, into a more advanced state . 2 with oneself or others . 3 beside or through part or the whole length of a thing.  along with in addition to; together with. ",Along  ,"Beside or through  the length of. —adv. 1 onward, into a more advanced state . 2 with oneself or others . 3 beside or through part or the whole length of a thing.  along with in addition to; together with.",2.8
Alongside  —| At or to the side. —prep. Close to the side of.,Alongside  ,At or to the side. —prep. Close to the side of.,2.8
"Aloof  | Distant, unsympathetic. —adv. Away, apart . ",Aloof  ,"Distant, unsympathetic. —adv. Away, apart .",2.7
Aloud  | Audibly.,Aloud  ,Audibly.,2.8
Alp  | 1 a high mountain. B  high range of mountains in switzerland and adjoining countries. 2 pasture land on a swiss mountainside. ,Alp  ,1 a high mountain. B  high range of mountains in switzerland and adjoining countries. 2 pasture land on a swiss mountainside.,2.8
Alpaca  | 1 shaggy s. American mammal related to the llama. 2 its wool; fabric made from this. ,Alpaca  ,1 shaggy s. American mammal related to the llama. 2 its wool; fabric made from this.,3.2
Alpha  | 1 first letter of the greek alphabet . 2 first-class mark for a piece of work etc.  alpha and omega beginning and end. ,Alpha  ,1 first letter of the greek alphabet . 2 first-class mark for a piece of work etc.  alpha and omega beginning and end.,2.7
Alphabet  | 1 set of letters used in writing a language. 2 symbols or signs for these.  alphabetical adj. ,Alphabet  ,1 set of letters used in writing a language. 2 symbols or signs for these.  alphabetical adj.,3.1
Alphanumeric  | Containing both letters and numbers.,Alphanumeric  ,Containing both letters and numbers.,3.3
Alpha particle  | Helium nucleus emitted by a radioactive substance.,Alpha particle  ,Helium nucleus emitted by a radioactive substance.,2.9
Alpine  | Of mountainous regions or  the alps. —n. 1 plant growing in mountainous regions. 2 = ~rock-plant. ,Alpine  ,Of mountainous regions or  the alps. —n. 1 plant growing in mountainous regions. 2 = ~rock-plant.,2.9
Already  | 1 before the time in question . 2 as early or as soon as this . ,Already  ,1 before the time in question . 2 as early or as soon as this .,2.8
Alright  | = all right .,Alright  ,= all right .,2.9
Alsatian  | Large dog of a breed of wolfhound . ,Alsatian  ,Large dog of a breed of wolfhound .,2.7
"Also  | In addition, besides. ",Also  ,"In addition, besides.",3.0
Also-ran  | 1 loser in a race. 2 undistinguished person.,Also-ran  ,1 loser in a race. 2 undistinguished person.,2.9
Altar  | 1 table or flat block for sacrifice or offering to a deity. 2 communion table. ,Altar  ,1 table or flat block for sacrifice or offering to a deity. 2 communion table.,3.3
Altarpiece  | Painting etc. Above or behind an altar.,Altarpiece  ,Painting etc. Above or behind an altar.,3.0
Alter  | Make or become different; change.  alteration n. ,Alter  ,Make or become different; change.  alteration n.,2.8
"Altercate  |   dispute, wrangle.  altercation n. ",Altercate  ,"dispute, wrangle.  altercation n.",2.8
Alter ego  |  1 one's hidden or second self. 2 intimate friend. ,Alter ego  ,1 one's hidden or second self. 2 intimate friend.,3.1
Alternate  |  1  occur or cause to occur by turns. 2  go repeatedly from one to another . —adj. 1  Every other . 2  alternating .  alternately adv. Alternation n. ,Alternate  ,1  occur or cause to occur by turns. 2  go repeatedly from one to another . —adj. 1  Every other . 2  alternating .  alternately adv. Alternation n.,2.8
Alternate angles  |pl. Two angles formed alternately on two sides of a line.,Alternate angles  ,pl. Two angles formed alternately on two sides of a line.,3.8
Alternating current  | Electric current reversing its direction at regular intervals.,Alternating current  ,Electric current reversing its direction at regular intervals.,3.0
Alternative  | 1 available as another choice . 2 unconventional . —n. 1 any of two or more possibilities. 2 choice .  alternatively adv.,Alternative  ,1 available as another choice . 2 unconventional . —n. 1 any of two or more possibilities. 2 choice .  alternatively adv.,2.7
Alternator  | Dynamo that generates an alternating current.,Alternator  ,Dynamo that generates an alternating current.,2.7
Although  | = ~though. ,Although  ,= ~though.,2.7
Altimeter  | Instrument indicating altitude reached.,Altimeter  ,Instrument indicating altitude reached.,3.4
"Altitude  | Height, esp. Of an object above sea level or above the horizon. ",Altitude  ,"Height, esp. Of an object above sea level or above the horizon.",2.7
"Alto  |  1 = ~contralto. 2 a highest adult male singing-voice, above tenor. B singer with this voice. 3 instrument pitched second- or third-highest in its family. ",Alto  ,"1 = ~contralto. 2 a highest adult male singing-voice, above tenor. B singer with this voice. 3 instrument pitched second- or third-highest in its family.",2.8
"Altogether  | 1 totally, completely. 2 on the whole. 3 in total.  in the altogether colloq. Naked. ",Altogether  ,"1 totally, completely. 2 on the whole. 3 in total.  in the altogether colloq. Naked.",2.9
Altruism  | Unselfishness as a principle of action.  altruist n. Altruistic adj. ,Altruism  ,Unselfishness as a principle of action.  altruist n. Altruistic adj.,2.5
Alum  | Double sulphate of aluminium and potassium. ,Alum  ,Double sulphate of aluminium and potassium.,2.8
Alumina  | Aluminium oxide occurring naturally as corundum and emery.,Alumina  ,Aluminium oxide occurring naturally as corundum and emery.,3.0
Aluminium  |  silvery light and malleable metallic element resistant to tarnishing by air.,Aluminium  ,silvery light and malleable metallic element resistant to tarnishing by air.,3.2
Aluminize  |   coat with aluminium.,Aluminize  ,coat with aluminium.,2.8
Aluminum  |  silvery light and malleable metallic element resistant to tarnishing by air.,Aluminum  ,silvery light and malleable metallic element resistant to tarnishing by air.,3.3
Alumnus  |  former pupil or student. ,Alumnus  ,former pupil or student.,3.1
"Always  | 1 at all times; on all occasions. 2 whatever the circumstances. 3 repeatedly, often. ",Always  ,"1 at all times; on all occasions. 2 whatever the circumstances. 3 repeatedly, often.",2.8
Alyssum  | Plant with small usu. Yellow or white flowers. ,Alyssum  ,Plant with small usu. Yellow or white flowers.,3.0
Alzheimer's disease  | Brain disorder causing senility. ,Alzheimer,Brain disorder causing senility.,2.3
