Ombudsman  |  official appointed to investigate complaints against public authorities. ,Ombudsman  ,official appointed to investigate complaints against public authorities.,2.7
Omega  | 1 last  letter of the greek alphabet . 2 last of a series; final development. ,Omega  ,1 last  letter of the greek alphabet . 2 last of a series; final development.,3.1
Omelette  | Beaten eggs fried and often folded round a savoury filling. ,Omelette  ,Beaten eggs fried and often folded round a savoury filling.,3.4
Omen  —| 1 event or object portending good or evil. 2 prophetic significance . —v.  portend.  ,Omen  ,1 event or object portending good or evil. 2 prophetic significance . —v.  portend.,3.2
Omicron  | Fifteenth letter of the greek alphabet . ,Omicron  ,Fifteenth letter of the greek alphabet .,3.5
Ominous  | 1 threatening. 2 of evil omen; inauspicious.  ominously adv. ,Ominous  ,1 threatening. 2 of evil omen; inauspicious.  ominously adv.,2.9
Omission  | 1 omitting or being omitted. 2 thing omitted.,Omission  ,1 omitting or being omitted. 2 thing omitted.,3.3
Omit  |  1 leave out; not insert or include. 2 leave undone. 3  Fail or neglect. ,Omit  ,1 leave out; not insert or include. 2 leave undone. 3  Fail or neglect.,3.1
Omni-  | Form all. ,Omni-  ,Form all.,3.4
Omnibus  —| 1 formal bus. 2 volume containing several literary works previously published separately. —adj. 1 serving several purposes at once. 2 comprising several items. ,Omnibus  ,1 formal bus. 2 volume containing several literary works previously published separately. —adj. 1 serving several purposes at once. 2 comprising several items.,2.9
Omnipotent  | Having great or absolute power.  omnipotence n. ,Omnipotent  ,Having great or absolute power.  omnipotence n.,3.7
Omnipresent  | Present everywhere.  omnipresence n. ,Omnipresent  ,Present everywhere.  omnipresence n.,2.7
Omniscient  | Knowing everything or much.  omniscience n. ,Omniscient  ,Knowing everything or much.  omniscience n.,2.7
"Omnivorous  | 1 feeding on both plant and animal material. 2 reading, observing, etc. Everything that comes one's way.  omnivore n. Omnivorousness n. ",Omnivorous  ,"1 feeding on both plant and animal material. 2 reading, observing, etc. Everything that comes one's way.  omnivore n. Omnivorousness n.",2.7
