Oc-  see ~ob-.,Oc-  see ,Oc-  see ~ob-.,3.2
Ocarina  | Small egg-shaped musical wind-instrument. ,Ocarina  ,Small egg-shaped musical wind-instrument.,3.6
"Occasion  —| 1 a special event or happening. B time of this. 2 reason, need. 3 suitable juncture, opportunity. 4 immediate but subordinate cause. —v. Cause, esp. Incidentally.  on occasion now and then; when the need arises. ",Occasion  ,"1 a special event or happening. B time of this. 2 reason, need. 3 suitable juncture, opportunity. 4 immediate but subordinate cause. —v. Cause, esp. Incidentally.  on occasion now and then; when the need arises.",2.8
"Occasional  | 1 happening irregularly and infrequently. 2 made or meant for, or acting on, a special occasion.  occasionally adv.",Occasional  ,"1 happening irregularly and infrequently. 2 made or meant for, or acting on, a special occasion.  occasionally adv.",2.9
Occasional table  | Small table for use as required.,Occasional table  ,Small table for use as required.,3.7
Occident  | Poet. Or rhet. 1  west. 2 western europe. 3 europe and america as distinct from the orient. ,Occident  ,Poet. Or rhet. 1  west. 2 western europe. 3 europe and america as distinct from the orient.,2.8
Occidental  | 1 of the occident. 2 western. —n. Native of the occident.,Occidental  ,1 of the occident. 2 western. —n. Native of the occident.,2.7
Occiput  | Back of the head.  occipital adj. ,Occiput  ,Back of the head.  occipital adj.,3.1
"Occlude  |  1 stop up or close. 2 chem. Absorb and retain . 3  Meteorol.  formed when a cold front overtakes a warm front, raising warm air from ground level.  occlusion n. ",Occlude  ,"1 stop up or close. 2 chem. Absorb and retain . 3  Meteorol.  formed when a cold front overtakes a warm front, raising warm air from ground level.  occlusion n.",2.5
Occult  | 1 involving the supernatural; mystical. 2 esoteric.  the occult occult phenomena generally. ,Occult  ,1 involving the supernatural; mystical. 2 esoteric.  the occult occult phenomena generally.,3.0
"Occupant  | Person who occupies, esp. Lives in, a place etc.  occupancy n. . ",Occupant  ,"Person who occupies, esp. Lives in, a place etc.  occupancy n. .",3.1
Occupation  | 1 person's employment or profession. 2 pastime. 3 occupying or being occupied. 4 taking or holding of a country etc. By force.,Occupation  ,1 person's employment or profession. 2 pastime. 3 occupying or being occupied. 4 taking or holding of a country etc. By force.,2.8
Occupational  | 1 of or connected with one's occupation. 2  Connected with one's occupation.,Occupational  ,1 of or connected with one's occupation. 2  Connected with one's occupation.,2.9
Occupational therapy  | Programme of mental or physical activity to assist recovery from disease or injury.,Occupational therapy  ,Programme of mental or physical activity to assist recovery from disease or injury.,3.5
Occupier  | Person living in a house etc. As its owner or tenant.,Occupier  ,Person living in a house etc. As its owner or tenant.,3.2
Occupy  |  1 live in; be the tenant of. 2 take up or fill . 3 hold . 4 take military possession of. 5 place oneself in  Forcibly or without authority as a protest. 6 keep busy or engaged. ,Occupy  ,1 live in; be the tenant of. 2 take up or fill . 3 hold . 4 take military possession of. 5 place oneself in  Forcibly or without authority as a protest. 6 keep busy or engaged.,2.7
Occur  |  1 come into being as an event or process. 2 exist or be encountered in some place or conditions. 3  come into the mind of. ,Occur  ,1 come into being as an event or process. 2 exist or be encountered in some place or conditions. 3  come into the mind of.,3.2
Occurrence  | 1 occurring. 2 incident or event.,Occurrence  ,1 occurring. 2 incident or event.,3.0
"Ocean  | 1 large expanse of sea, esp. Each of the main areas called the atlantic, pacific, indian, arctic, and antarctic oceans. 2  Colloq. Very large expanse or quantity.  oceanic adj. ",Ocean  ,"1 large expanse of sea, esp. Each of the main areas called the atlantic, pacific, indian, arctic, and antarctic oceans. 2  Colloq. Very large expanse or quantity.  oceanic adj.",2.8
Ocean-going  |  able to cross oceans.,Ocean-going  ,able to cross oceans.,2.8
Oceanography  | The study of the oceans.  oceanographer n.,Oceanography  ,The study of the oceans.  oceanographer n.,2.5
Ocelot  | Leopard-like cat of s. And central america. ,Ocelot  ,Leopard-like cat of s. And central america.,2.8
"Ocher  |  1 earth used as yellow, brown, or red pigment. 2 pale brownish-yellow colour.  ochreous adj. ",Ocher  ,"1 earth used as yellow, brown, or red pigment. 2 pale brownish-yellow colour.  ochreous adj.",3.0
"Ochre  |  1 earth used as yellow, brown, or red pigment. 2 pale brownish-yellow colour.  ochreous adj. ",Ochre  ,"1 earth used as yellow, brown, or red pigment. 2 pale brownish-yellow colour.  ochreous adj.",3.0
Octa-  | Form  eight. ,Octa-  ,Form  eight.,2.7
Octagon  | Plane figure with eight sides and angles.  octagonal adj. ,Octagon  ,Plane figure with eight sides and angles.  octagonal adj.,2.9
Octahedron  |  solid figure contained by eight  plane faces.  octahedral adj. ,Octahedron  ,solid figure contained by eight  plane faces.  octahedral adj.,2.8
Octane  | Colourless inflammable hydrocarbon occurring in petrol. ,Octane  ,Colourless inflammable hydrocarbon occurring in petrol.,2.6
Octane number  |  figure indicating the antiknock properties of a fuel.,Octane number  ,figure indicating the antiknock properties of a fuel.,2.9
"Octave  | 1 mus. A interval between  two notes, one having twice or half the frequency of vibration of the other. B eight notes occupying this interval. C each of the two notes at the extremes of this interval. 2 eight-line stanza. ",Octave  ,"1 mus. A interval between  two notes, one having twice or half the frequency of vibration of the other. B eight notes occupying this interval. C each of the two notes at the extremes of this interval. 2 eight-line stanza.",2.8
Octavo  |  1 size of a book or page given by folding a sheet of standard size three times to form eight leaves. 2 book or sheet of this size. ,Octavo  ,1 size of a book or page given by folding a sheet of standard size three times to form eight leaves. 2 book or sheet of this size.,2.8
Octet  |  1 a musical composition for eight performers. B the performers. 2 group of eight. ,Octet  ,1 a musical composition for eight performers. B the performers. 2 group of eight.,2.8
Octo-  | Form  eight. ,Octo-  ,Form  eight.,2.7
October  | Tenth month of the year. ,October  ,Tenth month of the year.,2.7
Octogenarian  | Person from 80 to 89 years old. ,Octogenarian  ,Person from 80 to 89 years old.,2.7
Octopus  |  sea mollusc with eight suckered tentacles. ,Octopus  ,sea mollusc with eight suckered tentacles.,2.9
"Ocular  | Of, for, or by the eyes; visual. ",Ocular  ,"Of, for, or by the eyes; visual.",3.0
Oculist  | Specialist in the treatment of the eyes.,Oculist  ,Specialist in the treatment of the eyes.,3.1
