Er  | Expressing hesitation. ,Er  ,Expressing hesitation.,2.8
"Era  | 1 system of chronology reckoning from a noteworthy event . 2 large period, esp. Regarded historically. 3 date at which an era begins. 4 major division of geological time. ",Era  ,"1 system of chronology reckoning from a noteworthy event . 2 large period, esp. Regarded historically. 3 date at which an era begins. 4 major division of geological time.",2.8
Eradicate  |  root out; destroy completely.  eradicable adj. Eradication n. Eradicator n. ,Eradicate  ,root out; destroy completely.  eradicable adj. Eradication n. Eradicator n.,2.5
Erase  |  1 rub out; obliterate. 2 remove all traces of. 3 remove recorded material from . ,Erase  ,1 rub out; obliterate. 2 remove all traces of. 3 remove recorded material from .,2.8
"Eraser  | Thing that erases, esp. A piece of rubber etc. For removing pencil etc. Marks.",Eraser  ,"Thing that erases, esp. A piece of rubber etc. For removing pencil etc. Marks.",3.3
Erasure  | 1 erasing. 2 erased word etc.,Erasure  ,1 erasing. 2 erased word etc.,2.7
Erbium  | Metallic element of the lanthanide series. ,Erbium  ,Metallic element of the lanthanide series.,2.7
Ere  | & conj. Poet. Or archaic before  . ,Ere  ,& conj. Poet. Or archaic before  .,2.8
"Erect  | 1 upright, vertical. 2  Enlarged and rigid, esp. In sexual excitement. 3  bristling. —v. 1 set up; build. 2 establish.  erection n. Erectly adv. Erectness n. ",Erect  ,"1 upright, vertical. 2  Enlarged and rigid, esp. In sexual excitement. 3  bristling. —v. 1 set up; build. 2 establish.  erection n. Erectly adv. Erectness n.",2.8
Erectile  | That can become erect . ,Erectile  ,That can become erect .,3.2
Erg  | Unit of work or energy. ,Erg  ,Unit of work or energy.,2.8
Ergo  | Therefore. ,Ergo  ,Therefore.,2.7
Ergonomics  | The study of the relationship between people and their working environment.  ergonomic adj. ,Ergonomics  ,The study of the relationship between people and their working environment.  ergonomic adj.,3.2
Ergot  | Disease of rye etc. Caused by a fungus. ,Ergot  ,Disease of rye etc. Caused by a fungus.,2.7
Erin  | Poet. Ireland. ,Erin  ,Poet. Ireland.,2.8
"Ermine  |  1 stoat, esp. When white in winter. 2 its white fur, used to trim robes etc. ",Ermine  ,"1 stoat, esp. When white in winter. 2 its white fur, used to trim robes etc.",2.6
Ernie  | Device for drawing prize-winning numbers of premium bonds. ,Ernie  ,Device for drawing prize-winning numbers of premium bonds.,2.8
"Erode  |  wear away, destroy gradually.  erosion n. Erosive adj. ",Erode  ,"wear away, destroy gradually.  erosion n. Erosive adj.",2.7
Erogenous  |  particularly sensitive to sexual stimulation. ,Erogenous  ,particularly sensitive to sexual stimulation.,2.8
"Erotic  | Of or causing sexual love, esp. Tending to arouse sexual desire or excitement.  erotically adv. ",Erotic  ,"Of or causing sexual love, esp. Tending to arouse sexual desire or excitement.  erotically adv.",2.9
Erotica  |pl. Erotic literature or art.,Erotica  ,pl. Erotic literature or art.,2.5
Eroticism  | 1 erotic character. 2 use of or response to erotic images or stimulation.,Eroticism  ,1 erotic character. 2 use of or response to erotic images or stimulation.,2.2
Err  | 1 be mistaken or incorrect. 2 do wrong; sin. ,Err  ,1 be mistaken or incorrect. 2 do wrong; sin.,2.8
"Errand  | 1 short journey, esp. On another's behalf, to take a message, collect goods, etc. 2 object of such a journey. ",Errand  ,"1 short journey, esp. On another's behalf, to take a message, collect goods, etc. 2 object of such a journey.",3.1
Errand of mercy  | Journey to relieve suffering etc.,Errand of mercy  ,Journey to relieve suffering etc.,2.9
Errant  | 1 erring. 2 literary or archaic travelling in search of adventure .  errantry n. . ,Errant  ,1 erring. 2 literary or archaic travelling in search of adventure .  errantry n. .,2.8
"Erratic  | 1 inconsistent in conduct, opinions, etc. 2 uncertain in movement.  erratically adv. ",Erratic  ,"1 inconsistent in conduct, opinions, etc. 2 uncertain in movement.  erratically adv.",2.6
Erratum  |  error in printing or writing. ,Erratum  ,error in printing or writing.,3.0
Erroneous  | Incorrect.  erroneously adv. ,Erroneous  ,Incorrect.  erroneously adv.,2.0
Error  | 1 mistake. 2 condition of being morally wrong .  3 degree of inaccuracy in a calculation etc. . ,Error  ,1 mistake. 2 condition of being morally wrong .  3 degree of inaccuracy in a calculation etc. .,2.8
"Ersatz  | & n. Substitute, imitation. ",Ersatz  ,"& n. Substitute, imitation.",2.9
Erse  | Irish or highland gaelic. —n. The gaelic language. ,Erse  ,Irish or highland gaelic. —n. The gaelic language.,2.7
"Erstwhile  | Former, previous. —adv. Archaic formerly. ",Erstwhile  ,"Former, previous. —adv. Archaic formerly.",2.8
Eructation  | Formal belching. ,Eructation  ,Formal belching.,2.2
Erudite  | Learned.  erudition n. ,Erudite  ,Learned.  erudition n.,2.8
Erupt  | 1 break out suddenly or dramatically. 2  eject lava etc. 3  Appear on the skin.  eruption n. Eruptive adj. ,Erupt  ,1 break out suddenly or dramatically. 2  eject lava etc. 3  Appear on the skin.  eruption n. Eruptive adj.,2.7
Erysipelas  | Disease causing fever and a deep red inflammation of the skin. ,Erysipelas  ,Disease causing fever and a deep red inflammation of the skin.,3.0
Erythrocyte  | Red blood cell. ,Erythrocyte  ,Red blood cell.,2.3
