Vac  | Colloq. 1 vacation. 2 vacuum cleaner. ,Vac  ,Colloq. 1 vacation. 2 vacuum cleaner.,2.8
Vacancy  |  1 being vacant. 2 unoccupied job. 3 available room in a hotel etc.,Vacancy  ,1 being vacant. 2 unoccupied job. 3 available room in a hotel etc.,2.7
Vacant  | 1 not filled or occupied. 2 not mentally active; showing no interest.  vacantly adv. ,Vacant  ,1 not filled or occupied. 2 not mentally active; showing no interest.  vacantly adv.,2.8
Vacant possession  | Ownership of an unoccupied house etc.,Vacant possession  ,Ownership of an unoccupied house etc.,2.4
"Vacate  |  leave vacant, cease to occupy . ",Vacate  ,"leave vacant, cease to occupy .",2.9
"Vacation  —| 1 fixed holiday period, esp. In universities and lawcourts. 2 us holiday. 3 vacating or being vacated. —v. Us take a holiday. ",Vacation  ,"1 fixed holiday period, esp. In universities and lawcourts. 2 us holiday. 3 vacating or being vacated. —v. Us take a holiday.",3.2
Vaccinate  |  inoculate with a vaccine to immunize against a disease.  vaccination n. Vaccinator n.,Vaccinate  ,inoculate with a vaccine to immunize against a disease.  vaccination n. Vaccinator n.,2.8
"Vaccine  | Preparation, orig. Cowpox virus, used in vaccination. ",Vaccine  ,"Preparation, orig. Cowpox virus, used in vaccination.",2.1
Vacillate  |  be irresolute; fluctuate.  vacillation n. Vacillator n. ,Vacillate  ,be irresolute; fluctuate.  vacillation n. Vacillator n.,3.3
"Vacuole  | Tiny space in an organ or cell, containing air, fluid, etc. ",Vacuole  ,"Tiny space in an organ or cell, containing air, fluid, etc.",3.0
"Vacuous  | 1 expressionless. 2 showing absence of thought or intelligence, inane.  vacuity n. Vacuously adv. ",Vacuous  ,"1 expressionless. 2 showing absence of thought or intelligence, inane.  vacuity n. Vacuously adv.",2.9
"Vacuum  —|  1 space entirely devoid of matter. 2 space or vessel from which all or some of the air has been pumped out. 3 absence of the normal or previous content, activities, etc. 4  colloq. Vacuum cleaner. —v. Colloq. Clean with a vacuum cleaner. ",Vacuum  ,"1 space entirely devoid of matter. 2 space or vessel from which all or some of the air has been pumped out. 3 absence of the normal or previous content, activities, etc. 4  colloq. Vacuum cleaner. —v. Colloq. Clean with a vacuum cleaner.",2.8
Vacuum brake  | Brake worked by the exhaustion of air.,Vacuum brake  ,Brake worked by the exhaustion of air.,3.4
Vacuum cleaner  | Machine for removing dust etc. By suction.  vacuum-clean v.,Vacuum cleaner  ,Machine for removing dust etc. By suction.  vacuum-clean v.,3.6
"Vacuum flask  | Vessel with a double wall enclosing a vacuum, ensuring that the contents remain hot or cold.",Vacuum flask  ,"Vessel with a double wall enclosing a vacuum, ensuring that the contents remain hot or cold.",3.2
Vacuum-packed  | Sealed after the partial removal of air.,Vacuum-packed  ,Sealed after the partial removal of air.,3.4
Vacuum tube  | Tube with a near-vacuum for the free passage of electric current.,Vacuum tube  ,Tube with a near-vacuum for the free passage of electric current.,3.0
Vade-mecum  | Handbook etc. Used constantly. ,Vade-mecum  ,Handbook etc. Used constantly.,3.3
"Vagabond  —| Wanderer, esp. An idle one. —attrib. Adj. Wandering, roving.  vagabondage n. ",Vagabond  ,"Wanderer, esp. An idle one. —attrib. Adj. Wandering, roving.  vagabondage n.",2.9
"Vagary  |  caprice, whim. ",Vagary  ,"caprice, whim.",2.7
Vagina  |  canal from the uterus to the vulva in female mammals.  vaginal adj. ,Vagina  ,canal from the uterus to the vulva in female mammals.  vaginal adj.,2.7
"Vagrant  —| Unemployed itinerant. —adj. Wandering, roving.  vagrancy n. ",Vagrant  ,"Unemployed itinerant. —adj. Wandering, roving.  vagrancy n.",2.7
"Vague  | 1 uncertain or ill-defined. 2  imprecise; inexact in thought, expression, or understanding.  vaguely adv. Vagueness n. ",Vague  ,"1 uncertain or ill-defined. 2  imprecise; inexact in thought, expression, or understanding.  vaguely adv. Vagueness n.",2.8
"Vain  | 1 having too high an opinion of one's looks, abilities, etc. 2 empty, trivial . 3 useless; futile .  in vain 1 without success. 2 lightly or profanely .  vainly adv. ",Vain  ,"1 having too high an opinion of one's looks, abilities, etc. 2 empty, trivial . 3 useless; futile .  in vain 1 without success. 2 lightly or profanely .  vainly adv.",2.7
Vainglory  | Boastfulness; extreme vanity.  vainglorious adj. ,Vainglory  ,Boastfulness; extreme vanity.  vainglorious adj.,2.5
"Valance  |  short curtain round the frame or canopy of a bedstead, above a window, etc. ",Valance  ,"short curtain round the frame or canopy of a bedstead, above a window, etc.",2.8
Vale  |  valley. ,Vale  ,valley.,2.8
Valediction  | Formal 1 bidding farewell. 2 words used in this.  valedictory adj. & n. . ,Valediction  ,Formal 1 bidding farewell. 2 words used in this.  valedictory adj. & n. .,2.9
Valence1  | = ~valency.,Valence1  ,= ~valency.,3.0
Valence2  | Of ~valance.,Valence2  ,Of ~valance.,2.9
Valency  |  combining power of an atom measured by the number of hydrogen atoms it can displace or combine with. ,Valency  ,combining power of an atom measured by the number of hydrogen atoms it can displace or combine with.,2.8
"Valentine  | 1 card sent, often anonymously, as a mark of love on st valentine's day . 2 sweetheart chosen on this day. ",Valentine  ,"1 card sent, often anonymously, as a mark of love on st valentine's day . 2 sweetheart chosen on this day.",3.0
"Valerian  | Any of various flowering herbs, esp. Used as a sedative. ",Valerian  ,"Any of various flowering herbs, esp. Used as a sedative.",2.9
Valet  —| Gentleman's personal servant. —v.  1 work as a valet . 2 clean or clean out . ,Valet  ,Gentleman's personal servant. —v.  1 work as a valet . 2 clean or clean out .,2.7
Valetudinarian  —| Person of poor health or who is unduly anxious about health. —adj. Of a valetudinarian.  valetudinarianism n. ,Valetudinarian  ,Person of poor health or who is unduly anxious about health. —adj. Of a valetudinarian.  valetudinarianism n.,2.7
Valiant  | Brave.  valiantly adv. ,Valiant  ,Brave.  valiantly adv.,2.8
"Valid  | 1  Sound, defensible. 2 a executed with the proper formalities, legally acceptable . B not yet expired.  validity n. ",Valid  ,"1  Sound, defensible. 2 a executed with the proper formalities, legally acceptable . B not yet expired.  validity n.",2.7
Validate  |  make valid; ratify.  validation n.,Validate  ,make valid; ratify.  validation n.,3.3
Valise  | Us small portmanteau. ,Valise  ,Us small portmanteau.,2.8
Valium  | Propr. Drug diazepam used as a tranquillizer. ,Valium  ,Propr. Drug diazepam used as a tranquillizer.,2.7
"Valley  |  low area between hills, usu. With a stream or river flowing through it. ",Valley  ,"low area between hills, usu. With a stream or river flowing through it.",2.9
"Valor  |  courage, esp. In battle.  valorous adj. ",Valor  ,"courage, esp. In battle.  valorous adj.",2.7
"Valour  |  courage, esp. In battle.  valorous adj. ",Valour  ,"courage, esp. In battle.  valorous adj.",3.0
"Valuable  | Of great value, price, or worth. —n.  Valuable thing.  valuably adv.",Valuable  ,"Of great value, price, or worth. —n.  Valuable thing.  valuably adv.",2.8
Valuation  | 1 estimation  of a thing's worth. 2 worth so estimated.,Valuation  ,1 estimation  of a thing's worth. 2 worth so estimated.,2.8
"Value  —| 1 worth, desirability, or utility, or the qualities on which these depend. 2 worth as estimated . 3 amount for which a thing can be exchanged in the open market. 4 equivalent of a thing. 5  something well worth the money spent. 6 effectiveness . 7  One's principles, priorities, or standards. 8 mus. Duration of a note. 9 math. Amount denoted by an algebraic term. —v.  1 estimate the value of, esp. Professionally. 2 have a high or specified opinion of.  valueless adj. Valuer n. ",Value  ,"1 worth, desirability, or utility, or the qualities on which these depend. 2 worth as estimated . 3 amount for which a thing can be exchanged in the open market. 4 equivalent of a thing. 5  something well worth the money spent. 6 effectiveness . 7  One's principles, priorities, or standards. 8 mus. Duration of a note. 9 math. Amount denoted by an algebraic term. —v.  1 estimate the value of, esp. Professionally. 2 have a high or specified opinion of.  valueless adj. Valuer n.",2.8
Value added tax  | Tax levied on the rise in value of services and goods at each stage of production.,Value added tax  ,Tax levied on the rise in value of services and goods at each stage of production.,2.9
Value judgement  | Subjective estimate of worth etc.,Value judgement  ,Subjective estimate of worth etc.,3.0
"Valve  | 1 device controlling flow through a pipe etc., esp. Allowing movement in one direction only. 2 structure in an organ etc. Allowing a flow of blood etc. In one direction only. 3 = ~thermionic valve. 4 device to vary the effective length of the tube in a trumpet etc. 5 half-shell of an oyster, mussel, etc.  valvular adj. ",Valve  ,"1 device controlling flow through a pipe etc., esp. Allowing movement in one direction only. 2 structure in an organ etc. Allowing a flow of blood etc. In one direction only. 3 = ~thermionic valve. 4 device to vary the effective length of the tube in a trumpet etc. 5 half-shell of an oyster, mussel, etc.  valvular adj.",2.6
Vamoose  | Us slang depart hurriedly. ,Vamoose  ,Us slang depart hurriedly.,2.6
Vamp1  —| Upper front part of a boot or shoe. —v. 1  repair or furbish. 2  make by patching or from odds and ends. 3 improvise a musical accompaniment. ,Vamp1  ,Upper front part of a boot or shoe. —v. 1  repair or furbish. 2  make by patching or from odds and ends. 3 improvise a musical accompaniment.,2.8
Vamp2  | —n. Woman who uses sexual attraction to exploit men. —v. Allure and exploit . ,Vamp2  ,—n. Woman who uses sexual attraction to exploit men. —v. Allure and exploit .,2.9
Vampire  | 1 supposed ghost or reanimated corpse sucking the blood of sleeping persons. 2 person who preys ruthlessly on others. 3  tropical  bloodsucking bat. ,Vampire  ,1 supposed ghost or reanimated corpse sucking the blood of sleeping persons. 2 person who preys ruthlessly on others. 3  tropical  bloodsucking bat.,3.2
Van1  | 1 small covered goods vehicle. 2 railway carriage for luggage and for the guard. ,Van1  ,1 small covered goods vehicle. 2 railway carriage for luggage and for the guard.,2.7
"Van2  | Vanguard, forefront. ",Van2  ,"Vanguard, forefront.",2.6
Vanadium  | Hard grey metallic element used to strengthen steel. ,Vanadium  ,Hard grey metallic element used to strengthen steel.,3.1
Vandal  | Person who wilfully or maliciously damages property.  vandalism n. ,Vandal  ,Person who wilfully or maliciously damages property.  vandalism n.,2.8
Vandalize  |   wilfully or maliciously destroy or damage .,Vandalize  ,wilfully or maliciously destroy or damage .,2.8
Vane  | 1 weather-vane. 2 blade of a screw propeller or windmill etc. ,Vane  ,1 weather-vane. 2 blade of a screw propeller or windmill etc.,2.8
Vanguard  | 1 foremost part of an advancing army etc. 2 leaders of a movement etc. ,Vanguard  ,1 foremost part of an advancing army etc. 2 leaders of a movement etc.,2.7
"Vanilla  | 1 a tropical fragrant climbing orchid. B  fruit of this. 2 extract from the vanilla-pod, or a synthetic substance, used as flavouring. ",Vanilla  ,"1 a tropical fragrant climbing orchid. B  fruit of this. 2 extract from the vanilla-pod, or a synthetic substance, used as flavouring.",2.7
Vanish  | 1 disappear. 2 cease to exist. ,Vanish  ,1 disappear. 2 cease to exist.,2.7
Vanishing cream  | Skin ointment that leaves no visible trace.,Vanishing cream  ,Skin ointment that leaves no visible trace.,3.4
Vanishing-point  | 1 point at which receding parallel lines appear to meet. 2 stage of complete disappearance.,Vanishing-point  ,1 point at which receding parallel lines appear to meet. 2 stage of complete disappearance.,3.3
"Vanity  |  1 conceit about one's appearance or attainments. 2 futility, unsubstantiality, unreal thing . 3 ostentatious display. ",Vanity  ,"1 conceit about one's appearance or attainments. 2 futility, unsubstantiality, unreal thing . 3 ostentatious display.",2.8
Vanity bag  |  woman's make-up bag or case.,Vanity bag  ,woman's make-up bag or case.,2.6
Vanity unit  | Wash-basin set into a unit with cupboards beneath.,Vanity unit  ,Wash-basin set into a unit with cupboards beneath.,2.8
"Vanquish  | Literary conquer, overcome. ",Vanquish  ,"Literary conquer, overcome.",2.6
Vantage  | 1  place giving a good view. 2 tennis = ~advantage. ,Vantage  ,1  place giving a good view. 2 tennis = ~advantage.,3.1
Vapid  | Insipid; dull; flat.  vapidity n. ,Vapid  ,Insipid; dull; flat.  vapidity n.,3.0
"Vapor  |  1 moisture or other substance diffused or suspended in air, e.g. Mist, smoke. 2  gaseous form of a substance. 3 medicinal inhalant.  vaporous adj. Vapoury adj. ",Vapor  ,"1 moisture or other substance diffused or suspended in air, e.g. Mist, smoke. 2  gaseous form of a substance. 3 medicinal inhalant.  vaporous adj. Vapoury adj.",2.7
Vaporize  |   change into vapour.  vaporization n.,Vaporize  ,change into vapour.  vaporization n.,2.3
"Vapour  |  1 moisture or other substance diffused or suspended in air, e.g. Mist, smoke. 2  gaseous form of a substance. 3 medicinal inhalant.  vaporous adj. Vapoury adj. ",Vapour  ,"1 moisture or other substance diffused or suspended in air, e.g. Mist, smoke. 2  gaseous form of a substance. 3 medicinal inhalant.  vaporous adj. Vapoury adj.",3.0
Vapour trail  | Trail of condensed water from an aircraft etc.,Vapour trail  ,Trail of condensed water from an aircraft etc.,3.4
"Variable  | 1 changeable, adaptable. 2 apt to vary; not constant. 3 math.  indeterminate; able to assume different numerical values. —n. Variable thing or quantity.  variability n. Variably adv.",Variable  ,"1 changeable, adaptable. 2 apt to vary; not constant. 3 math.  indeterminate; able to assume different numerical values. —n. Variable thing or quantity.  variability n. Variably adv.",2.8
Variance  | 1  difference of opinion; dispute . 2 discrepancy.,Variance  ,1  difference of opinion; dispute . 2 discrepancy.,3.1
"Variant  | 1 differing in form or details from a standard . 2 having different forms . —n. Variant form, spelling, type, etc.",Variant  ,"1 differing in form or details from a standard . 2 having different forms . —n. Variant form, spelling, type, etc.",2.9
"Variation  | 1 varying. 2 departure from the normal kind, amount, a standard, etc. . 3 extent of this. 4 variant thing. 5 mus. Theme in a changed or elaborated form.",Variation  ,"1 varying. 2 departure from the normal kind, amount, a standard, etc. . 3 extent of this. 4 variant thing. 5 mus. Theme in a changed or elaborated form.",3.1
Varicolored  |  1 variegated in colour. 2 of various colours. ,Varicolored  ,1 variegated in colour. 2 of various colours.,2.4
Varicoloured  |  1 variegated in colour. 2 of various colours. ,Varicoloured  ,1 variegated in colour. 2 of various colours.,2.8
Varicose  |  Permanently and abnormally dilated. ,Varicose  ,Permanently and abnormally dilated.,2.7
Varied  | Showing variety.,Varied  ,Showing variety.,3.1
Variegated  | 1 with irregular patches of different colours. 2 having leaves of two or more colours.  variegation n. ,Variegated  ,1 with irregular patches of different colours. 2 having leaves of two or more colours.  variegation n.,3.2
"Variety  |  1 diversity; absence of uniformity; many-sidedness. 2 quantity or collection of different things . 3 a class of things that differ from the rest in the same general class. B member of such a class. 4  different form of a thing, quality, etc. 5 biol. Subdivision of a species. 6 series of dances, songs, comedy acts, etc. . ",Variety  ,"1 diversity; absence of uniformity; many-sidedness. 2 quantity or collection of different things . 3 a class of things that differ from the rest in the same general class. B member of such a class. 4  different form of a thing, quality, etc. 5 biol. Subdivision of a species. 6 series of dances, songs, comedy acts, etc. .",3.3
"Various  | 1 different, diverse . 2 several .  variously adv. ",Various  ,"1 different, diverse . 2 several .  variously adv.",2.8
Varlet  | Archaic menial; rascal. ,Varlet  ,Archaic menial; rascal.,3.0
Varnish  —| 1  resinous solution used to give a hard shiny transparent coating. 2 similar preparation . 3 deceptive outward appearance or show. —v. 1 apply varnish to. 2 give a deceptively attractive appearance to. ,Varnish  ,1  resinous solution used to give a hard shiny transparent coating. 2 similar preparation . 3 deceptive outward appearance or show. —v. 1 apply varnish to. 2 give a deceptively attractive appearance to.,3.0
Varsity  |  colloq.  university. ,Varsity  ,colloq.  university.,2.8
Vary  |  1 be or become different; be of different kinds; change. 2 make different; modify. ,Vary  ,1 be or become different; be of different kinds; change. 2 make different; modify.,3.3
Vas  |  vessel or duct. ,Vas  ,vessel or duct.,3.1
"Vascular  | Of or containing vessels for conveying blood, sap, etc. ",Vascular  ,"Of or containing vessels for conveying blood, sap, etc.",2.9
Vas deferens  |  sperm duct of the testicle.,Vas deferens  ,sperm duct of the testicle.,2.4
Vase  | Vessel used as an ornament or container for flowers. ,Vase  ,Vessel used as an ornament or container for flowers.,2.7
"Vasectomy  |  removal of part of each vas deferens, esp. For sterilization.",Vasectomy  ,"removal of part of each vas deferens, esp. For sterilization.",3.3
Vaseline  | Propr. Type of petroleum jelly used as an ointment etc. ,Vaseline  ,Propr. Type of petroleum jelly used as an ointment etc.,2.9
Vassal  | 1 hist. Feudal tenant of land. 2 humble dependant.  vassalage n. ,Vassal  ,1 hist. Feudal tenant of land. 2 humble dependant.  vassalage n.,3.1
"Vast  | Immense, huge.  vastly adv. Vastness n. ",Vast  ,"Immense, huge.  vastly adv. Vastness n.",2.8
"Vat  | Tank, esp. For holding liquids in brewing, distilling, food manufacture, dyeing, and tanning. ",Vat  ,"Tank, esp. For holding liquids in brewing, distilling, food manufacture, dyeing, and tanning.",2.7
Vatican  | Palace or government of the pope in rome. ,Vatican  ,Palace or government of the pope in rome.,3.1
Vaudeville  | Esp. Us 1 variety entertainment. 2 light stage play with interspersed songs.  vaudevillian adj. & n.  ,Vaudeville  ,Esp. Us 1 variety entertainment. 2 light stage play with interspersed songs.  vaudevillian adj. & n.,3.0
"Vault  —| 1 arched roof. 2 vaultlike covering . 3 underground storage chamber or place of interment beneath a church or in a cemetery etc. 4 act of vaulting. —v. 1 leap, esp. Using the hands or a pole. 2 spring over in this way. 3  a make in the form of a vault. B provide with a vault or vaults. ",Vault  ,"1 arched roof. 2 vaultlike covering . 3 underground storage chamber or place of interment beneath a church or in a cemetery etc. 4 act of vaulting. —v. 1 leap, esp. Using the hands or a pole. 2 spring over in this way. 3  a make in the form of a vault. B provide with a vault or vaults.",2.9
Vaulting  | Arched work in a vaulted roof or ceiling.,Vaulting  ,Arched work in a vaulted roof or ceiling.,2.8
Vaulting-horse  | Wooden box for vaulting over.,Vaulting-horse  ,Wooden box for vaulting over.,3.1
Vaunt  | & n. Literary boast. ,Vaunt  ,& n. Literary boast.,3.4
