"Old  |  1 a advanced in age; far on in the natural period of existence. B not young or near its beginning. 2 made long ago. 3 long in use. 4 worn, dilapidated, or shabby from the passage of time. 5 having the characteristics of age . 6 practised, inveterate . 7 belonging to the past; lingering on; former . 8 dating from far back; long established or known; ancient, primeval . 9  of age . 10  as used in former or earliest times. 11 colloq. As a term of affection or casual reference .  oldish adj. Oldness n. ",Old  ,"1 a advanced in age; far on in the natural period of existence. B not young or near its beginning. 2 made long ago. 3 long in use. 4 worn, dilapidated, or shabby from the passage of time. 5 having the characteristics of age . 6 practised, inveterate . 7 belonging to the past; lingering on; former . 8 dating from far back; long established or known; ancient, primeval . 9  of age . 10  as used in former or earliest times. 11 colloq. As a term of affection or casual reference .  oldish adj. Oldness n.",2.8
Old age  | Later part of normal life.,Old age  ,Later part of normal life.,3.1
Old-age pension  | = ~retirement pension.  old-age pensioner n.,Old-age pension  ,= ~retirement pension.  old-age pensioner n.,2.9
Old bill  | Slang 1 the police. 2 a policeman.,Old bill  ,Slang 1 the police. 2 a policeman.,3.1
Old boy  | 1 former male pupil of a school. 2 colloq. A elderly man. B  = ~old man.,Old boy  ,1 former male pupil of a school. 2 colloq. A elderly man. B  = ~old man.,2.9
"Old boy network  | Colloq. Preferment in employment, esp. Of fellow ex-pupils of public schools.",Old boy network  ,"Colloq. Preferment in employment, esp. Of fellow ex-pupils of public schools.",3.0
Old country  |  native country of colonists etc.,Old country  ,native country of colonists etc.,3.0
Olden  | Adj. Archaic old; of old.,Olden  ,Adj. Archaic old; of old.,3.0
Old-fashioned  | Showing or favouring the tastes of former times.,Old-fashioned  ,Showing or favouring the tastes of former times.,3.4
Old girl  | 1 former female pupil of a school. 2 colloq. A elderly woman. B affectionate term of address to a girl or woman.,Old girl  ,1 former female pupil of a school. 2 colloq. A elderly woman. B affectionate term of address to a girl or woman.,3.0
Old glory  | Us us national flag.,Old glory  ,Us us national flag.,3.6
Old gold  | & n.  dull brownish-gold colour.,Old gold  ,& n.  dull brownish-gold colour.,2.9
"Old guard  | Original, past, or conservative members of a group.",Old guard  ,"Original, past, or conservative members of a group.",2.8
Old hand  | Person with much experience.,Old hand  ,Person with much experience.,2.8
Old hat  | Colloq. Hackneyed.,Old hat  ,Colloq. Hackneyed.,3.1
Oldie  | Colloq. Old person or thing.,Oldie  ,Colloq. Old person or thing.,2.8
Old lady  | Colloq. One's mother or wife.,Old lady  ,Colloq. One's mother or wife.,3.3
Old maid  | 1 derog. Elderly unmarried woman. 2 prim and fussy person.,Old maid  ,1 derog. Elderly unmarried woman. 2 prim and fussy person.,3.1
Old man  | Colloq. 1 one's husband or father. 2 affectionate form of address to a boy or man.,Old man  ,Colloq. 1 one's husband or father. 2 affectionate form of address to a boy or man.,3.1
"Old man's beard  | Wild clematis, with grey fluffy hairs round the seeds.",Old man,"Wild clematis, with grey fluffy hairs round the seeds.",3.1
"Old master  | 1 great artist of former times, esp. Of the 13th–17th c. In europe. 2 painting by such a painter.",Old master  ,"1 great artist of former times, esp. Of the 13th–17th c. In europe. 2 painting by such a painter.",3.3
Old nick  | Colloq. The devil.,Old nick  ,Colloq. The devil.,3.1
Old norse  | 1 germanic language from which the scandinavian languages are derived. 2 language of norway and its colonies until the 14th c.,Old norse  ,1 germanic language from which the scandinavian languages are derived. 2 language of norway and its colonies until the 14th c.,3.3
Old school  | Traditional attitudes or people having them.,Old school  ,Traditional attitudes or people having them.,3.3
"Old school tie  | Excessive loyalty to traditional values and to former pupils of one's own, esp. Public, school.",Old school tie  ,"Excessive loyalty to traditional values and to former pupils of one's own, esp. Public, school.",3.4
Old soldier  |  experienced person.,Old soldier  ,experienced person.,3.3
Old style  | Dating reckoned by the julian calendar.,Old style  ,Dating reckoned by the julian calendar.,3.0
Old testament  | Part of the bible containing the scriptures of the hebrews.,Old testament  ,Part of the bible containing the scriptures of the hebrews.,3.5
Old-time  | Adj. Belonging to former times .,Old-time  ,Adj. Belonging to former times .,3.2
Old timer  | Of ~old soldier.,Old timer  ,Of ~old soldier.,2.9
Old wives' tale  | Unscientific belief.,Old wives,Unscientific belief.,3.0
Old woman  | Colloq. 1 one's wife or mother. 2 fussy or timid man.,Old woman  ,Colloq. 1 one's wife or mother. 2 fussy or timid man.,3.1
"Old world  | Europe, asia, and africa.",Old world  ,"Europe, asia, and africa.",3.2
Old year  | Year just ended or ending.,Old year  ,Year just ended or ending.,3.0
Oleaginous  | 1 like or producing oil. 2 oily. ,Oleaginous  ,1 like or producing oil. 2 oily.,3.1
Oleander  | Evergreen flowering mediterranean shrub. ,Oleander  ,Evergreen flowering mediterranean shrub.,2.6
Olfactory  | Of the sense of smell . ,Olfactory  ,Of the sense of smell .,2.8
Oligarch  | Member of an oligarchy. ,Oligarch  ,Member of an oligarchy.,2.6
"Oligarchy  |  1 government, or state governed, by a small group of people. 2 members of such a government.  oligarchic adj. Oligarchical adj.",Oligarchy  ,"1 government, or state governed, by a small group of people. 2 members of such a government.  oligarchic adj. Oligarchical adj.",2.7
Oligocene  | Of the third geological epoch of the tertiary period. —n. This epoch. ,Oligocene  ,Of the third geological epoch of the tertiary period. —n. This epoch.,2.5
"Olive  —| 1 small oval hard-stoned fruit, green when unripe and bluish-black when ripe. 2 tree bearing this. 3 its wood. 4 olive green. —adj. 1 olive-green. 2  yellowish-brown. ",Olive  ,"1 small oval hard-stoned fruit, green when unripe and bluish-black when ripe. 2 tree bearing this. 3 its wood. 4 olive green. —adj. 1 olive-green. 2  yellowish-brown.",2.7
Olive branch  | Gesture of reconciliation or peace.,Olive branch  ,Gesture of reconciliation or peace.,3.0
Olive green  | & n.  dull yellowish green.,Olive green  ,& n.  dull yellowish green.,2.5
Olive oil  | Cooking-oil extracted from olives.,Olive oil  ,Cooking-oil extracted from olives.,2.9
Olivine  | Mineral  composed of magnesium-iron silicate.,Olivine  ,Mineral  composed of magnesium-iron silicate.,2.8
"Olympiad  | 1 a period of four years between olympic games, used by the ancient greeks in dating events. B four-yearly celebration of the ancient olympic games. 2 celebration of the modern olympic games. 3 regular international contest in chess etc. ",Olympiad  ,"1 a period of four years between olympic games, used by the ancient greeks in dating events. B four-yearly celebration of the ancient olympic games. 2 celebration of the modern olympic games. 3 regular international contest in chess etc.",4.5
"Olympian  | 1 a of olympus. B celestial. 2  Magnificent, condescending, superior. 3 = ~olympic. —n. 1 greek god dwelling on olympus. 2 person of superhuman ability or calm. 3 competitor in the olympic games. ",Olympian  ,"1 a of olympus. B celestial. 2  Magnificent, condescending, superior. 3 = ~olympic. —n. 1 greek god dwelling on olympus. 2 person of superhuman ability or calm. 3 competitor in the olympic games.",3.9
Olympic  | Of the olympic games. —n.pl.  olympic games. ,Olympic  ,Of the olympic games. —n.pl.  olympic games.,3.1
Olympic games  |pl. 1 ancient greek athletic festival held at olympia every four years. 2 modern international revival of this.,Olympic games  ,pl. 1 ancient greek athletic festival held at olympia every four years. 2 modern international revival of this.,3.1
