"As1  —| & conj.  to the extent to which … is or does etc.  Am as tall as him; as recently as last week). —conj.  1  expressing result or purpose . 2  although . 3  a in the manner in which . B in the capacity or form of . C while . D since, seeing that . E for instance . —rel. Pron.",As1  ,"& conj.  to the extent to which … is or does etc.  Am as tall as him; as recently as last week). —conj.  1  expressing result or purpose . 2  although . 3  a in the manner in which . B in the capacity or form of . C while . D since, seeing that . E for instance . —rel. Pron.",3.4
As2  |  roman copper coin. ,As2  ,roman copper coin.,3.2
Asafetida  |  resinous pungent plant gum used in cooking and formerly in medicine. ,Asafetida  ,resinous pungent plant gum used in cooking and formerly in medicine.,3.2
Asafoetida  |  resinous pungent plant gum used in cooking and formerly in medicine. ,Asafoetida  ,resinous pungent plant gum used in cooking and formerly in medicine.,2.5
Asbestos  | 1 fibrous silicate mineral. 2 this as a heat-resistant or insulating material. ,Asbestos  ,1 fibrous silicate mineral. 2 this as a heat-resistant or insulating material.,2.7
"Ascend  | 1 move or slope upwards, rise. 2 climb; go up.  ascend the throne become king or queen. ",Ascend  ,"1 move or slope upwards, rise. 2 climb; go up.  ascend the throne become king or queen.",3.2
Ascendancy  |  dominant power or control.,Ascendancy  ,dominant power or control.,3.2
Ascendant  | 1 rising. 2 astron. Rising towards the zenith. 3 astrol. Just above the eastern horizon. 4 predominant. —n. Astrol. Ascendant point of the sun's apparent path.  in the ascendant gaining or having power or authority.,Ascendant  ,1 rising. 2 astron. Rising towards the zenith. 3 astrol. Just above the eastern horizon. 4 predominant. —n. Astrol. Ascendant point of the sun's apparent path.  in the ascendant gaining or having power or authority.,3.2
Ascension  | 1 ascent. 2  ascent of christ into heaven.,Ascension  ,1 ascent. 2  ascent of christ into heaven.,3.3
"Ascent  | 1 ascending, rising, or progressing. 2 upward slope or path etc.",Ascent  ,"1 ascending, rising, or progressing. 2 upward slope or path etc.",2.9
Ascertain  | Find out for certain.  ascertainment n. ,Ascertain  ,Find out for certain.  ascertainment n.,3.1
"Ascetic  | Severely abstinent; self-denying. —n. Ascetic, esp. Religious, person.  asceticism n. ",Ascetic  ,"Severely abstinent; self-denying. —n. Ascetic, esp. Religious, person.  asceticism n.",2.9
"Ascorbic acid  | Vitamin c, which prevents scurvy. ",Ascorbic acid  ,"Vitamin c, which prevents scurvy.",2.3
Ascribe  |   1 attribute . 2 regard as belonging.  ascription n. ,Ascribe  ,1 attribute . 2 regard as belonging.  ascription n.,3.1
Asepsis  | 1 absence of sepsis or harmful micro-organisms. 2 method of achieving asepsis in surgery.  aseptic adj.,Asepsis  ,1 absence of sepsis or harmful micro-organisms. 2 method of achieving asepsis in surgery.  aseptic adj.,2.7
"Asexual  | 1 without sex, sexual organs, or sexuality. 2  not involving the fusion of gametes.  asexually adv.",Asexual  ,"1 without sex, sexual organs, or sexuality. 2  not involving the fusion of gametes.  asexually adv.",3.2
Ash1  | 1  Powdery residue left after burning. 2  Human remains after cremation. 3  cricket trophy competed for by australia and england. ,Ash1  ,1  Powdery residue left after burning. 2  Human remains after cremation. 3  cricket trophy competed for by australia and england.,2.9
"Ash2  | 1 tree with silver-grey bark. 2 its hard, pale wood. ",Ash2  ,"1 tree with silver-grey bark. 2 its hard, pale wood.",2.8
"Ashamed  |  1 embarrassed by shame . 2  Hesitant, reluctant out of shame . ",Ashamed  ,"1 embarrassed by shame . 2  Hesitant, reluctant out of shame .",2.3
Ashcan  | Us dustbin.,Ashcan  ,Us dustbin.,2.9
"Ashen  | Like ashes, esp. Grey or pale.",Ashen  ,"Like ashes, esp. Grey or pale.",3.0
Ashkenazi  |  east european jew. ,Ashkenazi  ,east european jew.,2.7
Ashlar  | 1 large square-cut stone used in building; masonry made of these. 2 thin slabs of masonry used for facing walls. ,Ashlar  ,1 large square-cut stone used in building; masonry made of these. 2 thin slabs of masonry used for facing walls.,3.0
Ashore  | Towards or on the shore or land.,Ashore  ,Towards or on the shore or land.,2.6
Ashram  | Place of religious retreat for hindus. ,Ashram  ,Place of religious retreat for hindus.,3.1
"Ashtray  | Small receptacle for cigarette ash, stubs, etc.",Ashtray  ,"Small receptacle for cigarette ash, stubs, etc.",2.6
Ashy  |  1 = ~ashen. 2 covered with ashes.,Ashy  ,1 = ~ashen. 2 covered with ashes.,2.9
Asian  —| 1 native of asia. 2 person of asian descent. —adj. Of asia. ,Asian  ,1 native of asia. 2 person of asian descent. —adj. Of asia.,2.8
Asiatic  —| Offens. Asian. —adj. Asian. ,Asiatic  ,Offens. Asian. —adj. Asian.,3.2
"Aside  —| To or on one side; away, apart. —n. Words spoken aside, esp. Confidentially to the audience by an actor.",Aside  ,"To or on one side; away, apart. —n. Words spoken aside, esp. Confidentially to the audience by an actor.",2.9
"Asinine  | Like an ass, esp. Stupid or stubborn.  asininity n. ",Asinine  ,"Like an ass, esp. Stupid or stubborn.  asininity n.",3.0
"Ask  | 1 call for an answer to or about . 2 seek to obtain from someone . 3 ) Invite . 4  seek to obtain, meet, or be directed to .  ask after inquire about . Ask for it slang invite trouble. ",Ask  ,"1 call for an answer to or about . 2 seek to obtain from someone . 3 ) Invite . 4  seek to obtain, meet, or be directed to .  ask after inquire about . Ask for it slang invite trouble.",2.7
Askance  | Sideways or squinting.  look askance at regard suspiciously. ,Askance  ,Sideways or squinting.  look askance at regard suspiciously.,2.9
"Askew  —| Awry, crookedly. —predic. Adj. Oblique; awry.",Askew  ,"Awry, crookedly. —predic. Adj. Oblique; awry.",3.0
Aslant  —| Obliquely or at a slant. —prep. Obliquely across.,Aslant  ,Obliquely or at a slant. —prep. Obliquely across.,3.3
"Asleep  | Adj. & adv. 1 a in or into a state of sleep. B inactive, inattentive. 2  Numb. 3 euphem. Dead.",Asleep  ,"Adj. & adv. 1 a in or into a state of sleep. B inactive, inattentive. 2  Numb. 3 euphem. Dead.",3.0
Asp  | Small venomous snake of north africa or southern europe. ,Asp  ,Small venomous snake of north africa or southern europe.,3.2
Asparagus  | 1 plant of the lily family. 2 edible shoots of this. ,Asparagus  ,1 plant of the lily family. 2 edible shoots of this.,3.1
"Aspect  | 1 viewpoint, feature, etc. To be considered . 2 appearance or look . 3 side of a building or location facing a particular direction . ",Aspect  ,"1 viewpoint, feature, etc. To be considered . 2 appearance or look . 3 side of a building or location facing a particular direction .",2.8
Aspen  | Poplar with very tremulous leaves. ,Aspen  ,Poplar with very tremulous leaves.,3.2
Asperity  |  1 sharpness of temper or tone. 2 roughness; rough excrescence. ,Asperity  ,1 sharpness of temper or tone. 2 roughness; rough excrescence.,3.1
Aspersion  |  cast aspersions on attack the reputation of. ,Aspersion  , cast aspersions on attack the reputation of.,3.3
"Asphalt  —| 1 dark bituminous pitch. 2 mixture of this with sand, gravel, etc., for surfacing roads etc. —v. Surface with asphalt. ",Asphalt  ,"1 dark bituminous pitch. 2 mixture of this with sand, gravel, etc., for surfacing roads etc. —v. Surface with asphalt.",3.3
Asphodel  | 1 plant of the lily family. 2 poet. Immortal flower growing in elysium. ,Asphodel  ,1 plant of the lily family. 2 poet. Immortal flower growing in elysium.,3.2
"Asphyxia  | Lack of oxygen in the blood, causing unconsciousness or death; suffocation.  asphyxiant adj. & n. ",Asphyxia  ,"Lack of oxygen in the blood, causing unconsciousness or death; suffocation.  asphyxiant adj. & n.",3.1
Asphyxiate  |  suffocate.  asphyxiation n.,Asphyxiate  ,suffocate.  asphyxiation n.,3.1
"Aspic  | Savoury jelly used esp. To contain game, eggs, etc. ",Aspic  ,"Savoury jelly used esp. To contain game, eggs, etc.",2.8
Aspidistra  | House-plant with broad tapering leaves. ,Aspidistra  ,House-plant with broad tapering leaves.,3.1
Aspirant  | Aspiring. —n. Person who aspires. ,Aspirant  ,Aspiring. —n. Person who aspires.,3.4
Aspirate  | Pronounced with an exhalation of breath; blended with the sound of h. —n. Sound of h; consonant pronounced in this way. —v.  1 pronounce with breath or with initial h. 2 draw  by suction from a cavity etc.,Aspirate  ,Pronounced with an exhalation of breath; blended with the sound of h. —n. Sound of h; consonant pronounced in this way. —v.  1 pronounce with breath or with initial h. 2 draw  by suction from a cavity etc.,3.0
Aspiration  | 1 ambition or desire. 2 drawing breath or phonet. Aspirating.,Aspiration  ,1 ambition or desire. 2 drawing breath or phonet. Aspirating.,2.9
Aspirator  | Apparatus for aspirating fluid. ,Aspirator  ,Apparatus for aspirating fluid.,3.0
Aspire  |   Have ambition or a strong desire. ,Aspire  ,Have ambition or a strong desire.,3.2
"Aspirin  |  1 white powder, acetylsalicylic acid, used to reduce pain and fever. 2 tablet of this. ",Aspirin  ,"1 white powder, acetylsalicylic acid, used to reduce pain and fever. 2 tablet of this.",3.2
Ass1  | 1 a four-legged long-eared mammal related to the horse. B donkey. 2 stupid person. ,Ass1  ,1 a four-legged long-eared mammal related to the horse. B donkey. 2 stupid person.,3.0
Ass  |  coarse slang buttocks. ,Ass  ,coarse slang buttocks.,3.2
Assagai  | Of ~assegai.,Assagai  ,Of ~assegai.,2.9
Assail  | 1 attack physically or verbally. 2 tackle  resolutely.  assailant n. ,Assail  ,1 attack physically or verbally. 2 tackle  resolutely.  assailant n.,3.0
"Assassin  | Killer, esp. Of a political or religious leader. ",Assassin  ,"Killer, esp. Of a political or religious leader.",2.8
Assassinate  |  kill for political or religious motives.  assassination n.,Assassinate  ,kill for political or religious motives.  assassination n.,2.8
Assault  —| 1 violent physical or verbal attack. 2 law threat or display of violence against a person. —v. Make an assault on.  assault and battery law threatening act resulting in physical harm to a person. ,Assault  ,1 violent physical or verbal attack. 2 law threat or display of violence against a person. —v. Make an assault on.  assault and battery law threatening act resulting in physical harm to a person.,2.8
Assay  —| Testing of a metal or ore to determine its ingredients and quality. —v. Make an assay of . ,Assay  ,Testing of a metal or ore to determine its ingredients and quality. —v. Make an assay of .,3.0
Assegai  |  light iron-tipped s. African spear. ,Assegai  ,light iron-tipped s. African spear.,3.0
Assemblage  | 1 assembling. 2 assembled group.,Assemblage  ,1 assembling. 2 assembled group.,2.8
Assemble  |  1 gather together; collect. 2 esp. Mech. Fit together . ,Assemble  ,1 gather together; collect. 2 esp. Mech. Fit together .,3.0
Assembler  | 1 person who assembles a machine etc. 2 computing a program for converting instructions written in low-level symbolic code into machine code. B the low-level symbolic code itself.,Assembler  ,1 person who assembles a machine etc. 2 computing a program for converting instructions written in low-level symbolic code into machine code. B the low-level symbolic code itself.,3.2
"Assembly  |  1 assembling. 2 assembled group, esp. As a deliberative body. 3 assembling of components.",Assembly  ,"1 assembling. 2 assembled group, esp. As a deliberative body. 3 assembling of components.",2.7
Assembly line  | Machinery arranged so that a product can be progressively assembled.,Assembly line  ,Machinery arranged so that a product can be progressively assembled.,3.5
"Assent  |  1 express agreement. 2 consent. —n. Consent or approval, esp. Official.  assenter n. ",Assent  ,"1 express agreement. 2 consent. —n. Consent or approval, esp. Official.  assenter n.",2.8
"Assert  | 1 declare, state clearly. 2 refl. Insist on one's rights. 3 enforce a claim to . ",Assert  ,"1 declare, state clearly. 2 refl. Insist on one's rights. 3 enforce a claim to .",2.9
"Assertion  | Declaration, forthright statement.",Assertion  ,"Declaration, forthright statement.",2.9
"Assertive  | Tending to assert oneself; forthright, positive.  assertively adv. Assertiveness n.",Assertive  ,"Tending to assert oneself; forthright, positive.  assertively adv. Assertiveness n.",2.8
Assess  | 1 estimate the size or quality of. 2 estimate the value of  For taxation.  assessment n. ,Assess  ,1 estimate the size or quality of. 2 estimate the value of  For taxation.  assessment n.,3.0
Assessor  | 1 person who assesses . 2 legal adviser on technical questions.,Assessor  ,1 person who assesses . 2 legal adviser on technical questions.,2.9
"Asset  | 1 useful or valuable person or thing. 2  Property and possessions, esp. That can be set against debts etc. ",Asset  ,"1 useful or valuable person or thing. 2  Property and possessions, esp. That can be set against debts etc.",3.1
Asset-stripping  | The taking over of a company and selling off of its assets to make a profit.,Asset-stripping  ,The taking over of a company and selling off of its assets to make a profit.,2.6
Asseverate  |  declare solemnly.  asseveration n. ,Asseverate  ,declare solemnly.  asseveration n.,2.7
Asshole  |  coarse slang 1 anus. 2 offens. Contemptible person.,Asshole  ,coarse slang 1 anus. 2 offens. Contemptible person.,2.7
"Assiduous  | 1 persevering, hard-working. 2 attending closely.  assiduity n. Assiduously adv. ",Assiduous  ,"1 persevering, hard-working. 2 attending closely.  assiduity n. Assiduously adv.",2.3
"Assign  | 1  a allot as a share or responsibility. B appoint to a position, task, etc. 2 fix . 3  ascribe to  . 4  law transfer formally  to . —n. Assignee.  assigner n. Assignor n. Law. ",Assign  ,"1  a allot as a share or responsibility. B appoint to a position, task, etc. 2 fix . 3  ascribe to  . 4  law transfer formally  to . —n. Assignee.  assigner n. Assignor n. Law.",2.8
"Assignation  | 1 appointment to meet, esp. By lovers in secret. 2 assigning or being assigned.",Assignation  ,"1 appointment to meet, esp. By lovers in secret. 2 assigning or being assigned.",2.4
Assignee  | Law person to whom a right or property is assigned.,Assignee  ,Law person to whom a right or property is assigned.,3.1
Assignment  | 1 task or mission. 2 assigning or being assigned. 3 legal transfer.,Assignment  ,1 task or mission. 2 assigning or being assigned. 3 legal transfer.,3.3
"Assimilate  |  1 absorb or be absorbed, either physically or mentally. 2  make like; cause to resemble.  assimilable adj. Assimilation n. Assimilative adj. Assimilator n. ",Assimilate  ,"1 absorb or be absorbed, either physically or mentally. 2  make like; cause to resemble.  assimilable adj. Assimilation n. Assimilative adj. Assimilator n.",2.6
Assist  |  help.  assistance n. ,Assist  ,help.  assistance n.,3.4
"Assistant  | 1  Person who helps, esp. As a subordinate. 2 = ~shop assistant.",Assistant  ,"1  Person who helps, esp. As a subordinate. 2 = ~shop assistant.",3.3
Assizes  |pl. Hist. Court periodically administering the civil and criminal law. ,Assizes  ,pl. Hist. Court periodically administering the civil and criminal law.,2.9
"Associate  |  1 connect mentally . 2 join or combine, esp. For a common purpose. 3 refl. Declare oneself or be in agreement. 4  meet frequently or deal. —n. 1 partner, colleague. 2 friend, companion. 3 subordinate member of a society etc. —adj. 1 joined or allied. 2 of lower status .  associative adj. ",Associate  ,"1 connect mentally . 2 join or combine, esp. For a common purpose. 3 refl. Declare oneself or be in agreement. 4  meet frequently or deal. —n. 1 partner, colleague. 2 friend, companion. 3 subordinate member of a society etc. —adj. 1 joined or allied. 2 of lower status .  associative adj.",3.4
Association  | 1 group organized for a joint purpose; society. 2 associating or being associated. 3 companionship. 4 mental connection of ideas. ,Association  ,1 group organized for a joint purpose; society. 2 associating or being associated. 3 companionship. 4 mental connection of ideas.,3.4
Association football  | Football played with a round ball which may not be handled except by the goalkeepers.,Association football  ,Football played with a round ball which may not be handled except by the goalkeepers.,2.9
"Assonance  | Partial resemblance of sound between two syllables e.g. Sonnet, porridge, and killed, cold, culled.  assonant adj. ",Assonance  ,"Partial resemblance of sound between two syllables e.g. Sonnet, porridge, and killed, cold, culled.  assonant adj.",3.0
Assort  | 1 classify or arrange in sorts. 2  suit or harmonize with. ,Assort  ,1 classify or arrange in sorts. 2  suit or harmonize with.,2.8
"Assorted  | 1 of various sorts, mixed. 2 classified. 3 matched .",Assorted  ,"1 of various sorts, mixed. 2 classified. 3 matched .",2.4
Assortment  | Diverse group or mixture.,Assortment  ,Diverse group or mixture.,2.9
Assuage  |  1 calm or soothe. 2 appease .  assuagement n. ,Assuage  ,1 calm or soothe. 2 appease .  assuagement n.,2.8
Assume  |  1  take to be true. 2 simulate . 3 undertake . 4 take or put on  . ,Assume  ,1  take to be true. 2 simulate . 3 undertake . 4 take or put on  .,3.3
"Assuming  | Arrogant, presumptuous.",Assuming  ,"Arrogant, presumptuous.",3.0
Assumption  | 1 assuming. 2 thing assumed. 3  reception of the virgin mary bodily into heaven.,Assumption  ,1 assuming. 2 thing assumed. 3  reception of the virgin mary bodily into heaven.,2.9
"Assurance  | 1 emphatic declaration; guarantee. 2 insurance, esp. Life insurance. 3 certainty. 4 self-confidence; assertiveness.",Assurance  ,"1 emphatic declaration; guarantee. 2 insurance, esp. Life insurance. 3 certainty. 4 self-confidence; assertiveness.",2.8
Assure  |  1  a convince. B tell  confidently . 2 ensure; guarantee . 3 insure . 4  A guaranteed. B self-confident. ,Assure  ,1  a convince. B tell  confidently . 2 ensure; guarantee . 3 insure . 4  A guaranteed. B self-confident.,3.3
Assuredly  | Certainly.,Assuredly  ,Certainly.,2.1
"Astatine  | Radioactive element, the heaviest of the halogens. ",Astatine  ,"Radioactive element, the heaviest of the halogens.",2.5
Aster  | Plant with bright daisy-like flowers. ,Aster  ,Plant with bright daisy-like flowers.,3.2
Asterisk  —| Symbol  used to mark words or to indicate omission etc. —v. Mark with an asterisk. ,Asterisk  ,Symbol  used to mark words or to indicate omission etc. —v. Mark with an asterisk.,3.2
Astern  |  1 in or to the rear of a ship or aircraft. 2 backwards.,Astern  ,1 in or to the rear of a ship or aircraft. 2 backwards.,3.2
"Asteroid  | 1 any of the minor planets orbiting the sun, mainly between the orbits of mars and jupiter. 2 starfish. ",Asteroid  ,"1 any of the minor planets orbiting the sun, mainly between the orbits of mars and jupiter. 2 starfish.",3.1
Asthma  | Respiratory condition marked by wheezing. ,Asthma  ,Respiratory condition marked by wheezing.,3.0
Asthmatic  | Of or suffering from asthma. —n. Asthmatic person.,Asthmatic  ,Of or suffering from asthma. —n. Asthmatic person.,3.1
Astigmatism  | Eye or lens defect resulting in distorted images.  astigmatic adj. ,Astigmatism  ,Eye or lens defect resulting in distorted images.  astigmatic adj.,2.4
Astir  | Adj. & adv. 1 in motion. 2 out of bed.,Astir  ,Adj. & adv. 1 in motion. 2 out of bed.,3.3
"Astonish  | Surprise greatly, amaze.  astonishment n. ",Astonish  ,"Surprise greatly, amaze.  astonishment n.",2.7
Astound  | Astonish greatly.,Astound  ,Astonish greatly.,3.5
Astraddle  | Astride.,Astraddle  ,Astride.,3.3
Astrakhan  | 1 dark curly fleece of young astrakhan lambs. 2 cloth imitating this. ,Astrakhan  ,1 dark curly fleece of young astrakhan lambs. 2 cloth imitating this.,3.1
Astral  | Of the stars; starry. ,Astral  ,Of the stars; starry.,3.0
"Astray  | & predic.adj. Out of the right way, erring.  go astray be missing. ",Astray  ,"& predic.adj. Out of the right way, erring.  go astray be missing.",3.2
Astride  —| 1  with a leg on each side. 2 with legs apart. —prep. Astride of; extending across.,Astride  ,1  with a leg on each side. 2 with legs apart. —prep. Astride of; extending across.,2.9
"Astringent  | 1 checking bleeding by contracting body tissues. 2 severe, austere. —n. Astringent substance.  astringency n. ",Astringent  ,"1 checking bleeding by contracting body tissues. 2 severe, austere. —n. Astringent substance.  astringency n.",2.9
Astrolabe  | Instrument formerly used to measure the altitude of stars etc. ,Astrolabe  ,Instrument formerly used to measure the altitude of stars etc.,2.8
Astrology  | Study of supposed planetary influence on human affairs.  astrologer n. Astrological adj. Astrologist n. ,Astrology  ,Study of supposed planetary influence on human affairs.  astrologer n. Astrological adj. Astrologist n.,3.1
Astronaut  | Crew member of a spacecraft. ,Astronaut  ,Crew member of a spacecraft.,3.0
Astronautics  |pl.  Science of space travel.  astronautical adj.,Astronautics  ,pl.  Science of space travel.  astronautical adj.,2.9
"Astronomical  |  1 of astronomy. 2 vast, gigantic.  astronomically adv.",Astronomical  ,"1 of astronomy. 2 vast, gigantic.  astronomically adv.",2.9
Astronomy  | The scientific study of celestial bodies.  astronomer n. ,Astronomy  ,The scientific study of celestial bodies.  astronomer n.,3.3
Astrophysics  |pl.  The study of the physics and chemistry of celestial bodies.  astrophysical adj. Astrophysicist n. ,Astrophysics  ,pl.  The study of the physics and chemistry of celestial bodies.  astrophysical adj. Astrophysicist n.,3.7
Astute  | Shrewd.  astutely adv. Astuteness n. ,Astute  ,Shrewd.  astutely adv. Astuteness n.,3.1
Asunder  | Literary apart.,Asunder  ,Literary apart.,3.4
"Asylum  | 1 sanctuary; protection, esp. For fugitives from the law . 2 hist. Institution for the mentally ill or destitute. ",Asylum  ,"1 sanctuary; protection, esp. For fugitives from the law . 2 hist. Institution for the mentally ill or destitute.",2.6
Asymmetry  | Lack of symmetry.  asymmetric adj. Asymmetrical adj. ,Asymmetry  ,Lack of symmetry.  asymmetric adj. Asymmetrical adj.,3.3
