"On  —| 1  supported by, attached to, covering, or enclosing . 2 carried with; about the person of . 3  exactly at; during . 4 immediately after or before . 5 as a result of .",On  ,"1  supported by, attached to, covering, or enclosing . 2 carried with; about the person of . 3  exactly at; during . 4 immediately after or before . 5 as a result of .",2.8
Onanism  | Literary masturbation. ,Onanism  ,Literary masturbation.,2.7
"Once  —| 1 on one occasion only. 2 at some point or period in the past. 3 ever or at all . 4 multiplied by one. —conj. As soon as. —n. One time or occasion .  all at once 1 suddenly. 2 all together. At once 1 immediately. 2 simultaneously. For once on this  occasion, even if at no other. Once again  another time. Once and for all  in a final manner, esp. After much hesitation. Once  in a while from time to time. Once or twice a few times. Once upon a time at some unspecified time in the past. ",Once  ,"1 on one occasion only. 2 at some point or period in the past. 3 ever or at all . 4 multiplied by one. —conj. As soon as. —n. One time or occasion .  all at once 1 suddenly. 2 all together. At once 1 immediately. 2 simultaneously. For once on this  occasion, even if at no other. Once again  another time. Once and for all  in a final manner, esp. After much hesitation. Once  in a while from time to time. Once or twice a few times. Once upon a time at some unspecified time in the past.",2.9
Once-over  | Colloq. Rapid inspection.,Once-over  ,Colloq. Rapid inspection.,2.5
Oncogene  | Gene which can transform a cell into a cancer cell. ,Oncogene  ,Gene which can transform a cell into a cancer cell.,2.5
Oncology  | The study of tumours. ,Oncology  ,The study of tumours.,2.6
Oncoming  | Approaching from the front.,Oncoming  ,Approaching from the front.,3.0
"One  | 1 single and integral in number. 2  a single person or thing of the kind expressed or implied . 3 particular but undefined, esp. As contrasted with another . 4 only such . 5 forming a unity . 6 identical; the same . —n. 1 a lowest cardinal number. B thing numbered with it. 2 unity; a unit .",One  ,"1 single and integral in number. 2  a single person or thing of the kind expressed or implied . 3 particular but undefined, esp. As contrasted with another . 4 only such . 5 forming a unity . 6 identical; the same . —n. 1 a lowest cardinal number. B thing numbered with it. 2 unity; a unit .",3.3
One another  pro| Each the other or others .,One another  pro,Each the other or others .,3.6
One-armed bandit  | Colloq. Fruit machine with a long handle.,One-armed bandit  ,Colloq. Fruit machine with a long handle.,3.1
"One-horse  | Adj. 1 using a single horse. 2 colloq. Small, poorly equipped.",One-horse  ,"Adj. 1 using a single horse. 2 colloq. Small, poorly equipped.",3.4
One-horse race  | Contest in which one competitor is far superior to all the others.,One-horse race  ,Contest in which one competitor is far superior to all the others.,3.4
"One-liner  | Short joke or remark in a play, comedy routine, etc.",One-liner  ,"Short joke or remark in a play, comedy routine, etc.",3.4
One-man  | Adj. Involving or operated by only one man.,One-man  ,Adj. Involving or operated by only one man.,2.9
Oneness  | 1 singleness. 2 uniqueness. 3 agreement. 4 sameness.,Oneness  ,1 singleness. 2 uniqueness. 3 agreement. 4 sameness.,3.4
One-night stand  | 1 single performance of a play etc. In a place. 2 colloq. Sexual liaison lasting only one night.,One-night stand  ,1 single performance of a play etc. In a place. 2 colloq. Sexual liaison lasting only one night.,3.6
"One-off  —| Adj. Made or done as the only one; not repeated. —n. One-off occurrence, achievement, etc.",One-off  ,"Adj. Made or done as the only one; not repeated. —n. One-off occurrence, achievement, etc.",3.3
Onerous  | Burdensome.  onerousness n. ,Onerous  ,Burdensome.  onerousness n.,3.3
Oneself  pro| Reflexive and emphatic form of one .  be oneself act in one's normal unconstrained manner.,Oneself  pro,Reflexive and emphatic form of one .  be oneself act in one's normal unconstrained manner.,3.3
"One-sided  | Unfair, partial.  one-sidedly adv. One-sidedness n.",One-sided  ,"Unfair, partial.  one-sidedly adv. One-sidedness n.",3.2
One's money's-worth  | Good value for one's money.,One,Good value for one's money.,3.3
One-time  | Adj. Former.,One-time  ,Adj. Former.,3.3
One-to-one  | & adv. 1 involving or between only two people. 2 with one member of one group corresponding to one of another.,One-to-one  ,& adv. 1 involving or between only two people. 2 with one member of one group corresponding to one of another.,2.5
One-track mind  | Mind preoccupied with one subject.,One-track mind  ,Mind preoccupied with one subject.,2.8
One-up  | Colloq. Having a particular advantage.  one-upmanship n.,One-up  ,Colloq. Having a particular advantage.  one-upmanship n.,3.3
"One-way  | Allowing movement, travel, etc., in one direction only.",One-way  ,"Allowing movement, travel, etc., in one direction only.",3.4
Ongoing  | 1 continuing. 2 in progress.,Ongoing  ,1 continuing. 2 in progress.,2.8
Onion  | Vegetable with an edible bulb of a pungent smell and flavour.  oniony adj. ,Onion  ,Vegetable with an edible bulb of a pungent smell and flavour.  oniony adj.,2.8
"Online  computing | Directly connected, so that a computer immediately receives an input from or sends an output to a peripheral process etc.; carried out while so connected or under direct computer control. —adv. With the processing of data carried out simultaneously with its production; while connected to a computer; under direct computer control.",Online  computing ,"Directly connected, so that a computer immediately receives an input from or sends an output to a peripheral process etc.; carried out while so connected or under direct computer control. —adv. With the processing of data carried out simultaneously with its production; while connected to a computer; under direct computer control.",3.5
Onlooker  | Spectator.  onlooking adj.,Onlooker  ,Spectator.  onlooking adj.,2.4
"Only  —| 1 solely, merely, exclusively; and no one or nothing more besides . 2 no longer ago than . 3 not until . 4 with no better result than . —attrib. Adj. 1 existing alone of its or their kind . 2 best or alone worth considering . —conj. Colloq. Except that; but . ",Only  ,"1 solely, merely, exclusively; and no one or nothing more besides . 2 no longer ago than . 3 not until . 4 with no better result than . —attrib. Adj. 1 existing alone of its or their kind . 2 best or alone worth considering . —conj. Colloq. Except that; but .",2.7
Only too  | Extremely.,Only too  ,Extremely.,2.7
Onomatopoeia  | Formation of a word from a sound associated with what is named .  onomatopoeic adj. ,Onomatopoeia  ,Formation of a word from a sound associated with what is named .  onomatopoeic adj.,2.2
Onrush  | Onward rush.,Onrush  ,Onward rush.,2.6
Onscreen  | & adv. Within the range of a film camera etc; when being filmed.,Onscreen  ,& adv. Within the range of a film camera etc; when being filmed.,3.2
Onset  | 1 attack. 2 impetuous beginning.,Onset  ,1 attack. 2 impetuous beginning.,2.8
Onshore  | 1 on the shore. 2  blowing landwards from the sea.,Onshore  ,1 on the shore. 2  blowing landwards from the sea.,3.0
Onside  |  not offside.,Onside  ,not offside.,2.8
Onslaught  | Fierce attack. ,Onslaught  ,Fierce attack.,2.8
On-street  |  along a street.,On-street  ,along a street.,3.0
Onto  | = on to.,Onto  ,= on to.,2.8
Ontology  | Branch of metaphysics dealing with the nature of being.  ontological adj. Ontologically adv. Ontologist n. ,Ontology  ,Branch of metaphysics dealing with the nature of being.  ontological adj. Ontologically adv. Ontologist n.,3.1
"Onus  |  burden, duty, responsibility. ",Onus  ,"burden, duty, responsibility.",3.1
"Onward  —|  1 forward, advancing. 2 into the future . —adj. Forward, advancing.",Onward  ,"1 forward, advancing. 2 into the future . —adj. Forward, advancing.",2.5
Onyx  | Semiprecious variety of agate with coloured layers. ,Onyx  ,Semiprecious variety of agate with coloured layers.,2.8
