"Snack  | 1 light, casual, or hurried meal. 2 small amount of food eaten between meals. ",Snack  ,"1 light, casual, or hurried meal. 2 small amount of food eaten between meals.",2.5
Snack bar  | Place where snacks are sold.,Snack bar  ,Place where snacks are sold.,2.9
Snaffle  —|  simple bridle-bit without a curb. —v.  colloq. Steal; seize. ,Snaffle  ,simple bridle-bit without a curb. —v.  colloq. Steal; seize.,3.2
Snafu  slang | In utter confusion. —n. This state. ,Snafu  slang ,In utter confusion. —n. This state.,2.7
Snag  —| 1 unexpected obstacle or drawback. 2 jagged projection. 3 tear in material etc. —v.  catch or tear on a snag. ,Snag  ,1 unexpected obstacle or drawback. 2 jagged projection. 3 tear in material etc. —v.  catch or tear on a snag.,2.9
Snail  | Slow-moving gastropod mollusc with a spiral shell. ,Snail  ,Slow-moving gastropod mollusc with a spiral shell.,2.8
Snail's pace  | Very slow movement.,Snail,Very slow movement.,2.8
Snake  —| 1 long limbless reptile. 2  traitor; secret enemy. —v.  move or twist like a snake. ,Snake  ,1 long limbless reptile. 2  traitor; secret enemy. —v.  move or twist like a snake.,2.7
Snake-charmer  | Person appearing to make snakes move by music etc.,Snake-charmer  ,Person appearing to make snakes move by music etc.,3.4
Snakes and ladders  |pl.  Board-game with counters moved up ‘ladders’ and down ‘snakes’.,Snakes and ladders  ,pl.  Board-game with counters moved up ‘ladders’ and down ‘snakes’.,3.4
Snakeskin  —| Skin of a snake. —adj. Made of snakeskin.,Snakeskin  ,Skin of a snake. —adj. Made of snakeskin.,2.9
"Snaky  | 1 of or like a snake. 2 winding, sinuous. 3 cunning, treacherous.",Snaky  ,"1 of or like a snake. 2 winding, sinuous. 3 cunning, treacherous.",2.9
"Snap  |  1 break suddenly or with a cracking sound. 2  emit a sudden sharp crack. 3 open or close with a snapping sound. 4 speak or say irritably. 5  make a sudden audible bite. 6 move quickly . 7  photograph. —n. 1 act or sound of snapping. 2 crisp biscuit . 3 snapshot. 4  sudden brief spell of cold weather. 5  a card-game in which players call ‘snap’ when two similar cards are exposed. B  On noticing an  similarity. 6 vigour, liveliness. —adv. With a snap . —adj. Done without forethought .  snap out of slang get rid of  By a sudden effort. Snap up accept  Quickly or eagerly. ",Snap  ,"1 break suddenly or with a cracking sound. 2  emit a sudden sharp crack. 3 open or close with a snapping sound. 4 speak or say irritably. 5  make a sudden audible bite. 6 move quickly . 7  photograph. —n. 1 act or sound of snapping. 2 crisp biscuit . 3 snapshot. 4  sudden brief spell of cold weather. 5  a card-game in which players call ‘snap’ when two similar cards are exposed. B  On noticing an  similarity. 6 vigour, liveliness. —adv. With a snap . —adj. Done without forethought .  snap out of slang get rid of  By a sudden effort. Snap up accept  Quickly or eagerly.",2.8
Snapdragon  | Plant with a two-lipped flower.,Snapdragon  ,Plant with a two-lipped flower.,2.9
Snap-fastener  | = ~press-stud.,Snap-fastener  ,= ~press-stud.,3.5
Snapper  | Any of several edible marine fish.,Snapper  ,Any of several edible marine fish.,2.8
Snappish  | 1 curt; ill-tempered; sharp. 2 inclined to snap.,Snappish  ,1 curt; ill-tempered; sharp. 2 inclined to snap.,2.9
"Snappy  |  colloq. 1 brisk, lively. 2 neat and elegant . 3 snappish.  make it snappy be quick.  snappily adv.",Snappy  ,"colloq. 1 brisk, lively. 2 neat and elegant . 3 snappish.  make it snappy be quick.  snappily adv.",2.8
Snapshot  | Casual or informal photograph.,Snapshot  ,Casual or informal photograph.,3.0
"Snare  —| 1 trap, esp. With a noose, for birds or animals. 2 trap, trick, or temptation. 3  Twisted strings of gut, hide, or wire stretched across the lower head of a side-drum to produce a rattle. 4  drum fitted with snares. —v.  catch in a snare; trap. ",Snare  ,"1 trap, esp. With a noose, for birds or animals. 2 trap, trick, or temptation. 3  Twisted strings of gut, hide, or wire stretched across the lower head of a side-drum to produce a rattle. 4  drum fitted with snares. —v.  catch in a snare; trap.",2.7
"Snarl1  | 1 growl with bared teeth. 2 speak, say, or express angrily. —n. Act or sound of snarling. ",Snarl1  ,"1 growl with bared teeth. 2 speak, say, or express angrily. —n. Act or sound of snarling.",3.5
"Snarl2  |  twist; entangle; hamper the movement of ; become entangled or congested. —n. Knot, tangle. ",Snarl2  ,"twist; entangle; hamper the movement of ; become entangled or congested. —n. Knot, tangle.",3.1
Snarl-up  | Colloq. Traffic jam; muddle.,Snarl-up  ,Colloq. Traffic jam; muddle.,3.1
"Snatch  | 1  seize or remove quickly, eagerly, or unexpectedly. 2 a steal  By grabbing. B slang kidnap. 3 secure with difficulty. 4  a try to seize. B take  Eagerly. —n. 1 act of snatching. 2 fragment of a song or talk etc. 3 us slang kidnapping. 4 short spell of activity etc. ",Snatch  ,"1  seize or remove quickly, eagerly, or unexpectedly. 2 a steal  By grabbing. B slang kidnap. 3 secure with difficulty. 4  a try to seize. B take  Eagerly. —n. 1 act of snatching. 2 fragment of a song or talk etc. 3 us slang kidnapping. 4 short spell of activity etc.",2.6
"Snazzy  |  slang smart, stylish, showy.  snazzily adv. Snazziness n. ",Snazzy  ,"slang smart, stylish, showy.  snazzily adv. Snazziness n.",2.5
Sneak  | 1  Go or convey furtively. 2 slang steal unobserved. 3 slang tell tales; turn informer. 4  A furtive . B persistent and puzzling . —n. 1 mean-spirited underhand person. 2 slang tell-tale; informer. —adj. Acting or done without warning; secret.  sneaky adj. . ,Sneak  ,1  Go or convey furtively. 2 slang steal unobserved. 3 slang tell tales; turn informer. 4  A furtive . B persistent and puzzling . —n. 1 mean-spirited underhand person. 2 slang tell-tale; informer. —adj. Acting or done without warning; secret.  sneaky adj. .,2.9
Sneaker  | Slang soft-soled canvas shoe.,Sneaker  ,Slang soft-soled canvas shoe.,3.2
Sneak-thief  | Thief who steals without breaking in.,Sneak-thief  ,Thief who steals without breaking in.,2.6
Sneer  —| Contemptuous smile or remark. —v. 1  smile or speak derisively. 2 say with a sneer.  sneering adj. Sneeringly adv. ,Sneer  ,Contemptuous smile or remark. —v. 1  smile or speak derisively. 2 say with a sneer.  sneering adj. Sneeringly adv.,2.7
Sneeze  —| Sudden loud involuntary expulsion of air from the nose and mouth caused by irritation of the nostrils. —v.  make a sneeze.  not to be sneezed at colloq. Worth having or considering. ,Sneeze  ,Sudden loud involuntary expulsion of air from the nose and mouth caused by irritation of the nostrils. —v.  make a sneeze.  not to be sneezed at colloq. Worth having or considering.,2.4
Snick  | 1 make a small notch or incision in. 2 cricket deflect  slightly with the bat. —n. 1 small notch or cut. 2 cricket slight deflection of the ball. ,Snick  ,1 make a small notch or incision in. 2 cricket deflect  slightly with the bat. —n. 1 small notch or cut. 2 cricket slight deflection of the ball.,2.9
Snicker  | & v. = ~snigger. ,Snicker  ,& v. = ~snigger.,3.1
Snide  | Sneering; slyly derogatory. ,Snide  ,Sneering; slyly derogatory.,2.5
Sniff  | 1 inhale air audibly through the nose. 2  draw in through the nose. 3 smell the scent of by sniffing. —n. 1 act or sound of sniffing. 2 amount of air etc. Sniffed up.  sniff at show contempt for. Sniff out = smell out. ,Sniff  ,1 inhale air audibly through the nose. 2  draw in through the nose. 3 smell the scent of by sniffing. —n. 1 act or sound of sniffing. 2 amount of air etc. Sniffed up.  sniff at show contempt for. Sniff out = smell out.,2.8
"Sniffer  | Person who sniffs, esp. A drug etc. .",Sniffer  ,"Person who sniffs, esp. A drug etc. .",2.3
Sniffer-dog  | Colloq. Dog trained to sniff out drugs or explosives.,Sniffer-dog  ,Colloq. Dog trained to sniff out drugs or explosives.,3.2
Sniffle  |  sniff slightly or repeatedly. —n. 1 act of sniffling. 2  Cold in the head causing sniffling. ,Sniffle  ,sniff slightly or repeatedly. —n. 1 act of sniffling. 2  Cold in the head causing sniffling.,2.9
Sniffy  | Colloq.  disdainful.  sniffily adv. Sniffiness n.,Sniffy  ,Colloq.  disdainful.  sniffily adv. Sniffiness n.,2.5
Snifter  | Slang small alcoholic drink. ,Snifter  ,Slang small alcoholic drink.,2.9
Snigger  —| Half-suppressed laugh. —v. Utter this. ,Snigger  ,Half-suppressed laugh. —v. Utter this.,2.7
"Snip  |   Cut with scissors etc., esp. In small quick strokes. —n. 1 act of snipping. 2 piece snipped off. 3 slang a something easily done. B  bargain. ",Snip  ,"Cut with scissors etc., esp. In small quick strokes. —n. 1 act of snipping. 2 piece snipped off. 3 slang a something easily done. B  bargain.",2.9
"Snipe  —|  wading bird with a long straight bill. —v.  1  fire shots from hiding, usu. At long range. 2  make a sly critical attack.  sniper n. . ",Snipe  ,"wading bird with a long straight bill. —v.  1  fire shots from hiding, usu. At long range. 2  make a sly critical attack.  sniper n. .",2.6
Snippet  | 1 small piece cut off. 2  A scrap of information etc. B short extract from a book etc.,Snippet  ,1 small piece cut off. 2  A scrap of information etc. B short extract from a book etc.,2.8
Snitch  slang | 1 steal. 2  inform on a person. —n. Informer. ,Snitch  slang ,1 steal. 2  inform on a person. —n. Informer.,2.8
Snivel  |  1 weep with sniffling. 2 run at the nose; sniffle. 3 show weak or tearful sentiment. —n. Act of snivelling. ,Snivel  ,1 weep with sniffling. 2 run at the nose; sniffle. 3 show weak or tearful sentiment. —n. Act of snivelling.,2.7
"Snob  | Person who despises those inferior in social position, wealth, intellect, taste, etc. .  snobbery n. Snobbish adj. Snobby adj. . ",Snob  ,"Person who despises those inferior in social position, wealth, intellect, taste, etc. .  snobbery n. Snobbish adj. Snobby adj. .",2.5
Snog  slang |  engage in kissing and caressing. —n. Period of this. ,Snog  slang ,engage in kissing and caressing. —n. Period of this.,2.4
"Snood  | Ornamental hairnet, worn usu. At the back of the head. ",Snood  ,"Ornamental hairnet, worn usu. At the back of the head.",3.0
Snook  | Slang contemptuous gesture with the thumb to the nose and the fingers spread.  cock a snook  1 make this gesture. 2 register one's contempt. ,Snook  ,Slang contemptuous gesture with the thumb to the nose and the fingers spread.  cock a snook  1 make this gesture. 2 register one's contempt.,2.8
"Snooker  —| 1 game played on an oblong cloth-covered table with a cue-ball, 15 red, and 6 coloured balls. 2 position in this game in which a direct shot would lose points. —v. 1  Subject  to a snooker. 2  Slang thwart, defeat. ",Snooker  ,"1 game played on an oblong cloth-covered table with a cue-ball, 15 red, and 6 coloured balls. 2 position in this game in which a direct shot would lose points. —v. 1  Subject  to a snooker. 2  Slang thwart, defeat.",3.1
"Snoop  | —v. 1 pry into another's affairs. 2  investigate transgressions of rules, the law, etc. —n. Act of snooping.  snooper n. Snoopy adj. ",Snoop  ,"—v. 1 pry into another's affairs. 2  investigate transgressions of rules, the law, etc. —n. Act of snooping.  snooper n. Snoopy adj.",3.1
Snooty  |  colloq. Supercilious; conceited; snobbish.  snootily adv. ,Snooty  ,colloq. Supercilious; conceited; snobbish.  snootily adv.,3.0
"Snooze  | —n. Short sleep, nap. —v.  take a snooze. ",Snooze  ,"—n. Short sleep, nap. —v.  take a snooze.",2.7
Snore  —| Snorting or grunting sound of breathing during sleep. —v.  make this sound. ,Snore  ,Snorting or grunting sound of breathing during sleep. —v.  make this sound.,2.7
Snorkel   —| 1 breathing-tube for an underwater swimmer. 2 device for supplying air to a submerged submarine. —v.  use a snorkel. ,Snorkel   ,1 breathing-tube for an underwater swimmer. 2 device for supplying air to a submerged submarine. —v.  use a snorkel.,2.5
"Snort  —| 1 explosive sound made esp. By horses by the sudden forcing of breath through the nose. 2 similar human sound showing contempt, incredulity, etc. 3 colloq. Small drink of liquor. 4 slang inhaled dose of powdered cocaine etc. —v. 1 make a snort. 2  Slang inhale . 3 express or utter with a snort. ",Snort  ,"1 explosive sound made esp. By horses by the sudden forcing of breath through the nose. 2 similar human sound showing contempt, incredulity, etc. 3 colloq. Small drink of liquor. 4 slang inhaled dose of powdered cocaine etc. —v. 1 make a snort. 2  Slang inhale . 3 express or utter with a snort.",3.1
Snot  | Slang nasal mucus. ,Snot  ,Slang nasal mucus.,2.5
"Snotty  |  slang 1 running or covered with nasal mucus. 2 snooty. 3 mean, contemptible.  snottily adv. Snottiness n.",Snotty  ,"slang 1 running or covered with nasal mucus. 2 snooty. 3 mean, contemptible.  snottily adv. Snottiness n.",2.4
Snout  | 1 projecting nose and mouth of an animal. 2 derog. Person's nose. 3 pointed front of a thing. ,Snout  ,1 projecting nose and mouth of an animal. 2 derog. Person's nose. 3 pointed front of a thing.,2.8
"Snow  —| 1 frozen atmospheric vapour falling to earth in light white flakes. 2 fall or layer of this. 3 thing resembling snow in whiteness or texture etc. 4 slang cocaine. —v. 1  snow falls . 2  Confine or block with snow.  be snowed under be overwhelmed, esp. With work. ",Snow  ,"1 frozen atmospheric vapour falling to earth in light white flakes. 2 fall or layer of this. 3 thing resembling snow in whiteness or texture etc. 4 slang cocaine. —v. 1  snow falls . 2  Confine or block with snow.  be snowed under be overwhelmed, esp. With work.",2.8
Snowball  —| Ball of compressed snow for throwing in play. —v. 1 throw or pelt with snowballs. 2 increase rapidly.,Snowball  ,Ball of compressed snow for throwing in play. —v. 1 throw or pelt with snowballs. 2 increase rapidly.,3.3
Snowball-tree  | Guelder rose.,Snowball-tree  ,Guelder rose.,3.3
Snowberry  |  shrub with white berries.,Snowberry  ,shrub with white berries.,3.4
Snow-blind  | Temporarily blinded by the glare from snow.,Snow-blind  ,Temporarily blinded by the glare from snow.,3.2
Snowblower  | Machine that clears snow by blowing.,Snowblower  ,Machine that clears snow by blowing.,2.8
Snowbound  | Prevented by snow from going out or travelling.,Snowbound  ,Prevented by snow from going out or travelling.,2.7
Snowcap  | Snow-covered mountain peak.  snowcapped adj.,Snowcap  ,Snow-covered mountain peak.  snowcapped adj.,2.7
Snowdrift  | Bank of snow heaped up by the wind.,Snowdrift  ,Bank of snow heaped up by the wind.,2.9
Snowdrop  | Early spring plant with white drooping flowers.,Snowdrop  ,Early spring plant with white drooping flowers.,2.4
Snowfall  | 1 fall of snow. 2 amount of this.,Snowfall  ,1 fall of snow. 2 amount of this.,2.5
Snowflake  | Each of the flakes in which snow falls.,Snowflake  ,Each of the flakes in which snow falls.,2.3
Snow goose  | White arctic goose.,Snow goose  ,White arctic goose.,3.1
Snowline  | Level above which snow never melts entirely.,Snowline  ,Level above which snow never melts entirely.,2.7
"Snowman  | Figure resembling a human, made of compressed snow.",Snowman  ,"Figure resembling a human, made of compressed snow.",3.0
"Snowmobile  | Motor vehicle, esp. With runners or caterpillar tracks, for travel over snow.",Snowmobile  ,"Motor vehicle, esp. With runners or caterpillar tracks, for travel over snow.",3.3
Snowplough  |  device or vehicle for clearing roads of thick snow.,Snowplough  ,device or vehicle for clearing roads of thick snow.,2.8
Snowplow  |  device or vehicle for clearing roads of thick snow.,Snowplow  ,device or vehicle for clearing roads of thick snow.,2.6
Snowshoe  | Racket-shaped attachment to a boot for walking on snow without sinking in.,Snowshoe  ,Racket-shaped attachment to a boot for walking on snow without sinking in.,3.0
"Snowstorm  | Heavy fall of snow, esp. With a high wind.",Snowstorm  ,"Heavy fall of snow, esp. With a high wind.",3.4
Snow white  | & n.  pure white.,Snow white  ,& n.  pure white.,2.5
Snowy  |  1 of or like snow. 2  With much snow.,Snowy  ,1 of or like snow. 2  With much snow.,2.8
Snowy owl  | Large white arctic owl.,Snowy owl  ,Large white arctic owl.,2.8
Snub  |  rebuff or humiliate with sharp words or coldness. —n. Act of snubbing. —adj. Short and blunt in shape. ,Snub  ,rebuff or humiliate with sharp words or coldness. —n. Act of snubbing. —adj. Short and blunt in shape.,3.0
Snub nose  | Short turned-up nose.  snub-nosed adj.,Snub nose  ,Short turned-up nose.  snub-nosed adj.,2.6
Snuff1  —| Charred part of a candle-wick. —v. Trim the snuff from .  snuff it slang die. Snuff out 1 extinguish . 2 put an end to . ,Snuff1  ,Charred part of a candle-wick. —v. Trim the snuff from .  snuff it slang die. Snuff out 1 extinguish . 2 put an end to .,2.6
Snuff2  —| Powdered tobacco or medicine taken by sniffing. —v. Take snuff. ,Snuff2  ,Powdered tobacco or medicine taken by sniffing. —v. Take snuff.,2.5
Snuffbox  | Small box for holding snuff.,Snuffbox  ,Small box for holding snuff.,2.7
Snuffer  | Device for snuffing or extinguishing a candle.,Snuffer  ,Device for snuffing or extinguishing a candle.,2.7
"Snuffle  |  1 make sniffing sounds. 2 speak or say nasally or whiningly. 3 breathe noisily, esp. With a blocked nose. —n. Snuffling sound or tone.  snuffly adj. ",Snuffle  ,"1 make sniffing sounds. 2 speak or say nasally or whiningly. 3 breathe noisily, esp. With a blocked nose. —n. Snuffling sound or tone.  snuffly adj.",1.9
"Snug  |  1 cosy, comfortable, sheltered. 2 close-fitting. —n. Small room in a pub.  snugly adv. ",Snug  ,"1 cosy, comfortable, sheltered. 2 close-fitting. —n. Small room in a pub.  snugly adv.",2.7
"Snuggery  |  snug place, den.",Snuggery  ,"snug place, den.",2.7
Snuggle  |  settle or draw into a warm comfortable position.,Snuggle  ,settle or draw into a warm comfortable position.,3.0
