Gi  |  Soldier in the us army. ,Gi  ,Soldier in the us army.,2.8
"Giant  —| 1  imaginary or mythical being of human form but superhuman size. 2 person or thing of great size, ability, courage, etc. —attrib. Adj. 1 gigantic. 2 of a very large kind. ",Giant  ,"1  imaginary or mythical being of human form but superhuman size. 2 person or thing of great size, ability, courage, etc. —attrib. Adj. 1 gigantic. 2 of a very large kind.",2.8
Gibber  | Jabber inarticulately. ,Gibber  ,Jabber inarticulately.,2.8
Gibberish  | Unintelligible or meaningless speech; nonsense.,Gibberish  ,Unintelligible or meaningless speech; nonsense.,2.8
Gibbet  —| Hist. 1 a gallows. B post with an arm on which an executed criminal was hung. 2  death by hanging. —v.  1 put to death by hanging. 2 expose or hang up on a gibbet. ,Gibbet  ,Hist. 1 a gallows. B post with an arm on which an executed criminal was hung. 2  death by hanging. —v.  1 put to death by hanging. 2 expose or hang up on a gibbet.,2.8
Gibbon  | Long-armed se asian anthropoid ape. ,Gibbon  ,Long-armed se asian anthropoid ape.,3.0
Gibbous  | 1 convex. 2  having the bright part greater than a semicircle and less than a circle. 3 humpbacked. ,Gibbous  ,1 convex. 2  having the bright part greater than a semicircle and less than a circle. 3 humpbacked.,2.9
"Gibe   |   jeer, mock. —n. Jeering remark, taunt. ",Gibe   ,"jeer, mock. —n. Jeering remark, taunt.",3.0
"Giblets  |pl. Edible organs etc. Of a bird, removed and usu. Cooked separately. ",Giblets  ,"pl. Edible organs etc. Of a bird, removed and usu. Cooked separately.",2.8
"Giddy  |  1 dizzy, tending to fall or stagger. 2 a mentally intoxicated . B excitable, frivolous, flighty. 3 making dizzy .  giddily adv. Giddiness n. ",Giddy  ,"1 dizzy, tending to fall or stagger. 2 a mentally intoxicated . B excitable, frivolous, flighty. 3 making dizzy .  giddily adv. Giddiness n.",2.2
Gift  | 1 thing given; present. 2 natural ability or talent. 3 the power to give . 4 giving. 5 colloq. Easy task. ,Gift  ,1 thing given; present. 2 natural ability or talent. 3 the power to give . 4 giving. 5 colloq. Easy task.,2.8
Gifted  | Talented; intelligent.,Gifted  ,Talented; intelligent.,2.8
"Gift of the gab  | Colloq. Eloquence, loquacity.",Gift of the gab  ,"Colloq. Eloquence, loquacity.",3.4
Gift token  |  voucher used as a gift and exchangeable for goods.,Gift token  ,voucher used as a gift and exchangeable for goods.,2.6
Gift-wrap  | Wrap attractively as a gift.,Gift-wrap  ,Wrap attractively as a gift.,2.5
Gig1  | 1 light two-wheeled one-horse carriage. 2 light ship's boat for rowing or sailing. 3 rowing-boat esp. For racing. ,Gig1  ,1 light two-wheeled one-horse carriage. 2 light ship's boat for rowing or sailing. 3 rowing-boat esp. For racing.,3.1
"Gig2  | —n. Engagement to play music etc., usu. For one night. —v.  perform a gig. ",Gig2  ,"—n. Engagement to play music etc., usu. For one night. —v.  perform a gig.",3.0
Giga-  | Form one thousand million . ,Giga-  ,Form one thousand million .,3.1
"Gigantic  | Huge, giant-like.  gigantically adv. ",Gigantic  ,"Huge, giant-like.  gigantically adv.",3.1
Giggle  |  laugh in half-suppressed spasms. —n. 1 such a laugh. 2 colloq. Amusing person or thing; joke .  giggly adj. . ,Giggle  ,laugh in half-suppressed spasms. —n. 1 such a laugh. 2 colloq. Amusing person or thing; joke .  giggly adj. .,3.3
Gigolo  |  young man paid by an older woman to be her escort or lover. ,Gigolo  ,young man paid by an older woman to be her escort or lover.,3.0
Gild1  |  1 cover thinly with gold. 2 tinge with a golden colour. 3 give a false brilliance to.  gild the lily try to improve what is already satisfactory. ,Gild1  ,1 cover thinly with gold. 2 tinge with a golden colour. 3 give a false brilliance to.  gild the lily try to improve what is already satisfactory.,2.7
Gild2  | Of ~guild.,Gild2  ,Of ~guild.,2.7
Gill1  |  1 respiratory organ in a fish etc. 2 vertical radial plate on the underside of a mushroom etc. 3 flesh below a person's jaws and ears. ,Gill1  ,1 respiratory organ in a fish etc. 2 vertical radial plate on the underside of a mushroom etc. 3 flesh below a person's jaws and ears.,2.7
Gill2  | Unit of liquid measure equal to 1/4 pint. ,Gill2  ,Unit of liquid measure equal to 1/4 pint.,2.6
Gill3  |  1 deep usu. Wooded ravine. 2 narrow mountain torrent. ,Gill3  ,1 deep usu. Wooded ravine. 2 narrow mountain torrent.,2.8
Gillie  |  scot. Man or boy attending a person hunting or fishing. ,Gillie  ,scot. Man or boy attending a person hunting or fishing.,2.7
"Gillyflower  | Clove-scented flower, e.g. A wallflower or the clove-scented pink. ",Gillyflower  ,"Clove-scented flower, e.g. A wallflower or the clove-scented pink.",3.0
Gilt1  | 1 thinly covered with gold. 2 gold-coloured. —n. 1 gilding. 2 gilt-edged security. ,Gilt1  ,1 thinly covered with gold. 2 gold-coloured. —n. 1 gilding. 2 gilt-edged security.,3.0
Gilt2  | Young sow. ,Gilt2  ,Young sow.,2.8
Gilt-edged  |  Having a high degree of reliability.,Gilt-edged  ,Having a high degree of reliability.,3.3
"Gimbals  |pl. Contrivance of rings and pivots for keeping instruments horizontal in ships, aircraft, etc. ",Gimbals  ,"pl. Contrivance of rings and pivots for keeping instruments horizontal in ships, aircraft, etc.",2.9
Gimcrack  | Showy but flimsy and worthless. —n. Showy ornament; knick-knack. ,Gimcrack  ,Showy but flimsy and worthless. —n. Showy ornament; knick-knack.,2.7
Gimlet  | Small tool with a screw-tip for boring holes. ,Gimlet  ,Small tool with a screw-tip for boring holes.,2.8
Gimlet eye  | Eye with a piercing glance.,Gimlet eye  ,Eye with a piercing glance.,2.5
"Gimmick  | Trick or device, esp. To attract attention or publicity.  gimmickry n. Gimmicky adj. ",Gimmick  ,"Trick or device, esp. To attract attention or publicity.  gimmickry n. Gimmicky adj.",2.4
Gimp  |  1 twist of silk etc. With cord or wire running through it. 2 fishing-line of silk etc. Bound with wire. ,Gimp  ,1 twist of silk etc. With cord or wire running through it. 2 fishing-line of silk etc. Bound with wire.,3.1
Gin1  | Spirit made from grain or malt and flavoured with juniper berries. ,Gin1  ,Spirit made from grain or malt and flavoured with juniper berries.,3.1
"Gin2  —| 1 snare, trap. 2 machine separating cotton from its seeds. 3 a kind of crane and windlass. —v.  1 treat  in a gin. 2 trap. ",Gin2  ,"1 snare, trap. 2 machine separating cotton from its seeds. 3 a kind of crane and windlass. —v.  1 treat  in a gin. 2 trap.",3.1
"Ginger  —| 1 a hot spicy root usu. Powdered for use in cooking, or preserved in syrup, or candied. B plant having this root. 2 light reddish-yellow. 3 spirit, mettle. —adj. Of a ginger colour. —v. 1 flavour with ginger. 2  enliven.  gingery adj. ",Ginger  ,"1 a hot spicy root usu. Powdered for use in cooking, or preserved in syrup, or candied. B plant having this root. 2 light reddish-yellow. 3 spirit, mettle. —adj. Of a ginger colour. —v. 1 flavour with ginger. 2  enliven.  gingery adj.",3.3
Ginger ale  | Ginger-flavoured non-alcoholic drink.,Ginger ale  ,Ginger-flavoured non-alcoholic drink.,2.8
Ginger beer  | Mildly alcoholic or non-alcoholic cloudy drink made from fermented ginger and syrup.,Ginger beer  ,Mildly alcoholic or non-alcoholic cloudy drink made from fermented ginger and syrup.,3.0
"Gingerbread  —| Ginger-flavoured treacle cake. —attrib. Adj. Gaudy, tawdry.",Gingerbread  ,"Ginger-flavoured treacle cake. —attrib. Adj. Gaudy, tawdry.",3.2
Ginger group  | Group urging a party or movement to stronger policy or action.,Ginger group  ,Group urging a party or movement to stronger policy or action.,3.1
Gingerly  —| In a careful or cautious manner. —adj. Showing great care or caution. ,Gingerly  ,In a careful or cautious manner. —adj. Showing great care or caution.,3.1
Ginger-nut  | Ginger-flavoured biscuit.,Ginger-nut  ,Ginger-flavoured biscuit.,3.6
"Gingham  | Plain-woven cotton cloth, esp. Striped or checked. ",Gingham  ,"Plain-woven cotton cloth, esp. Striped or checked.",2.9
Gingivitis  | Inflammation of the gums. ,Gingivitis  ,Inflammation of the gums.,3.1
Ginkgo  |  tree with fan-shaped leaves and yellow flowers. ,Ginkgo  ,tree with fan-shaped leaves and yellow flowers.,2.4
Ginormous  | Slang enormous. ,Ginormous  ,Slang enormous.,2.7
Gin rummy  | Form of the card-game rummy.,Gin rummy  ,Form of the card-game rummy.,2.4
Ginseng  | 1 plant found in e. Asia and n. America. 2 root of this used as a medicinal tonic. ,Ginseng  ,1 plant found in e. Asia and n. America. 2 root of this used as a medicinal tonic.,3.3
Gippy tummy  | Colloq. Diarrhoea affecting visitors to hot countries. ,Gippy tummy  ,Colloq. Diarrhoea affecting visitors to hot countries.,2.7
Gipsy  | Of ~gypsy.,Gipsy  ,Of ~gypsy.,2.9
Giraffe  |  large four-legged african animal with a long neck and forelegs. ,Giraffe  ,large four-legged african animal with a long neck and forelegs.,2.7
"Gird  |  1 encircle, attach, or secure, with a belt or band. 2 enclose or encircle. 3  place  Round.  gird  one's loins prepare for action. ",Gird  ,"1 encircle, attach, or secure, with a belt or band. 2 enclose or encircle. 3  place  Round.  gird  one's loins prepare for action.",3.1
Girder  | Iron or steel beam or compound structure for bridge-building etc.,Girder  ,Iron or steel beam or compound structure for bridge-building etc.,2.7
Girdle1  —| 1 belt or cord worn round the waist. 2 corset. 3 thing that surrounds. 4 bony support for the limbs . —v.  surround with a girdle. ,Girdle1  ,1 belt or cord worn round the waist. 2 corset. 3 thing that surrounds. 4 bony support for the limbs . —v.  surround with a girdle.,3.1
Girdle2  | Scot. & n.engl. Var. Of ~griddle.,Girdle2  ,Scot. & n.engl. Var. Of ~griddle.,3.1
"Girl  | 1 female child, daughter. 2 colloq. Young woman. 3 colloq. Girlfriend. 4 female servant.  girlhood n. Girlish adj. Girly adj. ",Girl  ,"1 female child, daughter. 2 colloq. Young woman. 3 colloq. Girlfriend. 4 female servant.  girlhood n. Girlish adj. Girly adj.",2.7
Girl friday  | Female helper or follower.,Girl friday  ,Female helper or follower.,3.0
Girlfriend  | 1 person's regular female companion or lover. 2 female friend.,Girlfriend  ,1 person's regular female companion or lover. 2 female friend.,3.3
Girlie  | Colloq.  Depicting young women in erotic poses.,Girlie  ,Colloq.  Depicting young women in erotic poses.,2.7
Girl scout  | = ~scout n. 4.,Girl scout  ,= ~scout n. 4.,3.1
"Giro  —|  1 system of credit transfer between banks, post offices, etc. 2 cheque or payment by giro. —v.  pay by giro. ",Giro  ,"1 system of credit transfer between banks, post offices, etc. 2 cheque or payment by giro. —v.  pay by giro.",2.7
Girt  see ~gird.,Girt  see ,Girt  see ~gird.,3.2
Girth  | 1 distance round a thing. 2 band round the body of a horse to secure the saddle etc. ,Girth  ,1 distance round a thing. 2 band round the body of a horse to secure the saddle etc.,3.2
Gismo  |   slang gadget. ,Gismo  ,slang gadget.,2.6
Gist  | Substance or essence of a matter. ,Gist  ,Substance or essence of a matter.,2.9
Git  | Slang silly or contemptible person. ,Git  ,Slang silly or contemptible person.,2.9
"Give  |  1 transfer the possession of freely; hand over as a present; donate. 2 a transfer temporarily; provide with . B administer . C deliver . 3  make over in exchange or payment. 4 a confer; grant . B accord; bestow . C pledge . 5 a perform  . B utter; declare . 6  be inclined to or fond of . 7 yield to pressure; collapse. 8 yield as a product or result . 9 a consign, put . B sanction the marriage of . 10 devote; dedicate . 11 present; offer; show; hold out . 12 impart; be a source of; cause . 13 concede . 14 deliver  Authoritatively. 15 provide  As host. 16  Assume or grant or specify . 17  Colloq. Tell what one knows. —n. Capacity to yield or comply; elasticity.  give and take 1 exchange of words, ideas, blows, etc. 2 ability to compromise. Give away 1 transfer as a gift. 2 hand over  to a bridegroom. 3 reveal . Give the game  away reveal a secret or intention. Give in 1 yield; acknowledge defeat. 2 hand in  To an official etc. Give it to a person colloq. Scold or punish. Give me i prefer . Give off emit . Give oneself up to 1 abandon oneself to . 2 addict oneself to. Give on to   Overlook or lead into. Give or take colloq. Accepting as a margin of error in estimating. Give out 1 announce; emit; distribute. 2 be exhausted. 3 run short. Give over 1 colloq. Stop or desist. 2 hand over. 3 devote. Give rise to cause. Give a person to understand inform or assure. Give up 1 resign; surrender. 2 part with.",Give  ,"1 transfer the possession of freely; hand over as a present; donate. 2 a transfer temporarily; provide with . B administer . C deliver . 3  make over in exchange or payment. 4 a confer; grant . B accord; bestow . C pledge . 5 a perform  . B utter; declare . 6  be inclined to or fond of . 7 yield to pressure; collapse. 8 yield as a product or result . 9 a consign, put . B sanction the marriage of . 10 devote; dedicate . 11 present; offer; show; hold out . 12 impart; be a source of; cause . 13 concede . 14 deliver  Authoritatively. 15 provide  As host. 16  Assume or grant or specify . 17  Colloq. Tell what one knows. —n. Capacity to yield or comply; elasticity.  give and take 1 exchange of words, ideas, blows, etc. 2 ability to compromise. Give away 1 transfer as a gift. 2 hand over  to a bridegroom. 3 reveal . Give the game  away reveal a secret or intention. Give in 1 yield; acknowledge defeat. 2 hand in  To an official etc. Give it to a person colloq. Scold or punish. Give me i prefer . Give off emit . Give oneself up to 1 abandon oneself to . 2 addict oneself to. Give on to   Overlook or lead into. Give or take colloq. Accepting as a margin of error in estimating. Give out 1 announce; emit; distribute. 2 be exhausted. 3 run short. Give over 1 colloq. Stop or desist. 2 hand over. 3 devote. Give rise to cause. Give a person to understand inform or assure. Give up 1 resign; surrender. 2 part with.",2.7
Give-away  | Colloq. 1 unintentional revelation. 2 thing given as a gift or at a low price.,Give-away  ,Colloq. 1 unintentional revelation. 2 thing given as a gift or at a low price.,2.7
Gizmo  | Of ~gismo.,Gizmo  ,Of ~gismo.,3.1
"Gizzard  | 1 second part of a bird's stomach, for grinding food. 2 muscular stomach of some fish etc. ",Gizzard  ,"1 second part of a bird's stomach, for grinding food. 2 muscular stomach of some fish etc.",2.8
