Afar  | At or to a distance.,Afar  ,At or to a distance.,2.8
Affable  | 1 friendly. 2 courteous.  affability n. Affably adv. ,Affable  ,1 friendly. 2 courteous.  affability n. Affably adv.,1.3
"Affair  | 1 matter, concern, or thing to be attended to . 2 a celebrated or notorious happening. B colloq. Thing or event . 3 = ~love affair. 4  Public or private business. ",Affair  ,"1 matter, concern, or thing to be attended to . 2 a celebrated or notorious happening. B colloq. Thing or event . 3 = ~love affair. 4  Public or private business.",2.7
Affect  | 1 a produce an effect on. B  Attack. 2 move emotionally. 3 pretend . 4 pose as or use for effect .  affecting adj. Affectingly adv. ,Affect  ,1 a produce an effect on. B  Attack. 2 move emotionally. 3 pretend . 4 pose as or use for effect .  affecting adj. Affectingly adv.,2.7
Affectation  | 1 artificial manner. 2  studied display. 3 pretence.,Affectation  ,1 artificial manner. 2  studied display. 3 pretence.,2.3
"Affected  | 1 pretended, artificial. 2 full of affectation.",Affected  ,"1 pretended, artificial. 2 full of affectation.",3.0
"Affection  | 1 goodwill, fond feeling. 2 disease; diseased condition.",Affection  ,"1 goodwill, fond feeling. 2 disease; diseased condition.",2.6
"Affectionate  | Loving, fond.  affectionately adv.",Affectionate  ,"Loving, fond.  affectionately adv.",2.6
Affidavit  | Written statement confirmed by oath. ,Affidavit  ,Written statement confirmed by oath.,3.4
"Affiliate  |   attach, adopt, or connect as a member or branch. —n. Affiliated person etc. ",Affiliate  ,"attach, adopt, or connect as a member or branch. —n. Affiliated person etc.",2.9
Affiliation  | Affiliating or being affiliated.,Affiliation  ,Affiliating or being affiliated.,2.7
Affiliation order  | Legal order against the supposed father of an illegitimate child for support.,Affiliation order  ,Legal order against the supposed father of an illegitimate child for support.,3.2
"Affinity  |  1 liking or attraction; feeling of kinship. 2 relationship, esp. By marriage. 3 similarity of structure or character suggesting a relationship. 4 chem. The tendency of certain substances to combine with others.  ",Affinity  ,"1 liking or attraction; feeling of kinship. 2 relationship, esp. By marriage. 3 similarity of structure or character suggesting a relationship. 4 chem. The tendency of certain substances to combine with others.",3.1
"Affirm  | 1 assert, state as a fact. 2 law make a solemn declaration in place of an oath.  affirmation n. ",Affirm  ,"1 assert, state as a fact. 2 law make a solemn declaration in place of an oath.  affirmation n.",2.9
Affirmative  | Affirming; expressing approval. —n. Affirmative statement or word etc.,Affirmative  ,Affirming; expressing approval. —n. Affirmative statement or word etc.,2.8
Afflict  | Distress physically or mentally. ,Afflict  ,Distress physically or mentally.,1.8
"Affliction  | 1 distress, suffering. 2 cause of this.",Affliction  ,"1 distress, suffering. 2 cause of this.",1.6
"Affluent  | Wealthy, rich.  affluence n. ",Affluent  ,"Wealthy, rich.  affluence n.",3.2
"Afford  | 1  a have enough money, time, etc., for; be able to spare. B be in a position . 2 provide . ",Afford  ,"1  a have enough money, time, etc., for; be able to spare. B be in a position . 2 provide .",3.4
Afforest  | 1 convert into forest. 2 plant with trees.  afforestation n. ,Afforest  ,1 convert into forest. 2 plant with trees.  afforestation n.,3.8
Affray  | Breach of the peace by fighting or rioting in public. ,Affray  ,Breach of the peace by fighting or rioting in public.,2.5
"Affront  —| Open insult. —v. Insult openly; offend, embarrass. ",Affront  ,"Open insult. —v. Insult openly; offend, embarrass.",3.2
Afghan  —| 1 a native or national of afghanistan. B person of afghan descent. 2 official language of afghanistan. —adj. Of afghanistan. ,Afghan  ,1 a native or national of afghanistan. B person of afghan descent. 2 official language of afghanistan. —adj. Of afghanistan.,2.8
Afghan hound  | Tall hunting dog with long silky hair.,Afghan hound  ,Tall hunting dog with long silky hair.,3.1
Aficionado  |  devotee of a sport or pastime. ,Aficionado  ,devotee of a sport or pastime.,3.3
Afield  | To or at a distance . ,Afield  ,To or at a distance .,3.5
Aflame  | & predic.adj. 1 in flames. 2 very excited.,Aflame  ,& predic.adj. 1 in flames. 2 very excited.,2.8
Afloat  | & predic.adj. 1 floating. 2 at sea. 3 out of debt or difficulty. 4 current. ,Afloat  ,& predic.adj. 1 floating. 2 at sea. 3 out of debt or difficulty. 4 current.,2.9
Afoot  | & predic.adj. In operation; progressing.,Afoot  ,& predic.adj. In operation; progressing.,3.3
Afore  | & adv. Archaic before; previously; in front . ,Afore  ,& adv. Archaic before; previously; in front .,2.5
"Afore-  | Form before, previously .",Afore-  ,"Form before, previously .",2.5
Aforethought  | Premeditated .,Aforethought  ,Premeditated .,2.8
"Afraid  | Adj. Alarmed, frightened.  be afraid colloq. Politely regret . ",Afraid  ,"Adj. Alarmed, frightened.  be afraid colloq. Politely regret .",2.7
Afresh  | Anew; with a fresh beginning. ,Afresh  ,Anew; with a fresh beginning.,3.0
African  —| 1 native  of africa. 2 person of african descent. —adj. Of africa. ,African  ,1 native  of africa. 2 person of african descent. —adj. Of africa.,2.7
"African elephant  | The elephant of africa, larger than that of india.",African elephant  ,"The elephant of africa, larger than that of india.",2.9
"African violet  | House-plant with velvety leaves and blue, purple, or pink flowers.",African violet  ,"House-plant with velvety leaves and blue, purple, or pink flowers.",3.2
"Afrikaans  | Language derived from dutch, used in s. Africa. ",Afrikaans  ,"Language derived from dutch, used in s. Africa.",3.4
"Afrikaner  | Afrikaans-speaking white person in s. Africa, esp. Of dutch descent.",Afrikaner  ,"Afrikaans-speaking white person in s. Africa, esp. Of dutch descent.",2.9
Afro  |  tightly-curled and bushy. —n.  afro hairstyle.,Afro  ,tightly-curled and bushy. —n.  afro hairstyle.,2.7
Afro-  | Form african.,Afro-  ,Form african.,3.0
Afro-american  | Of american blacks or their culture. —n. American black.,Afro-american  ,Of american blacks or their culture. —n. American black.,3.1
Afro-caribbean  —| Caribbean person of african descent. —adj. Of afro-caribbeans.,Afro-caribbean  ,Caribbean person of african descent. —adj. Of afro-caribbeans.,3.0
Aft  | Naut. & aeron. At or towards the stern or tail. ,Aft  ,Naut. & aeron. At or towards the stern or tail.,2.7
"After  —| 1 following in time; later than . 2 in view of, in spite of . 3 behind . 4 in pursuit or quest of . 5 about, concerning . 6 in allusion to . 7 in imitation of . 8 next in importance to . —conj. Later than . —adv. 1 later . 2 behind . —adj. 1 later, following . 2 naut. Nearer the stern .  after all in spite of everything . After one's own heart to one's taste. ",After  ,"1 following in time; later than . 2 in view of, in spite of . 3 behind . 4 in pursuit or quest of . 5 about, concerning . 6 in allusion to . 7 in imitation of . 8 next in importance to . —conj. Later than . —adv. 1 later . 2 behind . —adj. 1 later, following . 2 naut. Nearer the stern .  after all in spite of everything . After one's own heart to one's taste.",2.7
Afterbirth  | Placenta etc. Discharged from the womb after childbirth.,Afterbirth  ,Placenta etc. Discharged from the womb after childbirth.,2.9
After-care  | Attention after leaving hospital etc.,After-care  ,Attention after leaving hospital etc.,2.9
"After-effect  | Delayed effect following an accident, trauma, etc.",After-effect  ,"Delayed effect following an accident, trauma, etc.",2.9
Afterglow  | Glow remaining after its source has disappeared.,Afterglow  ,Glow remaining after its source has disappeared.,2.7
Afterlife  | Life after death.,Afterlife  ,Life after death.,2.7
"Aftermath  | 1 consequences, esp. Unpleasant . 2 new grass growing after mowing. ",Aftermath  ,"1 consequences, esp. Unpleasant . 2 new grass growing after mowing.",2.7
Afternoon  | Time from noon or lunch-time to evening.,Afternoon  ,Time from noon or lunch-time to evening.,2.7
Afterpains  |pl. Pains caused by contraction of the womb after childbirth.,Afterpains  ,pl. Pains caused by contraction of the womb after childbirth.,2.9
Afters  |pl. Colloq. = ~dessert 1.,Afters  ,pl. Colloq. = ~dessert 1.,2.8
Aftershave  | Lotion used after shaving.,Aftershave  ,Lotion used after shaving.,2.8
Aftertaste  | Taste after eating or drinking.,Aftertaste  ,Taste after eating or drinking.,2.8
Afterthought  | Thing thought of or added later.,Afterthought  ,Thing thought of or added later.,2.1
"Afterward  |  later, subsequently. ",Afterward  ,"later, subsequently.",2.6
"Afterwards  |  later, subsequently. ",Afterwards  ,"later, subsequently.",2.7
