Ta  | Colloq. Thank you. ,Ta  ,Colloq. Thank you.,2.8
"Tab1  —| 1 small flap or strip of material attached for grasping, fastening, or hanging up, or for identification. 2 us colloq. Bill . 3  distinguishing mark on a staff officer's collar. —v.  provide with a tab or tabs.  keep tabs  on colloq. 1 keep account of. 2 have under observation or in check. ",Tab1  ,"1 small flap or strip of material attached for grasping, fastening, or hanging up, or for identification. 2 us colloq. Bill . 3  distinguishing mark on a staff officer's collar. —v.  provide with a tab or tabs.  keep tabs  on colloq. 1 keep account of. 2 have under observation or in check.",3.4
Tab2  | = ~tabulator 2. ,Tab2  ,= ~tabulator 2.,3.4
Tabard  | 1 herald's official coat emblazoned with royal arms. 2 woman's or girl's sleeveless jerkin. 3 hist. Knight's short emblazoned garment worn over armour. ,Tabard  ,1 herald's official coat emblazoned with royal arms. 2 woman's or girl's sleeveless jerkin. 3 hist. Knight's short emblazoned garment worn over armour.,2.9
Tabasco  | 1 pungent pepper. 2  propr. Sauce made from this. ,Tabasco  ,1 pungent pepper. 2  propr. Sauce made from this.,2.9
Tabby  |  1  grey or brownish cat with dark stripes. 2 a kind of watered silk. ,Tabby  ,1  grey or brownish cat with dark stripes. 2 a kind of watered silk.,3.1
"Tabernacle  | 1 hist. Tent used as a sanctuary by the israelites during the exodus. 2 niche or receptacle, esp. For the eucharistic elements. 3 nonconformist meeting-house. ",Tabernacle  ,"1 hist. Tent used as a sanctuary by the israelites during the exodus. 2 niche or receptacle, esp. For the eucharistic elements. 3 nonconformist meeting-house.",3.2
"Tabla  | Pair of small drums played with the hands, esp. In indian music. ",Tabla  ,"Pair of small drums played with the hands, esp. In indian music.",3.6
"Table  —| 1 flat surface on a leg or legs, used for eating, working at, etc. 2 a food provided in a household . B group seated for dinner etc. 3 a set of facts or figures in columns etc. . B matter contained in this. C = ~multiplication table. —v.  1 bring forward for discussion etc. At a meeting. 2 esp. Us postpone consideration of .  at table taking a meal at a table. On the table offered for discussion. Turn the tables  reverse circumstances to one's advantage . Under the table colloq. 1 very drunk.",Table  ,"1 flat surface on a leg or legs, used for eating, working at, etc. 2 a food provided in a household . B group seated for dinner etc. 3 a set of facts or figures in columns etc. . B matter contained in this. C = ~multiplication table. —v.  1 bring forward for discussion etc. At a meeting. 2 esp. Us postpone consideration of .  at table taking a meal at a table. On the table offered for discussion. Turn the tables  reverse circumstances to one's advantage . Under the table colloq. 1 very drunk.",3.1
Tableau  |  1 picturesque presentation. 2 group of silent motionless people representing a scene on stage. ,Tableau  ,1 picturesque presentation. 2 group of silent motionless people representing a scene on stage.,3.2
"Tablecloth  | Cloth spread over a table, esp. For meals.",Tablecloth  ,"Cloth spread over a table, esp. For meals.",3.1
Table d'hôte  |  Meal from a set menu at a fixed price. ,Table d,Meal from a set menu at a fixed price.,3.7
Tableland  | Elevated plateau.,Tableland  ,Elevated plateau.,3.2
Table licence  | Licence to serve alcoholic drinks with meals only.,Table licence  ,Licence to serve alcoholic drinks with meals only.,3.5
"Table linen  | Tablecloths, napkins, etc.",Table linen  ,"Tablecloths, napkins, etc.",3.9
Tablespoon  | 1 large spoon for serving food. 2 amount held by this.  tablespoonful n. .,Tablespoon  ,1 large spoon for serving food. 2 amount held by this.  tablespoonful n. .,3.2
"Tablet  | 1 small solid dose of a medicine etc. 2 bar of soap etc. 3 flat slab of esp. Stone, usu. Inscribed. 4 us writing-pad. ",Tablet  ,"1 small solid dose of a medicine etc. 2 bar of soap etc. 3 flat slab of esp. Stone, usu. Inscribed. 4 us writing-pad.",3.2
Table talk  | Informal talk at table.,Table talk  ,Informal talk at table.,3.3
Table tennis  | Indoor ball game played with small bats on a table divided by a net.,Table tennis  ,Indoor ball game played with small bats on a table divided by a net.,3.5
Tabletop  | Surface of a table.,Tabletop  ,Surface of a table.,3.6
"Tableware  | Dishes, plates, etc., for meals.",Tableware  ,"Dishes, plates, etc., for meals.",3.4
Table wine  | Wine of ordinary quality.,Table wine  ,Wine of ordinary quality.,3.4
"Tabloid  | Small-sized, often popular or sensational, newspaper. ",Tabloid  ,"Small-sized, often popular or sensational, newspaper.",2.7
"Taboo   —|  1 ritual isolation of a person or thing as sacred or accursed. 2 prohibition imposed by social custom. —adj. Avoided or prohibited, esp. By social custom . —v.  1 put under taboo. 2 exclude or prohibit, esp. Socially. ",Taboo   ,"1 ritual isolation of a person or thing as sacred or accursed. 2 prohibition imposed by social custom. —adj. Avoided or prohibited, esp. By social custom . —v.  1 put under taboo. 2 exclude or prohibit, esp. Socially.",3.1
"Tabor  | Hist. Small drum, esp. Used to accompany a pipe. ",Tabor  ,"Hist. Small drum, esp. Used to accompany a pipe.",2.9
Tabu  | Of ~taboo.,Tabu  ,Of ~taboo.,3.1
Tabular  | Of or arranged in tables or lists. ,Tabular  ,Of or arranged in tables or lists.,3.3
Tabulate  |  arrange  in tabular form.  tabulation n.,Tabulate  ,arrange  in tabular form.  tabulation n.,3.3
Tabulator  | 1 person or thing that tabulates. 2 device on a typewriter etc. For advancing to a sequence of set positions in tabular work.,Tabulator  ,1 person or thing that tabulates. 2 device on a typewriter etc. For advancing to a sequence of set positions in tabular work.,3.2
Tacho  |  colloq. = ~tachometer. ,Tacho  ,colloq. = ~tachometer.,2.8
Tachograph  | Device in a vehicle recording speed and travel time. ,Tachograph  ,Device in a vehicle recording speed and travel time.,3.1
Tachometer  | Instrument measuring velocity or rate of rotation of a shaft .,Tachometer  ,Instrument measuring velocity or rate of rotation of a shaft .,3.2
Tacit  | Understood or implied without being stated .  tacitly adv. ,Tacit  ,Understood or implied without being stated .  tacitly adv.,2.6
Taciturn  | Saying little; uncommunicative.  taciturnity n. ,Taciturn  ,Saying little; uncommunicative.  taciturnity n.,2.6
"Tack1  —| 1 small sharp broad-headed nail. 2 us drawing-pin. 3 long stitch for joining fabrics etc. Lightly or temporarily together. 4  direction, or temporary change of direction, esp. Taking advantage of a side wind . 5 course of action or policy . 6 sticky condition of varnish etc. —v. 1  Fasten with tacks. 2 stitch lightly together. 3  add or append. 4  a change a ship's course by turning its head to the wind. B make a series of such tacks. ",Tack1  ,"1 small sharp broad-headed nail. 2 us drawing-pin. 3 long stitch for joining fabrics etc. Lightly or temporarily together. 4  direction, or temporary change of direction, esp. Taking advantage of a side wind . 5 course of action or policy . 6 sticky condition of varnish etc. —v. 1  Fasten with tacks. 2 stitch lightly together. 3  add or append. 4  a change a ship's course by turning its head to the wind. B make a series of such tacks.",2.7
"Tack2  | Saddle, bridle, etc., of a horse. ",Tack2  ,"Saddle, bridle, etc., of a horse.",2.6
"Tack3  | Colloq. Cheap or shoddy material; tat, kitsch. ",Tack3  ,"Colloq. Cheap or shoddy material; tat, kitsch.",2.7
"Tackle  —| 1 equipment for a task or sport. 2 mechanism, esp. Of ropes, pulley-blocks, hooks, etc., for lifting weights, managing sails, etc. 3 windlass with its ropes and hooks. 4 act of tackling in football etc. —v.  1 try to deal with . 2 grapple with . 3 confront  in discussion or argument. 4 intercept or stop .  tackler n. ",Tackle  ,"1 equipment for a task or sport. 2 mechanism, esp. Of ropes, pulley-blocks, hooks, etc., for lifting weights, managing sails, etc. 3 windlass with its ropes and hooks. 4 act of tackling in football etc. —v.  1 try to deal with . 2 grapple with . 3 confront  in discussion or argument. 4 intercept or stop .  tackler n.",3.2
Tackle-block  | Pulley over which a rope runs.,Tackle-block  ,Pulley over which a rope runs.,2.8
Tacky1  |  slightly sticky.  tackiness n. ,Tacky1  ,slightly sticky.  tackiness n.,3.0
"Tacky2  |  colloq. 1 in poor taste, cheap. 2 tatty, shabby.  tackiness n. ",Tacky2  ,"colloq. 1 in poor taste, cheap. 2 tatty, shabby.  tackiness n.",2.9
Taco  |  mexican dish of meat etc. In a folded tortilla. ,Taco  ,mexican dish of meat etc. In a folded tortilla.,2.5
"Tact  | 1 skill in dealing with others, esp. In delicate situations. 2 intuitive perception of the right thing to do or say. ",Tact  ,"1 skill in dealing with others, esp. In delicate situations. 2 intuitive perception of the right thing to do or say.",2.7
Tactful  | Having or showing tact.  tactfully adv.,Tactful  ,Having or showing tact.  tactfully adv.,1.8
Tactic  | 1 tactical manoeuvre. 2 = ~tactics. ,Tactic  ,1 tactical manoeuvre. 2 = ~tactics.,2.8
Tactical  | 1 of tactics . 2  Done in direct support of military or naval operations. 3 adroitly planning or adroitly planned.  tactically adv.,Tactical  ,1 of tactics . 2  Done in direct support of military or naval operations. 3 adroitly planning or adroitly planned.  tactically adv.,2.7
"Tactics  |pl. 1  Disposition of armed forces, esp. In warfare. 2 short-term procedure adopted in carrying out a scheme or achieving an end.  tactician n.",Tactics  ,"pl. 1  Disposition of armed forces, esp. In warfare. 2 short-term procedure adopted in carrying out a scheme or achieving an end.  tactician n.",3.2
Tactile  | 1 of the sense of touch. 2 perceived by touch; tangible.  tactility n. ,Tactile  ,1 of the sense of touch. 2 perceived by touch; tangible.  tactility n.,3.2
Tactless  | Having or showing no tact.  tactlessly adv.,Tactless  ,Having or showing no tact.  tactlessly adv.,2.8
"Tadpole  | Larva, esp. Of a frog, toad, or newt. ",Tadpole  ,"Larva, esp. Of a frog, toad, or newt.",2.9
Taffeta  | Fine lustrous silk or silklike fabric. ,Taffeta  ,Fine lustrous silk or silklike fabric.,3.4
Taffrail  | Rail round a ship's stern. ,Taffrail  ,Rail round a ship's stern.,3.3
Taffy  |  colloq. Often offens. Welshman. ,Taffy  ,colloq. Often offens. Welshman.,3.1
"Tag1  —| 1 label, esp. On an object to show its address, price, etc. 2 metal etc. Point on a shoelace etc. 3 loop or flap for handling or hanging a thing. 4 loose or ragged end. 5 trite quotation or stock phrase. —v.  1 provide with a tag or tags. 2  join or attach.  tag along  go along, accompany passively. ",Tag1  ,"1 label, esp. On an object to show its address, price, etc. 2 metal etc. Point on a shoelace etc. 3 loop or flap for handling or hanging a thing. 4 loose or ragged end. 5 trite quotation or stock phrase. —v.  1 provide with a tag or tags. 2  join or attach.  tag along  go along, accompany passively.",3.0
Tag2  —| Children's chasing game. —v.  touch in a game of tag. ,Tag2  ,Children's chasing game. —v.  touch in a game of tag.,3.1
Tag end  | Esp. Us last remnant.,Tag end  ,Esp. Us last remnant.,3.4
Tagliatelle  | Narrow ribbon-shaped pasta. ,Tagliatelle  ,Narrow ribbon-shaped pasta.,3.0
"Tail1  —| 1 hindmost part of an animal, esp. Extending beyond the body. 2 a thing like a tail, esp. An extension at the rear. B rear of a procession etc. 3 rear part of an aeroplane, vehicle, or rocket. 4 luminous trail following a comet. 5 inferior, weaker, or last part of anything. 6 part of a shirt or coat below the waist at the back. 7  Colloq. A tailcoat. B evening dress including this. 8  Reverse of a coin as a choice when tossing. 9 colloq. Person following another. —v. 1 remove the stalks of . 2  colloq. Follow closely.  on a person's tail closely following a person. Tail off  gradually decrease or diminish; end inconclusively. With one's tail between one's legs dejected, humiliated.  tailless adj. ",Tail1  ,"1 hindmost part of an animal, esp. Extending beyond the body. 2 a thing like a tail, esp. An extension at the rear. B rear of a procession etc. 3 rear part of an aeroplane, vehicle, or rocket. 4 luminous trail following a comet. 5 inferior, weaker, or last part of anything. 6 part of a shirt or coat below the waist at the back. 7  Colloq. A tailcoat. B evening dress including this. 8  Reverse of a coin as a choice when tossing. 9 colloq. Person following another. —v. 1 remove the stalks of . 2  colloq. Follow closely.  on a person's tail closely following a person. Tail off  gradually decrease or diminish; end inconclusively. With one's tail between one's legs dejected, humiliated.  tailless adj.",2.9
"Tail2  law —| Limitation of ownership, esp. Of an estate limited to a person and that person's heirs. —adj. So limited .  in tail under such a limitation. ",Tail2  law ,"Limitation of ownership, esp. Of an estate limited to a person and that person's heirs. —adj. So limited .  in tail under such a limitation.",2.7
Tailback  | Long line of traffic caused by an obstruction.,Tailback  ,Long line of traffic caused by an obstruction.,2.8
Tailboard  | Hinged or removable flap at the rear of a lorry etc.,Tailboard  ,Hinged or removable flap at the rear of a lorry etc.,3.0
"Tailcoat  | Man's coat with a long divided flap at the back, worn as part of formal dress.",Tailcoat  ,"Man's coat with a long divided flap at the back, worn as part of formal dress.",2.7
"Tail-end  | Hindmost, lowest, or last part.",Tail-end  ,"Hindmost, lowest, or last part.",3.2
Tailgate  | 1 esp. Us = ~tailboard. 2 rear door of an estate car or hatchback.,Tailgate  ,1 esp. Us = ~tailboard. 2 rear door of an estate car or hatchback.,3.0
Tail-light  |  us rear light on a vehicle etc.,Tail-light  ,us rear light on a vehicle etc.,3.2
"Tailor  —| Maker of clothes, esp. Men's outer garments to measure. —v. 1 make  as a tailor. 2 make or adapt for a special purpose. 3 work as or be a tailor. ",Tailor  ,"Maker of clothes, esp. Men's outer garments to measure. —v. 1 make  as a tailor. 2 make or adapt for a special purpose. 3 work as or be a tailor.",2.7
Tailored  | 1  well or closely fitted. 2 = ~tailor-made.,Tailored  ,1  well or closely fitted. 2 = ~tailor-made.,2.5
Tailor-made  | 1 made to order by a tailor. 2 made or suited for a particular purpose.,Tailor-made  ,1 made to order by a tailor. 2 made or suited for a particular purpose.,3.5
Tailpiece  | 1 rear appendage. 2 final part of a thing. 3 decoration in a blank space at the end of a chapter etc.,Tailpiece  ,1 rear appendage. 2 final part of a thing. 3 decoration in a blank space at the end of a chapter etc.,2.9
Tailpipe  | Rear section of an exhaust-pipe.,Tailpipe  ,Rear section of an exhaust-pipe.,2.8
Tailplane  | Horizontal aerofoil at the tail of an aircraft.,Tailplane  ,Horizontal aerofoil at the tail of an aircraft.,3.0
Tailspin  | 1 spin by an aircraft with the tail spiralling. 2 state of chaos or panic.,Tailspin  ,1 spin by an aircraft with the tail spiralling. 2 state of chaos or panic.,2.9
Tail wind  | Wind blowing in the direction of travel.,Tail wind  ,Wind blowing in the direction of travel.,2.8
"Taint  —| 1 spot or trace of decay, infection, corruption, etc. 2 corrupt condition or infection. —v. 1 affect with a taint; become tainted. 2  affect slightly. ",Taint  ,"1 spot or trace of decay, infection, corruption, etc. 2 corrupt condition or infection. —v. 1 affect with a taint; become tainted. 2  affect slightly.",3.1
"Take  |  1 lay hold of; get into one's hands. 2 acquire, capture, earn, or win. 3 get by purchase, hire, or formal agreement . 4  use. 5 regularly buy . 6 obtain after qualifying . 7 occupy . 8 make use of . 9 consume . 10 a be effective . B  Begin to grow. 11 require or use up . 12 carry or accompany . 13 remove; steal . 14 catch or be infected with . 15 a experience, seek, or be affected by . B exert . 16 find out and note . 17 understand; assume . 18 treat, deal with, or regard in a specified way . 19  regard as being . 20 a accept, receive . B hold . C submit to; tolerate . 21 wear . 22 choose or assume . 23 derive . 24  subtract . 25 perform or effect . 26 occupy or engage oneself in . 27 conduct . 28 teach, be taught, or be examined in . 29 a make . B photograph . 30  Use as an example . 31 gram. Have or require as part of a construction . 32 have sexual intercourse with . 33  be attracted or charmed by. —n. 1 amount taken or caught at a time etc. 2 scene or film sequence photographed continuously at one time.  be taken ill become ill, esp. Suddenly. Have what it takes colloq. Have the necessary qualities etc. For success. Take account of see ~account. Take advantage of see ~advantage. Take after resemble . Take against begin to dislike. Take aim see ~aim. Take apart 1 dismantle. 2 colloq. Beat or defeat. 3 colloq. Criticize severely. Take away 1 remove or carry elsewhere. 2 subtract. 3 buy  For eating elsewhere. Take back 1 retract . 2 convey to an original position. 3 carry in thought to a past time. 4 a return  to a shop. B  accept such goods. 5 accept  back into one's affections, into employment, etc. Take the biscuit  colloq. Be the most remarkable. Take down 1 write down . 2 remove or dismantle. 3 lower . Take effect see ~effect. Take for granted see ~grant. Take fright see ~fright. Take heart be encouraged. Take in 1 receive as a lodger etc. 2 undertake  at home. 3 make  Smaller. 4 understand; observe . 5 cheat. 6 include. 7 colloq. Visit  on the way to another . 8 absorb into the body. Take in hand 1 undertake; start doing or dealing with. 2 undertake to control or reform . Take into account see ~account. Take it 1  assume. 2 colloq. Endure in a specified way . Take it easy see ~easy. Take it into one's head see ~head. Take it on one   Venture or presume. Take it or leave it  Accept it or not. Take it out of 1 exhaust the strength of. 2 have revenge on. Take it out on relieve one's frustration by treating aggressively.",Take  ,"1 lay hold of; get into one's hands. 2 acquire, capture, earn, or win. 3 get by purchase, hire, or formal agreement . 4  use. 5 regularly buy . 6 obtain after qualifying . 7 occupy . 8 make use of . 9 consume . 10 a be effective . B  Begin to grow. 11 require or use up . 12 carry or accompany . 13 remove; steal . 14 catch or be infected with . 15 a experience, seek, or be affected by . B exert . 16 find out and note . 17 understand; assume . 18 treat, deal with, or regard in a specified way . 19  regard as being . 20 a accept, receive . B hold . C submit to; tolerate . 21 wear . 22 choose or assume . 23 derive . 24  subtract . 25 perform or effect . 26 occupy or engage oneself in . 27 conduct . 28 teach, be taught, or be examined in . 29 a make . B photograph . 30  Use as an example . 31 gram. Have or require as part of a construction . 32 have sexual intercourse with . 33  be attracted or charmed by. —n. 1 amount taken or caught at a time etc. 2 scene or film sequence photographed continuously at one time.  be taken ill become ill, esp. Suddenly. Have what it takes colloq. Have the necessary qualities etc. For success. Take account of see ~account. Take advantage of see ~advantage. Take after resemble . Take against begin to dislike. Take aim see ~aim. Take apart 1 dismantle. 2 colloq. Beat or defeat. 3 colloq. Criticize severely. Take away 1 remove or carry elsewhere. 2 subtract. 3 buy  For eating elsewhere. Take back 1 retract . 2 convey to an original position. 3 carry in thought to a past time. 4 a return  to a shop. B  accept such goods. 5 accept  back into one's affections, into employment, etc. Take the biscuit  colloq. Be the most remarkable. Take down 1 write down . 2 remove or dismantle. 3 lower . Take effect see ~effect. Take for granted see ~grant. Take fright see ~fright. Take heart be encouraged. Take in 1 receive as a lodger etc. 2 undertake  at home. 3 make  Smaller. 4 understand; observe . 5 cheat. 6 include. 7 colloq. Visit  on the way to another . 8 absorb into the body. Take in hand 1 undertake; start doing or dealing with. 2 undertake to control or reform . Take into account see ~account. Take it 1  assume. 2 colloq. Endure in a specified way . Take it easy see ~easy. Take it into one's head see ~head. Take it on one   Venture or presume. Take it or leave it  Accept it or not. Take it out of 1 exhaust the strength of. 2 have revenge on. Take it out on relieve one's frustration by treating aggressively.",2.8
Take-away  —| Adj.  bought cooked for eating elsewhere. —n. 1 this food. 2 establishment selling this.,Take-away  ,Adj.  bought cooked for eating elsewhere. —n. 1 this food. 2 establishment selling this.,3.5
Take-home pay  | Employee's pay after the deduction of tax etc.,Take-home pay  ,Employee's pay after the deduction of tax etc.,3.4
Take-off  | 1 act of becoming airborne. 2 act of mimicking.,Take-off  ,1 act of becoming airborne. 2 act of mimicking.,3.9
Take-over  | Assumption of control ; buying-out.,Take-over  ,Assumption of control ; buying-out.,3.3
"Taker  | Person who takes a bet, accepts an offer, etc.",Taker  ,"Person who takes a bet, accepts an offer, etc.",2.8
Take-up  | Acceptance of a thing offered.,Take-up  ,Acceptance of a thing offered.,3.4
"Taking  | Attractive, captivating. —n.  Amount of money taken at a show, in a shop, etc.",Taking  ,"Attractive, captivating. —n.  Amount of money taken at a show, in a shop, etc.",2.8
"Talc  | 1 talcum powder. 2 magnesium silicate formed as soft flat plates, used as a lubricator etc. ",Talc  ,"1 talcum powder. 2 magnesium silicate formed as soft flat plates, used as a lubricator etc.",2.7
"Talcum  | 1 = ~talc 2. 2  powdered talc for toilet use, usu. Perfumed. ",Talcum  ,"1 = ~talc 2. 2  powdered talc for toilet use, usu. Perfumed.",2.8
"Tale  | 1  narrative or story. 2 allegation, often malicious or in breach of confidence. ",Tale  ,"1  narrative or story. 2 allegation, often malicious or in breach of confidence.",2.8
Talent  | 1 special aptitude or faculty . 2 high mental ability. 3 a person or persons of talent. B colloq. Attractive members of the opposite sex . 4 ancient esp. Greek weight and unit of currency.  talented adj. ,Talent  ,1 special aptitude or faculty . 2 high mental ability. 3 a person or persons of talent. B colloq. Attractive members of the opposite sex . 4 ancient esp. Greek weight and unit of currency.  talented adj.,3.2
"Talent-scout  |  person seeking new talent, esp. In sport or entertainment.",Talent-scout  ,"person seeking new talent, esp. In sport or entertainment.",3.1
"Talisman  |  ring, stone, etc. Thought to have magic powers, esp. To bring good luck.  talismanic adj. ",Talisman  ,"ring, stone, etc. Thought to have magic powers, esp. To bring good luck.  talismanic adj.",2.6
"Talk  | 1  converse or communicate verbally. 2 have the power of speech. 3  a discuss; express; utter . B  Colloq. As an emphatic statement . 4 use  in speech . 5  address pompously. 6  bring into a specified condition etc. By talking . 7 betray secrets. 8 gossip . 9 have influence . —n. 1 conversation, talking. 2 particular mode of speech . 3 informal address or lecture. 4 a rumour or gossip . B its theme . 5 empty promises; boasting. 6  Discussions or negotiations.  now you're talking colloq. I like what you say, suggest, etc. Talk back reply defiantly. Talk down to speak condescendingly to. Talk a person down 1 silence by loudness or persistence. 2 bring  to landing by radio. Talk of 1 discuss or mention. 2  express some intention of . Talk out block  by prolonging discussion to the time of adjournment. Talk over discuss at length. Talk a person over  gain agreement by talking. Talk shop talk about one's occupation etc. Talk to rebuke, scold.  talker n. ",Talk  ,"1  converse or communicate verbally. 2 have the power of speech. 3  a discuss; express; utter . B  Colloq. As an emphatic statement . 4 use  in speech . 5  address pompously. 6  bring into a specified condition etc. By talking . 7 betray secrets. 8 gossip . 9 have influence . —n. 1 conversation, talking. 2 particular mode of speech . 3 informal address or lecture. 4 a rumour or gossip . B its theme . 5 empty promises; boasting. 6  Discussions or negotiations.  now you're talking colloq. I like what you say, suggest, etc. Talk back reply defiantly. Talk down to speak condescendingly to. Talk a person down 1 silence by loudness or persistence. 2 bring  to landing by radio. Talk of 1 discuss or mention. 2  express some intention of . Talk out block  by prolonging discussion to the time of adjournment. Talk over discuss at length. Talk a person over  gain agreement by talking. Talk shop talk about one's occupation etc. Talk to rebuke, scold.  talker n.",2.8
Talkative  | Fond of or given to talking.,Talkative  ,Fond of or given to talking.,2.7
Talkback  |  System of two-way communication by loudspeaker.,Talkback  ,System of two-way communication by loudspeaker.,2.7
Talkie  | Colloq.  film with a soundtrack.,Talkie  ,Colloq.  film with a soundtrack.,2.7
"Talking  | 1 that talks, or is able to talk . 2 expressive . —n. In senses of ~talk v.  talking of while we are discussing.",Talking  ,"1 that talks, or is able to talk . 2 expressive . —n. In senses of ~talk v.  talking of while we are discussing.",2.8
"Talking book  | Recorded reading of a book, esp. For the blind.",Talking book  ,"Recorded reading of a book, esp. For the blind.",3.2
Talking-point  | Topic for discussion.,Talking-point  ,Topic for discussion.,3.1
Talking-shop  | Derog. Arena or opportunity for empty talk.,Talking-shop  ,Derog. Arena or opportunity for empty talk.,3.5
"Talking-to  | Colloq. Reproof, reprimand.",Talking-to  ,"Colloq. Reproof, reprimand.",3.2
Tall  | 1 of more than average height. 2 of a specified height . 3 higher than the surrounding objects . —adv. As if tall; proudly .  tallish adj. Tallness n. ,Tall  ,1 of more than average height. 2 of a specified height . 3 higher than the surrounding objects . —adv. As if tall; proudly .  tallish adj. Tallness n.,3.2
Tallboy  | Tall chest of drawers.,Tallboy  ,Tall chest of drawers.,3.1
Tall order  | Unreasonable demand.,Tall order  ,Unreasonable demand.,3.3
"Tallow  | Hard  fat melted down to make candles, soap, etc.  tallowy adj. ",Tallow  ,"Hard  fat melted down to make candles, soap, etc.  tallowy adj.",3.4
Tall ship  | Sailing-ship with a high mast.,Tall ship  ,Sailing-ship with a high mast.,2.8
Tall story  | Colloq. Extravagant story that is difficult to believe.,Tall story  ,Colloq. Extravagant story that is difficult to believe.,3.2
"Tally  —|  1 reckoning of a debt or score. 2 total score or amount. 3 mark registering the number of objects delivered or received. 4 hist. A piece of notched wood for keeping account. B account kept thus. 5 identification ticket or label. 6 corresponding thing, counterpart, or duplicate. —v.   agree or correspond. ",Tally  ,"1 reckoning of a debt or score. 2 total score or amount. 3 mark registering the number of objects delivered or received. 4 hist. A piece of notched wood for keeping account. B account kept thus. 5 identification ticket or label. 6 corresponding thing, counterpart, or duplicate. —v.   agree or correspond.",2.3
Tally-ho  | Huntsman's cry on sighting a fox. —n.  cry of this. —v.  1 utter a cry of ‘tally-ho’. 2 indicate  or urge  with this cry. ,Tally-ho  ,Huntsman's cry on sighting a fox. —n.  cry of this. —v.  1 utter a cry of ‘tally-ho’. 2 indicate  or urge  with this cry.,2.7
Talmud  | Body of jewish civil and ceremonial law and legend.  talmudic adj. Talmudist n. ,Talmud  ,Body of jewish civil and ceremonial law and legend.  talmudic adj. Talmudist n.,3.6
"Talon  | Claw, esp. Of a bird of prey. ",Talon  ,"Claw, esp. Of a bird of prey.",2.8
Talus  |  ankle-bone supporting the tibia. ,Talus  ,ankle-bone supporting the tibia.,2.5
Tamarind  | 1 tropical evergreen tree. 2 fruit pulp from this used as food and in drinks. ,Tamarind  ,1 tropical evergreen tree. 2 fruit pulp from this used as food and in drinks.,2.9
Tamarisk  | Seashore shrub usu. With small pink or white flowers. ,Tamarisk  ,Seashore shrub usu. With small pink or white flowers.,3.3
Tambour  | 1 drum. 2 circular frame holding fabric taut for embroidering. ,Tambour  ,1 drum. 2 circular frame holding fabric taut for embroidering.,2.8
"Tambourine  | Small shallow drum with jingling discs in its rim, shaken or banged as an accompaniment. ",Tambourine  ,"Small shallow drum with jingling discs in its rim, shaken or banged as an accompaniment.",2.8
"Tame  | 1  domesticated; not wild or shy. 2 insipid; dull . 3  amenable. —v.  1 make tame; domesticate. 2 subdue, curb.  tameable adj. Tamely adv. Tameness n. Tamer n. . ",Tame  ,"1  domesticated; not wild or shy. 2 insipid; dull . 3  amenable. —v.  1 make tame; domesticate. 2 subdue, curb.  tameable adj. Tamely adv. Tameness n. Tamer n. .",2.8
Tamil  —| 1 member of a people of south india and sri lanka. 2 language of this people. —adj. Of this people or language. ,Tamil  ,1 member of a people of south india and sri lanka. 2 language of this people. —adj. Of this people or language.,3.3
"Tam-o'-shanter  | Floppy round esp. Woollen beret, of scottish origin. ",Tam-o,"Floppy round esp. Woollen beret, of scottish origin.",2.9
Tamp  | Ram down hard or tightly. ,Tamp  ,Ram down hard or tightly.,2.9
Tamper  |  1 meddle with or change illicitly. 2 exert a secret or corrupt influence upon; bribe. ,Tamper  ,1 meddle with or change illicitly. 2 exert a secret or corrupt influence upon; bribe.,2.7
Tampon  | Plug of soft material used esp. To absorb menstrual blood. ,Tampon  ,Plug of soft material used esp. To absorb menstrual blood.,3.5
Tam-tam  | Large metal gong. ,Tam-tam  ,Large metal gong.,3.0
"Tan1  —| 1 = ~suntan. 2 yellowish-brown colour. 3 bark, esp. Of oak, used to tan hides. —adj. Yellowish-brown. —v.  1 make or become brown by exposure to sunlight. 2 convert  into leather. 3 slang beat, thrash. ",Tan1  ,"1 = ~suntan. 2 yellowish-brown colour. 3 bark, esp. Of oak, used to tan hides. —adj. Yellowish-brown. —v.  1 make or become brown by exposure to sunlight. 2 convert  into leather. 3 slang beat, thrash.",3.0
Tandem  —| 1 bicycle with two or more seats one behind another. 2 group of two people etc. With one behind or following the other. 3 carriage driven tandem. —adv. With two or more horses harnessed one behind another .  in tandem 1 one behind another. 2 alongside each other; together. ,Tandem  ,1 bicycle with two or more seats one behind another. 2 group of two people etc. With one behind or following the other. 3 carriage driven tandem. —adv. With two or more horses harnessed one behind another .  in tandem 1 one behind another. 2 alongside each other; together.,3.2
Tandoor  | Clay oven. ,Tandoor  ,Clay oven.,2.7
Tandoori  | Food spiced and cooked over charcoal in a tandoor . ,Tandoori  ,Food spiced and cooked over charcoal in a tandoor .,2.7
"Tang  | 1 strong taste or smell. 2 characteristic quality. 3 projection on the blade of esp. A knife, by which it is held firm in the handle. ",Tang  ,"1 strong taste or smell. 2 characteristic quality. 3 projection on the blade of esp. A knife, by which it is held firm in the handle.",3.1
"Tangent  | 1  Straight line, curve, or surface that meets a curve at a point, but does not intersect it. 2 ratio of two sides  opposite and adjacent to an acute angle in a right-angled triangle.  at a tangent diverging from a previous course or from what is relevant or central . ",Tangent  ,"1  Straight line, curve, or surface that meets a curve at a point, but does not intersect it. 2 ratio of two sides  opposite and adjacent to an acute angle in a right-angled triangle.  at a tangent diverging from a previous course or from what is relevant or central .",2.8
Tangential  | 1 of or along a tangent. 2 divergent. 3 peripheral.  tangentially adv.,Tangential  ,1 of or along a tangent. 2 divergent. 3 peripheral.  tangentially adv.,3.1
Tangerine  | 1 small sweet thin-skinned citrus fruit like an orange; mandarin. 2 deep orange-yellow colour. ,Tangerine  ,1 small sweet thin-skinned citrus fruit like an orange; mandarin. 2 deep orange-yellow colour.,2.6
Tangible  | 1 perceptible by touch. 2 definite; clearly intelligible; not elusive .  tangibility n. Tangibleness n. Tangibly adv. ,Tangible  ,1 perceptible by touch. 2 definite; clearly intelligible; not elusive .  tangibility n. Tangibleness n. Tangibly adv.,3.3
Tangle  |  1 intertwine  Or become entwined in a confused mass; entangle. 2  colloq. Become involved  with . 3 complicate . —n. 1 confused mass of intertwined threads etc. 2 confused state. ,Tangle  ,1 intertwine  Or become entwined in a confused mass; entangle. 2  colloq. Become involved  with . 3 complicate . —n. 1 confused mass of intertwined threads etc. 2 confused state.,3.1
Tangly  |  tangled.,Tangly  ,tangled.,3.0
Tango  —|  1 slow s. American ballroom dance. 2 music for this. —v.  dance the tango. ,Tango  ,1 slow s. American ballroom dance. 2 music for this. —v.  dance the tango.,3.5
Tangy  |  having a strong usu. Acid tang.,Tangy  ,having a strong usu. Acid tang.,2.8
"Tank  —| 1 large container, usu. For liquid or gas. 2 heavy armoured fighting vehicle moving on continuous tracks. —v.  fill the tank of  With fuel.  tankful n. . ",Tank  ,"1 large container, usu. For liquid or gas. 2 heavy armoured fighting vehicle moving on continuous tracks. —v.  fill the tank of  With fuel.  tankful n. .",2.8
Tankard  | 1 tall beer mug with a handle. 2 contents of or amount held by this . ,Tankard  ,1 tall beer mug with a handle. 2 contents of or amount held by this .,2.8
Tanked up  | Adj. Colloq. Drunk.,Tanked up  ,Adj. Colloq. Drunk.,2.6
Tank engine  | Steam engine with integral fuel and water containers.,Tank engine  ,Steam engine with integral fuel and water containers.,3.6
"Tanker  | Ship, aircraft, or road vehicle for carrying liquids, esp. Oil, in bulk.",Tanker  ,"Ship, aircraft, or road vehicle for carrying liquids, esp. Oil, in bulk.",2.7
Tanner  | Person who tans hides.,Tanner  ,Person who tans hides.,3.3
Tannery  |  place where hides are tanned.,Tannery  ,place where hides are tanned.,2.6
Tannic  | Of tan . ,Tannic  ,Of tan .,3.1
Tannic acid  | Natural yellowish organic compound used as a mordant and astringent.,Tannic acid  ,Natural yellowish organic compound used as a mordant and astringent.,2.4
"Tannin  | Any of various organic compounds found in tree-barks and oak-galls, used in leather production. ",Tannin  ,"Any of various organic compounds found in tree-barks and oak-galls, used in leather production.",3.2
Tannoy  | Propr. Type of public-address system. ,Tannoy  ,Propr. Type of public-address system.,3.0
Tansy  |  plant with yellow flowers and aromatic leaves. ,Tansy  ,plant with yellow flowers and aromatic leaves.,3.0
Tantalize  |   1 torment or tease by the sight or promise of the unobtainable. 2 raise and then dash the hopes of.  tantalization n. ,Tantalize  ,1 torment or tease by the sight or promise of the unobtainable. 2 raise and then dash the hopes of.  tantalization n.,3.1
Tantalum  | Rare hard white metallic element.  tantalic adj. ,Tantalum  ,Rare hard white metallic element.  tantalic adj.,3.3
Tantalus  | Stand in which spirit-decanters may be locked up but visible. ,Tantalus  ,Stand in which spirit-decanters may be locked up but visible.,3.2
Tantamount  | Adj.  equivalent to. ,Tantamount  ,Adj.  equivalent to.,3.2
Tantra  | Any of a class of hindu or buddhist mystical or magical writings. ,Tantra  ,Any of a class of hindu or buddhist mystical or magical writings.,2.9
Tantrum  |  outburst of bad temper or petulance. ,Tantrum  ,outburst of bad temper or petulance.,3.0
Taoiseach  | Prime minister of the irish republic. ,Taoiseach  ,Prime minister of the irish republic.,2.7
Taoism  | Chinese philosophy advocating humility and religious piety.  taoist n. ,Taoism  ,Chinese philosophy advocating humility and religious piety.  taoist n.,3.0
Tap1  —| 1 device by which a flow of liquid or gas from a pipe or vessel can be controlled. 2 tapping of a telephone etc. 3 taproom. —v.  1 provide  or let out  with a tap. 2 draw sap from  by cutting into it. 3 obtain information or supplies from. 4 extract or obtain; discover and exploit . 5 connect a listening device to .  on tap 1 ready to be drawn off by tap. 2 colloq. Freely available. ,Tap1  ,1 device by which a flow of liquid or gas from a pipe or vessel can be controlled. 2 tapping of a telephone etc. 3 taproom. —v.  1 provide  or let out  with a tap. 2 draw sap from  by cutting into it. 3 obtain information or supplies from. 4 extract or obtain; discover and exploit . 5 connect a listening device to .  on tap 1 ready to be drawn off by tap. 2 colloq. Freely available.,2.7
Tap2  |  1  strike a gentle but audible blow. 2  Strike or cause  to strike lightly . 3  make by a tap or taps . 4 tap-dance. —n. 1 a light blow; rap. B sound of this. 2 a tap-dancing. B metal attachment on a tap-dancer's shoe. ,Tap2  ,1  strike a gentle but audible blow. 2  Strike or cause  to strike lightly . 3  make by a tap or taps . 4 tap-dance. —n. 1 a light blow; rap. B sound of this. 2 a tap-dancing. B metal attachment on a tap-dancer's shoe.,2.7
Tapas  |pl.  Small savoury esp. Spanish dishes. ,Tapas  ,pl.  Small savoury esp. Spanish dishes.,2.8
Tap-dance  —| Rhythmic dance performed with shoes with metal taps. —v. Perform a tap-dance.  tap-dancer n. Tap-dancing n.,Tap-dance  ,Rhythmic dance performed with shoes with metal taps. —v. Perform a tap-dance.  tap-dancer n. Tap-dancing n.,3.3
"Tape  —| 1 narrow strip of woven material for tying up, fastening, etc. 2 this across the finishing line of a race. 3  strip of adhesive plastic etc. For fastening, masking, insulating, etc. 4 a = ~magnetic tape. B reel or cassette containing this. C tape recording. 5 = ~tape-measure. —v.  1 a fasten or join etc. With tape. B apply tape to. 2  seal or mark off with tape. 3 record on magnetic tape. 4 measure with tape.  have  a person or thing taped colloq. Understand  Fully. ",Tape  ,"1 narrow strip of woven material for tying up, fastening, etc. 2 this across the finishing line of a race. 3  strip of adhesive plastic etc. For fastening, masking, insulating, etc. 4 a = ~magnetic tape. B reel or cassette containing this. C tape recording. 5 = ~tape-measure. —v.  1 a fasten or join etc. With tape. B apply tape to. 2  seal or mark off with tape. 3 record on magnetic tape. 4 measure with tape.  have  a person or thing taped colloq. Understand  Fully.",2.8
Tape deck  | Machine for using audiotape .,Tape deck  ,Machine for using audiotape .,2.7
Tape machine  | 1 machine for recording telegraph messages. 2 = ~tape recorder.,Tape machine  ,1 machine for recording telegraph messages. 2 = ~tape recorder.,2.9
Tape-measure  | Strip of marked tape or flexible metal for measuring.,Tape-measure  ,Strip of marked tape or flexible metal for measuring.,2.9
Taper  —| 1 wick coated with wax etc. For conveying a flame. 2 slender candle. —v.  1 diminish or reduce in thickness towards one end. 2 make or become gradually less. ,Taper  ,1 wick coated with wax etc. For conveying a flame. 2 slender candle. —v.  1 diminish or reduce in thickness towards one end. 2 make or become gradually less.,3.5
Tape recorder  | Apparatus for recording and replaying sounds on magnetic tape.  tape-record v. Tape recording n.,Tape recorder  ,Apparatus for recording and replaying sounds on magnetic tape.  tape-record v. Tape recording n.,3.4
Tapestry  |  1 a thick fabric in which coloured weft threads are woven to form pictures or designs. B  embroidery imitating this. C piece of this. 2 events or circumstances etc. Seen as interwoven etc. .  tapestried adj. ,Tapestry  ,1 a thick fabric in which coloured weft threads are woven to form pictures or designs. B  embroidery imitating this. C piece of this. 2 events or circumstances etc. Seen as interwoven etc. .  tapestried adj.,2.5
Tapeworm  | Parasitic intestinal flatworm with a segmented body.,Tapeworm  ,Parasitic intestinal flatworm with a segmented body.,2.5
"Tapioca  | Starchy substance in hard white grains, obtained from cassava and used for puddings etc. ",Tapioca  ,"Starchy substance in hard white grains, obtained from cassava and used for puddings etc.",2.9
Tapir  | Nocturnal central and s. American or malaysian hoofed mammal with a short flexible snout. ,Tapir  ,Nocturnal central and s. American or malaysian hoofed mammal with a short flexible snout.,2.8
Tappet  | Lever or projecting part in machinery giving intermittent motion. ,Tappet  ,Lever or projecting part in machinery giving intermittent motion.,2.9
Taproom  | Room in a pub serving drinks on tap.,Taproom  ,Room in a pub serving drinks on tap.,2.8
Tap root  | Tapering root growing vertically downwards.,Tap root  ,Tapering root growing vertically downwards.,2.5
"Tar1  —| 1 dark thick inflammable liquid distilled from wood or coal etc., used as a preservative of wood and iron, in making roads, as an antiseptic, etc. 2 similar substance formed in the combustion of tobacco etc. —v.  cover with tar.  tar and feather smear with tar and then cover with feathers as a punishment. Tarred with the same brush having the same faults. ",Tar1  ,"1 dark thick inflammable liquid distilled from wood or coal etc., used as a preservative of wood and iron, in making roads, as an antiseptic, etc. 2 similar substance formed in the combustion of tobacco etc. —v.  cover with tar.  tar and feather smear with tar and then cover with feathers as a punishment. Tarred with the same brush having the same faults.",3.4
Tar2  | Colloq. Sailor. ,Tar2  ,Colloq. Sailor.,2.8
"Taramasalata  |  pâté made from roe with olive oil, seasoning, etc. ",Taramasalata  ,"pâté made from roe with olive oil, seasoning, etc.",3.0
Tarantella  | 1 whirling s. Italian dance. 2 music for this. ,Tarantella  ,1 whirling s. Italian dance. 2 music for this.,2.8
Tarantula  | 1 large hairy tropical spider. 2 large black s. European spider. ,Tarantula  ,1 large hairy tropical spider. 2 large black s. European spider.,2.9
Tarboosh  | Cap like a fez. ,Tarboosh  ,Cap like a fez.,2.7
"Tardy  |  1 slow to act, come, or happen. 2 delaying or delayed.  tardily adv. Tardiness n. ",Tardy  ,"1 slow to act, come, or happen. 2 delaying or delayed.  tardily adv. Tardiness n.",2.9
"Tare1  | 1 vetch, esp. As a cornfield weed or fodder. 2  Bibl. An injurious cornfield weed . ",Tare1  ,"1 vetch, esp. As a cornfield weed or fodder. 2  Bibl. An injurious cornfield weed .",3.1
Tare2  | 1 allowance made for the weight of packing or wrapping around goods. 2 weight of a vehicle without fuel or load. ,Tare2  ,1 allowance made for the weight of packing or wrapping around goods. 2 weight of a vehicle without fuel or load.,2.9
"Target  —| 1 mark fired or aimed at, esp. A round object marked with concentric circles. 2 person or thing aimed or fired at etc. . 3 objective or result aimed at. 4 butt for criticism, abuse, etc. —v.  1 identify or single out as a target. 2 aim or direct . ",Target  ,"1 mark fired or aimed at, esp. A round object marked with concentric circles. 2 person or thing aimed or fired at etc. . 3 objective or result aimed at. 4 butt for criticism, abuse, etc. —v.  1 identify or single out as a target. 2 aim or direct .",3.0
Tariff  | 1 table of fixed charges . 2 a duty on a particular class of goods. B list of duties or customs due. ,Tariff  ,1 table of fixed charges . 2 a duty on a particular class of goods. B list of duties or customs due.,2.9
Tarlatan  | Thin stiff open-weave muslin. ,Tarlatan  ,Thin stiff open-weave muslin.,3.0
Tarmac  —| Propr. 1 = ~tarmacadam. 2 runway etc. Made of this. —v.   apply tarmacadam to. ,Tarmac  ,Propr. 1 = ~tarmacadam. 2 runway etc. Made of this. —v.   apply tarmacadam to.,3.0
"Tarmacadam  | Stone or slag bound with bitumen, used in paving roads etc. ",Tarmacadam  ,"Stone or slag bound with bitumen, used in paving roads etc.",2.7
Tarn  | Small mountain lake. ,Tarn  ,Small mountain lake.,2.8
"Tarnish  | 1  lose lustre. 2 impair . —n. 1 loss of lustre, esp. As a film on a metal's surface. 2 blemish, stain. ",Tarnish  ,"1  lose lustre. 2 impair . —n. 1 loss of lustre, esp. As a film on a metal's surface. 2 blemish, stain.",2.6
Taro  |  tropical plant with tuberous roots used as food. ,Taro  ,tropical plant with tuberous roots used as food.,2.8
Tarot  |  1  A pack of mainly picture cards used in fortune-telling. B any game played with a similar pack of 78 cards. 2 any card from a tarot pack. ,Tarot  ,1  A pack of mainly picture cards used in fortune-telling. B any game played with a similar pack of 78 cards. 2 any card from a tarot pack.,2.7
Tarpaulin  | 1 heavy-duty cloth waterproofed esp. With tar. 2 sheet or covering of this. ,Tarpaulin  ,1 heavy-duty cloth waterproofed esp. With tar. 2 sheet or covering of this.,3.1
"Tarragon  | Bushy herb used in salads, stuffings, vinegar, etc. ",Tarragon  ,"Bushy herb used in salads, stuffings, vinegar, etc.",2.5
"Tarry1  |  of, like, or smeared with tar.",Tarry1  ,"of, like, or smeared with tar.",3.0
"Tarry2  |  archaic linger, stay, wait. ",Tarry2  ,"archaic linger, stay, wait.",3.0
Tarsal  | Of the ankle-bones. —n. Tarsal bone. ,Tarsal  ,Of the ankle-bones. —n. Tarsal bone.,3.0
Tarsus  |  1 bones of the ankle and upper foot. 2 shank of a bird's leg.  ,Tarsus  ,1 bones of the ankle and upper foot. 2 shank of a bird's leg.,3.2
Tart1  | 1 open pastry case containing jam etc. 2 pie with a fruit or other sweet filling.  tartlet n. ,Tart1  ,1 open pastry case containing jam etc. 2 pie with a fruit or other sweet filling.  tartlet n.,2.7
"Tart2  —| Slang 1 prostitute; promiscuous woman. 2 slang offens. Girl or woman. —v.  colloq.  Smarten or dress up, esp. Gaudily. ",Tart2  ,"Slang 1 prostitute; promiscuous woman. 2 slang offens. Girl or woman. —v.  colloq.  Smarten or dress up, esp. Gaudily.",2.6
"Tart3  | 1 sharp or acid in taste. 2  Cutting, bitter.  tartly adv. Tartness n. ",Tart3  ,"1 sharp or acid in taste. 2  Cutting, bitter.  tartly adv. Tartness n.",2.8
"Tartan  | 1 pattern of coloured stripes crossing at right angles, esp. Denoting a scottish highland clan. 2 woollen cloth woven in this pattern . ",Tartan  ,"1 pattern of coloured stripes crossing at right angles, esp. Denoting a scottish highland clan. 2 woollen cloth woven in this pattern .",3.0
Tartar  —| 1 a member of a group of central asian peoples including mongols and turks. B turkic language of these peoples. 2  harsh or formidable person. —adj. 1 of tartars. 2 of central asia east of the caspian sea. ,Tartar  ,1 a member of a group of central asian peoples including mongols and turks. B turkic language of these peoples. 2  harsh or formidable person. —adj. 1 of tartars. 2 of central asia east of the caspian sea.,2.7
Tartar  | 1 hard deposit that forms on the teeth. 2 deposit that forms a hard crust in wine. ,Tartar  ,1 hard deposit that forms on the teeth. 2 deposit that forms a hard crust in wine.,2.7
Tartare  |  = ~tartar sauce. ,Tartare  ,= ~tartar sauce.,2.8
Tartaric  | Of or from tartar.,Tartaric  ,Of or from tartar.,2.6
"Tartaric acid  | Natural acid found esp. In unripe grapes, used in baking powders etc.",Tartaric acid  ,"Natural acid found esp. In unripe grapes, used in baking powders etc.",2.1
"Tartar sauce  | Sauce of mayonnaise and chopped gherkins, capers, etc. ",Tartar sauce  ,"Sauce of mayonnaise and chopped gherkins, capers, etc.",3.3
"Tartrazine  | Brilliant yellow dye from tartaric acid, used to colour food etc.",Tartrazine  ,"Brilliant yellow dye from tartaric acid, used to colour food etc.",2.6
"Tarty  | Colloq.   vulgar, gaudy; promiscuous. ",Tarty  ,"Colloq.   vulgar, gaudy; promiscuous.",2.8
Tarzan  | Colloq. Agile muscular man. ,Tarzan  ,Colloq. Agile muscular man.,2.8
"Task  —| Piece of work to be done. —v. Make great demands on .  take to task rebuke, scold. ",Task  ,"Piece of work to be done. —v. Make great demands on .  take to task rebuke, scold.",2.8
Task force  |  armed force or other group organized for a specific operation or task.,Task force  ,armed force or other group organized for a specific operation or task.,3.2
Taskmaster  |  person who makes others work hard.,Taskmaster  ,person who makes others work hard.,3.3
Tass  | Official russian news agency. ,Tass  ,Official russian news agency.,3.1
"Tassel  | 1 tuft of loosely hanging threads or cords etc. As decoration. 2 tassel-like flower-head of some plants, esp. Maize.  tasselled adj. . ",Tassel  ,"1 tuft of loosely hanging threads or cords etc. As decoration. 2 tassel-like flower-head of some plants, esp. Maize.  tasselled adj. .",3.2
"Taste  —| 1 a sensation caused in the mouth by contact with a soluble substance. B faculty of perceiving this . 2 small sample of food or drink. 3 slight experience . 4  liking or predilection . 5 aesthetic discernment in art, clothes, conduct, etc. . —v.  1 sample the flavour of  By taking it into the mouth. 2  Perceive the flavour of . 3 (esp.",Taste  ,"1 a sensation caused in the mouth by contact with a soluble substance. B faculty of perceiving this . 2 small sample of food or drink. 3 slight experience . 4  liking or predilection . 5 aesthetic discernment in art, clothes, conduct, etc. . —v.  1 sample the flavour of  By taking it into the mouth. 2  Perceive the flavour of . 3 (esp.",3.4
Taste bud  | Cell or nerve-ending on the surface of the tongue by which things are tasted.,Taste bud  ,Cell or nerve-ending on the surface of the tongue by which things are tasted.,3.6
"Tasteful  | Having, or done in, good taste.  tastefully adv. Tastefulness n.",Tasteful  ,"Having, or done in, good taste.  tastefully adv. Tastefulness n.",3.0
"Tasteless  | 1 lacking flavour. 2 having, or done in, bad taste.  tastelessly adv. Tastelessness n.",Tasteless  ,"1 lacking flavour. 2 having, or done in, bad taste.  tastelessly adv. Tastelessness n.",2.1
Taster  | 1 person employed to test food or drink by tasting. 2 small sample.,Taster  ,1 person employed to test food or drink by tasting. 2 small sample.,3.2
Tasting  | Gathering at which food or drink is tasted and evaluated.,Tasting  ,Gathering at which food or drink is tasted and evaluated.,2.5
Tasty  |  1 pleasing in flavour; appetizing. 2 colloq. Attractive.  tastily adv. Tastiness n.,Tasty  ,1 pleasing in flavour; appetizing. 2 colloq. Attractive.  tastily adv. Tastiness n.,3.0
"Tat1  | Colloq. Tatty things; rubbish, junk. ",Tat1  ,"Colloq. Tatty things; rubbish, junk.",3.0
"Tat2  |  do, or make by, tatting. ",Tat2  ,"do, or make by, tatting.",2.7
Tat3  see ~tit2.,Tat3  see ,Tat3  see ~tit2.,2.7
Ta-ta  | Colloq. Goodbye. ,Ta-ta  ,Colloq. Goodbye.,3.2
"Tatter  |  Rag; irregularly torn cloth or paper etc.  in tatters colloq. 1 torn in many places. 2 destroyed, ruined. ",Tatter  ,"Rag; irregularly torn cloth or paper etc.  in tatters colloq. 1 torn in many places. 2 destroyed, ruined.",2.9
Tattered  | In tatters.,Tattered  ,In tatters.,2.7
Tatting  | 1 a kind of handmade knotted lace used for trimming etc. 2 process of making this. ,Tatting  ,1 a kind of handmade knotted lace used for trimming etc. 2 process of making this.,2.6
"Tattle  |  prattle, chatter, gossip. —n. Gossip; idle talk. ",Tattle  ,"prattle, chatter, gossip. —n. Gossip; idle talk.",2.8
Tattoo1  | 1 evening drum or bugle signal recalling soldiers to quarters. 2 elaboration of this with music and marching as an entertainment. 3 rhythmic tapping or drumming. ,Tattoo1  ,1 evening drum or bugle signal recalling soldiers to quarters. 2 elaboration of this with music and marching as an entertainment. 3 rhythmic tapping or drumming.,3.1
Tattoo2  |  1 mark  indelibly by puncturing it and inserting pigment. 2 make  in this way. —n. Such a design.  tattooer n. Tattooist n. ,Tattoo2  ,1 mark  indelibly by puncturing it and inserting pigment. 2 make  in this way. —n. Such a design.  tattooer n. Tattooist n.,3.2
Tatty  |  colloq. 1 tattered; shabby. 2 inferior. 3 tawdry.  tattily adv. Tattiness n. ,Tatty  ,colloq. 1 tattered; shabby. 2 inferior. 3 tawdry.  tattily adv. Tattiness n.,2.7
Tau  | Nineteenth letter of the greek alphabet . ,Tau  ,Nineteenth letter of the greek alphabet .,2.7
Taught  | Of ~teach.,Taught  ,Of ~teach.,2.9
Taunt  —| Insult; provocation. —v. Insult; provoke contemptuously. ,Taunt  ,Insult; provocation. —v. Insult; provoke contemptuously.,2.7
Taupe  | & n. Grey tinged with esp. Brown. ,Taupe  ,& n. Grey tinged with esp. Brown.,2.8
Taurus  |  1 constellation and second sign of the zodiac . 2 person born when the sun is in this sign.  taurean adj. & n. ,Taurus  ,1 constellation and second sign of the zodiac . 2 person born when the sun is in this sign.  taurean adj. & n.,3.0
Taut  | 1  Tight; not slack. 2  Tense. 3  In good condition.  tauten v. Tautly adv. Tautness n. ,Taut  ,1  Tight; not slack. 2  Tense. 3  In good condition.  tauten v. Tautly adv. Tautness n.,2.9
"Tautology  |  repetition using different words, esp. As a fault of style .  tautological adj. Tautologous adj. ",Tautology  ,"repetition using different words, esp. As a fault of style .  tautological adj. Tautologous adj.",2.6
"Tavern  | Archaic or literary inn, pub. ",Tavern  ,"Archaic or literary inn, pub.",3.0
Taverna  | Greek restaurant. ,Taverna  ,Greek restaurant.,3.1
Tawdry  |  showy but worthless; gaudy.  tawdrily adv. Tawdriness n. ,Tawdry  ,showy but worthless; gaudy.  tawdrily adv. Tawdriness n.,2.7
Tawny  |  orange-brown or yellow-brown. ,Tawny  ,orange-brown or yellow-brown.,2.9
Tawny owl  | Reddish-brown european owl.,Tawny owl  ,Reddish-brown european owl.,3.0
"Tax  —| 1 money compulsorily levied by the state or local authorities on individuals, property, or businesses. 2  strain, heavy demand, or burdensome obligation. —v. 1 impose a tax on. 2 deduct tax from .",Tax  ,"1 money compulsorily levied by the state or local authorities on individuals, property, or businesses. 2  strain, heavy demand, or burdensome obligation. —v. 1 impose a tax on. 2 deduct tax from .",3.2
Taxa  pl. Of ~taxo,Taxa  pl,Taxa  pl. Of ~taxo,3.2
Taxation  | Imposition or payment of tax. ,Taxation  ,Imposition or payment of tax.,2.5
Tax avoidance  | Minimizing payment of tax by financial manoeuvring.,Tax avoidance  ,Minimizing payment of tax by financial manoeuvring.,1.9
Tax-deductible  |  legally deductible from income before tax assessment.,Tax-deductible  ,legally deductible from income before tax assessment.,2.1
Tax disc  | Road tax receipt displayed on the windscreen of a vehicle.,Tax disc  ,Road tax receipt displayed on the windscreen of a vehicle.,2.9
Tax evasion  | Illegal non-payment or underpayment of tax.,Tax evasion  ,Illegal non-payment or underpayment of tax.,2.3
Tax-free  | Exempt from tax.,Tax-free  ,Exempt from tax.,3.0
Tax haven  | Country etc. Where taxes are low.,Tax haven  ,Country etc. Where taxes are low.,2.9
Taxi  —|   car licensed to ply for hire and usu. Fitted with a taximeter. —v.  1  drive on the ground before take-off or after landing. 2 go or convey in a taxi. ,Taxi  ,car licensed to ply for hire and usu. Fitted with a taximeter. —v.  1  drive on the ground before take-off or after landing. 2 go or convey in a taxi.,2.8
"Taxidermy  | Art of preparing, stuffing, and mounting the skins of animals.  taxidermist n. ",Taxidermy  ,"Art of preparing, stuffing, and mounting the skins of animals.  taxidermist n.",2.7
Taximeter  | Automatic fare-indicator fitted to a taxi. ,Taximeter  ,Automatic fare-indicator fitted to a taxi.,2.9
Taxi rank  |  place where taxis wait to be hired.,Taxi rank  ,place where taxis wait to be hired.,2.7
Taxman  | Colloq. Inspector or collector of taxes.,Taxman  ,Colloq. Inspector or collector of taxes.,2.7
Taxon  |  any taxonomic group. ,Taxon  ,any taxonomic group.,2.9
Taxonomy  | Classification of living and extinct organisms.  taxonomic adj. Taxonomical adj. Taxonomically adv. Taxonomist n. ,Taxonomy  ,Classification of living and extinct organisms.  taxonomic adj. Taxonomical adj. Taxonomically adv. Taxonomist n.,3.3
Taxpayer  | Person who pays taxes.,Taxpayer  ,Person who pays taxes.,2.7
Tax return  | Declaration of income for taxation purposes.,Tax return  ,Declaration of income for taxation purposes.,1.3
Tayberry  |  hybrid fruit between the blackberry and raspberry. ,Tayberry  ,hybrid fruit between the blackberry and raspberry.,3.6
