Em  | Printing unit of measurement equal to the width of an m. ,Em  ,Printing unit of measurement equal to the width of an m.,2.9
"Em-1 ,2 see ~en-1,2.",Em-1 ,"Em-1 ,2 see ~en-1,2.",2.8
Emaciate  |   Make abnormally thin or feeble.  emaciation n. ,Emaciate  ,Make abnormally thin or feeble.  emaciation n.,2.8
Email  |  = ~electronic mail.,Email  ,= ~electronic mail.,3.1
Emanate  |   issue or originate .  emanation n. ,Emanate  ,issue or originate .  emanation n.,2.9
Emancipate  |  1 free from social or political restraint. 2  Free from the inhibitions of moral or social conventions. 3 free from slavery.  emancipation n. Emancipatory adj. ,Emancipate  ,1 free from social or political restraint. 2  Free from the inhibitions of moral or social conventions. 3 free from slavery.  emancipation n. Emancipatory adj.,3.2
Emasculate  |  1 deprive of force or vigour. 2 castrate. —adj. 1 deprived of force. 2 castrated. 3 effeminate.  emasculation n. ,Emasculate  ,1 deprive of force or vigour. 2 castrate. —adj. 1 deprived of force. 2 castrated. 3 effeminate.  emasculation n.,3.2
Embalm  | 1 preserve  from decay. 2 preserve from oblivion. 3 make fragrant.  embalmment n. ,Embalm  ,1 preserve  from decay. 2 preserve from oblivion. 3 make fragrant.  embalmment n.,3.0
"Embankment  | Bank constructed to keep back water or carry a road, railway, etc.",Embankment  ,"Bank constructed to keep back water or carry a road, railway, etc.",3.0
"Embargo  —|  1 order forbidding foreign ships to enter, or any ships to leave, a country's ports. 2 official suspension of an activity. —v.  place under embargo. ",Embargo  ,"1 order forbidding foreign ships to enter, or any ships to leave, a country's ports. 2 official suspension of an activity. —v.  place under embargo.",2.7
Embark  | 1  put or go on board a ship or aircraft . 2  begin an enterprise.  embarkation n. . ,Embark  ,1  put or go on board a ship or aircraft . 2  begin an enterprise.  embarkation n. .,2.5
Embarrass  | 1 make  feel awkward or ashamed. 2  Encumbered with debts. 3 encumber.  embarrassment n. ,Embarrass  ,1 make  feel awkward or ashamed. 2  Encumbered with debts. 3 encumber.  embarrassment n.,3.2
Embassy  |  1 a residence or offices of an ambassador. B ambassador and staff. 2 deputation to a foreign government. ,Embassy  ,1 a residence or offices of an ambassador. B ambassador and staff. 2 deputation to a foreign government.,2.8
Embattled  | 1 prepared or arrayed for battle. 2 fortified with battlements. 3 under heavy attack or in trying circumstances.,Embattled  ,1 prepared or arrayed for battle. 2 fortified with battlements. 3 under heavy attack or in trying circumstances.,3.4
Embed  |    Fix firmly in a surrounding mass.,Embed  ,Fix firmly in a surrounding mass.,3.4
"Embellish  | 1 beautify, adorn. 2 enhance with fictitious additions.  embellishment n. ",Embellish  ,"1 beautify, adorn. 2 enhance with fictitious additions.  embellishment n.",3.0
Ember  |  Small piece of glowing coal etc. In a dying fire. ,Ember  ,Small piece of glowing coal etc. In a dying fire.,3.1
"Ember days  |pl. Days of fasting and prayer in the christian church, associated with ordinations. ",Ember days  ,"pl. Days of fasting and prayer in the christian church, associated with ordinations.",3.0
Embezzle  |  divert  Fraudulently to one's own use.  embezzlement n. Embezzler n. ,Embezzle  ,divert  Fraudulently to one's own use.  embezzlement n. Embezzler n.,2.2
Embitter  | Arouse bitter feelings in.  embitterment n.,Embitter  ,Arouse bitter feelings in.  embitterment n.,2.9
Emblazon  | 1 portray or adorn conspicuously. 2 adorn .  emblazonment n.,Emblazon  ,1 portray or adorn conspicuously. 2 adorn .  emblazonment n.,3.3
"Emblem  | 1 symbol. 2  type, embodiment . 3 heraldic or representative device.  emblematic adj. ",Emblem  ,"1 symbol. 2  type, embodiment . 3 heraldic or representative device.  emblematic adj.",2.7
"Embody  |  1 make  Actual or discernible. 2  be a tangible expression of. 3 include, comprise.  embodiment n.",Embody  ,"1 make  Actual or discernible. 2  be a tangible expression of. 3 include, comprise.  embodiment n.",2.7
Embolden  | Make bold; encourage.,Embolden  ,Make bold; encourage.,3.8
"Embolism  | Obstruction of an artery by a clot, air-bubble, etc. ",Embolism  ,"Obstruction of an artery by a clot, air-bubble, etc.",3.1
Embolus  |  object causing an embolism.,Embolus  ,object causing an embolism.,2.7
Emboss  | Carve or decorate with a design in relief.  embossment n. ,Emboss  ,Carve or decorate with a design in relief.  embossment n.,2.8
Embouchure  | Way of applying the mouth to the mouthpiece of a musical instrument. ,Embouchure  ,Way of applying the mouth to the mouthpiece of a musical instrument.,3.2
"Embrace  |  1 a hold closely in the arms. B  embrace each other. 2 clasp, enclose. 3 accept eagerly . 4 adopt . 5 include, comprise. 6 take in with the eye or mind. —n. Act of embracing, clasp.  embraceable adj. ",Embrace  ,"1 a hold closely in the arms. B  embrace each other. 2 clasp, enclose. 3 accept eagerly . 4 adopt . 5 include, comprise. 6 take in with the eye or mind. —n. Act of embracing, clasp.  embraceable adj.",3.1
Embrasure  | 1 bevelling of a wall at the sides of a window etc. 2 opening in a parapet for a gun etc.  embrasured adj. ,Embrasure  ,1 bevelling of a wall at the sides of a window etc. 2 opening in a parapet for a gun etc.  embrasured adj.,3.1
Embrocation  | Liquid for rubbing on the body to relieve muscular pain. ,Embrocation  ,Liquid for rubbing on the body to relieve muscular pain.,2.4
Embroider  | 1 decorate  With needlework. 2 embellish .  embroiderer n. ,Embroider  ,1 decorate  With needlework. 2 embellish .  embroiderer n.,2.9
Embroidery  |  1 art of embroidering. 2 embroidered work. 3 inessential ornament. 4 fictitious additions .,Embroidery  ,1 art of embroidering. 2 embroidered work. 3 inessential ornament. 4 fictitious additions .,3.0
Embroil  |  involve  In a conflict or difficulties.  embroilment n. ,Embroil  ,involve  In a conflict or difficulties.  embroilment n.,3.0
"Embryo  |  1 a unborn or unhatched offspring. B human offspring in the first eight weeks from conception. 2 rudimentary plant in a seed. 3 thing in a rudimentary stage. 4  Undeveloped, immature.  in embryo undeveloped.  embryonic adj. ",Embryo  ,"1 a unborn or unhatched offspring. B human offspring in the first eight weeks from conception. 2 rudimentary plant in a seed. 3 thing in a rudimentary stage. 4  Undeveloped, immature.  in embryo undeveloped.  embryonic adj.",2.6
Embryology  | The study of embryos.,Embryology  ,The study of embryos.,2.7
Emend  | Edit  To make corrections.  emendation n. ,Emend  ,Edit  To make corrections.  emendation n.,2.7
Emerald  —| 1 bright-green gem. 2 colour of this. —adj. Bright green. ,Emerald  ,1 bright-green gem. 2 colour of this. —adj. Bright green.,2.7
Emerald green  | & n.  bright green.,Emerald green  ,& n.  bright green.,2.6
Emerald isle  | Ireland.,Emerald isle  ,Ireland.,3.1
"Emerge  |  1 come up or out into view. 2  Become known, be revealed. 3 become recognized or prominent. 4  Become apparent.  emergence n. Emergent adj. ",Emerge  ,"1 come up or out into view. 2  Become known, be revealed. 3 become recognized or prominent. 4  Become apparent.  emergence n. Emergent adj.",3.1
"Emergency  |  1 sudden state of danger etc., requiring immediate action. 2 a condition requiring immediate treatment. B patient with this. 3  For use in an emergency. ",Emergency  ,"1 sudden state of danger etc., requiring immediate action. 2 a condition requiring immediate treatment. B patient with this. 3  For use in an emergency.",2.7
Emeritus  | Retired but retaining one's title as an honour . ,Emeritus  ,Retired but retaining one's title as an honour .,3.6
Emery  | Coarse corundum for polishing metal etc. ,Emery  ,Coarse corundum for polishing metal etc.,3.4
Emery-board  | Emery-coated nail-file.,Emery-board  ,Emery-coated nail-file.,3.3
Emetic  | That causes vomiting. —n. Emetic medicine. ,Emetic  ,That causes vomiting. —n. Emetic medicine.,2.9
Emigrant  —| Person who emigrates. —adj. Emigrating.,Emigrant  ,Person who emigrates. —adj. Emigrating.,2.7
Emigrate  |  leave one's own country to settle in another.  emigration n. ,Emigrate  ,leave one's own country to settle in another.  emigration n.,2.9
Eminence  | 1 distinction; recognized superiority. 2 piece of rising ground. 3 title used in addressing or referring to a cardinal . ,Eminence  ,1 distinction; recognized superiority. 2 piece of rising ground. 3 title used in addressing or referring to a cardinal .,2.8
"Eminent  | Distinguished, notable, outstanding. ",Eminent  ,"Distinguished, notable, outstanding.",3.1
Emir  |  title of various muslim rulers. ,Emir  ,title of various muslim rulers.,3.1
"Emirate  | Rank, domain, or reign of an emir.",Emirate  ,"Rank, domain, or reign of an emir.",2.7
Emissary  |  person sent on a diplomatic mission. ,Emissary  ,person sent on a diplomatic mission.,2.9
Emit  |  give or send out ; discharge.  emission n. ,Emit  ,give or send out ; discharge.  emission n.,3.0
"Emollient  | That softens or soothes the skin, feelings, etc. —n. Emollient substance. ",Emollient  ,"That softens or soothes the skin, feelings, etc. —n. Emollient substance.",2.8
"Emolument  | Fee from employment, salary. ",Emolument  ,"Fee from employment, salary.",2.9
Emote  |  show excessive emotion.,Emote  ,show excessive emotion.,3.3
Emotion  | 1 strong instinctive feeling such as love or fear. 2 emotional intensity or sensibility . ,Emotion  ,1 strong instinctive feeling such as love or fear. 2 emotional intensity or sensibility .,2.8
Emotional  | 1 of or expressing emotions. 2 especially liable to emotion. 3 arousing emotion.  emotionalism n. Emotionally adv.,Emotional  ,1 of or expressing emotions. 2 especially liable to emotion. 3 arousing emotion.  emotionalism n. Emotionally adv.,3.3
Emotive  | 1 arousing emotion. 2 of emotion. ,Emotive  ,1 arousing emotion. 2 of emotion.,3.2
Empanel  |   enter  on a panel.,Empanel  ,enter  on a panel.,3.4
Empathize  |    exercise empathy.,Empathize  ,exercise empathy.,2.1
Empathy  | Ability to identify with a person or object.  empathetic adj. ,Empathy  ,Ability to identify with a person or object.  empathetic adj.,3.0
Emperor  | Sovereign of an empire. ,Emperor  ,Sovereign of an empire.,2.7
Emperor penguin  | Largest known penguin.,Emperor penguin  ,Largest known penguin.,3.3
"Emphasis  |  1 importance or prominence attached to a thing . 2 stress laid on a word or syllable to make the meaning clear or show importance. 3 vigour or intensity of expression, feeling, etc. ",Emphasis  ,"1 importance or prominence attached to a thing . 2 stress laid on a word or syllable to make the meaning clear or show importance. 3 vigour or intensity of expression, feeling, etc.",2.8
"Emphasize  |   put emphasis on, stress.",Emphasize  ,"put emphasis on, stress.",3.0
Emphatic  | 1 forcibly expressive. 2 of words: a bearing the stress. B used to give emphasis.  emphatically adv.,Emphatic  ,1 forcibly expressive. 2 of words: a bearing the stress. B used to give emphasis.  emphatically adv.,2.6
Emphysema  | Disease of the lungs causing breathlessness. ,Emphysema  ,Disease of the lungs causing breathlessness.,2.4
Empire  | 1 large group of states or countries under a single authority. 2 supreme dominion. 3 large commercial organization etc. Owned or directed by one person. 4  hist. The british empire. ,Empire  ,1 large group of states or countries under a single authority. 2 supreme dominion. 3 large commercial organization etc. Owned or directed by one person. 4  hist. The british empire.,2.8
"Empire-building  | Purposeful accumulation of territory, authority, etc.",Empire-building  ,"Purposeful accumulation of territory, authority, etc.",3.2
"Empirical  |  based on observation, experience, or experiment, not on theory.  empirically adv. Empiricism n. Empiricist n. ",Empirical  ,"based on observation, experience, or experiment, not on theory.  empirically adv. Empiricism n. Empiricist n.",3.0
Emplacement  | 1 putting in position. 2 platform for guns. ,Emplacement  ,1 putting in position. 2 platform for guns.,3.2
Employ  | 1 use the services of  in return for payment. 2 use  To good effect. 3 keep  occupied. —n.  employed by.  employable adj. Employer n. ,Employ  ,1 use the services of  in return for payment. 2 use  To good effect. 3 keep  occupied. —n.  employed by.  employable adj. Employer n.,2.8
Employee  | Person employed for wages.,Employee  ,Person employed for wages.,2.8
Employment  | 1 employing or being employed. 2 person's trade or profession.,Employment  ,1 employing or being employed. 2 person's trade or profession.,3.3
Employment office  |  state-run employment agency.,Employment office  ,state-run employment agency.,3.5
"Emporium  |  1 large shop or store. 2 centre of commerce, market. ",Emporium  ,"1 large shop or store. 2 centre of commerce, market.",3.4
Empower  | Give authority to.,Empower  ,Give authority to.,3.8
Empress  | 1 wife or widow of an emperor. 2 woman emperor. ,Empress  ,1 wife or widow of an emperor. 2 woman emperor.,2.7
"Empty  |  1 containing nothing. 2  Unoccupied or unfurnished. 3  Without passengers etc. 4 a hollow, insincere . B without purpose . C vacuous . 5 colloq. Hungry. —v.  1 remove the contents of. 2  transfer . 3 become empty. 4  discharge itself. —n.  colloq. Empty bottle etc.  emptiness n. ",Empty  ,"1 containing nothing. 2  Unoccupied or unfurnished. 3  Without passengers etc. 4 a hollow, insincere . B without purpose . C vacuous . 5 colloq. Hungry. —v.  1 remove the contents of. 2  transfer . 3 become empty. 4  discharge itself. —n.  colloq. Empty bottle etc.  emptiness n.",2.8
Empty-handed  |  1 bringing or taking nothing. 2 having achieved nothing.,Empty-handed  ,1 bringing or taking nothing. 2 having achieved nothing.,2.9
Empty-headed  | Foolish; lacking sense.,Empty-headed  ,Foolish; lacking sense.,2.7
"Empyrean  —| The highest heaven, as the sphere of fire or abode of god. —adj. Of the empyrean.  empyreal adj. ",Empyrean  ,"The highest heaven, as the sphere of fire or abode of god. —adj. Of the empyrean.  empyreal adj.",3.2
Emu  |  large flightless australian bird. ,Emu  ,large flightless australian bird.,3.2
Emulate  |  1 try to equal or excel. 2 imitate.  emulation n. Emulative adj. Emulator n. ,Emulate  ,1 try to equal or excel. 2 imitate.  emulation n. Emulative adj. Emulator n.,3.4
Emulsify  |  convert into an emulsion.  emulsification n. Emulsifier n.,Emulsify  ,convert into an emulsion.  emulsification n. Emulsifier n.,2.7
"Emulsion  | 1 fine dispersion of one liquid in another, esp. As paint, medicine, etc. 2 mixture of a silver compound in gelatin etc. For coating photographic plate or film. 3 emulsion paint. ",Emulsion  ,"1 fine dispersion of one liquid in another, esp. As paint, medicine, etc. 2 mixture of a silver compound in gelatin etc. For coating photographic plate or film. 3 emulsion paint.",2.9
Emulsion paint  | Water-thinned paint.,Emulsion paint  ,Water-thinned paint.,2.8
