Kea  | New zealand parrot with brownish-green and red plumage. ,Kea  ,New zealand parrot with brownish-green and red plumage.,2.7
"Kebab  | Pieces of meat, vegetables, etc. Cooked on a skewer . ",Kebab  ,"Pieces of meat, vegetables, etc. Cooked on a skewer .",3.3
Kedge  |  1 move  with a hawser attached to a small anchor. 2  move in this way. —n.  small anchor for this purpose. ,Kedge  ,1 move  with a hawser attached to a small anchor. 2  move in this way. —n.  small anchor for this purpose.,2.9
"Kedgeree  | Dish of fish, rice, hard-boiled eggs, etc. ",Kedgeree  ,"Dish of fish, rice, hard-boiled eggs, etc.",2.8
Keel  —| Main lengthwise member of the base of a ship etc. —v. 1   fall down or over. 2 turn keel upwards.  on an even keel steady; balanced. ,Keel  ,Main lengthwise member of the base of a ship etc. —v. 1   fall down or over. 2 turn keel upwards.  on an even keel steady; balanced.,2.8
Keelhaul  | 1 drag  under the keel of a ship as a punishment. 2 scold or rebuke severely.,Keelhaul  ,1 drag  under the keel of a ship as a punishment. 2 scold or rebuke severely.,2.9
Keelson  |  line of timber fastening a ship's floor-timbers to its keel. ,Keelson  ,line of timber fastening a ship's floor-timbers to its keel.,2.9
"Keen1  | 1 enthusiastic, eager. 2  enthusiastic about, fond of. 3  sharp. 4 intellectually acute. 5  Sharp. 6  Penetrating, vivid. 7  Piercingly cold. 8  Acute. 9  competitive.  keenly adv. Keenness n. ",Keen1  ,"1 enthusiastic, eager. 2  enthusiastic about, fond of. 3  sharp. 4 intellectually acute. 5  Sharp. 6  Penetrating, vivid. 7  Piercingly cold. 8  Acute. 9  competitive.  keenly adv. Keenness n.",2.9
"Keen2  —| Irish wailing funeral song. —v.  wail mournfully, esp. At a funeral. ",Keen2  ,"Irish wailing funeral song. —v.  wail mournfully, esp. At a funeral.",2.6
"Keep  |  1 have continuous charge of; retain possession of. 2  retain or reserve for  . 3 retain or remain in a specified condition, position, place, etc. . 4  restrain, hold back. 5 detain . 6 observe, honour, or respect  . 7 own and look after . 8 a clothe, feed, maintain, etc. . B  maintain  with a supply of. 9 carry on; manage . 10 maintain  Regularly and in proper order. 11 normally have on sale . 12 guard or protect . 13 preserve . 14  continue; repeat habitually . 15 continue to follow . 16 a  remain in good condition. B  Not suffer from delay in telling. 17  remain in . 18 maintain  as one's mistress etc. . —n. 1 maintenance, food, etc. . 2 hist. Tower, esp. The central stronghold of a castle.  for keeps colloq. Permanently, indefinitely. How are you keeping? How are you? Keep at  persist with. Keep away  avoid, prevent from being near. Keep back 1 remain or keep at a distance. 2 retard the progress of. 3 conceal. 4 withhold . Keep down 1 hold in subjection. 2 keep low in amount. 3 stay hidden. 4 not vomit . Keep one's hair on see ~hair. Keep one's hand in see ~hand. Keep in with remain on good terms with. Keep off 1  stay away from. 2 ward off. 3 abstain from. 4 avoid  . Keep on 1 continue; do continually . 2 continue to employ. 3  nag. Keep out 1 keep or remain outside. 2 exclude. Keep to 1 adhere to . 2 confine oneself to. Keep to oneself 1 avoid contact with others. 2 keep secret. Keep track of see ~track. Keep under repress. Keep up 1 maintain . 2 keep in repair etc. 3 carry on . 4 prevent from going to bed. 5  not fall behind.",Keep  ,"1 have continuous charge of; retain possession of. 2  retain or reserve for  . 3 retain or remain in a specified condition, position, place, etc. . 4  restrain, hold back. 5 detain . 6 observe, honour, or respect  . 7 own and look after . 8 a clothe, feed, maintain, etc. . B  maintain  with a supply of. 9 carry on; manage . 10 maintain  Regularly and in proper order. 11 normally have on sale . 12 guard or protect . 13 preserve . 14  continue; repeat habitually . 15 continue to follow . 16 a  remain in good condition. B  Not suffer from delay in telling. 17  remain in . 18 maintain  as one's mistress etc. . —n. 1 maintenance, food, etc. . 2 hist. Tower, esp. The central stronghold of a castle.  for keeps colloq. Permanently, indefinitely. How are you keeping? How are you? Keep at  persist with. Keep away  avoid, prevent from being near. Keep back 1 remain or keep at a distance. 2 retard the progress of. 3 conceal. 4 withhold . Keep down 1 hold in subjection. 2 keep low in amount. 3 stay hidden. 4 not vomit . Keep one's hair on see ~hair. Keep one's hand in see ~hand. Keep in with remain on good terms with. Keep off 1  stay away from. 2 ward off. 3 abstain from. 4 avoid  . Keep on 1 continue; do continually . 2 continue to employ. 3  nag. Keep out 1 keep or remain outside. 2 exclude. Keep to 1 adhere to . 2 confine oneself to. Keep to oneself 1 avoid contact with others. 2 keep secret. Keep track of see ~track. Keep under repress. Keep up 1 maintain . 2 keep in repair etc. 3 carry on . 4 prevent from going to bed. 5  not fall behind.",2.7
"Keeper  | 1 person who looks after or is in charge of animals, people, or a thing. 2 custodian of a museum, forest, etc. 3 a = ~wicket-keeper. B = ~goalkeeper. 4 a sleeper in a pierced ear. B ring that keeps another on the finger.",Keeper  ,"1 person who looks after or is in charge of animals, people, or a thing. 2 custodian of a museum, forest, etc. 3 a = ~wicket-keeper. B = ~goalkeeper. 4 a sleeper in a pierced ear. B ring that keeps another on the finger.",2.8
Keep-fit  | Regular physical exercises.,Keep-fit  ,Regular physical exercises.,3.5
"Keeping  | 1 custody, charge . 2 agreement, harmony ).",Keeping  ,"1 custody, charge . 2 agreement, harmony ).",2.8
"Keepsake  | Souvenir, esp. Of a person.",Keepsake  ,"Souvenir, esp. Of a person.",2.5
Keg  | Small barrel. ,Keg  ,Small barrel.,2.8
Keg beer  | Beer kept in a metal keg under pressure.,Keg beer  ,Beer kept in a metal keg under pressure.,3.1
"Kelp  | 1 large brown seaweed suitable for manure. 2 its calcined ashes, formerly a source of sodium, potassium, etc. ",Kelp  ,"1 large brown seaweed suitable for manure. 2 its calcined ashes, formerly a source of sodium, potassium, etc.",2.8
"Kelpie  | Scot. 1 malevolent water-spirit, usu. In the form of a horse. 2 australian sheepdog. ",Kelpie  ,"Scot. 1 malevolent water-spirit, usu. In the form of a horse. 2 australian sheepdog.",2.5
Kelson  | Of ~keelson.,Kelson  ,Of ~keelson.,2.8
Kelt  | Of ~celt.,Kelt  ,Of ~celt.,2.7
Kelt  | Salmon or sea trout after spawning. ,Kelt  ,Salmon or sea trout after spawning.,2.7
Kelter  | Of ~kilter.,Kelter  ,Of ~kilter.,2.8
Kelvin  | Si unit of thermodynamic temperature. ,Kelvin  ,Si unit of thermodynamic temperature.,3.2
Kelvin scale  | Scale of temperature with zero at absolute zero.,Kelvin scale  ,Scale of temperature with zero at absolute zero.,3.4
Ken  —| Range of knowledge or sight . —v.  scot. & n.engl. 1 recognize at sight. 2 know. ,Ken  ,Range of knowledge or sight . —v.  scot. & n.engl. 1 recognize at sight. 2 know.,2.8
Kendo  | Japanese fencing with two-handed bamboo swords. ,Kendo  ,Japanese fencing with two-handed bamboo swords.,2.6
Kennel  —| 1 small shelter for a dog. 2  Breeding or boarding place for dogs. —v.  put into or keep in a kennel. ,Kennel  ,1 small shelter for a dog. 2  Breeding or boarding place for dogs. —v.  put into or keep in a kennel.,2.8
Kent  | Of ~ken.,Kent  ,Of ~ken.,2.8
Kenyan  | Of kenya in e. Africa. —n. 1 native or national of kenya. 2 person of kenyan descent.,Kenyan  ,Of kenya in e. Africa. —n. 1 native or national of kenya. 2 person of kenyan descent.,3.1
Kepi  |  french military cap with a horizontal peak. ,Kepi  ,french military cap with a horizontal peak.,2.8
Kept  | Of ~keep.,Kept  ,Of ~keep.,2.7
"Keratin  | Fibrous protein in hair, feathers, hooves, claws, horns, etc. ",Keratin  ,"Fibrous protein in hair, feathers, hooves, claws, horns, etc.",2.7
Kerb  | Stone edging to a pavement or raised path. ,Kerb  ,Stone edging to a pavement or raised path.,3.0
Kerb-crawling  | Colloq. Driving slowly in order to engage a prostitute.,Kerb-crawling  ,Colloq. Driving slowly in order to engage a prostitute.,3.1
Kerb drill  | Precautions before crossing a road.,Kerb drill  ,Precautions before crossing a road.,3.0
Kerbstone  | Stone forming part of a kerb.,Kerbstone  ,Stone forming part of a kerb.,2.4
"Kerchief  | 1 headscarf, neckerchief. 2 poet. Handkerchief. ",Kerchief  ,"1 headscarf, neckerchief. 2 poet. Handkerchief.",3.3
"Kerfuffle  | Colloq. Fuss, commotion. ",Kerfuffle  ,"Colloq. Fuss, commotion.",3.1
Kermes  | 1 female of an insect with a berry-like appearance. 2  evergreen oak on which this feeds. 3 red dye made from these insects dried. ,Kermes  ,1 female of an insect with a berry-like appearance. 2  evergreen oak on which this feeds. 3 red dye made from these insects dried.,2.9
"Kernel  | 1  edible centre within the hard shell of a nut, fruit stone, seed, etc. 2 whole seed of a cereal. 3 essence of anything. ",Kernel  ,"1  edible centre within the hard shell of a nut, fruit stone, seed, etc. 2 whole seed of a cereal. 3 essence of anything.",2.7
"Kerosene  |  esp. Us fuel oil for use in jet engines, boilers, etc.; paraffin oil. ",Kerosene  ,"esp. Us fuel oil for use in jet engines, boilers, etc.; paraffin oil.",2.9
Kestrel  | Small hovering falcon. ,Kestrel  ,Small hovering falcon.,3.0
Ketch  | Small two-masted sailing-boat. ,Ketch  ,Small two-masted sailing-boat.,3.2
Ketchup  |  spicy esp. Tomato sauce used as a condiment. ,Ketchup  ,spicy esp. Tomato sauce used as a condiment.,2.7
Ketone  | Any of a class of organic compounds including propanone . ,Ketone  ,Any of a class of organic compounds including propanone .,2.6
Kettle  | Vessel for boiling water in.  a different kettle of fish a different matter altogether. A fine  kettle of fish iron. An awkward state of affairs. ,Kettle  ,Vessel for boiling water in.  a different kettle of fish a different matter altogether. A fine  kettle of fish iron. An awkward state of affairs.,2.8
Kettledrum  | Large bowl-shaped drum.,Kettledrum  ,Large bowl-shaped drum.,3.1
"Key1  —|  1  instrument for moving the bolt of a lock. 2 similar implement for operating a switch. 3 instrument for grasping screws, nuts, etc., or for winding a clock etc. 4  Finger-operated button or lever on a typewriter, piano, computer terminal, etc. 5 means of advance, access, etc. . 6  Essential . 7 a solution or explanation. B word or system for solving a cipher or code. C explanatory list of symbols used in a map, table, etc. 8 mus. System of notes related to each other and based on a particular note .",Key1  ,"1  instrument for moving the bolt of a lock. 2 similar implement for operating a switch. 3 instrument for grasping screws, nuts, etc., or for winding a clock etc. 4  Finger-operated button or lever on a typewriter, piano, computer terminal, etc. 5 means of advance, access, etc. . 6  Essential . 7 a solution or explanation. B word or system for solving a cipher or code. C explanatory list of symbols used in a map, table, etc. 8 mus. System of notes related to each other and based on a particular note .",3.3
"Key2  | Low-lying island or reef, esp. In the w. Indies. ",Key2  ,"Low-lying island or reef, esp. In the w. Indies.",2.8
"Keyboard  —| 1 set of keys on a typewriter, computer, piano, etc. 2 electronic musical instrument with keys arranged as on a piano. —v. Enter  by means of a keyboard.  keyboarder n. . Keyboardist n. .",Keyboard  ,"1 set of keys on a typewriter, computer, piano, etc. 2 electronic musical instrument with keys arranged as on a piano. —v. Enter  by means of a keyboard.  keyboarder n. . Keyboardist n. .",3.6
Keyhole  | Hole in a door etc. For a key.,Keyhole  ,Hole in a door etc. For a key.,2.9
Keyhole surgery  | Colloq. Minimally invasive surgery carried out through a very small incision.,Keyhole surgery  ,Colloq. Minimally invasive surgery carried out through a very small incision.,3.2
"Keynesian  | Of the economic theories of j. M. Keynes, esp. Regarding state intervention in the economy.",Keynesian  ,"Of the economic theories of j. M. Keynes, esp. Regarding state intervention in the economy.",3.6
"Keynote  | 1  Prevailing tone or idea, esp. In a speech, conference, etc. 2 mus. Note on which a key is based.",Keynote  ,"1  Prevailing tone or idea, esp. In a speech, conference, etc. 2 mus. Note on which a key is based.",3.4
"Keypad  | Miniature keyboard etc. For a portable electronic device, telephone, etc.",Keypad  ,"Miniature keyboard etc. For a portable electronic device, telephone, etc.",3.3
Keypunch  —| Device for recording data by means of punched holes or notches on cards or paper tape. —v. Record  thus.,Keypunch  ,Device for recording data by means of punched holes or notches on cards or paper tape. —v. Record  thus.,3.1
Key-ring  | Ring for keeping keys on.,Key-ring  ,Ring for keeping keys on.,3.3
Key signature  | Mus. Any of several combinations of sharps or flats indicating the key of a composition.,Key signature  ,Mus. Any of several combinations of sharps or flats indicating the key of a composition.,3.9
"Keystone  | 1 central principle of a system, policy, etc. 2 central locking stone in an arch.",Keystone  ,"1 central principle of a system, policy, etc. 2 central locking stone in an arch.",3.0
"Keystroke  | Single depression of a key on a keyboard, esp. As a measure of work.",Keystroke  ,"Single depression of a key on a keyboard, esp. As a measure of work.",2.7
Keyword  | 1 key to a cipher etc. 2 a word of great significance. B significant word used in indexing.,Keyword  ,1 key to a cipher etc. 2 a word of great significance. B significant word used in indexing.,3.3
