"Jubilant  | Exultant, rejoicing.  jubilance n. Jubilantly adv. Jubilation n. ",Jubilant  ,"Exultant, rejoicing.  jubilance n. Jubilantly adv. Jubilation n.",3.4
"Jubilee  | 1 anniversary, esp. The 25th or 50th. 2 time of rejoicing. ",Jubilee  ,"1 anniversary, esp. The 25th or 50th. 2 time of rejoicing.",2.8
Judaic  | Of or characteristic of the jews. ,Judaic  ,Of or characteristic of the jews.,3.1
Judaism  | Religion of the jews.,Judaism  ,Religion of the jews.,2.5
Judas  | Traitor. ,Judas  ,Traitor.,2.8
Judder  | Shake noisily or violently. —n. Juddering. ,Judder  ,Shake noisily or violently. —n. Juddering.,2.7
"Judge  —| 1 public official appointed to hear and try legal cases. 2 person appointed to decide in a contest, dispute, etc. 3 a person who decides a question. B person regarded as having judgement of a specified type . —v.  1 form an opinion or judgement ; estimate, appraise. 2 act as a judge . 3  a try  at law. B pronounce sentence on. 4  conclude, consider. ",Judge  ,"1 public official appointed to hear and try legal cases. 2 person appointed to decide in a contest, dispute, etc. 3 a person who decides a question. B person regarded as having judgement of a specified type . —v.  1 form an opinion or judgement ; estimate, appraise. 2 act as a judge . 3  a try  at law. B pronounce sentence on. 4  conclude, consider.",3.1
Judgement  |  1 critical faculty; discernment . 2 good sense. 3 opinion or estimate . 4 sentence of a court of justice. 5 often joc. Deserved misfortune.  against one's better judgement contrary to what one really feels to be advisable.,Judgement  ,1 critical faculty; discernment . 2 good sense. 3 opinion or estimate . 4 sentence of a court of justice. 5 often joc. Deserved misfortune.  against one's better judgement contrary to what one really feels to be advisable.,2.9
"Judgemental  |  1 of or by way of judgement. 2 condemning, critical.  judgementally adv.",Judgemental  ,"1 of or by way of judgement. 2 condemning, critical.  judgementally adv.",3.0
Judgement day  |  day on which mankind will be judged by god.,Judgement day  ,day on which mankind will be judged by god.,2.7
Judicature  | 1 administration of justice. 2 judge's position. 3 judges collectively. ,Judicature  ,1 administration of justice. 2 judge's position. 3 judges collectively.,2.5
"Judicial  | 1 of, done by, or proper to a court of law. 2 having the function of judgement . 3 of or proper to a judge. 4 impartial.  judicially adv. ",Judicial  ,"1 of, done by, or proper to a court of law. 2 having the function of judgement . 3 of or proper to a judge. 4 impartial.  judicially adv.",3.1
Judiciary  |  judges of a state collectively.,Judiciary  ,judges of a state collectively.,2.8
"Judicious  | Sensible, prudent.  judiciously adv.",Judicious  ,"Sensible, prudent.  judiciously adv.",2.7
Judo  | Sport derived from ju-jitsu. ,Judo  ,Sport derived from ju-jitsu.,2.9
"Jug  —| 1 deep vessel for liquids, with a handle and a lip for pouring. 2 contents of this. 3 slang prison. —v.   Stew or boil  in a casserole etc.  jugful n. . ",Jug  ,"1 deep vessel for liquids, with a handle and a lip for pouring. 2 contents of this. 3 slang prison. —v.   Stew or boil  in a casserole etc.  jugful n. .",2.9
Juggernaut  | 1 large heavy lorry etc. 2 overwhelming force or object. ,Juggernaut  ,1 large heavy lorry etc. 2 overwhelming force or object.,2.8
Juggle  |  1 a  keep several objects in the air at once by throwing and catching. B perform such feats with . 2 deal with  at once. 3  misrepresent or rearrange  adroitly. —n. 1 juggling. 2 fraud.  juggler n. ,Juggle  ,1 a  keep several objects in the air at once by throwing and catching. B perform such feats with . 2 deal with  at once. 3  misrepresent or rearrange  adroitly. —n. 1 juggling. 2 fraud.  juggler n.,2.9
Jugoslav  | Of ~yugoslav.,Jugoslav  ,Of ~yugoslav.,3.1
Jugular  | Of the neck or throat. —n. = ~jugular vein. ,Jugular  ,Of the neck or throat. —n. = ~jugular vein.,3.0
Jugular vein  | Any of several large veins in the neck carrying blood from the head.,Jugular vein  ,Any of several large veins in the neck carrying blood from the head.,2.7
"Juice  | 1 liquid part of vegetables or fruits. 2 animal fluid, esp. A secretion . 3 colloq. Petrol; electricity. ",Juice  ,"1 liquid part of vegetables or fruits. 2 animal fluid, esp. A secretion . 3 colloq. Petrol; electricity.",2.7
"Juicy  |  1 full of juice; succulent. 2 colloq. Interesting; racy, scandalous. 3 colloq. Profitable.  juicily adv. Juiciness n.",Juicy  ,"1 full of juice; succulent. 2 colloq. Interesting; racy, scandalous. 3 colloq. Profitable.  juicily adv. Juiciness n.",3.2
Ju-jitsu  |  japanese system of unarmed combat and physical training. ,Ju-jitsu  ,japanese system of unarmed combat and physical training.,3.5
Ju-ju  | 1 charm or fetish of some w. African peoples. 2 supernatural power attributed to this. ,Ju-ju  ,1 charm or fetish of some w. African peoples. 2 supernatural power attributed to this.,3.4
Jujube  | Small flavoured jelly-like lozenge. ,Jujube  ,Small flavoured jelly-like lozenge.,3.3
Ju-jutsu  | Of ~ju-jitsu.,Ju-jutsu  ,Of ~ju-jitsu.,3.5
Jukebox  | Coin-operated record-playing machine. ,Jukebox  ,Coin-operated record-playing machine.,3.2
"Julep  | 1 a sweet drink, esp. As a vehicle for medicine. B medicated drink as a mild stimulant etc. 2 us iced and flavoured spirits and water . ",Julep  ,"1 a sweet drink, esp. As a vehicle for medicine. B medicated drink as a mild stimulant etc. 2 us iced and flavoured spirits and water .",2.9
Julian  | Of julius caesar. ,Julian  ,Of julius caesar.,2.8
"Julian calendar  | Calendar introduced by julius caesar, with a year of 365 days, every fourth year having 366.",Julian calendar  ,"Calendar introduced by julius caesar, with a year of 365 days, every fourth year having 366.",3.4
Julienne  —| Vegetables cut into short thin strips. —adj. Cut into thin strips. ,Julienne  ,Vegetables cut into short thin strips. —adj. Cut into thin strips.,2.7
Juliet cap  | Small net skullcap worn by brides etc. ,Juliet cap  ,Small net skullcap worn by brides etc.,2.8
July  |  seventh month of the year. ,July  ,seventh month of the year.,2.7
Jumble  |   confuse; mix up; muddle. —n. 1 confused state or heap; muddle. 2 articles in a jumble sale. ,Jumble  ,confuse; mix up; muddle. —n. 1 confused state or heap; muddle. 2 articles in a jumble sale.,1.8
"Jumble sale  | Sale of second-hand articles, esp. For charity.",Jumble sale  ,"Sale of second-hand articles, esp. For charity.",2.9
"Jumbo  |  colloq. 1  Large animal , person, or thing . 2  large airliner for several hundred passengers. ",Jumbo  ,"colloq. 1  Large animal , person, or thing . 2  large airliner for several hundred passengers.",3.0
"Jump  | 1 rise off the ground etc. By sudden muscular effort in the legs. 2  Move suddenly or hastily . 3 jerk or twitch from shock or excitement etc. 4 a change, esp. Advance in status or rise, rapidly . B cause to do this. 5  change the subject etc. Rapidly. 6 pass over  By jumping. 7 skip . 8 cause  To jump. 9  reach  hastily. 10  leave . 11 pass . 12 get on or off  Quickly, esp. Illegally or dangerously. 13 attack  unexpectedly. —n. 1 act of jumping. 2 sudden jerk caused by shock or excitement. 3 abrupt rise in amount, value, status, etc. 4 obstacle to be jumped. 5 a sudden transition. B gap in a series, logical sequence, etc.  jump at accept eagerly. Jump bail fail to appear for trial having been released on bail. Jump down a person's throat colloq. Reprimand or contradict a person fiercely. Jump the gun colloq. Begin prematurely. Jump on colloq. Attack or criticize severely. Jump out of one's skin colloq. Be extremely startled. Jump the queue take unfair precedence. Jump ship  desert. Jump to it colloq. Act promptly. One jump ahead one stage further on than a rival etc. ",Jump  ,"1 rise off the ground etc. By sudden muscular effort in the legs. 2  Move suddenly or hastily . 3 jerk or twitch from shock or excitement etc. 4 a change, esp. Advance in status or rise, rapidly . B cause to do this. 5  change the subject etc. Rapidly. 6 pass over  By jumping. 7 skip . 8 cause  To jump. 9  reach  hastily. 10  leave . 11 pass . 12 get on or off  Quickly, esp. Illegally or dangerously. 13 attack  unexpectedly. —n. 1 act of jumping. 2 sudden jerk caused by shock or excitement. 3 abrupt rise in amount, value, status, etc. 4 obstacle to be jumped. 5 a sudden transition. B gap in a series, logical sequence, etc.  jump at accept eagerly. Jump bail fail to appear for trial having been released on bail. Jump down a person's throat colloq. Reprimand or contradict a person fiercely. Jump the gun colloq. Begin prematurely. Jump on colloq. Attack or criticize severely. Jump out of one's skin colloq. Be extremely startled. Jump the queue take unfair precedence. Jump ship  desert. Jump to it colloq. Act promptly. One jump ahead one stage further on than a rival etc.",2.7
Jumped-up  | Colloq. Upstart.,Jumped-up  ,Colloq. Upstart.,2.6
Jumper1  | 1 knitted pullover. 2 loose outer jacket worn by sailors. 3 us pinafore dress. ,Jumper1  ,1 knitted pullover. 2 loose outer jacket worn by sailors. 3 us pinafore dress.,2.7
Jumper2  | 1 person or animal that jumps. 2 short wire used to make or break an electrical circuit.,Jumper2  ,1 person or animal that jumps. 2 short wire used to make or break an electrical circuit.,2.6
Jumping bean  | Seed of a mexican plant that jumps with the movement of a larva inside.,Jumping bean  ,Seed of a mexican plant that jumps with the movement of a larva inside.,3.0
Jump-jet  | Vertical take-off jet aircraft.,Jump-jet  ,Vertical take-off jet aircraft.,3.0
Jump-lead  | Cable for conveying current from the battery of one vehicle to that of another.,Jump-lead  ,Cable for conveying current from the battery of one vehicle to that of another.,2.8
Jump-off  | Deciding round in showjumping.,Jump-off  ,Deciding round in showjumping.,3.3
Jump-start  | Start  by pushing it or with jump-leads. —n. Act of jump-starting.,Jump-start  ,Start  by pushing it or with jump-leads. —n. Act of jump-starting.,3.0
Jump suit  | One-piece garment for the whole body.,Jump suit  ,One-piece garment for the whole body.,3.2
Jumpy  |  1 nervous; easily startled. 2 making sudden movements.  jumpiness n.,Jumpy  ,1 nervous; easily startled. 2 making sudden movements.  jumpiness n.,2.5
Junction  | 1 joint; joining-point. 2 place where railway lines or roads meet. 3 joining. ,Junction  ,1 joint; joining-point. 2 place where railway lines or roads meet. 3 joining.,3.2
Junction box  | Box containing a junction of electric cables etc.,Junction box  ,Box containing a junction of electric cables etc.,3.4
Juncture  | 1 critical convergence of events; point of time . 2 joining-point. 3 joining.,Juncture  ,1 critical convergence of events; point of time . 2 joining-point. 3 joining.,3.3
June  | Sixth month of the year. ,June  ,Sixth month of the year.,2.7
Jungian  | Of the swiss psychologist carl jung or his theories. —n. Supporter of jung or of his theories.,Jungian  ,Of the swiss psychologist carl jung or his theories. —n. Supporter of jung or of his theories.,2.8
"Jungle  | 1 a land overgrown with tangled vegetation, esp. In the tropics. B an area of this. 2 wild tangled mass. 3 place of bewildering complexity, confusion, or struggle.  law of the jungle state of ruthless competition.  jungly adj. ",Jungle  ,"1 a land overgrown with tangled vegetation, esp. In the tropics. B an area of this. 2 wild tangled mass. 3 place of bewildering complexity, confusion, or struggle.  law of the jungle state of ruthless competition.  jungly adj.",2.9
"Junior  | 1  inferior in age, standing, or position. 2 the younger . 3 of the lower or lowest position . 4   for younger pupils, usu. Aged 7–11. —n. 1 junior person. 2 person at the lowest level . ",Junior  ,"1  inferior in age, standing, or position. 2 the younger . 3 of the lower or lowest position . 4   for younger pupils, usu. Aged 7–11. —n. 1 junior person. 2 person at the lowest level .",3.3
Junior common room  |  1 common-room for undergraduates in a college. 2 undergraduates of a college collectively.,Junior common room  ,1 common-room for undergraduates in a college. 2 undergraduates of a college collectively.,3.4
Juniper  | Evergreen shrub or tree with prickly leaves and dark-purple berry-like cones. ,Juniper  ,Evergreen shrub or tree with prickly leaves and dark-purple berry-like cones.,2.7
"Junk1  —| 1 discarded articles; rubbish. 2 anything regarded as of little value. 3 slang narcotic drug, esp. Heroin. —v. Discard as junk. ",Junk1  ,"1 discarded articles; rubbish. 2 anything regarded as of little value. 3 slang narcotic drug, esp. Heroin. —v. Discard as junk.",2.9
Junk2  | Flat-bottomed sailing-vessel in the china seas. ,Junk2  ,Flat-bottomed sailing-vessel in the china seas.,2.7
Junk bond  | Bond bearing high interest but deemed to be a risky investment.,Junk bond  ,Bond bearing high interest but deemed to be a risky investment.,3.1
"Junket  —| 1 pleasure outing. 2 official's tour at public expense. 3 sweetened and flavoured milk curds. 4 feast. —v.  feast, picnic. ",Junket  ,"1 pleasure outing. 2 official's tour at public expense. 3 sweetened and flavoured milk curds. 4 feast. —v.  feast, picnic.",2.8
"Junk food  | Food, such as sweets and crisps, with low nutritional value.",Junk food  ,"Food, such as sweets and crisps, with low nutritional value.",3.2
Junkie  | Slang drug addict.,Junkie  ,Slang drug addict.,2.8
Junk mail  | Unsolicited advertising matter sent by post.,Junk mail  ,Unsolicited advertising matter sent by post.,2.9
Junk shop  | Second-hand or cheap antiques shop.,Junk shop  ,Second-hand or cheap antiques shop.,2.8
Junta  |  clique taking power in a coup d'état. ,Junta  ,clique taking power in a coup d'état.,2.8
Jural  | 1 of law. 2 of rights and obligations. ,Jural  ,1 of law. 2 of rights and obligations.,3.0
Jurassic  geol. | Of the second period of the mesozoic era. —n. This era or system. ,Jurassic  geol,Of the second period of the mesozoic era. —n. This era or system.,2.9
Juridical  | 1 of judicial proceedings. 2 relating to the law. ,Juridical  ,1 of judicial proceedings. 2 relating to the law.,2.5
Jurisdiction  | 1  administration of justice. 2 a legal or other authority. B extent of this; territory it extends over.  jurisdictional adj.,Jurisdiction  ,1  administration of justice. 2 a legal or other authority. B extent of this; territory it extends over.  jurisdictional adj.,3.2
Jurisprudence  | Science or philosophy of law.  jurisprudential adj.,Jurisprudence  ,Science or philosophy of law.  jurisprudential adj.,2.7
Jurist  | Expert in law.  juristic adj.,Jurist  ,Expert in law.  juristic adj.,2.8
Juror  | 1 member of a jury. 2 person taking an oath.,Juror  ,1 member of a jury. 2 person taking an oath.,2.8
Jury  |  1 body of usu. Twelve people giving a verdict in a court of justice. 2 body of people awarding prizes in a competition.,Jury  ,1 body of usu. Twelve people giving a verdict in a court of justice. 2 body of people awarding prizes in a competition.,3.2
Jury-box  | Enclosure for the jury in a lawcourt.,Jury-box  ,Enclosure for the jury in a lawcourt.,3.2
Jury-rigged  | Naut. Having temporary makeshift rigging. ,Jury-rigged  ,Naut. Having temporary makeshift rigging.,2.9
"Just  | 1 morally right or fair. 2  Deserved . 3 well-grounded; justified . 4 right in amount etc.; proper. —adv. 1 exactly . 2 a little time ago; very recently . 3 colloq. Simply, merely . 4 barely; no more than . 5 colloq. Positively; indeed . 6 quite .  just about colloq. Almost exactly; almost completely. Just in case as a precaution. Just now 1 at this moment. 2 a little time ago. Just the same = all the same. Just so 1 exactly arranged . 2 it is exactly as you say.  justly adv. Justness n. ",Just  ,"1 morally right or fair. 2  Deserved . 3 well-grounded; justified . 4 right in amount etc.; proper. —adv. 1 exactly . 2 a little time ago; very recently . 3 colloq. Simply, merely . 4 barely; no more than . 5 colloq. Positively; indeed . 6 quite .  just about colloq. Almost exactly; almost completely. Just in case as a precaution. Just now 1 at this moment. 2 a little time ago. Just the same = all the same. Just so 1 exactly arranged . 2 it is exactly as you say.  justly adv. Justness n.",2.8
"Justice  | 1 justness, fairness. 2 authority exercised in the maintenance of right. 3 judicial proceedings . 4 magistrate; judge.  do justice to 1 treat fairly. 2 appreciate properly. Do oneself justice perform at one's best. With justice reasonably. ",Justice  ,"1 justness, fairness. 2 authority exercised in the maintenance of right. 3 judicial proceedings . 4 magistrate; judge.  do justice to 1 treat fairly. 2 appreciate properly. Do oneself justice perform at one's best. With justice reasonably.",3.2
Justice of the peace  | Unpaid lay magistrate appointed to hear minor cases.,Justice of the peace  ,Unpaid lay magistrate appointed to hear minor cases.,3.4
Justifiable  | Able to be justified.  justifiably adv.,Justifiable  ,Able to be justified.  justifiably adv.,2.0
"Justify  |  1 show the justice or correctness of . 2  cite or constitute adequate grounds for ; vindicate. 3  Just, right . 4 printing adjust  to give even margins.  justification n. Justificatory adj.",Justify  ,"1 show the justice or correctness of . 2  cite or constitute adequate grounds for ; vindicate. 3  Just, right . 4 printing adjust  to give even margins.  justification n. Justificatory adj.",2.8
"Jut  |   protrude, project. —n. Projection. ",Jut  ,"protrude, project. —n. Projection.",3.3
"Jute  | 1 fibre from the bark of an e. Indian plant, used esp. For sacking, mats, etc. 2 plant yielding this. ",Jute  ,"1 fibre from the bark of an e. Indian plant, used esp. For sacking, mats, etc. 2 plant yielding this.",3.3
Juvenile  | 1 a youthful. B of or for young people. 2 often derog. Immature . —n. 1 young person. 2 actor playing a juvenile part. ,Juvenile  ,1 a youthful. B of or for young people. 2 often derog. Immature . —n. 1 young person. 2 actor playing a juvenile part.,2.8
Juvenile court  | Court for children under 17.,Juvenile court  ,Court for children under 17.,2.7
Juvenile delinquency  | Offences committed by people below the age of legal responsibility.  juvenile delinquent n.,Juvenile delinquency  ,Offences committed by people below the age of legal responsibility.  juvenile delinquent n.,2.7
Juvenilia  |pl. Author's or artist's youthful works.,Juvenilia  ,pl. Author's or artist's youthful works.,2.7
Juxtapose  |  1 place  side by side. 2  place  beside another.  juxtaposition n. Juxtapositional adj. ,Juxtapose  ,1 place  side by side. 2  place  beside another.  juxtaposition n. Juxtapositional adj.,3.1
