Evacuate  |  1 a remove  from a place of danger. B empty  in this way. 2 make empty. 3  withdraw from . 4 empty .  evacuation n. ,Evacuate  ,1 a remove  from a place of danger. B empty  in this way. 2 make empty. 3  withdraw from . 4 empty .  evacuation n.,2.8
Evacuee  | Person evacuated.,Evacuee  ,Person evacuated.,2.4
"Evade  |  1 a escape from, avoid, esp. By guile or trickery. B avoid doing . C avoid answering . 2 avoid paying . ",Evade  ,"1 a escape from, avoid, esp. By guile or trickery. B avoid doing . C avoid answering . 2 avoid paying .",2.6
"Evaluate  |  1 assess, appraise. 2 find or state the number or amount of.  evaluation n. ",Evaluate  ,"1 assess, appraise. 2 find or state the number or amount of.  evaluation n.",2.7
Evanesce  |  literary fade from sight. ,Evanesce  ,literary fade from sight.,2.8
Evanescent  | Quickly fading.  evanescence n.,Evanescent  ,Quickly fading.  evanescence n.,2.9
Evangelical  | 1 of or according to the teaching of the gospel. 2 of the protestant school maintaining the doctrine of salvation by faith. —n. Member of this.  evangelicalism n. Evangelically adv. ,Evangelical  ,1 of or according to the teaching of the gospel. 2 of the protestant school maintaining the doctrine of salvation by faith. —n. Member of this.  evangelicalism n. Evangelically adv.,2.7
Evangelism  | Preaching or spreading of the gospel.,Evangelism  ,Preaching or spreading of the gospel.,3.3
Evangelist  | 1 writer of one of the four gospels. 2 preacher of the gospel.  evangelistic adj.,Evangelist  ,1 writer of one of the four gospels. 2 preacher of the gospel.  evangelistic adj.,3.3
Evangelize  |   1  Preach the gospel to. 2 convert to christianity.  evangelization n.,Evangelize  ,1  Preach the gospel to. 2 convert to christianity.  evangelization n.,3.0
Evaporate  |  1 turn from solid or liquid into vapour. 2  lose moisture as vapour. 3  disappear.  evaporable adj. Evaporation n. ,Evaporate  ,1 turn from solid or liquid into vapour. 2  lose moisture as vapour. 3  disappear.  evaporable adj. Evaporation n.,2.7
Evaporated milk  | Unsweetened milk concentrated by evaporation.,Evaporated milk  ,Unsweetened milk concentrated by evaporation.,2.3
Evasion  | 1 evading. 2 evasive answer. ,Evasion  ,1 evading. 2 evasive answer.,2.8
Evasive  | 1 seeking to evade. 2 not direct in one's answers etc.  evasively adv. Evasiveness n.,Evasive  ,1 seeking to evade. 2 not direct in one's answers etc.  evasively adv. Evasiveness n.,2.8
Eve  | 1 evening or day before a festival etc. . 2 time just before an event . 3 archaic evening. ,Eve  ,1 evening or day before a festival etc. . 2 time just before an event . 3 archaic evening.,2.8
"Even1  |  1 level; smooth. 2 a uniform in quality; constant. B equal in amount or value etc. C equally balanced. 3  Equable, calm. 4 a  divisible by two without a remainder. B bearing such a number . C not involving fractions; exact . —adv. 1 inviting comparison of the assertion, negation, etc., with an implied one that is less strong or remarkable . 2 introducing an extreme case . —v.  make or become even.  even now 1 now as well as before. 2 at this very moment. Even so nevertheless. Even though despite the fact that. Get  even with have one's revenge on.  evenly adv. Evenness n. ",Even1  ,"1 level; smooth. 2 a uniform in quality; constant. B equal in amount or value etc. C equally balanced. 3  Equable, calm. 4 a  divisible by two without a remainder. B bearing such a number . C not involving fractions; exact . —adv. 1 inviting comparison of the assertion, negation, etc., with an implied one that is less strong or remarkable . 2 introducing an extreme case . —v.  make or become even.  even now 1 now as well as before. 2 at this very moment. Even so nevertheless. Even though despite the fact that. Get  even with have one's revenge on.  evenly adv. Evenness n.",2.9
Even2  | Poet. Evening. ,Even2  ,Poet. Evening.,2.5
Even chance  | Equal chance of success or failure.,Even chance  ,Equal chance of success or failure.,2.9
Even-handed  | Impartial.,Even-handed  ,Impartial.,2.9
"Evening  | End part of the day, esp. From about 6 p.m. To bedtime. ",Evening  ,"End part of the day, esp. From about 6 p.m. To bedtime.",2.7
Evening dress  | Formal dress for evening wear.,Evening dress  ,Formal dress for evening wear.,3.1
Evening primrose  | Plant with pale-yellow flowers that open in the evening.,Evening primrose  ,Plant with pale-yellow flowers that open in the evening.,2.9
"Evening star  | Planet, esp. Venus, conspicuous in the west after sunset.",Evening star  ,"Planet, esp. Venus, conspicuous in the west after sunset.",3.3
Even money  | Betting odds offering the gambler the chance of winning the amount staked.,Even money  ,Betting odds offering the gambler the chance of winning the amount staked.,1.8
Evens  |pl. = ~even money.,Evens  ,pl. = ~even money.,2.8
Evensong  | Service of evening prayer in the church of england. ,Evensong  ,Service of evening prayer in the church of england.,3.2
Event  | 1 thing that happens. 2 fact of a thing's occurring. 3 item in a  programme.  at all events  whatever happens. In the event as it turns  out. In the event of if  happens. In the event that if it happens that. ,Event  ,1 thing that happens. 2 fact of a thing's occurring. 3 item in a  programme.  at all events  whatever happens. In the event as it turns  out. In the event of if  happens. In the event that if it happens that.,3.2
Eventful  | Marked by noteworthy events.  eventfully adv.,Eventful  ,Marked by noteworthy events.  eventfully adv.,2.8
Eventide  | Archaic or poet. = ~evening. ,Eventide  ,Archaic or poet. = ~evening.,2.5
"Eventing  | Participation in equestrian competitions, esp. Dressage and showjumping. ",Eventing  ,"Participation in equestrian competitions, esp. Dressage and showjumping.",2.9
"Eventual  | Occurring in due course, ultimate.  eventually adv. ",Eventual  ,"Occurring in due course, ultimate.  eventually adv.",3.2
Eventuality  |  possible event or outcome.,Eventuality  ,possible event or outcome.,2.7
Eventuate  |   result.,Eventuate  ,result.,3.3
Ever  | 1 at all times; always . 2 at any time . 3  in any way; at all . 4  Constantly . 5  colloq. Very; very much .  did you ever? Colloq. Did you ever hear or see the like? Ever since throughout the period since. ,Ever  ,1 at all times; always . 2 at any time . 3  in any way; at all . 4  Constantly . 5  colloq. Very; very much .  did you ever? Colloq. Did you ever hear or see the like? Ever since throughout the period since.,2.7
Evergreen  | Retaining green leaves all year round. —n. Evergreen plant.,Evergreen  ,Retaining green leaves all year round. —n. Evergreen plant.,3.2
Everlasting  | 1 lasting for ever or for a long time. 2  keeping their shape and colour when dried. —n. 1 eternity. 2 everlasting flower.,Everlasting  ,1 lasting for ever or for a long time. 2  keeping their shape and colour when dried. —n. 1 eternity. 2 everlasting flower.,2.4
Evermore  | For ever; always.,Evermore  ,For ever; always.,3.1
Every  | 1 each single . 2 each at a specified interval in a series . 3 all possible .  every bit as colloq.  quite as. Every now and again  from time to time. Every other each second in a series . Every so often occasionally. ,Every  ,1 each single . 2 each at a specified interval in a series . 3 all possible .  every bit as colloq.  quite as. Every now and again  from time to time. Every other each second in a series . Every so often occasionally.,3.1
Everybody  pro| Every person.,Everybody  pro,Every person.,2.9
Everyday  | Adj. 1 occurring every day. 2 used on ordinary days. 3 commonplace.,Everyday  ,Adj. 1 occurring every day. 2 used on ordinary days. 3 commonplace.,2.9
Everyman  | Ordinary or typical human being. ,Everyman  ,Ordinary or typical human being.,3.0
Everyone  pro| Everybody.,Everyone  pro,Everybody.,3.1
Every one  | Each one.,Every one  ,Each one.,2.3
Everything  pro| 1 all things. 2 most important thing .,Everything  pro,1 all things. 2 most important thing .,3.2
Everywhere  | 1 in every place. 2 colloq. In many places.,Everywhere  ,1 in every place. 2 colloq. In many places.,2.8
Evict  | Expel  By legal process.  eviction n. ,Evict  ,Expel  By legal process.  eviction n.,3.0
"Evidence  —| 1  available facts, circumstances, etc. Indicating whether or not a thing is true or valid. 2 law a information tending to prove a fact or proposition. B statements or proofs admissible as testimony in a lawcourt. —v.  be evidence of.  in evidence conspicuous. Queen's  evidence law evidence for the prosecution given by a participant in the crime at issue. ",Evidence  ,"1  available facts, circumstances, etc. Indicating whether or not a thing is true or valid. 2 law a information tending to prove a fact or proposition. B statements or proofs admissible as testimony in a lawcourt. —v.  be evidence of.  in evidence conspicuous. Queen's  evidence law evidence for the prosecution given by a participant in the crime at issue.",3.1
Evident  | Plain or obvious; manifest. ,Evident  ,Plain or obvious; manifest.,2.8
Evidential  | Of or providing evidence.,Evidential  ,Of or providing evidence.,2.8
Evidently  | 1 seemingly; as it appears. 2 as shown by evidence.,Evidently  ,1 seemingly; as it appears. 2 as shown by evidence.,2.8
Evil  | 1 morally bad; wicked. 2 harmful. 3 disagreeable . —n. 1 evil thing. 2 wickedness.  evilly adv. ,Evil  ,1 morally bad; wicked. 2 harmful. 3 disagreeable . —n. 1 evil thing. 2 wickedness.  evilly adv.,2.7
Evildoer  | Sinner.  evildoing n.,Evildoer  ,Sinner.  evildoing n.,2.3
Evil eye  | Gaze that is superstitiously believed to cause harm.,Evil eye  ,Gaze that is superstitiously believed to cause harm.,2.6
"Evince  |  indicate, display . ",Evince  ,"indicate, display .",2.8
Eviscerate  |  disembowel.  evisceration n. ,Eviscerate  ,disembowel.  evisceration n.,2.6
Evocative  | Evoking .  evocatively adv. Evocativeness n.,Evocative  ,Evoking .  evocatively adv. Evocativeness n.,3.1
Evoke  |  inspire or draw forth .  evocation n. ,Evoke  ,inspire or draw forth .  evocation n.,3.4
"Evolution  | 1 gradual development. 2 development of species from earlier forms, as an explanation of their origins. 3 unfolding of events etc. . 4 change in the disposition of troops or ships.  evolutionary adj. ",Evolution  ,"1 gradual development. 2 development of species from earlier forms, as an explanation of their origins. 3 unfolding of events etc. . 4 change in the disposition of troops or ships.  evolutionary adj.",2.8
Evolutionist  | Person who regards evolution as explaining the origin of species.,Evolutionist  ,Person who regards evolution as explaining the origin of species.,3.0
Evolve  |  1 develop gradually and naturally. 2 devise . 3 unfold. 4 give off . ,Evolve  ,1 develop gradually and naturally. 2 devise . 3 unfold. 4 give off .,3.2
