"Oscar  | Any of the statuettes awarded by the us academy of motion picture arts and sciences for excellence in film acting, directing, etc. ",Oscar  ,"Any of the statuettes awarded by the us academy of motion picture arts and sciences for excellence in film acting, directing, etc.",3.0
Oscillate  |  1  swing to and fro. 2 vacillate; vary between extremes. 3   undergo high-frequency alternations.  oscillation n. Oscillator n. ,Oscillate  ,1  swing to and fro. 2 vacillate; vary between extremes. 3   undergo high-frequency alternations.  oscillation n. Oscillator n.,3.4
"Oscillo-  | Form oscillation, esp. Of an electric current.",Oscillo-  ,"Form oscillation, esp. Of an electric current.",3.0
Oscilloscope  | Device for viewing oscillations by a display on the screen of a cathode-ray tube.,Oscilloscope  ,Device for viewing oscillations by a display on the screen of a cathode-ray tube.,3.3
Osier  | 1 willow used in basketwork. 2 shoot of this. ,Osier  ,1 willow used in basketwork. 2 shoot of this.,2.8
Osmium  |  Heavy hard bluish-white metallic element. ,Osmium  ,Heavy hard bluish-white metallic element.,3.1
Osmosis  | 1 passage of a solvent through a semi-permeable partition into another solution. 2 process by which something is acquired by absorption.  osmotic adj. ,Osmosis  ,1 passage of a solvent through a semi-permeable partition into another solution. 2 process by which something is acquired by absorption.  osmotic adj.,3.4
Osprey  |  large bird of prey feeding on fish. ,Osprey  ,large bird of prey feeding on fish.,2.8
Osseous  | 1 of bone. 2 bony. ,Osseous  ,1 of bone. 2 bony.,2.8
Ossicle  | Small bone or piece of bonelike substance. ,Ossicle  ,Small bone or piece of bonelike substance.,2.5
"Ossify  |  1 turn into bone; harden. 2 make or become rigid, callous, or unprogressive.  ossification n. ",Ossify  ,"1 turn into bone; harden. 2 make or become rigid, callous, or unprogressive.  ossification n.",2.8
Ostensible  | Concealing the real; professed.  ostensibly adv. ,Ostensible  ,Concealing the real; professed.  ostensibly adv.,2.8
Ostensive  | Directly showing.,Ostensive  ,Directly showing.,2.6
Ostentation  | 1 pretentious display of wealth etc. 2 showing off.  ostentatious adj. Ostentatiously adv.,Ostentation  ,1 pretentious display of wealth etc. 2 showing off.  ostentatious adj. Ostentatiously adv.,3.0
Osteo-  | Form bone. ,Osteo-  ,Form bone.,2.8
Osteoarthritis  | Degenerative disease of joint cartilage.  osteoarthritic adj.,Osteoarthritis  ,Degenerative disease of joint cartilage.  osteoarthritic adj.,1.8
Osteopathy  | Treatment of disease through the manipulation of bones.  osteopath n.,Osteopathy  ,Treatment of disease through the manipulation of bones.  osteopath n.,2.7
Osteoporosis  | Condition of brittle bones caused esp. By hormonal changes or deficiency of calcium or vitamin d.,Osteoporosis  ,Condition of brittle bones caused esp. By hormonal changes or deficiency of calcium or vitamin d.,2.2
Ostler  | Hist. Stableman at an inn. ,Ostler  ,Hist. Stableman at an inn.,2.6
Ostracize  |   exclude from society; refuse to associate with.  ostracism n. ,Ostracize  ,exclude from society; refuse to associate with.  ostracism n.,2.3
Ostrich  | 1 large african swift-running flightless bird. 2 person who refuses to acknowledge an awkward truth. ,Ostrich  ,1 large african swift-running flightless bird. 2 person who refuses to acknowledge an awkward truth.,2.7
