"Gnarled  |  Knobbly, twisted, rugged. ",Gnarled  ,"Knobbly, twisted, rugged.",2.9
Gnash  | 1 grind . 2  strike together. ,Gnash  ,1 grind . 2  strike together.,2.7
Gnat  | Small two-winged biting fly. ,Gnat  ,Small two-winged biting fly.,3.0
Gnaw  | 1 a  Wear away by biting. B  bite persistently. 2 a corrode; wear away. B  Torment. ,Gnaw  ,1 a  Wear away by biting. B  bite persistently. 2 a corrode; wear away. B  Torment.,2.9
"Gneiss  | Coarse-grained metamorphic rock of feldspar, quartz, and mica. ",Gneiss  ,"Coarse-grained metamorphic rock of feldspar, quartz, and mica.",3.0
"Gnome  | 1 a dwarfish legendary spirit or goblin living underground. B figure of this as a garden ornament. 2  Colloq. Person with sinister influence, esp. Financial .  gnomish adj. ",Gnome  ,"1 a dwarfish legendary spirit or goblin living underground. B figure of this as a garden ornament. 2  Colloq. Person with sinister influence, esp. Financial .  gnomish adj.",3.2
Gnomic  | Of aphorisms; sententious. ,Gnomic  ,Of aphorisms; sententious.,2.9
"Gnomon  | Rod or pin etc. On a sundial, showing the time by its shadow. ",Gnomon  ,"Rod or pin etc. On a sundial, showing the time by its shadow.",2.6
Gnostic  | 1 of knowledge; having special mystical knowledge. 2  concerning the gnostics. —n.   Early christian heretic claiming mystical knowledge.  gnosticism n. ,Gnostic  ,1 of knowledge; having special mystical knowledge. 2  concerning the gnostics. —n.   Early christian heretic claiming mystical knowledge.  gnosticism n.,3.0
Gnu  |  oxlike antelope. ,Gnu  ,oxlike antelope.,3.3
