Od  slang —| Drug overdose. —v.  take an overdose. ,Od  slang ,Drug overdose. —v.  take an overdose.,2.9
"Odd  | 1 strange, remarkable, eccentric. 2 casual, occasional . 3 not normally considered; unconnected . 4 a  not integrally divisible by two, e.g. 1, 3, 5. B bearing such a number . 5 left over when the rest have been distributed or divided into pairs . 6 detached from a set or series . 7  Somewhat more than . 8 by which a round number, given sum, etc., is exceeded .  oddly adv. Oddness n. ",Odd  ,"1 strange, remarkable, eccentric. 2 casual, occasional . 3 not normally considered; unconnected . 4 a  not integrally divisible by two, e.g. 1, 3, 5. B bearing such a number . 5 left over when the rest have been distributed or divided into pairs . 6 detached from a set or series . 7  Somewhat more than . 8 by which a round number, given sum, etc., is exceeded .  oddly adv. Oddness n.",2.9
Oddball  | Colloq. Eccentric person.,Oddball  ,Colloq. Eccentric person.,3.1
"Oddity  |  1 strange person, thing, or occurrence. 2 peculiar trait. 3 strangeness.",Oddity  ,"1 strange person, thing, or occurrence. 2 peculiar trait. 3 strangeness.",3.3
Odd man out  | Person or thing differing from the others in a group in some respect.,Odd man out  ,Person or thing differing from the others in a group in some respect.,2.7
Oddment  | 1 odd article; something left over. 2  Miscellaneous articles.,Oddment  ,1 odd article; something left over. 2  Miscellaneous articles.,3.0
"Odds  |pl. 1 ratio between the amounts staked by the parties to a bet, based on the expected probability either way. 2 balance of probability or advantage . 3 difference giving an advantage .  at odds  in conflict or at variance. Over the odds above the normal price etc. ",Odds  ,"pl. 1 ratio between the amounts staked by the parties to a bet, based on the expected probability either way. 2 balance of probability or advantage . 3 difference giving an advantage .  at odds  in conflict or at variance. Over the odds above the normal price etc.",3.1
Odds and ends  |pl. Miscellaneous articles or remnants.,Odds and ends  ,pl. Miscellaneous articles or remnants.,3.0
Odds-on  —| State when success is more likely than failure. —adj.  better than even; likely.,Odds-on  ,State when success is more likely than failure. —adj.  better than even; likely.,3.0
Ode  | Lyric poem of exalted style and tone. ,Ode  ,Lyric poem of exalted style and tone.,2.7
"Odious  | Hateful, repulsive.  odiously adv. Odiousness n. ",Odious  ,"Hateful, repulsive.  odiously adv. Odiousness n.",2.6
Odium  | Widespread dislike or disapproval of a person or action. ,Odium  ,Widespread dislike or disapproval of a person or action.,3.1
Odometer  | Us = ~milometer. ,Odometer  ,Us = ~milometer.,3.3
"Odor  |  1 smell or fragrance. 2 quality or trace . 3 regard, repute .  odorous adj. Odourless adj. ",Odor  ,"1 smell or fragrance. 2 quality or trace . 3 regard, repute .  odorous adj. Odourless adj.",2.8
Odoriferous  | Diffusing a  odour. ,Odoriferous  ,Diffusing a  odour.,2.3
"Odour  |  1 smell or fragrance. 2 quality or trace . 3 regard, repute .  odorous adj. Odourless adj. ",Odour  ,"1 smell or fragrance. 2 quality or trace . 3 regard, repute .  odorous adj. Odourless adj.",2.7
Odyssey  |  long adventurous journey. ,Odyssey  ,long adventurous journey.,2.9
