Ova  pl. Of ~ovum.,Ova  pl,Ova  pl. Of ~ovum.,2.8
"Oval  | 1 egg-shaped, ellipsoidal. 2 having the outline of an egg, elliptical. —n. 1 egg-shaped or elliptical closed curve. 2 thing with an oval outline. ",Oval  ,"1 egg-shaped, ellipsoidal. 2 having the outline of an egg, elliptical. —n. 1 egg-shaped or elliptical closed curve. 2 thing with an oval outline.",3.9
Ovary  |  1 each of the female reproductive organs in which ova are produced. 2 hollow base of the carpel of a flower.  ovarian adj.,Ovary  ,1 each of the female reproductive organs in which ova are produced. 2 hollow base of the carpel of a flower.  ovarian adj.,2.8
"Ovation  | Enthusiastic reception, esp. Applause. ",Ovation  ,"Enthusiastic reception, esp. Applause.",2.9
Oven  | Enclosed compartment for heating or cooking food etc. ,Oven  ,Enclosed compartment for heating or cooking food etc.,3.0
Ovenproof  | Suitable for use in an oven; heat-resistant.,Ovenproof  ,Suitable for use in an oven; heat-resistant.,2.5
Oven-ready  |  prepared before sale for immediate cooking in the oven.,Oven-ready  ,prepared before sale for immediate cooking in the oven.,3.5
Ovenware  | Dishes for cooking food in the oven.,Ovenware  ,Dishes for cooking food in the oven.,2.3
"Over  —| Expressing movement, position, or state above or beyond something stated or implied: 1 outward and downward from a brink or from any erect position . 2 so as to cover or touch a whole surface . 3 so as to produce a fold or reverse position .",Over  ,"Expressing movement, position, or state above or beyond something stated or implied: 1 outward and downward from a brink or from any erect position . 2 so as to cover or touch a whole surface . 3 so as to produce a fold or reverse position .",2.8
Over-abundance  | Excessive quantity.  over-abundant adj.,Over-abundance  ,Excessive quantity.  over-abundant adj.,3.1
Overact  | Act  in an exaggerated manner.,Overact  ,Act  in an exaggerated manner.,2.9
Over-active  | Excessively active.,Over-active  ,Excessively active.,3.6
"Overall  —| Adj. 1 total, inclusive of all . 2 taking everything into account, general . —adv. 1 including everything . 2 on the whole, generally . —n. 1 protective outer garment. 2  Protective outer trousers or suit.",Overall  ,"Adj. 1 total, inclusive of all . 2 taking everything into account, general . —adv. 1 including everything . 2 on the whole, generally . —n. 1 protective outer garment. 2  Protective outer trousers or suit.",2.7
Overambitious  | Excessively ambitious.,Overambitious  ,Excessively ambitious.,2.1
Over-anxious  | Excessively anxious.,Over-anxious  ,Excessively anxious.,3.4
Overarm  | & adv. With the hand above the shoulder .,Overarm  ,& adv. With the hand above the shoulder .,2.7
Overate  past of ~overeat.,Overate  past of ,Overate  past of ~overeat.,3.3
Overawe  |  overcome with awe.,Overawe  ,overcome with awe.,2.8
Overbalance  |  1 lose balance and fall. 2 cause to do this.,Overbalance  ,1 lose balance and fall. 2 cause to do this.,2.6
"Overbear  |  1  A domineering, bullying. B overpowering. 2 bear down by weight, force, or emotion. 3 repress by power or authority.",Overbear  ,"1  A domineering, bullying. B overpowering. 2 bear down by weight, force, or emotion. 3 repress by power or authority.",2.9
"Overbid  |  make a higher bid than. —n. Bid that is higher than another, or higher than is justified.",Overbid  ,"make a higher bid than. —n. Bid that is higher than another, or higher than is justified.",2.5
Overblown  | 1 inflated or pretentious. 2  past its prime.,Overblown  ,1 inflated or pretentious. 2  past its prime.,1.9
Overboard  | From a ship into the water .  go overboard colloq. 1 be highly enthusiastic. 2 behave immoderately.,Overboard  ,From a ship into the water .  go overboard colloq. 1 be highly enthusiastic. 2 behave immoderately.,3.4
Overbook  |  Make too many bookings for .,Overbook  ,Make too many bookings for .,3.5
Overbore  past of ~overbear.,Overbore  past of ,Overbore  past of ~overbear.,3.3
Overborne  | Of ~overbear.,Overborne  ,Of ~overbear.,2.7
Overburden  | Burden  To excess.,Overburden  ,Burden  To excess.,2.9
Overcame  past of ~overcome.,Overcame  past of ,Overcame  past of ~overcome.,3.0
Overcast  | 1  covered with cloud. 2  edged with stitching to prevent fraying.,Overcast  ,1  covered with cloud. 2  edged with stitching to prevent fraying.,3.1
Overcautious  | Excessively cautious.,Overcautious  ,Excessively cautious.,2.2
Overcharge  |  1 charge too high a price to . 2 put too much charge into . 3 put excessive detail into .,Overcharge  ,1 charge too high a price to . 2 put too much charge into . 3 put excessive detail into .,2.9
Overcoat  | Warm outdoor coat.,Overcoat  ,Warm outdoor coat.,2.8
"Overcome  |  1 prevail over, master, be victorious. 2  A make faint . B  make weak or helpless .",Overcome  ,"1 prevail over, master, be victorious. 2  A make faint . B  make weak or helpless .",2.8
Overcompensate  |  1  compensate excessively. 2  strive exaggeratedly to make amends etc.,Overcompensate  ,1  compensate excessively. 2  strive exaggeratedly to make amends etc.,2.5
Overconfident  | Excessively confident.,Overconfident  ,Excessively confident.,2.5
Overcook  | Cook too much or for too long.,Overcook  ,Cook too much or for too long.,2.8
Overcrowd  |  Fill beyond what is usual or comfortable.  overcrowding n.,Overcrowd  ,Fill beyond what is usual or comfortable.  overcrowding n.,2.3
Overdevelop  |  1 develop too much. 2 photog. Treat with developer for too long.,Overdevelop  ,1 develop too much. 2 photog. Treat with developer for too long.,3.0
"Overdo  |  1 carry to excess, go too far. 2  Overcook.  overdo it  colloq. Exhaust oneself.",Overdo  ,"1 carry to excess, go too far. 2  Overcook.  overdo it  colloq. Exhaust oneself.",2.3
Overdose  | Excessive dose of a drug etc.,Overdose  ,Excessive dose of a drug etc.,2.3
Overdraft  | 1 overdrawing of a bank account. 2 amount by which an account is overdrawn.,Overdraft  ,1 overdrawing of a bank account. 2 amount by which an account is overdrawn.,3.1
Overdraw  |  1 draw more from  than the amount credited. 2  Having overdrawn one's account.,Overdraw  ,1 draw more from  than the amount credited. 2  Having overdrawn one's account.,3.0
Overdress  | Dress with too much formality.,Overdress  ,Dress with too much formality.,2.5
Overdrive  | 1 mechanism in a vehicle providing a gear above top gear for economy at high speeds. 2 state of high activity.,Overdrive  ,1 mechanism in a vehicle providing a gear above top gear for economy at high speeds. 2 state of high activity.,3.5
"Overdue  | Past the due time for payment, arrival, return, etc.",Overdue  ,"Past the due time for payment, arrival, return, etc.",2.8
Overeager  | Excessively eager.,Overeager  ,Excessively eager.,2.7
Overeat  |  eat too much.,Overeat  ,eat too much.,3.0
Overemphasize  |   give too much emphasis to.,Overemphasize  ,give too much emphasis to.,2.5
Overenthusiasm  | Excessive enthusiasm.  overenthusiastic adj. Overenthusiastically adv.,Overenthusiasm  ,Excessive enthusiasm.  overenthusiastic adj. Overenthusiastically adv.,1.9
Overestimate  |  form too high an estimate of. —n. Too high an estimate.  overestimation n.,Overestimate  ,form too high an estimate of. —n. Too high an estimate.  overestimation n.,3.2
Overexcite  |  excite excessively.  overexcitement n.,Overexcite  ,excite excessively.  overexcitement n.,3.5
Overexert  | Exert too much.  overexertion n.,Overexert  ,Exert too much.  overexertion n.,3.4
Overexpose  |  1 expose too much to the public. 2 expose  too long.  overexposure n.,Overexpose  ,1 expose too much to the public. 2 expose  too long.  overexposure n.,3.8
Overfeed  |  feed excessively.,Overfeed  ,feed excessively.,2.5
Overfill  | Fill to excess or to overflowing.,Overfill  ,Fill to excess or to overflowing.,2.4
Overfish  | Deplete  By too much fishing.,Overfish  ,Deplete  By too much fishing.,3.0
Overflow  | 1 flow over . 2 a  Be so full that the contents overflow. B  overflow a container. 3  Extend beyond the limits of . 4 flood . 5  Be very abundant. —n. 1 what overflows or is superfluous. 2 outlet for excess water etc.,Overflow  ,1 flow over . 2 a  Be so full that the contents overflow. B  overflow a container. 3  Extend beyond the limits of . 4 flood . 5  Be very abundant. —n. 1 what overflows or is superfluous. 2 outlet for excess water etc.,3.5
Overfly  |  fly over or beyond .,Overfly  ,fly over or beyond .,3.1
Overfond  |  having too great an affection or liking for .,Overfond  ,having too great an affection or liking for .,3.2
Overfull  | Filled excessively.,Overfull  ,Filled excessively.,2.1
Overground  | 1 raised above the ground. 2 not underground.,Overground  ,1 raised above the ground. 2 not underground.,3.3
Overgrown  | 1 grown too big. 2 wild; covered with weeds etc.  overgrowth n.,Overgrown  ,1 grown too big. 2 wild; covered with weeds etc.  overgrowth n.,2.8
Overhang  |  project or hang over. —n. 1 overhanging. 2 overhanging part or amount.,Overhang  ,project or hang over. —n. 1 overhanging. 2 overhanging part or amount.,3.0
"Overhaul  | 1 thoroughly examine the condition of and repair if necessary. 2 overtake. —n. Thorough examination, with repairs if necessary.",Overhaul  ,"1 thoroughly examine the condition of and repair if necessary. 2 overtake. —n. Thorough examination, with repairs if necessary.",2.6
Overhead  —| 1 above head height. 2 in the sky. —adj. Placed overhead. —n.  Routine administrative and maintenance expenses of a business.,Overhead  ,1 above head height. 2 in the sky. —adj. Placed overhead. —n.  Routine administrative and maintenance expenses of a business.,3.4
Overhead projector  | Projector for producing an enlarged image of a transparency.,Overhead projector  ,Projector for producing an enlarged image of a transparency.,3.9
Overhear  |   Hear unintentionally or as an eavesdropper.,Overhear  ,Hear unintentionally or as an eavesdropper.,2.5
Overheat  | 1 make or become too hot. 2 cause inflation  by placing excessive pressure on resources at a time of expanding demand. 3  Overexcited.,Overheat  ,1 make or become too hot. 2 cause inflation  by placing excessive pressure on resources at a time of expanding demand. 3  Overexcited.,2.5
Overindulge  |  indulge to excess.  overindulgence n. Overindulgent adj.,Overindulge  ,indulge to excess.  overindulgence n. Overindulgent adj.,2.4
Overjoyed  | Filled with great joy.,Overjoyed  ,Filled with great joy.,1.8
Overkill  | 1 excess of capacity to kill or destroy. 2 excess.,Overkill  ,1 excess of capacity to kill or destroy. 2 excess.,3.2
Overland  | & adv. 1 by land. 2 not by sea.,Overland  ,& adv. 1 by land. 2 not by sea.,2.8
Overlap  |  1  partly cover and extend beyond . 2  be placed so that one overlaps the other . 3 partly coincide. —n. 1 overlapping. 2 overlapping part or amount.,Overlap  ,1  partly cover and extend beyond . 2  be placed so that one overlaps the other . 3 partly coincide. —n. 1 overlapping. 2 overlapping part or amount.,2.9
Over-large  | Too large.,Over-large  ,Too large.,3.3
Overlay  |  1 lay over. 2  cover  with . —n. Thing laid over another.,Overlay  ,1 lay over. 2  cover  with . —n. Thing laid over another.,3.0
Overleaf  | On the other side of the leaf of a book.,Overleaf  ,On the other side of the leaf of a book.,2.6
Overlie  |  1 lie on top of. 2 smother  Thus.,Overlie  ,1 lie on top of. 2 smother  Thus.,2.9
Overload  | 1 load excessively . 2 put too great a demand on . —n. Excessive quantity or demand.,Overload  ,1 load excessively . 2 put too great a demand on . —n. Excessive quantity or demand.,2.7
Over-long  | & adv. Too long.,Over-long  ,& adv. Too long.,3.2
Overlook  | 1 fail to notice; tolerate. 2 have a view of from above. 3 supervise.,Overlook  ,1 fail to notice; tolerate. 2 have a view of from above. 3 supervise.,2.6
Overlord  | Supreme lord.,Overlord  ,Supreme lord.,2.9
Overly  | Excessively; too.,Overly  ,Excessively; too.,2.9
"Overman  |  provide with too large a crew, staff, etc.",Overman  ,"provide with too large a crew, staff, etc.",2.8
Over-much  —| To too great an extent. —adj. Excessive.,Over-much  ,To too great an extent. —adj. Excessive.,2.8
"Overnight  —| 1 for a night. 2 during the night. 3 instantly, suddenly. —adj. 1 done or for use etc. Overnight. 2 instant .",Overnight  ,"1 for a night. 2 during the night. 3 instantly, suddenly. —adj. 1 done or for use etc. Overnight. 2 instant .",3.2
Over-particular  | Excessively particular or fussy.,Over-particular  ,Excessively particular or fussy.,3.0
Overpass  | Road or railway line that passes over another by means of a bridge.,Overpass  ,Road or railway line that passes over another by means of a bridge.,3.4
Overpay  |  pay too highly or too much.  overpayment n.,Overpay  ,pay too highly or too much.  overpayment n.,2.5
Overplay  | Give undue importance to; overemphasize.  overplay one's hand act on an unduly optimistic estimation of one's chances.,Overplay  ,Give undue importance to; overemphasize.  overplay one's hand act on an unduly optimistic estimation of one's chances.,3.1
Overpopulated  | Having too large a population.  overpopulation n.,Overpopulated  ,Having too large a population.  overpopulation n.,1.5
"Overpower  | 1 subdue, conquer. 2  Be too intense or overwhelming for .  overpoweringly adv.",Overpower  ,"1 subdue, conquer. 2  Be too intense or overwhelming for .  overpoweringly adv.",3.7
Overprice  |  price too highly.,Overprice  ,price too highly.,2.7
Overprint  | Print over . —n. Words etc. Overprinted.,Overprint  ,Print over . —n. Words etc. Overprinted.,3.3
Overproduce  |  1  Produce more of  than is wanted. 2 produce  To an excessive degree. overproduction n.,Overproduce  ,1  Produce more of  than is wanted. 2 produce  To an excessive degree. overproduction n.,3.1
Overprotective  | Excessively protective.,Overprotective  ,Excessively protective.,1.6
Overqualified  | Too highly qualified for a particular job etc.,Overqualified  ,Too highly qualified for a particular job etc.,1.4
Overrate  |  1 assess or value too highly. 2  Not as good as it is said to be.,Overrate  ,1 assess or value too highly. 2  Not as good as it is said to be.,3.3
"Overreach  | Outwit, cheat.  overreach oneself fail by attempting too much.",Overreach  ,"Outwit, cheat.  overreach oneself fail by attempting too much.",2.4
Overreact  | Respond more forcibly than is justified.  overreaction n.,Overreact  ,Respond more forcibly than is justified.  overreaction n.,2.8
"Override  |  1  Have priority over . 2 a intervene and make ineffective. B interrupt the action of , esp. To take manual control. —n. 1 suspension of an automatic function. 2 device for this.",Override  ,"1  Have priority over . 2 a intervene and make ineffective. B interrupt the action of , esp. To take manual control. —n. 1 suspension of an automatic function. 2 device for this.",3.1
Overrider  | Each of a pair of projecting pieces on the bumper of a car.,Overrider  ,Each of a pair of projecting pieces on the bumper of a car.,3.2
Overripe  | Excessively ripe.,Overripe  ,Excessively ripe.,2.8
Overrule  |  1 set aside  By superior authority. 2 reject a proposal of  in this way.,Overrule  ,1 set aside  By superior authority. 2 reject a proposal of  in this way.,2.6
Overrun  |  1 swarm or spread over. 2 conquer  by force. 3  Exceed .,Overrun  ,1 swarm or spread over. 2 conquer  by force. 3  Exceed .,3.0
Overseas  —| Across the sea; abroad. —attrib. Adj. Of places across the sea; foreign.,Overseas  ,Across the sea; abroad. —attrib. Adj. Of places across the sea; foreign.,2.8
Oversee  |  officially supervise ; superintend.  overseer n.,Oversee  ,officially supervise ; superintend.  overseer n.,3.3
Over-sensitive  | Excessively sensitive; easily hurt or quick to react.  over-sensitiveness n. Over-sensitivity n.,Over-sensitive  ,Excessively sensitive; easily hurt or quick to react.  over-sensitiveness n. Over-sensitivity n.,3.0
Oversew  |  sew  with stitches passing over the join.,Oversew  ,sew  with stitches passing over the join.,2.8
Oversexed  | Having unusually strong sexual desires.,Oversexed  ,Having unusually strong sexual desires.,2.5
Overshadow  | 1 appear much more prominent or important than. 2 cast into the shade.,Overshadow  ,1 appear much more prominent or important than. 2 cast into the shade.,3.0
Overshoe  | Outer protective shoe worn over an ordinary one.,Overshoe  ,Outer protective shoe worn over an ordinary one.,2.4
Overshoot  |  1 pass or send beyond . 2 fly beyond or taxi too far along  when landing or taking off.  overshoot the mark go beyond what is intended or proper.,Overshoot  ,1 pass or send beyond . 2 fly beyond or taxi too far along  when landing or taking off.  overshoot the mark go beyond what is intended or proper.,2.6
Oversight  | 1 failure to do or notice something. 2 inadvertent mistake. 3 supervision.,Oversight  ,1 failure to do or notice something. 2 inadvertent mistake. 3 supervision.,3.3
Oversimplify  |   Distort  By stating it in too simple terms.  oversimplification n.,Oversimplify  ,Distort  By stating it in too simple terms.  oversimplification n.,2.8
Oversize  |  of greater than the usual size.,Oversize  ,of greater than the usual size.,3.0
Oversleep  |  sleep beyond the intended time of waking.,Oversleep  ,sleep beyond the intended time of waking.,2.6
Overspecialize  |    concentrate too much on one aspect or area.  overspecialization n.,Overspecialize  ,concentrate too much on one aspect or area.  overspecialization n.,3.8
Overspend  |  spend too much or beyond one's means.,Overspend  ,spend too much or beyond one's means.,3.8
Overspill  | 1 what is spilt over or overflows. 2 surplus population moving to a new area.,Overspill  ,1 what is spilt over or overflows. 2 surplus population moving to a new area.,3.3
Overspread  |  1 cover the surface of. 2   covered.,Overspread  ,1 cover the surface of. 2   covered.,2.5
Overstate  |  1 state too strongly. 2 exaggerate.  overstatement n.,Overstate  ,1 state too strongly. 2 exaggerate.  overstatement n.,2.9
Overstay  | Stay longer than .,Overstay  ,Stay longer than .,2.0
Oversteer  —| Tendency of a vehicle to turn more sharply than was intended. —v.  exhibit oversteer.,Oversteer  ,Tendency of a vehicle to turn more sharply than was intended. —v.  exhibit oversteer.,2.6
Overstep  |  pass beyond .  overstep the mark violate conventional behaviour etc.,Overstep  ,pass beyond .  overstep the mark violate conventional behaviour etc.,3.1
Overstock  | Stock excessively.,Overstock  ,Stock excessively.,3.7
Overstrain  | Strain too much.,Overstrain  ,Strain too much.,2.2
Overstretch  | 1 stretch too much. 2  Make excessive demands on .,Overstretch  ,1 stretch too much. 2  Make excessive demands on .,2.4
Overstrung  | 1   Too highly strung. 2   with strings in sets crossing each other obliquely.,Overstrung  ,1   Too highly strung. 2   with strings in sets crossing each other obliquely.,2.1
Overstuffed  | 1   made soft and comfortable by thick upholstery. 2 stuffed too full.,Overstuffed  ,1   made soft and comfortable by thick upholstery. 2 stuffed too full.,2.0
Oversubscribe  |   Subscribe for more than the amount available of .,Oversubscribe  ,Subscribe for more than the amount available of .,2.1
Overt  | Done openly; unconcealed.  overtly adv. ,Overt  ,Done openly; unconcealed.  overtly adv.,2.7
Overtake  |  1  Catch up with and pass while travelling in the same direction. 2  Come suddenly upon.,Overtake  ,1  Catch up with and pass while travelling in the same direction. 2  Come suddenly upon.,2.8
Overtax  | 1 make excessive demands on. 2 tax too heavily.,Overtax  ,1 make excessive demands on. 2 tax too heavily.,3.0
Over-the-top  | Colloq. Excessive.,Over-the-top  ,Colloq. Excessive.,4.2
"Overthrow  |  1 remove forcibly from power. 2 conquer, overcome. —n. Defeat, downfall.",Overthrow  ,"1 remove forcibly from power. 2 conquer, overcome. —n. Defeat, downfall.",2.5
Overtime  —| 1 time worked in addition to regular hours. 2 payment for this. —adv. In addition to regular hours.,Overtime  ,1 time worked in addition to regular hours. 2 payment for this. —adv. In addition to regular hours.,3.4
Overtone  | 1 mus. Any of the tones above the lowest in a harmonic series. 2 subtle extra quality or implication.,Overtone  ,1 mus. Any of the tones above the lowest in a harmonic series. 2 subtle extra quality or implication.,2.9
Overture  | 1 orchestral piece opening an opera etc. 2 composition in this style. 3  A opening of negotiations. B formal proposal or offer. ,Overture  ,1 orchestral piece opening an opera etc. 2 composition in this style. 3  A opening of negotiations. B formal proposal or offer.,2.9
Overturn  | 1  fall down or over. 2 reverse; overthrow.,Overturn  ,1  fall down or over. 2 reverse; overthrow.,3.5
Overuse  |  use too much. —n. Excessive use.,Overuse  ,use too much. —n. Excessive use.,2.8
Overview  | General survey.,Overview  ,General survey.,3.2
"Overweening  | Arrogant, presumptuous.",Overweening  ,"Arrogant, presumptuous.",2.8
Overweight  | Above an allowed or suitable weight. —n. Excess weight; preponderance.,Overweight  ,Above an allowed or suitable weight. —n. Excess weight; preponderance.,2.9
Overwhelm  | 1 overpower with emotion or a burden. 2 overcome by force of numbers. 3 bury or drown beneath a huge mass.,Overwhelm  ,1 overpower with emotion or a burden. 2 overcome by force of numbers. 3 bury or drown beneath a huge mass.,1.6
Overwhelming  | 1 too great to resist or overcome . 2 by a great number .  overwhelmingly adv.,Overwhelming  ,1 too great to resist or overcome . 2 by a great number .  overwhelmingly adv.,1.5
Overwind  |  wind  Beyond the proper stopping point.,Overwind  ,wind  Beyond the proper stopping point.,3.2
Overwork  | 1  work too hard. 2 weary or exhaust with too much work. 3  Make excessive use of . 4  = ~overwrought 2. —n. Excessive work.,Overwork  ,1  work too hard. 2 weary or exhaust with too much work. 3  Make excessive use of . 4  = ~overwrought 2. —n. Excessive work.,3.5
"Overwrought  | 1 overexcited, nervous, distraught. 2 too elaborate.",Overwrought  ,"1 overexcited, nervous, distraught. 2 too elaborate.",2.3
"Ovi-  | Form egg, ovum. ",Ovi-  ,"Form egg, ovum.",3.3
Oviduct  | Tube through which an ovum passes from the ovary.,Oviduct  ,Tube through which an ovum passes from the ovary.,3.1
Oviform  | Egg-shaped.,Oviform  ,Egg-shaped.,3.0
Ovine  | Of or like sheep. ,Ovine  ,Of or like sheep.,2.7
Oviparous  |  Producing young from eggs hatching after leaving the body. ,Oviparous  ,Producing young from eggs hatching after leaving the body.,2.3
Ovoid  |  egg-shaped. ,Ovoid  ,egg-shaped.,2.9
"Ovulate  |  produce ova or ovules, or discharge them from the ovary.  ovulation n. ",Ovulate  ,"produce ova or ovules, or discharge them from the ovary.  ovulation n.",2.5
Ovule  | Structure that contains the germ cell in a female plant. ,Ovule  ,Structure that contains the germ cell in a female plant.,3.0
Ovum  |  female egg-cell from which young develop after fertilization. ,Ovum  ,female egg-cell from which young develop after fertilization.,3.1
