"Tub  —| 1 open flat-bottomed usu. Round vessel. 2 tub-shaped  carton. 3 colloq. Bath. 4 colloq. Clumsy slow boat. —v.  plant, bathe, or wash in a tub. ",Tub  ,"1 open flat-bottomed usu. Round vessel. 2 tub-shaped  carton. 3 colloq. Bath. 4 colloq. Clumsy slow boat. —v.  plant, bathe, or wash in a tub.",3.0
Tuba  |  low-pitched brass wind instrument. ,Tuba  ,low-pitched brass wind instrument.,3.1
Tubby  |  short and fat.  tubbiness n.,Tubby  ,short and fat.  tubbiness n.,3.1
"Tube  —| 1 long hollow cylinder. 2 soft metal or plastic cylinder sealed at one end and holding a semi-liquid substance . 3 hollow cylindrical organ in the body. 4  colloq. London underground . 5 a cathode-ray tube, esp. In a television set. B  esp. Us colloq. Television. 6 us thermionic valve. 7 = ~inner tube. 8 austral. Slang can of beer. —v.  1 equip with tubes. 2 enclose in a tube. ",Tube  ,"1 long hollow cylinder. 2 soft metal or plastic cylinder sealed at one end and holding a semi-liquid substance . 3 hollow cylindrical organ in the body. 4  colloq. London underground . 5 a cathode-ray tube, esp. In a television set. B  esp. Us colloq. Television. 6 us thermionic valve. 7 = ~inner tube. 8 austral. Slang can of beer. —v.  1 equip with tubes. 2 enclose in a tube.",3.0
"Tuber  | 1 thick rounded part of a stem or rhizome, usu. Found underground and covered with modified buds, e.g. In a potato. 2 similar root of a dahlia etc. ",Tuber  ,"1 thick rounded part of a stem or rhizome, usu. Found underground and covered with modified buds, e.g. In a potato. 2 similar root of a dahlia etc.",2.9
"Tubercle  | Small rounded swelling on the body or in an organ, esp. As characteristic of tuberculosis.  tuberculous adj. ",Tubercle  ,"Small rounded swelling on the body or in an organ, esp. As characteristic of tuberculosis.  tuberculous adj.",2.9
Tubercle bacillus  | Bacterium causing tuberculosis.,Tubercle bacillus  ,Bacterium causing tuberculosis.,2.5
Tubercular  | Of or having tubercles or tuberculosis.,Tubercular  ,Of or having tubercles or tuberculosis.,2.8
"Tuberculin  | Sterile liquid from cultures of tubercle bacillus, used in the diagnosis and treatment of tuberculosis.",Tuberculin  ,"Sterile liquid from cultures of tubercle bacillus, used in the diagnosis and treatment of tuberculosis.",2.7
Tuberculin-tested  |  from cows shown to be free of tuberculosis.,Tuberculin-tested  ,from cows shown to be free of tuberculosis.,3.5
"Tuberculosis  | Infectious bacterial disease marked by tubercles, esp. In the lungs.",Tuberculosis  ,"Infectious bacterial disease marked by tubercles, esp. In the lungs.",2.6
Tuberose  | Plant with scented white funnel-like flowers.,Tuberose  ,Plant with scented white funnel-like flowers.,2.8
Tuberous  | Having tubers; of or like a tuber.,Tuberous  ,Having tubers; of or like a tuber.,3.0
Tubing  | Length of tube or quantity of tubes.,Tubing  ,Length of tube or quantity of tubes.,2.7
Tub-thumper  | Colloq. Ranting preacher or orator.,Tub-thumper  ,Colloq. Ranting preacher or orator.,3.1
Tubular  | 1 tube-shaped. 2 having or consisting of tubes. 3  Having a tubular framework.,Tubular  ,1 tube-shaped. 2 having or consisting of tubes. 3  Having a tubular framework.,2.9
Tubular bells  |pl. Orchestral instrument of vertically suspended brass tubes struck with a hammer.,Tubular bells  ,pl. Orchestral instrument of vertically suspended brass tubes struck with a hammer.,3.6
Tubule  | Small tube in a plant or animal body. ,Tubule  ,Small tube in a plant or animal body.,2.7
"Tuck  | 1  a draw, fold, or turn the outer or end parts of  Close together so as to be held; push in the edge of  so as to confine it . B push in the edges of bedclothes around  . 2 draw together into a small space . 3 stow  away in a specified place or way . 4 make a stitched fold in . —n. 1 flattened usu. Stitched fold in cloth etc. 2 colloq. Food, esp. Cakes and sweets .  tuck in colloq. Eat heartily. Tuck into  colloq. Eat  heartily . ",Tuck  ,"1  a draw, fold, or turn the outer or end parts of  Close together so as to be held; push in the edge of  so as to confine it . B push in the edges of bedclothes around  . 2 draw together into a small space . 3 stow  away in a specified place or way . 4 make a stitched fold in . —n. 1 flattened usu. Stitched fold in cloth etc. 2 colloq. Food, esp. Cakes and sweets .  tuck in colloq. Eat heartily. Tuck into  colloq. Eat  heartily .",2.7
Tucker  —| 1 hist. Piece of lace or linen etc. In or on a woman's bodice. 2 austral. & nz slang food. —v.  us & austral. Colloq. Tire.,Tucker  ,1 hist. Piece of lace or linen etc. In or on a woman's bodice. 2 austral. & nz slang food. —v.  us & austral. Colloq. Tire.,3.0
Tuck-in  | Colloq. Large meal.,Tuck-in  ,Colloq. Large meal.,3.0
Tuck shop  | Small shop selling sweets etc. To schoolchildren.,Tuck shop  ,Small shop selling sweets etc. To schoolchildren.,2.9
"Tudor  | 1 of the royal family of england 1485–1603 or this period. 2 of the architectural style of this period, esp. With half-timbering. ",Tudor  ,"1 of the royal family of england 1485–1603 or this period. 2 of the architectural style of this period, esp. With half-timbering.",2.9
Tuesday  —| Day of the week following monday. —adv. 1 colloq. On tuesday. 2  on tuesdays; each tuesday. ,Tuesday  ,Day of the week following monday. —adv. 1 colloq. On tuesday. 2  on tuesdays; each tuesday.,3.4
Tufa  | 1 porous limestone rock formed round mineral springs. 2 = ~tuff. ,Tufa  ,1 porous limestone rock formed round mineral springs. 2 = ~tuff.,2.8
Tuff  | Rock formed from volcanic ash. ,Tuff  ,Rock formed from volcanic ash.,2.5
Tuffet  | Clump of grass; small mound. ,Tuffet  ,Clump of grass; small mound.,3.3
"Tuft  | Bunch or collection of threads, grass, feathers, hair, etc., held or growing together at the base.  tufted adj. Tufty adj. ",Tuft  ,"Bunch or collection of threads, grass, feathers, hair, etc., held or growing together at the base.  tufted adj. Tufty adj.",3.0
"Tug  |  1  pull hard or violently; jerk. 2 tow  By a tugboat. —n. 1 hard, violent, or jerky pull. 2 sudden strong emotion. 3 small powerful boat for towing ships. ",Tug  ,"1  pull hard or violently; jerk. 2 tow  By a tugboat. —n. 1 hard, violent, or jerky pull. 2 sudden strong emotion. 3 small powerful boat for towing ships.",3.2
Tugboat  | = ~tug n. 3.,Tugboat  ,= ~tug n. 3.,2.7
Tug of love  | Colloq. Dispute over the custody of a child.,Tug of love  ,Colloq. Dispute over the custody of a child.,4.1
Tug of war  | 1 trial of strength between two sides pulling opposite ways on a rope. 2 decisive or severe contest.,Tug of war  ,1 trial of strength between two sides pulling opposite ways on a rope. 2 decisive or severe contest.,2.7
"Tuition  | 1 teaching, esp. If paid for. 2 fee for this. ",Tuition  ,"1 teaching, esp. If paid for. 2 fee for this.",2.4
Tulip  | 1 bulbous spring-flowering plant with showy cup-shaped flowers. 2 its flower. ,Tulip  ,1 bulbous spring-flowering plant with showy cup-shaped flowers. 2 its flower.,2.6
Tulip-tree  | Tree producing tulip-like flowers.,Tulip-tree  ,Tree producing tulip-like flowers.,2.9
Tulle  | Soft fine silk etc. Net for veils and dresses. ,Tulle  ,Soft fine silk etc. Net for veils and dresses.,3.2
Tum  | Colloq. Stomach. ,Tum  ,Colloq. Stomach.,2.8
"Tumble  |  1  fall suddenly, clumsily, or headlong. 2 fall rapidly in amount etc. . 3  roll or toss to and fro. 4 move or rush in a headlong or blundering manner. 5  colloq. Grasp the meaning behind an idea, circumstance, etc. . 6 overturn; fling or push roughly or carelessly. 7 perform acrobatic feats, esp. Somersaults. 8 rumple or disarrange. —n. 1 sudden or headlong fall. 2 somersault or other acrobatic feat. 3 untidy or confused state. ",Tumble  ,"1  fall suddenly, clumsily, or headlong. 2 fall rapidly in amount etc. . 3  roll or toss to and fro. 4 move or rush in a headlong or blundering manner. 5  colloq. Grasp the meaning behind an idea, circumstance, etc. . 6 overturn; fling or push roughly or carelessly. 7 perform acrobatic feats, esp. Somersaults. 8 rumple or disarrange. —n. 1 sudden or headlong fall. 2 somersault or other acrobatic feat. 3 untidy or confused state.",2.9
Tumbledown  | Falling or fallen into ruin; dilapidated.,Tumbledown  ,Falling or fallen into ruin; dilapidated.,2.9
Tumble-drier  |  machine for drying washing in a heated rotating drum.  tumble-dry v.,Tumble-drier  ,machine for drying washing in a heated rotating drum.  tumble-dry v.,3.2
Tumbler  | 1 drinking-glass with no handle or foot. 2 acrobat. 3 part of a lock that holds the bolt until lifted by a key. 4 a kind of pigeon that turns over backwards in flight.,Tumbler  ,1 drinking-glass with no handle or foot. 2 acrobat. 3 part of a lock that holds the bolt until lifted by a key. 4 a kind of pigeon that turns over backwards in flight.,2.9
Tumbrel  |  hist. Open cart in which condemned persons were taken to the guillotine in the french revolution. ,Tumbrel  ,hist. Open cart in which condemned persons were taken to the guillotine in the french revolution.,2.9
Tumescent  | Swelling.  tumescence n. ,Tumescent  ,Swelling.  tumescence n.,2.7
"Tumid  | 1 swollen, inflated. 2  Inflated, bombastic.  tumidity n.",Tumid  ,"1 swollen, inflated. 2  Inflated, bombastic.  tumidity n.",2.7
Tummy  |  colloq. Stomach. ,Tummy  ,colloq. Stomach.,3.3
Tummy-button  | Navel.,Tummy-button  ,Navel.,3.1
"Tumor  |  a swelling, esp. From an abnormal growth of tissue.  tumorous adj. ",Tumor  ,"a swelling, esp. From an abnormal growth of tissue.  tumorous adj.",2.3
"Tumour  |  a swelling, esp. From an abnormal growth of tissue.  tumorous adj. ",Tumour  ,"a swelling, esp. From an abnormal growth of tissue.  tumorous adj.",2.7
"Tumult  | 1 uproar or din, esp. Of a disorderly crowd. 2 angry demonstration by a mob; riot. 3 conflict of emotions in the mind. ",Tumult  ,"1 uproar or din, esp. Of a disorderly crowd. 2 angry demonstration by a mob; riot. 3 conflict of emotions in the mind.",2.5
Tumultuous  | Noisy; turbulent; violent.,Tumultuous  ,Noisy; turbulent; violent.,1.3
Tumulus  |  ancient burial mound. ,Tumulus  ,ancient burial mound.,2.8
Tun  | 1 large beer or wine cask. 2 brewer's fermenting-vat. ,Tun  ,1 large beer or wine cask. 2 brewer's fermenting-vat.,2.7
Tuna  |  1 large edible marine fish. 2  its flesh as food. ,Tuna  ,1 large edible marine fish. 2  its flesh as food.,2.8
Tundra  | Vast level treeless arctic region with underlying permafrost. ,Tundra  ,Vast level treeless arctic region with underlying permafrost.,3.1
"Tune  —| Melody. —v.  1 put  in tune. 2 a adjust  To the frequency of a signal. B  adjust a radio receiver to the required signal. 3 adjust  To run efficiently.  in  tune 1 having  the correct pitch or intonation . 2  harmonizing  with one's company, surroundings, etc. To the tune of colloq. To the considerable sum of. Tuned in  colloq. Acquainted; in rapport; up to date. Tune up 1 bring one's instrument to the proper pitch. 2 bring to the most efficient condition. ",Tune  ,"Melody. —v.  1 put  in tune. 2 a adjust  To the frequency of a signal. B  adjust a radio receiver to the required signal. 3 adjust  To run efficiently.  in  tune 1 having  the correct pitch or intonation . 2  harmonizing  with one's company, surroundings, etc. To the tune of colloq. To the considerable sum of. Tuned in  colloq. Acquainted; in rapport; up to date. Tune up 1 bring one's instrument to the proper pitch. 2 bring to the most efficient condition.",2.7
"Tuneful  | Melodious, musical.  tunefully adv.",Tuneful  ,"Melodious, musical.  tunefully adv.",3.5
"Tuneless  | Unmelodious, unmusical.  tunelessly adv.",Tuneless  ,"Unmelodious, unmusical.  tunelessly adv.",2.7
"Tuner  | 1 person who tunes musical instruments, esp. Pianos. 2  a part of a radio or television receiver for tuning. B radio receiver as a separate unit in a high-fi system. 3 electronic device for tuning a guitar etc.",Tuner  ,"1 person who tunes musical instruments, esp. Pianos. 2  a part of a radio or television receiver for tuning. B radio receiver as a separate unit in a high-fi system. 3 electronic device for tuning a guitar etc.",2.4
Tungsten  | Dense metallic element with a very high melting point. ,Tungsten  ,Dense metallic element with a very high melting point.,3.3
Tunic  | 1 close-fitting short coat of police or military etc. Uniform. 2 loose often sleeveless garment reaching to the knees. ,Tunic  ,1 close-fitting short coat of police or military etc. Uniform. 2 loose often sleeveless garment reaching to the knees.,2.7
Tuning-fork  | Two-pronged steel fork giving a particular note when struck.,Tuning-fork  ,Two-pronged steel fork giving a particular note when struck.,3.3
"Tunnel  —| 1 underground passage dug through a hill or under a road, river, etc., esp. For a railway or road. 2 underground passage dug by an animal. —v.  1  Make a tunnel through. 2 make  by tunnelling. ",Tunnel  ,"1 underground passage dug through a hill or under a road, river, etc., esp. For a railway or road. 2 underground passage dug by an animal. —v.  1  Make a tunnel through. 2 make  by tunnelling.",2.8
Tunnel vision  | 1 vision which is poor or lost outside the centre of the normal field of vision. 2 colloq. Inability to grasp a situation's wider implications.,Tunnel vision  ,1 vision which is poor or lost outside the centre of the normal field of vision. 2 colloq. Inability to grasp a situation's wider implications.,3.4
Tunny  |  = ~tuna. ,Tunny  ,= ~tuna.,2.9
Tup  —| Ram. —v.   copulate with . ,Tup  ,Ram. —v.   copulate with .,2.8
Tupi  —|  1 member of an american indian people of the amazon valley. 2 their language. —adj. Of this people or language. ,Tupi  ,1 member of an american indian people of the amazon valley. 2 their language. —adj. Of this people or language.,3.2
Tuppence  | = ~twopence. ,Tuppence  ,= ~twopence.,2.5
Tuppenny  | = ~twopenny. ,Tuppenny  ,= ~twopenny.,2.6
Tupperware  | Propr. Range of plastic containers for storing food. ,Tupperware  ,Propr. Range of plastic containers for storing food.,2.4
"Turban  | 1 man's headdress of fabric wound round a cap or the head, worn esp. By muslims and sikhs. 2 woman's hat resembling this.  turbaned adj. ",Turban  ,"1 man's headdress of fabric wound round a cap or the head, worn esp. By muslims and sikhs. 2 woman's hat resembling this.  turbaned adj.",2.9
"Turbid  | 1  muddy, thick; not clear. 2  Confused, disordered.  turbidity n. ",Turbid  ,"1  muddy, thick; not clear. 2  Confused, disordered.  turbidity n.",2.3
"Turbine  | Rotary motor driven by a flow of water, steam, gas, wind, etc. ",Turbine  ,"Rotary motor driven by a flow of water, steam, gas, wind, etc.",2.6
Turbo  |  = ~turbocharger.,Turbo  ,= ~turbocharger.,3.9
Turbo-  | Form turbine.,Turbo-  ,Form turbine.,4.6
Turbocharger  | Supercharger driven by a turbine powered by the engine's exhaust gases.,Turbocharger  ,Supercharger driven by a turbine powered by the engine's exhaust gases.,4.1
Turbofan  | Jet engine in which a turbine-driven fan provides additional thrust.,Turbofan  ,Jet engine in which a turbine-driven fan provides additional thrust.,4.2
Turbojet  | 1 jet engine in which the jet also operates a turbine-driven air-compressor. 2 aircraft powered by this.,Turbojet  ,1 jet engine in which the jet also operates a turbine-driven air-compressor. 2 aircraft powered by this.,4.2
Turboprop  | 1 jet engine in which a turbine is used as in a turbojet and also to drive a propeller. 2 aircraft powered by this. ,Turboprop  ,1 jet engine in which a turbine is used as in a turbojet and also to drive a propeller. 2 aircraft powered by this.,3.1
Turbot  |  large european flat-fish prized as food. ,Turbot  ,large european flat-fish prized as food.,4.1
Turbulent  | 1 disturbed; in commotion. 2  Varying irregularly. 3 restless; riotous.  turbulence n. Turbulently adv. ,Turbulent  ,1 disturbed; in commotion. 2  Varying irregularly. 3 restless; riotous.  turbulence n. Turbulently adv.,2.1
Turco-  | Form  turkish; turkish and. ,Turco-  ,Form  turkish; turkish and.,3.4
Turd  | Coarse slang 1 lump of excrement. 2 contemptible person. ,Turd  ,Coarse slang 1 lump of excrement. 2 contemptible person.,2.9
Tureen  | Deep covered dish for soup. ,Tureen  ,Deep covered dish for soup.,2.9
Turf  —|  1 a layer of grass etc. With earth and matted roots as the surface of grassland. B piece of this cut from the ground. 2 slab of peat for fuel. 3  a horse-racing generally. B general term for racecourses. —v. 1 cover  with turf. 2  colloq. Expel or eject .  turfy adj. ,Turf  ,1 a layer of grass etc. With earth and matted roots as the surface of grassland. B piece of this cut from the ground. 2 slab of peat for fuel. 3  a horse-racing generally. B general term for racecourses. —v. 1 cover  with turf. 2  colloq. Expel or eject .  turfy adj.,2.6
Turf accountant  | Bookmaker.,Turf accountant  ,Bookmaker.,2.8
Turgescent  | Becoming turgid.  turgescence n. ,Turgescent  ,Becoming turgid.  turgescence n.,3.0
"Turgid  | 1 swollen, inflated. 2  pompous, bombastic.  turgidity n. ",Turgid  ,"1 swollen, inflated. 2  pompous, bombastic.  turgidity n.",2.9
"Turk  | 1 a native or national of turkey. B person of turkish descent. 2 member of a central asian people from whom the ottomans derived, speaking a turkic language. 3 offens. Ferocious or wild person.",Turk  ,"1 a native or national of turkey. B person of turkish descent. 2 member of a central asian people from whom the ottomans derived, speaking a turkic language. 3 offens. Ferocious or wild person.",2.9
Turkey  |  1 large orig. American bird bred for food. 2 its flesh as food. 3 us slang theatrical failure; flop.  talk turkey us colloq. Talk frankly; get down to business. ,Turkey  ,1 large orig. American bird bred for food. 2 its flesh as food. 3 us slang theatrical failure; flop.  talk turkey us colloq. Talk frankly; get down to business.,3.3
Turkeycock  | Male turkey.,Turkeycock  ,Male turkey.,3.3
Turki  | Of a group of languages and peoples including turkish. —n. This group.  turkic adj. ,Turki  ,Of a group of languages and peoples including turkish. —n. This group.  turkic adj.,3.2
"Turkish  | Of turkey, the turks, or their language. —n. This language.",Turkish  ,"Of turkey, the turks, or their language. —n. This language.",2.8
"Turkish bath  | 1 hot-air or steam bath followed by washing, massage, etc. 2  Building for this.",Turkish bath  ,"1 hot-air or steam bath followed by washing, massage, etc. 2  Building for this.",2.8
Turkish carpet  | Wool carpet with a thick pile and traditional bold design.,Turkish carpet  ,Wool carpet with a thick pile and traditional bold design.,3.4
Turkish coffee  | Strong black coffee.,Turkish coffee  ,Strong black coffee.,2.9
Turkish delight  | Sweet of lumps of flavoured gelatine coated in powdered sugar.,Turkish delight  ,Sweet of lumps of flavoured gelatine coated in powdered sugar.,3.4
Turkish towel  | Towel made of cotton terry.,Turkish towel  ,Towel made of cotton terry.,3.1
Turko-  | Of ~turco-.,Turko-  ,Of ~turco-.,3.3
Turk's head  | Turban-like ornamental knot.,Turk,Turban-like ornamental knot.,2.9
Turmeric  | 1 e. Indian plant of the ginger family. 2 its powdered rhizome used as a spice in curry etc. Or for yellow dye. ,Turmeric  ,1 e. Indian plant of the ginger family. 2 its powdered rhizome used as a spice in curry etc. Or for yellow dye.,2.9
Turmoil  | 1 violent confusion; agitation. 2 din and bustle. ,Turmoil  ,1 violent confusion; agitation. 2 din and bustle.,3.1
"Turn  | 1 move around a point or axis; give or receive a rotary motion . 2 change in position so that a different side, end, or part becomes outermost or uppermost etc.; invert or reverse . 3 a give a new direction to . B take a new direction . 4 aim in a certain way . 5  change in nature, form, or condition to . 6  a set about . B have recourse to . C go on to consider next . 7 become . 8 a  make or become hostile to . B  become hostile to; attack . 9  change colour. 10  become sour. 11  be nauseated. 12 cause  to become sour or  to be nauseated. 13  become giddy. 14 translate . 15 move to the other side of; go round . 16 pass the age or time of . 17  depend on; be determined by. 18 send or put; cause to go . 19 perform . 20 remake  putting the less worn outer side on the inside. 21 make . 22 divert . 23 blunt . 24 shape  on a lathe. 25 give an  form to . 26  change direction. —n. 1 turning; rotary motion. 2 changed or a change of direction or tendency . 3 point at which a turning or change occurs. 4 turning of a road. 5 change of direction of the tide. 6 change in the course of events . 7 tendency or disposition; facility of forming . 8 opportunity or obligation etc. That comes successively to each of several persons etc. . 9 short walk or ride . 10 short performance, variety act. 11 service of a specified kind . 12 purpose . 13 colloq. Momentary nervous shock . 14 mus. Ornament consisting of the principal note with those above and below it.  at every turn continually. By turns in rotation; alternately. In turn in succession. In one's turn when one's turn comes.",Turn  ,"1 move around a point or axis; give or receive a rotary motion . 2 change in position so that a different side, end, or part becomes outermost or uppermost etc.; invert or reverse . 3 a give a new direction to . B take a new direction . 4 aim in a certain way . 5  change in nature, form, or condition to . 6  a set about . B have recourse to . C go on to consider next . 7 become . 8 a  make or become hostile to . B  become hostile to; attack . 9  change colour. 10  become sour. 11  be nauseated. 12 cause  to become sour or  to be nauseated. 13  become giddy. 14 translate . 15 move to the other side of; go round . 16 pass the age or time of . 17  depend on; be determined by. 18 send or put; cause to go . 19 perform . 20 remake  putting the less worn outer side on the inside. 21 make . 22 divert . 23 blunt . 24 shape  on a lathe. 25 give an  form to . 26  change direction. —n. 1 turning; rotary motion. 2 changed or a change of direction or tendency . 3 point at which a turning or change occurs. 4 turning of a road. 5 change of direction of the tide. 6 change in the course of events . 7 tendency or disposition; facility of forming . 8 opportunity or obligation etc. That comes successively to each of several persons etc. . 9 short walk or ride . 10 short performance, variety act. 11 service of a specified kind . 12 purpose . 13 colloq. Momentary nervous shock . 14 mus. Ornament consisting of the principal note with those above and below it.  at every turn continually. By turns in rotation; alternately. In turn in succession. In one's turn when one's turn comes.",2.8
Turn-about  | 1 turning about. 2 abrupt change of policy etc.,Turn-about  ,1 turning about. 2 abrupt change of policy etc.,3.1
Turn-buckle  | Threaded device for tightly connecting parts of a metal rod or wire.,Turn-buckle  ,Threaded device for tightly connecting parts of a metal rod or wire.,3.2
Turncoat  | Person who changes sides.,Turncoat  ,Person who changes sides.,3.0
Turner  | Person who works with a lathe.,Turner  ,Person who works with a lathe.,2.8
Turnery  | 1 objects made on a lathe. 2 work with a lathe.,Turnery  ,1 objects made on a lathe. 2 work with a lathe.,3.1
Turning  | 1 a road that branches off another. B place where this occurs. 2 a use of a lathe. B  Chips or shavings from a lathe.,Turning  ,1 a road that branches off another. B place where this occurs. 2 a use of a lathe. B  Chips or shavings from a lathe.,2.7
Turning-circle  | Smallest circle in which a vehicle can turn without reversing.,Turning-circle  ,Smallest circle in which a vehicle can turn without reversing.,3.4
Turning-point  | Point at which a decisive change occurs.,Turning-point  ,Point at which a decisive change occurs.,3.1
Turnip  | 1 plant with a globular root. 2 its root as a vegetable.  turnipy adj. ,Turnip  ,1 plant with a globular root. 2 its root as a vegetable.  turnipy adj.,2.8
Turnip-top  | Turnip leaves as a vegetable.,Turnip-top  ,Turnip leaves as a vegetable.,4.1
Turnkey  |  archaic jailer.,Turnkey  ,archaic jailer.,2.9
Turn-off  | 1 turning off a main road. 2 colloq. Something that repels or causes a loss of interest.,Turn-off  ,1 turning off a main road. 2 colloq. Something that repels or causes a loss of interest.,3.1
Turn-on  | Colloq. Person or thing that causes  excitement.,Turn-on  ,Colloq. Person or thing that causes  excitement.,2.9
"Turnout  | 1 number of people attending a meeting, voting at an election, etc. 2 set or display of equipment, clothes, etc.",Turnout  ,"1 number of people attending a meeting, voting at an election, etc. 2 set or display of equipment, clothes, etc.",2.9
Turnover  | 1 act of turning over. 2 gross amount of money taken in a business. 3 rate at which goods are sold and replaced in a shop. 4 rate at which people enter and leave employment etc. 5 small pie made by folding pastry over a filling.,Turnover  ,1 act of turning over. 2 gross amount of money taken in a business. 3 rate at which goods are sold and replaced in a shop. 4 rate at which people enter and leave employment etc. 5 small pie made by folding pastry over a filling.,2.7
Turnpike  | 1 hist. A toll-gate. B road on which a toll was charged. 2 us motorway on which a toll is charged.,Turnpike  ,1 hist. A toll-gate. B road on which a toll was charged. 2 us motorway on which a toll is charged.,2.5
"Turn-round  | 1 a unloading and reloading between trips. B receiving, processing, and sending out again; progress through a system. 2 reversal of an opinion or tendency.",Turn-round  ,"1 a unloading and reloading between trips. B receiving, processing, and sending out again; progress through a system. 2 reversal of an opinion or tendency.",3.8
Turnstile  | Gate with revolving arms allowing people through singly.,Turnstile  ,Gate with revolving arms allowing people through singly.,3.4
Turntable  | 1 circular revolving plate on which records are played. 2 circular revolving platform for turning a railway locomotive.,Turntable  ,1 circular revolving plate on which records are played. 2 circular revolving platform for turning a railway locomotive.,2.8
Turn-up  | 1 turned up end of a trouser leg. 2 colloq. Unexpected happening.,Turn-up  ,1 turned up end of a trouser leg. 2 colloq. Unexpected happening.,3.1
Turpentine  | Resin from any of various trees. ,Turpentine  ,Resin from any of various trees.,2.7
Turpentine substitute  | = ~white spirit.,Turpentine substitute  ,= ~white spirit.,2.6
"Turpitude  | Formal depravity, wickedness. ",Turpitude  ,"Formal depravity, wickedness.",2.8
Turps  | Colloq. Oil of turpentine. ,Turps  ,Colloq. Oil of turpentine.,2.6
"Turquoise  —| 1 semiprecious stone, usu. Opaque and greenish- or sky-blue. 2 greenish-blue colour. —adj. Of this colour. ",Turquoise  ,"1 semiprecious stone, usu. Opaque and greenish- or sky-blue. 2 greenish-blue colour. —adj. Of this colour.",2.1
"Turret  | 1 small tower, esp. Decorating a building. 2 low flat usu. Revolving armoured tower for a gun and gunners in a ship, aircraft, fort, or tank. 3 rotating holder for tools in a lathe etc.  turreted adj. ",Turret  ,"1 small tower, esp. Decorating a building. 2 low flat usu. Revolving armoured tower for a gun and gunners in a ship, aircraft, fort, or tank. 3 rotating holder for tools in a lathe etc.  turreted adj.",3.2
"Turtle  | 1 aquatic reptile with flippers and a horny shell. 2 its flesh, used for soup.  turn turtle capsize. ",Turtle  ,"1 aquatic reptile with flippers and a horny shell. 2 its flesh, used for soup.  turn turtle capsize.",2.8
Turtle-dove  | Wild dove noted for its soft cooing and affection for its mate. ,Turtle-dove  ,Wild dove noted for its soft cooing and affection for its mate.,3.0
Turtle-neck  | High close-fitting neck on a knitted garment.,Turtle-neck  ,High close-fitting neck on a knitted garment.,3.0
Tuscan  —| 1 inhabitant of tuscany. 2 form of italian spoken in tuscany; standard italian. —adj. 1 of tuscany or the tuscans. 2 archit. Of the plainest of the classical orders. ,Tuscan  ,1 inhabitant of tuscany. 2 form of italian spoken in tuscany; standard italian. —adj. 1 of tuscany or the tuscans. 2 archit. Of the plainest of the classical orders.,3.3
"Tusk  | Long pointed tooth, esp. Protruding from a closed mouth, as in the elephant, walrus, etc.  tusked adj. ",Tusk  ,"Long pointed tooth, esp. Protruding from a closed mouth, as in the elephant, walrus, etc.  tusked adj.",2.8
"Tussle  —| Struggle, scuffle. —v.  engage in a tussle. ",Tussle  ,"Struggle, scuffle. —v.  engage in a tussle.",2.9
Tussock  | Clump of grass etc.  tussocky adj. ,Tussock  ,Clump of grass etc.  tussocky adj.,2.4
Tut  | Of ~tut-tut.,Tut  ,Of ~tut-tut.,2.7
Tutelage  | 1 guardianship. 2 being under this. 3 tuition. ,Tutelage  ,1 guardianship. 2 being under this. 3 tuition.,2.7
Tutelary  | 1 a serving as guardian. B of a guardian. 2 giving protection. ,Tutelary  ,1 a serving as guardian. B of a guardian. 2 giving protection.,2.8
Tutor  —| 1 private teacher. 2 university teacher supervising the studies or welfare of assigned undergraduates. —v. 1 act as tutor to. 2 work as a tutor. tutorship n. ,Tutor  ,1 private teacher. 2 university teacher supervising the studies or welfare of assigned undergraduates. —v. 1 act as tutor to. 2 work as a tutor. tutorship n.,2.9
Tutorial  | Of a tutor or tuition. —n. Period of undergraduate tuition individually or in a small group. ,Tutorial  ,Of a tutor or tuition. —n. Period of undergraduate tuition individually or in a small group.,2.9
Tutti  mus. | & adv. With all voices or instruments together. —n.  such a passage. ,Tutti  mus,& adv. With all voices or instruments together. —n.  such a passage.,3.7
Tutti-frutti  |  ice-cream containing small pieces of mixed glacé fruit. ,Tutti-frutti  ,ice-cream containing small pieces of mixed glacé fruit.,3.6
Tut-tut   | Expressing disapproval or impatience. —n. Such an exclamation. —v.  exclaim this. ,Tut-tut   ,Expressing disapproval or impatience. —n. Such an exclamation. —v.  exclaim this.,3.3
Tutu  | Ballet dancer's short skirt of stiffened frills. ,Tutu  ,Ballet dancer's short skirt of stiffened frills.,2.7
"Tu-whit, tu-whoo  | Representation of the cry of an owl. ",Tu-whit,Representation of the cry of an owl.,3.0
Tux  | Us colloq. = ~tuxedo. ,Tux  ,Us colloq. = ~tuxedo.,2.9
Tuxedo  |  us 1 dinner-jacket. 2 suit of clothes including this. ,Tuxedo  ,us 1 dinner-jacket. 2 suit of clothes including this.,2.5
