Op  | Colloq. Operation. ,Op  ,Colloq. Operation.,3.1
Op-  see ~ob-.,Op-  see ,Op-  see ~ob-.,3.0
Opacity  | Opaqueness. ,Opacity  ,Opaqueness.,3.0
Opal  | Semiprecious stone usu. Of a milky or bluish colour and sometimes showing changing colours. ,Opal  ,Semiprecious stone usu. Of a milky or bluish colour and sometimes showing changing colours.,3.0
Opalescent  | Iridescent.  opalescence n.,Opalescent  ,Iridescent.  opalescence n.,2.8
"Opaline  | Opal-like, opalescent.",Opaline  ,"Opal-like, opalescent.",3.2
"Opaque  |  1 not transmitting light. 2 impenetrable to sight. 3 unintelligible. 4 unintelligent, stupid.  opaquely adv. Opaqueness n. ",Opaque  ,"1 not transmitting light. 2 impenetrable to sight. 3 unintelligible. 4 unintelligent, stupid.  opaquely adv. Opaqueness n.",3.1
Op art  | Colloq. = ~optical art. ,Op art  ,Colloq. = ~optical art.,3.7
"Open  | 1 not closed, locked, or blocked up; allowing access. 2 unenclosed, unconfined, unobstructed . 3 a uncovered, bare, exposed . B  Unprotected, undefended. 4 undisguised, public, manifest . 5 expanded, unfolded, or spread out . 6  not close; with gaps. 7 a frank and communicative. B open-minded. 8 a accessible to visitors or customers; ready for business. B  admitting all, not restricted to members etc. 9  Unrestricted as to who may compete. 10  a willing to receive . B  available . C vulnerable to, allowing of . 11  not restricted as to the day of travel. —v. 1 make or become open or more open. 2   Give access as specified . 3 a start, establish, or set going  . B start . 4  start; begin speaking, writing, etc. . 5 ceremonially declare  In use. —n. 1  a open space, country, or air. B public notice; general attention . 2 open championship or competition etc.  open a person's eyes enlighten a person. Open out 1 unfold. 2 develop, expand. 3 become communicative. Open up 1 unlock . 2 make accessible. 3 reveal; bring to notice. 4 accelerate. 5 begin shooting or sounding.  openness n. ",Open  ,"1 not closed, locked, or blocked up; allowing access. 2 unenclosed, unconfined, unobstructed . 3 a uncovered, bare, exposed . B  Unprotected, undefended. 4 undisguised, public, manifest . 5 expanded, unfolded, or spread out . 6  not close; with gaps. 7 a frank and communicative. B open-minded. 8 a accessible to visitors or customers; ready for business. B  admitting all, not restricted to members etc. 9  Unrestricted as to who may compete. 10  a willing to receive . B  available . C vulnerable to, allowing of . 11  not restricted as to the day of travel. —v. 1 make or become open or more open. 2   Give access as specified . 3 a start, establish, or set going  . B start . 4  start; begin speaking, writing, etc. . 5 ceremonially declare  In use. —n. 1  a open space, country, or air. B public notice; general attention . 2 open championship or competition etc.  open a person's eyes enlighten a person. Open out 1 unfold. 2 develop, expand. 3 become communicative. Open up 1 unlock . 2 make accessible. 3 reveal; bring to notice. 4 accelerate. 5 begin shooting or sounding.  openness n.",2.8
Open air  | Outdoors.  open-air attrib. Adj.,Open air  ,Outdoors.  open-air attrib. Adj.,2.8
Open-and-shut  | Straightforward.,Open-and-shut  ,Straightforward.,2.8
Open book  | Person who is easily understood.,Open book  ,Person who is easily understood.,2.9
"Opencast  |  with removal of the surface layers and working from above, not from shafts.",Opencast  ,"with removal of the surface layers and working from above, not from shafts.",3.1
Open college  | College offering training and vocational courses mainly by correspondence.,Open college  ,College offering training and vocational courses mainly by correspondence.,3.1
Open day  | Day when the public may visit a place normally closed to them.,Open day  ,Day when the public may visit a place normally closed to them.,3.0
"Open-door  | Adj. Open, accessible.",Open-door  ,"Adj. Open, accessible.",2.9
Open-ended  | Having no predetermined limit.,Open-ended  ,Having no predetermined limit.,1.6
"Opener  | 1 device for opening tins, bottles, etc. 2 colloq. First item on a programme etc.",Opener  ,"1 device for opening tins, bottles, etc. 2 colloq. First item on a programme etc.",2.6
Open-handed  | Generous.,Open-handed  ,Generous.,3.0
Open-hearted  | Frank and kindly.,Open-hearted  ,Frank and kindly.,2.8
Open-heart surgery  | Surgery with the heart exposed and the blood made to bypass it.,Open-heart surgery  ,Surgery with the heart exposed and the blood made to bypass it.,2.9
Open house  | Hospitality for all visitors.,Open house  ,Hospitality for all visitors.,3.0
"Opening  —| 1 aperture or gap. 2 opportunity. 3 beginning; initial part. —attrib. Adj. Initial, first .",Opening  ,"1 aperture or gap. 2 opportunity. 3 beginning; initial part. —attrib. Adj. Initial, first .",3.0
Opening-time  | Time at which public houses may legally open for custom.,Opening-time  ,Time at which public houses may legally open for custom.,3.1
Open letter  | Letter of protest etc. Addressed to an individual and published in a newspaper etc.,Open letter  ,Letter of protest etc. Addressed to an individual and published in a newspaper etc.,2.9
Openly  | 1 frankly. 2 publicly.,Openly  ,1 frankly. 2 publicly.,2.5
Open-minded  | Accessible to new ideas; unprejudiced.,Open-minded  ,Accessible to new ideas; unprejudiced.,2.8
Open-mouthed  | Aghast with surprise.,Open-mouthed  ,Aghast with surprise.,2.3
Open-plan  |  Having large undivided rooms.,Open-plan  ,Having large undivided rooms.,2.9
Open prison  | Prison with few restraints on prisoners' movements.,Open prison  ,Prison with few restraints on prisoners' movements.,2.4
Open question  | Matter on which different views are legitimate.,Open question  ,Matter on which different views are legitimate.,2.0
Open sandwich  | Sandwich without a top slice of bread.,Open sandwich  ,Sandwich without a top slice of bread.,3.2
Open sea  | Expanse of sea away from land.,Open sea  ,Expanse of sea away from land.,2.5
Open secret  | Supposed secret known to many.,Open secret  ,Supposed secret known to many.,2.9
Open society  | Society with freedom of belief.,Open society  ,Society with freedom of belief.,2.7
"Open university  | University teaching mainly by broadcasting and correspondence, and open to those without academic qualifications.",Open university  ,"University teaching mainly by broadcasting and correspondence, and open to those without academic qualifications.",3.1
Open verdict  | Verdict affirming that a crime has been committed but not specifying the criminal or  the cause.,Open verdict  ,Verdict affirming that a crime has been committed but not specifying the criminal or  the cause.,1.7
"Openwork  | Pattern with intervening spaces in metal, leather, lace, etc.",Openwork  ,"Pattern with intervening spaces in metal, leather, lace, etc.",3.1
Opera1  | 1 a drama set to music for singers and instrumentalists. B this as a genre. 2 opera-house. ,Opera1  ,1 a drama set to music for singers and instrumentalists. B this as a genre. 2 opera-house.,2.9
Opera2  pl. Of ~opus.,Opera2  pl,Opera2  pl. Of ~opus.,3.0
Operable  | 1 that can be operated. 2 suitable for treatment by surgical operation. ,Operable  ,1 that can be operated. 2 suitable for treatment by surgical operation.,3.2
Opera-glasses  |pl. Small binoculars for use at the opera or theatre.,Opera-glasses  ,pl. Small binoculars for use at the opera or theatre.,3.2
Opera-house  | Theatre for operas.,Opera-house  ,Theatre for operas.,3.2
"Operate  |  1 work, control. 2 be in action; function. 3 a perform a surgical operation. B conduct a military etc. Action. C be active in business etc. 4 bring about. ",Operate  ,"1 work, control. 2 be in action; function. 3 a perform a surgical operation. B conduct a military etc. Action. C be active in business etc. 4 bring about.",3.1
Operatic  | Of or like an opera or opera singer .  operatically adv.,Operatic  ,Of or like an opera or opera singer .  operatically adv.,3.3
Operatics  |pl. Production and performance of operas.,Operatics  ,pl. Production and performance of operas.,3.3
Operating system  | Basic software that enables the running of a computer program.,Operating system  ,Basic software that enables the running of a computer program.,2.8
Operating theatre  | Room for surgical operations.,Operating theatre  ,Room for surgical operations.,3.0
"Operation  | 1 action, scope, or method of working or operating. 2 active process. 3 piece of work, esp. One in a series . 4 act of surgery on a patient. 5 military manoeuvre. 6 financial transaction. 7 state of functioning . 8 subjection of a number etc. To a process affecting its value or form, e.g. Multiplication. ",Operation  ,"1 action, scope, or method of working or operating. 2 active process. 3 piece of work, esp. One in a series . 4 act of surgery on a patient. 5 military manoeuvre. 6 financial transaction. 7 state of functioning . 8 subjection of a number etc. To a process affecting its value or form, e.g. Multiplication.",3.0
Operational  | 1 of or engaged in or used for operations. 2 able or ready to function.  operationally adv.,Operational  ,1 of or engaged in or used for operations. 2 able or ready to function.  operationally adv.,2.8
Operational research  | The application of scientific principles to business etc. Management.,Operational research  ,The application of scientific principles to business etc. Management.,3.1
Operations research  | = ~operational research.,Operations research  ,= ~operational research.,3.3
"Operative  | 1 in operation; having effect. 2 having the main relevance . 3 of or by surgery. —n. Worker, esp. A skilled one. ",Operative  ,"1 in operation; having effect. 2 having the main relevance . 3 of or by surgery. —n. Worker, esp. A skilled one.",3.0
"Operator  | 1 person operating a machine etc., esp. Connecting lines in a telephone exchange. 2 person engaging in business. 3 colloq. Person acting in a specified way . 4 symbol or function denoting an operation in mathematics, computing, etc.",Operator  ,"1 person operating a machine etc., esp. Connecting lines in a telephone exchange. 2 person engaging in business. 3 colloq. Person acting in a specified way . 4 symbol or function denoting an operation in mathematics, computing, etc.",3.2
Operculum  |  1 fish's gill-cover. 2 any of various other parts covering or closing an aperture in an animal or plant. ,Operculum  ,1 fish's gill-cover. 2 any of various other parts covering or closing an aperture in an animal or plant.,3.0
Operetta  | 1 light opera. 2 one-act or short opera. ,Operetta  ,1 light opera. 2 one-act or short opera.,2.8
Ophidian  —| Member of a suborder of reptiles including snakes. —adj. 1 of this order. 2 snakelike. ,Ophidian  ,Member of a suborder of reptiles including snakes. —adj. 1 of this order. 2 snakelike.,2.9
Ophthalmia  | Inflammation of the eye. ,Ophthalmia  ,Inflammation of the eye.,3.0
Ophthalmic  | Of or relating to the eye and its diseases.,Ophthalmic  ,Of or relating to the eye and its diseases.,2.6
Ophthalmic optician  | Optician qualified to prescribe as well as dispense spectacles etc.,Ophthalmic optician  ,Optician qualified to prescribe as well as dispense spectacles etc.,2.9
Ophthalmology  | The study of the eye.  ophthalmologist n.,Ophthalmology  ,The study of the eye.  ophthalmologist n.,2.6
Ophthalmoscope  | Instrument for examining the eye.,Ophthalmoscope  ,Instrument for examining the eye.,3.0
"Opiate  | 1 containing opium. 2 narcotic, soporific. —n. 1 drug containing opium, usu. To ease pain or induce sleep. 2 soothing influence. ",Opiate  ,"1 containing opium. 2 narcotic, soporific. —n. 1 drug containing opium, usu. To ease pain or induce sleep. 2 soothing influence.",3.4
Opine  |   literary hold or express as an opinion. ,Opine  ,literary hold or express as an opinion.,2.7
Opinion  | 1 unproven belief. 2 view held as probable. 3 what one thinks about something. 4 piece of professional advice . 5 estimation . ,Opinion  ,1 unproven belief. 2 view held as probable. 3 what one thinks about something. 4 piece of professional advice . 5 estimation .,2.8
Opinionated  | Dogmatic in one's opinions.,Opinionated  ,Dogmatic in one's opinions.,2.2
Opinion poll  | Assessment of public opinion by questioning a representative sample.,Opinion poll  ,Assessment of public opinion by questioning a representative sample.,2.9
"Opium  | Drug made from the juice of a certain poppy, used esp. As an analgesic and narcotic. ",Opium  ,"Drug made from the juice of a certain poppy, used esp. As an analgesic and narcotic.",2.7
Opossum  | 1 tree-living american marsupial. 2 austral. & nz = ~possum 2. ,Opossum  ,1 tree-living american marsupial. 2 austral. & nz = ~possum 2.,2.9
Opponent  | Person who opposes. ,Opponent  ,Person who opposes.,3.3
Opportune  | 1 well-chosen or especially favourable . 2  well-timed. ,Opportune  ,1 well-chosen or especially favourable . 2  well-timed.,2.9
"Opportunism  | Adaptation of one's policy or judgement to circumstances or opportunity, esp. Regardless of principle.  opportunist n. Opportunistic adj. Opportunistically adv.",Opportunism  ,"Adaptation of one's policy or judgement to circumstances or opportunity, esp. Regardless of principle.  opportunist n. Opportunistic adj. Opportunistically adv.",3.1
Opportunity  |  favourable chance or opening offered by circumstances.,Opportunity  ,favourable chance or opening offered by circumstances.,2.7
Opposable  | Zool.  capable of facing and touching the other digits on the same hand.,Opposable  ,Zool.  capable of facing and touching the other digits on the same hand.,2.4
Oppose  |  1 set oneself against; resist; argue or compete against. 2  place in opposition or contrast.  as opposed to in contrast with.  opposer n. ,Oppose  ,1 set oneself against; resist; argue or compete against. 2  place in opposition or contrast.  as opposed to in contrast with.  opposer n.,3.2
"Opposite  | 1 facing, on the other side . 2  contrary; diametrically different . —n. Opposite thing, person, or term. —adv. Facing, on the other side . —prep. 1 facing . 2 in a complementary role to .",Opposite  ,"1 facing, on the other side . 2  contrary; diametrically different . —n. Opposite thing, person, or term. —adv. Facing, on the other side . —prep. 1 facing . 2 in a complementary role to .",3.3
Opposite number  | Person holding an equivalent position in another group etc.,Opposite number  ,Person holding an equivalent position in another group etc.,3.0
Opposite sex  |  either sex in relation to the other.,Opposite sex  ,either sex in relation to the other.,2.9
"Opposition  | 1 resistance, antagonism. 2 being hostile or in conflict or disagreement. 3 contrast, antithesis. 4 a group or party of opponents or competitors. B  chief parliamentary party opposed to that in office. 5 act of placing opposite. 6 diametrically opposite position of two celestial bodies. ",Opposition  ,"1 resistance, antagonism. 2 being hostile or in conflict or disagreement. 3 contrast, antithesis. 4 a group or party of opponents or competitors. B  chief parliamentary party opposed to that in office. 5 act of placing opposite. 6 diametrically opposite position of two celestial bodies.",2.8
Oppress  | 1 keep in subservience. 2 govern or treat cruelly. 3 weigh down .  oppression n. Oppressor n. ,Oppress  ,1 keep in subservience. 2 govern or treat cruelly. 3 weigh down .  oppression n. Oppressor n.,2.6
Oppressive  | 1 oppressing. 2  close and sultry.  oppressively adv. Oppressiveness n.,Oppressive  ,1 oppressing. 2  close and sultry.  oppressively adv. Oppressiveness n.,2.5
Opprobrious  |  very scornful; abusive.,Opprobrious  ,very scornful; abusive.,1.8
Opprobrium  | 1 disgrace. 2 cause of this. ,Opprobrium  ,1 disgrace. 2 cause of this.,2.7
"Oppugn  | Literary controvert, call in question. ",Oppugn  ,"Literary controvert, call in question.",3.2
"Opt  |  make a choice, decide.  opt out  choose not to participate . ",Opt  ,"make a choice, decide.  opt out  choose not to participate .",3.3
Optative  gram. |  expressing a wish. —n. Optative mood or form. ,Optative  gram,expressing a wish. —n. Optative mood or form.,3.5
Optic  |  Of the eye or sight . ,Optic  ,Of the eye or sight .,2.9
Optical  | 1 of sight; visual. 2 of or according to optics. 3 aiding sight.  optically adv.,Optical  ,1 of sight; visual. 2 of or according to optics. 3 aiding sight.  optically adv.,2.8
Optical art  | Art using contrasting colours to create the illusion of movement.,Optical art  ,Art using contrasting colours to create the illusion of movement.,3.1
Optical disc  see ~disc.,Optical disc  see ,Optical disc  see ~disc.,3.0
Optical fibre  | Thin glass fibre through which light can be transmitted to carry signals.,Optical fibre  ,Thin glass fibre through which light can be transmitted to carry signals.,3.6
Optical illusion  | 1 image which deceives the eye. 2 mental misapprehension caused by this.,Optical illusion  ,1 image which deceives the eye. 2 mental misapprehension caused by this.,3.2
"Optician  | 1 maker, seller, or prescriber of spectacles and contact lenses etc. 2 person trained in the detection and correction of poor eyesight. ",Optician  ,"1 maker, seller, or prescriber of spectacles and contact lenses etc. 2 person trained in the detection and correction of poor eyesight.",3.1
Optics  |pl.  Science of light and vision.,Optics  ,pl.  Science of light and vision.,3.4
Optimal  | Best or most favourable. ,Optimal  ,Best or most favourable.,2.8
Optimism  | 1 inclination to hopefulness and confidence. 2 philos. Belief that this world is as good as it could be or that good must ultimately prevail over evil.  optimist n. Optimistic adj. Optimistically adv. ,Optimism  ,1 inclination to hopefulness and confidence. 2 philos. Belief that this world is as good as it could be or that good must ultimately prevail over evil.  optimist n. Optimistic adj. Optimistically adv.,3.4
Optimize  |   make the best or most effective use of.  optimization n.,Optimize  ,make the best or most effective use of.  optimization n.,3.2
Optimum  —|  1 most favourable conditions . 2 best practical solution. —adj. = ~optimal. ,Optimum  ,1 most favourable conditions . 2 best practical solution. —adj. = ~optimal.,3.6
Option  | 1 a choosing; choice. B thing that is or may be chosen. 2 liberty to choose. 3 right to buy or sell at a specified price within a set time.  keep  one's options open not commit oneself. ,Option  ,1 a choosing; choice. B thing that is or may be chosen. 2 liberty to choose. 3 right to buy or sell at a specified price within a set time.  keep  one's options open not commit oneself.,3.3
Optional  | Not obligatory. optionally adv.,Optional  ,Not obligatory. optionally adv.,4.3
Optional extra  | Item costing extra if one chooses to have it.,Optional extra  ,Item costing extra if one chooses to have it.,4.6
Opulent  | 1 wealthy. 2 luxurious. 3 abundant.  opulence n. ,Opulent  ,1 wealthy. 2 luxurious. 3 abundant.  opulence n.,3.1
Opus  |  1 musical composition numbered as one of a composer's works . 2 any artistic work . ,Opus  ,1 musical composition numbered as one of a composer's works . 2 any artistic work .,2.8
