Oi  | Calling attention or expressing alarm etc. ,Oi  ,Calling attention or expressing alarm etc.,3.2
"Oil  —| 1 any of various viscous, usu. Inflammable liquids insoluble in water . 2 petroleum. 3  Using oil as fuel . 4 a  = ~oil-paint. B picture painted in oil-paints. —v. 1 apply oil to; lubricate. 2 impregnate or treat with oil .  oil the wheels help make things go smoothly. ",Oil  ,"1 any of various viscous, usu. Inflammable liquids insoluble in water . 2 petroleum. 3  Using oil as fuel . 4 a  = ~oil-paint. B picture painted in oil-paints. —v. 1 apply oil to; lubricate. 2 impregnate or treat with oil .  oil the wheels help make things go smoothly.",2.8
"Oilcake  | Compressed linseed from which the oil has been extracted, used as fodder or manure.",Oilcake  ,"Compressed linseed from which the oil has been extracted, used as fodder or manure.",2.9
Oilcan  | Can with a long nozzle for oiling machinery.,Oilcan  ,Can with a long nozzle for oiling machinery.,2.7
"Oilcloth  | Fabric, esp. Canvas, waterproofed with oil or another substance.",Oilcloth  ,"Fabric, esp. Canvas, waterproofed with oil or another substance.",2.3
Oil-colour  | Of ~oil-paint.,Oil-colour  ,Of ~oil-paint.,3.0
Oiled  | Slang drunk.,Oiled  ,Slang drunk.,2.9
Oilfield  | Area yielding mineral oil.,Oilfield  ,Area yielding mineral oil.,2.9
Oil-fired  | Using oil as fuel.,Oil-fired  ,Using oil as fuel.,2.9
"Oil of turpentine  | Volatile pungent oil distilled from turpentine, used as a solvent in mixing paints and varnishes, and in medicine.",Oil of turpentine  ,"Volatile pungent oil distilled from turpentine, used as a solvent in mixing paints and varnishes, and in medicine.",2.3
Oil-paint  |  paint made by mixing powdered pigment in oil.  oil-painting n.,Oil-paint  ,paint made by mixing powdered pigment in oil.  oil-painting n.,2.8
Oil rig  | Structure with equipment for drilling an oil well.,Oil rig  ,Structure with equipment for drilling an oil well.,2.9
Oilskin  | 1 cloth waterproofed with oil. 2 a garment of this. B  Suit of this.,Oilskin  ,1 cloth waterproofed with oil. 2 a garment of this. B  Suit of this.,2.9
"Oil slick  | Patch of oil, esp. On the sea.",Oil slick  ,"Patch of oil, esp. On the sea.",2.6
"Oilstone  | Fine-grained flat stone used with oil for sharpening flat tools, e.g. Chisels, planes, etc.",Oilstone  ,"Fine-grained flat stone used with oil for sharpening flat tools, e.g. Chisels, planes, etc.",2.7
Oil well  | Well from which mineral oil is drawn.,Oil well  ,Well from which mineral oil is drawn.,3.4
"Oily  |  1 of or like oil. 2 covered or soaked with oil. 3  Fawning, unctuous, ingratiating.  oiliness n.",Oily  ,"1 of or like oil. 2 covered or soaked with oil. 3  Fawning, unctuous, ingratiating.  oiliness n.",2.8
Ointment  | Smooth greasy healing or cosmetic preparation for the skin. ,Ointment  ,Smooth greasy healing or cosmetic preparation for the skin.,3.0
