Rhapsodize  |   talk or write rhapsodies.,Rhapsodize  ,talk or write rhapsodies.,2.9
"Rhapsody  |  1 enthusiastic or extravagant speech or composition. 2 piece of music in one movement, often based on national, folk, or popular melodies.  rhapsodic adj. ",Rhapsody  ,"1 enthusiastic or extravagant speech or composition. 2 piece of music in one movement, often based on national, folk, or popular melodies.  rhapsodic adj.",3.0
Rhea  | S. American flightless ostrich-like bird. ,Rhea  ,S. American flightless ostrich-like bird.,2.8
Rhenium  | Rare metallic element occurring naturally in molybdenum ores. ,Rhenium  ,Rare metallic element occurring naturally in molybdenum ores.,2.9
Rheostat  | Instrument used to control an electric current by varying the resistance. ,Rheostat  ,Instrument used to control an electric current by varying the resistance.,2.8
Rhesus  |  small n. Indian monkey. ,Rhesus  ,small n. Indian monkey.,2.9
Rhesus factor  | Antigen occurring on the red blood cells of most humans and some other primates.,Rhesus factor  ,Antigen occurring on the red blood cells of most humans and some other primates.,3.0
Rhesus negative  | Lacking the rhesus factor.,Rhesus negative  ,Lacking the rhesus factor.,1.8
Rhesus positive  | Having the rhesus factor.,Rhesus positive  ,Having the rhesus factor.,3.1
Rhetoric  | 1 art of effective or persuasive speaking or writing. 2 language designed to persuade or impress . ,Rhetoric  ,1 art of effective or persuasive speaking or writing. 2 language designed to persuade or impress .,2.7
Rhetorical  | 1 expressed artificially or extravagantly. 2 of the nature or art of rhetoric.  rhetorically adv. ,Rhetorical  ,1 expressed artificially or extravagantly. 2 of the nature or art of rhetoric.  rhetorically adv.,2.6
Rhetorical question  | Question used for effect but not seeking an answer .,Rhetorical question  ,Question used for effect but not seeking an answer .,2.4
"Rheumatic  | Of, suffering from, producing, or produced by rheumatism. —n. Person suffering from rheumatism.  rheumatically adv. Rheumaticky adj. Colloq. ",Rheumatic  ,"Of, suffering from, producing, or produced by rheumatism. —n. Person suffering from rheumatism.  rheumatically adv. Rheumaticky adj. Colloq.",2.4
Rheumatic fever  | Fever with inflammation and pain in the joints.,Rheumatic fever  ,Fever with inflammation and pain in the joints.,1.8
Rheumatics  |pl.  colloq. Rheumatism.,Rheumatics  ,pl.  colloq. Rheumatism.,2.5
"Rheumatism  | Disease marked by inflammation and pain in the joints, muscles, or fibrous tissue, esp. Rheumatoid arthritis.",Rheumatism  ,"Disease marked by inflammation and pain in the joints, muscles, or fibrous tissue, esp. Rheumatoid arthritis.",1.8
Rheumatoid  | Having the character of rheumatism.,Rheumatoid  ,Having the character of rheumatism.,2.2
Rheumatoid arthritis  | Chronic progressive disease causing inflammation and stiffening of the joints.,Rheumatoid arthritis  ,Chronic progressive disease causing inflammation and stiffening of the joints.,1.8
Rhinestone  | Imitation diamond. ,Rhinestone  ,Imitation diamond.,3.0
Rhino  |  colloq. Rhinoceros. ,Rhino  ,colloq. Rhinoceros.,2.6
Rhinoceros  |  large thick-skinned mammal with usu. One horn on its nose. ,Rhinoceros  ,large thick-skinned mammal with usu. One horn on its nose.,2.7
Rhizome  | Underground rootlike stem bearing both roots and shoots. ,Rhizome  ,Underground rootlike stem bearing both roots and shoots.,2.5
Rho  | Seventeenth letter of the greek alphabet . ,Rho  ,Seventeenth letter of the greek alphabet .,2.6
Rhodium  |  Hard white metallic element used in making alloys and plating jewellery. ,Rhodium  ,Hard white metallic element used in making alloys and plating jewellery.,2.7
Rhododendron  |  evergreen shrub with large clusters of bell-shaped flowers. ,Rhododendron  ,evergreen shrub with large clusters of bell-shaped flowers.,3.0
Rhomboid  |  like a rhombus. —n. Quadrilateral of which only the opposite sides and angles are equal. ,Rhomboid  ,like a rhombus. —n. Quadrilateral of which only the opposite sides and angles are equal.,2.5
Rhombus  |  geom. Parallelogram with oblique angles and equal sides. ,Rhombus  ,geom. Parallelogram with oblique angles and equal sides.,2.7
"Rhubarb  | 1 a plant with long fleshy dark-red leaf-stalks cooked as a dessert. B these stalks. 2 a colloq. Indistinct conversation or noise, from the repeated use of the word ‘rhubarb’ by a crowd. B slang nonsense. ",Rhubarb  ,"1 a plant with long fleshy dark-red leaf-stalks cooked as a dessert. B these stalks. 2 a colloq. Indistinct conversation or noise, from the repeated use of the word ‘rhubarb’ by a crowd. B slang nonsense.",2.5
"Rhyme  —| 1 identity of sound between words or their endings, esp. In verse. 2  Verse or a poem having rhymes. 3 use of rhyme. 4 word providing a rhyme. —v.  1 a  produce a rhyme. B  act as or treat  as a rhyme . 2 make or write rhymes. 3 put or make  Into rhyme.  rhyme or reason sense, logic. ",Rhyme  ,"1 identity of sound between words or their endings, esp. In verse. 2  Verse or a poem having rhymes. 3 use of rhyme. 4 word providing a rhyme. —v.  1 a  produce a rhyme. B  act as or treat  as a rhyme . 2 make or write rhymes. 3 put or make  Into rhyme.  rhyme or reason sense, logic.",2.9
Rhymester  | Writer of  rhymes.,Rhymester  ,Writer of  rhymes.,2.6
"Rhyming slang  | Slang that replaces words by rhyming words or phrases, e.g. Suit by whistle and flute.",Rhyming slang  ,"Slang that replaces words by rhyming words or phrases, e.g. Suit by whistle and flute.",2.5
"Rhythm  | 1 a periodical accent and the duration of notes in music, esp. As beats in a bar. B type of structure formed by this . 2 measured regular flow of verse or prose determined by the length of and stress on syllables. 3 physiol. Pattern of successive strong and weak movements. 4 regularly recurring sequence of events.  rhythmic adj. Rhythmical adj. Rhythmically adv. ",Rhythm  ,"1 a periodical accent and the duration of notes in music, esp. As beats in a bar. B type of structure formed by this . 2 measured regular flow of verse or prose determined by the length of and stress on syllables. 3 physiol. Pattern of successive strong and weak movements. 4 regularly recurring sequence of events.  rhythmic adj. Rhythmical adj. Rhythmically adv.",2.8
Rhythm and blues  | Popular music with blues themes and a strong rhythm.,Rhythm and blues  ,Popular music with blues themes and a strong rhythm.,3.3
"Rhythm method  | Abstention from sexual intercourse near the time of ovulation, as a method of birth control.",Rhythm method  ,"Abstention from sexual intercourse near the time of ovulation, as a method of birth control.",2.8
"Rhythm section  | Piano , bass, and drums in a dance or jazz band.",Rhythm section  ,"Piano , bass, and drums in a dance or jazz band.",3.0
