No2  | Of ~noh.,No2  ,Of ~noh.,2.8
"No1  | 1 not any . 2 not a, quite other than . 3 hardly any . 4 used elliptically in a notice etc., to forbid etc. The thing specified .  no way colloq. 1 it is impossible. 2 i will not agree etc. No wonder see ~wonder. ",No1  ,"1 not any . 2 not a, quite other than . 3 hardly any . 4 used elliptically in a notice etc., to forbid etc. The thing specified .  no way colloq. 1 it is impossible. 2 i will not agree etc. No wonder see ~wonder.",3.1
"No2  —| 1 indicating that the answer to the question is negative, the statement etc. Made or course of action intended or conclusion arrived at is not correct or satisfactory, the request or command will not be complied with, or the negative statement made is correct. 2  By no amount; not at all . —n.  1 utterance of the word no. 2 denial or refusal. 3 ‘no’ vote.  no longer not now or henceforth as formerly. Or no or not . ",No2  ,"1 indicating that the answer to the question is negative, the statement etc. Made or course of action intended or conclusion arrived at is not correct or satisfactory, the request or command will not be complied with, or the negative statement made is correct. 2  By no amount; not at all . —n.  1 utterance of the word no. 2 denial or refusal. 3 ‘no’ vote.  no longer not now or henceforth as formerly. Or no or not .",2.8
Nob1  | Slang person of wealth or high social position. ,Nob1  ,Slang person of wealth or high social position.,3.1
Nob2  | Slang head. ,Nob2  ,Slang head.,2.8
No-ball  | Cricket unlawfully delivered ball.,No-ball  ,Cricket unlawfully delivered ball.,3.4
"Nobble  |  slang 1 try to influence , esp. Unfairly. 2 tamper with  to prevent its winning. 3 steal. 4 seize, catch. ",Nobble  ,"slang 1 try to influence , esp. Unfairly. 2 tamper with  to prevent its winning. 3 steal. 4 seize, catch.",3.0
Nobelium  |  Artificially produced radioactive transuranic metallic element. ,Nobelium  ,Artificially produced radioactive transuranic metallic element.,2.9
"Nobel prize  | Any of six international prizes awarded annually for physics, chemistry, physiology or medicine, literature, economics, and the promotion of peace. ",Nobel prize  ,"Any of six international prizes awarded annually for physics, chemistry, physiology or medicine, literature, economics, and the promotion of peace.",2.5
"Nobility  |  1 nobleness of character, mind, birth, or rank. 2 class of nobles, highest social class.",Nobility  ,"1 nobleness of character, mind, birth, or rank. 2 class of nobles, highest social class.",3.3
"Noble  |  1 belonging to the aristocracy. 2 of excellent character; magnanimous. 3 of imposing appearance. —n. Nobleman, noblewoman.  nobleness n. Nobly adv. ",Noble  ,"1 belonging to the aristocracy. 2 of excellent character; magnanimous. 3 of imposing appearance. —n. Nobleman, noblewoman.  nobleness n. Nobly adv.",2.8
Noble gas  | Any of a group of gaseous elements that almost never combine with other elements.,Noble gas  ,Any of a group of gaseous elements that almost never combine with other elements.,2.8
Nobleman  | Peer.,Nobleman  ,Peer.,2.9
Noblesse oblige  | Privilege entails responsibility. ,Noblesse oblige  ,Privilege entails responsibility.,2.9
Noblewoman  | Peeress.,Noblewoman  ,Peeress.,3.0
Nobody  —pro| No person. —n.  person of no importance.,Nobody  ,No person. —n.  person of no importance.,2.7
No claim bonus  |  reduction of an insurance premium after an agreed period without a claim.,No claim bonus  ,reduction of an insurance premium after an agreed period without a claim.,2.6
Nocturnal  | Of or in the night; done or active by night.  ,Nocturnal  ,Of or in the night; done or active by night.,3.0
"Nocturne  | 1 mus. Short romantic composition, usu. For piano. 2 picture of a night scene. ",Nocturne  ,"1 mus. Short romantic composition, usu. For piano. 2 picture of a night scene.",3.0
"Nod  |  1 incline one's head slightly and briefly in assent, greeting, or command. 2 let one's head fall forward in drowsiness; be drowsy. 3 incline . 4 signify  By a nod. 5  Bend downwards and sway. 6 make a mistake due to a momentary lack of alertness or attention. —n. Nodding of the head.  nod off colloq. Fall asleep. ",Nod  ,"1 incline one's head slightly and briefly in assent, greeting, or command. 2 let one's head fall forward in drowsiness; be drowsy. 3 incline . 4 signify  By a nod. 5  Bend downwards and sway. 6 make a mistake due to a momentary lack of alertness or attention. —n. Nodding of the head.  nod off colloq. Fall asleep.",2.7
Noddle  | Colloq. Head. ,Noddle  ,Colloq. Head.,3.1
Noddy  |  1 simpleton. 2 tropical sea bird. ,Noddy  ,1 simpleton. 2 tropical sea bird.,2.6
Node  | 1  a part of a plant stem from which leaves emerge. B knob on a root or branch. 2  natural swelling. 3  either of two points at which a planet's orbit intersects the plane of the ecliptic or the celestial equator. 4  point of minimum disturbance in a standing wave system. 5 point at which a curve intersects itself. 6 component in a computer network.  nodal adj. ,Node  ,1  a part of a plant stem from which leaves emerge. B knob on a root or branch. 2  natural swelling. 3  either of two points at which a planet's orbit intersects the plane of the ecliptic or the celestial equator. 4  point of minimum disturbance in a standing wave system. 5 point at which a curve intersects itself. 6 component in a computer network.  nodal adj.,3.2
"Nodule  | 1 small rounded lump of anything. 2 small tumour, node, or ganglion, or a swelling on the root of a legume containing bacteria etc.  nodular adj. ",Nodule  ,"1 small rounded lump of anything. 2 small tumour, node, or ganglion, or a swelling on the root of a legume containing bacteria etc.  nodular adj.",2.8
Noel  | Christmas. ,Noel  ,Christmas.,2.8
"Noggin  | 1 small mug. 2 small measure, usu. 1/4 pint, of spirits. 3 slang head. ",Noggin  ,"1 small mug. 2 small measure, usu. 1/4 pint, of spirits. 3 slang head.",3.3
"No go  |  Colloq. Impossible, hopeless; forbidden .",No go  ,"Colloq. Impossible, hopeless; forbidden .",3.3
Noh  |  traditional japanese drama. ,Noh  ,traditional japanese drama.,3.0
"Noise  —| 1 sound, esp. A loud or unpleasant one. 2 series or confusion of loud sounds. 3 irregular fluctuations accompanying a transmitted signal. 4  Conventional remarks, or speechlike sounds without actual words . —v.   make public; spread abroad . ",Noise  ,"1 sound, esp. A loud or unpleasant one. 2 series or confusion of loud sounds. 3 irregular fluctuations accompanying a transmitted signal. 4  Conventional remarks, or speechlike sounds without actual words . —v.   make public; spread abroad .",2.8
Noiseless  | Making little or no noise.  noiselessly adv.,Noiseless  ,Making little or no noise.  noiselessly adv.,2.0
"Noisome  | Literary 1 harmful, noxious. 2 evil-smelling. ",Noisome  ,"Literary 1 harmful, noxious. 2 evil-smelling.",3.1
Noisy  |  1 making much noise. 2 full of noise.  noisily adv. Noisiness n.,Noisy  ,1 making much noise. 2 full of noise.  noisily adv. Noisiness n.,3.0
Nomad  | 1 member of a tribe roaming from place to place for pasture. 2 wanderer.  nomadic adj. ,Nomad  ,1 member of a tribe roaming from place to place for pasture. 2 wanderer.  nomadic adj.,2.6
No man's land  | 1 space between two opposing armies. 2 area not assigned to any owner.,No man,1 space between two opposing armies. 2 area not assigned to any owner.,3.3
Nom de plume  |  writer's assumed name. ,Nom de plume  ,writer's assumed name.,2.8
"Nomen  | Ancient roman's second or family name, as in marcus tullius cicero. ",Nomen  ,"Ancient roman's second or family name, as in marcus tullius cicero.",2.8
Nomenclature  | 1 person's or community's system of names for things. 2 terminology of a science etc. ,Nomenclature  ,1 person's or community's system of names for things. 2 terminology of a science etc.,2.8
"Nominal  | 1 existing in name only; not real or actual. 2  Very small. 3 of or in names . 4 of, as, or like a noun.  nominally adv. ",Nominal  ,"1 existing in name only; not real or actual. 2  Very small. 3 of or in names . 4 of, as, or like a noun.  nominally adv.",2.7
Nominalism  | Doctrine that universals or general ideas are mere names.  nominalist n. Nominalistic adj.,Nominalism  ,Doctrine that universals or general ideas are mere names.  nominalist n. Nominalistic adj.,2.7
Nominal value  | Face value.,Nominal value  ,Face value.,3.4
Nominate  |  1 propose  for election. 2 appoint to an office. 3 name or appoint .  nomination n. Nominator n. ,Nominate  ,1 propose  for election. 2 appoint to an office. 3 name or appoint .  nomination n. Nominator n.,2.7
Nominative  gram. —| Case expressing the subject of a verb. —adj. Of or in this case.,Nominative  gram,Case expressing the subject of a verb. —adj. Of or in this case.,3.4
Nominee  | Person who is nominated.,Nominee  ,Person who is nominated.,3.0
Nonagenarian  | Person from 90 to 99 years old. ,Nonagenarian  ,Person from 90 to 99 years old.,2.8
Non-aggression  | Lack of or restraint from aggression .,Non-aggression  ,Lack of or restraint from aggression .,2.8
Nonagon  | Plane figure with nine sides and angles. ,Nonagon  ,Plane figure with nine sides and angles.,3.1
Non-alcoholic  | Containing no alcohol.,Non-alcoholic  ,Containing no alcohol.,2.9
Non-aligned  |  not aligned with a major power.  non-alignment n.,Non-aligned  ,not aligned with a major power.  non-alignment n.,3.3
Non-belligerent   | Not engaged in hostilities. —n. Non-belligerent state etc.,Non-belligerent   ,Not engaged in hostilities. —n. Non-belligerent state etc.,3.2
Nonce  |  for the nonce for the time being; for the present occasion. ,Nonce  , for the nonce for the time being; for the present occasion.,3.2
Nonce-word  | Word coined for one occasion.,Nonce-word  ,Word coined for one occasion.,3.2
Nonchalant  | Calm and casual.  nonchalance n. Nonchalantly adv. ,Nonchalant  ,Calm and casual.  nonchalance n. Nonchalantly adv.,3.2
Non-com  | Colloq. Non-commissioned officer. ,Non-com  ,Colloq. Non-commissioned officer.,3.5
"Non-combatant  | Person not fighting in a war, esp. A civilian, army chaplain, etc.",Non-combatant  ,"Person not fighting in a war, esp. A civilian, army chaplain, etc.",3.6
Non-commissioned  |   not holding a commission.,Non-commissioned  ,not holding a commission.,3.3
Noncommittal  | Avoiding commitment to a definite opinion or course of action.,Noncommittal  ,Avoiding commitment to a definite opinion or course of action.,3.3
Non compos mentis  |  not in one's right mind. ,Non compos mentis  ,not in one's right mind.,3.3
Non-conductor  | Substance that does not conduct heat or electricity.,Non-conductor  ,Substance that does not conduct heat or electricity.,3.4
"Nonconformist  | 1 person who does not conform to the doctrine or discipline of an established church, esp.  member of a  sect dissenting from the anglican church. 2 person who does not conform to a prevailing principle.",Nonconformist  ,"1 person who does not conform to the doctrine or discipline of an established church, esp.  member of a  sect dissenting from the anglican church. 2 person who does not conform to a prevailing principle.",2.8
"Nonconformity  | 1 nonconformists as a body, or their principles. 2  failure to conform. 3 lack of correspondence between things.",Nonconformity  ,"1 nonconformists as a body, or their principles. 2  failure to conform. 3 lack of correspondence between things.",2.7
Non-contributory  | Not involving contributions.,Non-contributory  ,Not involving contributions.,3.1
Non-cooperation  | Failure to cooperate.,Non-cooperation  ,Failure to cooperate.,3.6
"Nondescript  | Lacking distinctive characteristics, not easily classified. —n. Nondescript person or thing. ",Nondescript  ,"Lacking distinctive characteristics, not easily classified. —n. Nondescript person or thing.",3.3
Non-drinker  | Person who does not drink alcoholic liquor.,Non-drinker  ,Person who does not drink alcoholic liquor.,3.4
Non-driver  | Person who does not drive a motor vehicle.,Non-driver  ,Person who does not drive a motor vehicle.,3.2
None  —pro| 1  a not any of . B not any one of . 2 a no persons . B no person . 3  not any . —adv.  by no amount; not at all . ,None  ,1  a not any of . B not any one of . 2 a no persons . B no person . 3  not any . —adv.  by no amount; not at all .,3.3
Nonentity  |  1 person or thing of no importance. 2 a non-existence. B non-existent thing. ,Nonentity  ,1 person or thing of no importance. 2 a non-existence. B non-existent thing.,3.3
Nones  |pl. Day of the ancient roman month . ,Nones  ,pl. Day of the ancient roman month .,3.2
Non-essential  | Not essential. —n. Non-essential thing.,Non-essential  ,Not essential. —n. Non-essential thing.,3.7
Nonetheless  |  nevertheless.,Nonetheless  ,nevertheless.,2.7
"Non-event  | Insignificant event, esp. Contrary to hopes or expectations.",Non-event  ,"Insignificant event, esp. Contrary to hopes or expectations.",3.4
Non-existent  | Not existing.,Non-existent  ,Not existing.,3.1
Non-fattening  |  not containing many calories.,Non-fattening  ,not containing many calories.,2.9
Non-ferrous  |  other than iron or steel.,Non-ferrous  ,other than iron or steel.,3.3
Non-fiction  | Literary work other than fiction.,Non-fiction  ,Literary work other than fiction.,3.2
Non-flammable  | Not inflammable.,Non-flammable  ,Not inflammable.,2.0
Non-interference  | = ~non-intervention.,Non-interference  ,= ~non-intervention.,2.7
Non-intervention  |  principle or practice of not becoming involved in others' affairs.,Non-intervention  ,principle or practice of not becoming involved in others' affairs.,3.1
Non-member  | Person who is not a member.,Non-member  ,Person who is not a member.,3.2
Non-nuclear  | 1 not involving nuclei or nuclear energy. 2  Not having nuclear weapons.,Non-nuclear  ,1 not involving nuclei or nuclear energy. 2  Not having nuclear weapons.,3.2
Non-observance  | Failure to observe .,Non-observance  ,Failure to observe .,3.2
Non-operational  | 1 that does not operate. 2 out of order.,Non-operational  ,1 that does not operate. 2 out of order.,3.5
Nonpareil  | Unrivalled or unique. —n. Such a person or thing. ,Nonpareil  ,Unrivalled or unique. —n. Such a person or thing.,3.5
Non-partisan  | Not partisan.,Non-partisan  ,Not partisan.,3.2
Non-party  | Independent of political parties.,Non-party  ,Independent of political parties.,3.4
Non-payment  | Failure to pay; lack of payment.,Non-payment  ,Failure to pay; lack of payment.,3.1
Nonplus  |  completely perplex. ,Nonplus  ,completely perplex.,4.1
Non-profit-making  |  not conducted primarily to make a profit.,Non-profit-making  ,not conducted primarily to make a profit.,3.2
"Non-proliferation  | Prevention of an increase in something, esp. Possession of nuclear weapons.",Non-proliferation  ,"Prevention of an increase in something, esp. Possession of nuclear weapons.",3.1
Non-resident  | 1 not residing in a particular place. 2  not requiring the holder to reside at the place of work. —n. Non-resident person.  non-residential adj.,Non-resident  ,1 not residing in a particular place. 2  not requiring the holder to reside at the place of work. —n. Non-resident person.  non-residential adj.,3.4
Non-resistance  | Practice or principle of not resisting authority.,Non-resistance  ,Practice or principle of not resisting authority.,3.3
Non-returnable  | That is not to be returned.,Non-returnable  ,That is not to be returned.,2.3
Non-sectarian  | Not sectarian.,Non-sectarian  ,Not sectarian.,3.0
Nonsense  | 1  Absurd or meaningless words or ideas. 2 foolish or extravagant conduct.  nonsensical adj. Nonsensically adv.,Nonsense  ,1  Absurd or meaningless words or ideas. 2 foolish or extravagant conduct.  nonsensical adj. Nonsensically adv.,3.3
Non sequitur  | Conclusion that does not logically follow from the premisses. ,Non sequitur  ,Conclusion that does not logically follow from the premisses.,3.3
Non-slip  | 1 that does not slip. 2 that inhibits slipping.,Non-slip  ,1 that does not slip. 2 that inhibits slipping.,3.0
Non-smoker  | 1 person who does not smoke. 2 train compartment etc. Where smoking is forbidden.  non-smoking adj.,Non-smoker  ,1 person who does not smoke. 2 train compartment etc. Where smoking is forbidden.  non-smoking adj.,2.9
Non-specialist  | Person who is not a specialist .,Non-specialist  ,Person who is not a specialist .,3.1
Non-specific  | That cannot be specified.,Non-specific  ,That cannot be specified.,3.1
Non-standard  | Not standard.,Non-standard  ,Not standard.,3.3
Non-starter  | Colloq. Person or scheme that is unlikely to succeed.,Non-starter  ,Colloq. Person or scheme that is unlikely to succeed.,3.5
Non-stick  | That does not allow things to stick to it.,Non-stick  ,That does not allow things to stick to it.,3.6
Non-stop  | 1  Not stopping at intermediate places. 2 done without a stop or intermission. —adv. Without stopping.,Non-stop  ,1  Not stopping at intermediate places. 2 done without a stop or intermission. —adv. Without stopping.,3.0
Non-swimmer  | Person who cannot swim.,Non-swimmer  ,Person who cannot swim.,3.3
Non-toxic  | Not toxic.,Non-toxic  ,Not toxic.,2.3
Non-transferable  | That may not be transferred.,Non-transferable  ,That may not be transferred.,2.9
Non-u  | Colloq. Not characteristic of the upper class. ,Non-u  ,Colloq. Not characteristic of the upper class.,3.0
Non-union  | 1 not belonging to a trade union. 2 not done or made by trade-union members.,Non-union  ,1 not belonging to a trade union. 2 not done or made by trade-union members.,3.3
Non-verbal  | Not involving words or speech.,Non-verbal  ,Not involving words or speech.,3.2
"Non-violence  | Avoidance of violence, esp. As a principle.  non-violent adj.",Non-violence  ,"Avoidance of violence, esp. As a principle.  non-violent adj.",3.1
Non-voting  | 1 not having or using a vote. 2  not entitling the holder to vote.,Non-voting  ,1 not having or using a vote. 2  not entitling the holder to vote.,3.1
Non-white  | Not white. —n. Non-white person.,Non-white  ,Not white. —n. Non-white person.,3.3
Noodle1  | Strip or ring of pasta. ,Noodle1  ,Strip or ring of pasta.,3.0
Noodle2  | 1 simpleton. 2 slang head. ,Noodle2  ,1 simpleton. 2 slang head.,3.0
Nook  | Corner or recess; secluded place. ,Nook  ,Corner or recess; secluded place.,2.9
"Noon  | Twelve o'clock in the day, midday. ",Noon  ,"Twelve o'clock in the day, midday.",2.8
Noonday  | Midday.,Noonday  ,Midday.,3.0
No one  | No person; nobody.,No one  ,No person; nobody.,3.0
"Noose  —| 1 loop with a running knot. 2 snare, bond. —v.  catch with or enclose in a noose. ",Noose  ,"1 loop with a running knot. 2 snare, bond. —v.  catch with or enclose in a noose.",2.6
Nor  | And not; and not either . ,Nor  ,And not; and not either .,3.2
"Nor'  |, adj., & adv.  = ~north . ",Nor,", adj., & adv.  = ~north .",3.2
Nordic  | Of the tall blond long-headed germanic people of scandinavia. —n. Nordic person. ,Nordic  ,Of the tall blond long-headed germanic people of scandinavia. —n. Nordic person.,3.5
Norfolk jacket  | Man's loose belted jacket with box pleats. ,Norfolk jacket  ,Man's loose belted jacket with box pleats.,3.0
"Norm  | 1 standard, pattern, or type. 2 standard amount of work etc. 3 customary behaviour etc. ",Norm  ,"1 standard, pattern, or type. 2 standard amount of work etc. 3 customary behaviour etc.",2.9
"Normal  | 1 conforming to a standard; regular, usual, typical. 2 free from mental or emotional disorder. 3 geom.  at right angles, perpendicular. —n. 1 a normal value of a temperature etc. B usual state, level, etc. 2  line at right angles.  normalcy n. Esp. Us. Normality n. ",Normal  ,"1 conforming to a standard; regular, usual, typical. 2 free from mental or emotional disorder. 3 geom.  at right angles, perpendicular. —n. 1 a normal value of a temperature etc. B usual state, level, etc. 2  line at right angles.  normalcy n. Esp. Us. Normality n.",2.9
Normal distribution  | Function that represents the distribution of many random variables as a symmetrical bell-shaped graph.,Normal distribution  ,Function that represents the distribution of many random variables as a symmetrical bell-shaped graph.,3.4
Normalize  |   1 make or become normal. 2 cause to conform.  normalization n.,Normalize  ,1 make or become normal. 2 cause to conform.  normalization n.,3.1
Normally  | 1 in a normal manner. 2 usually.,Normally  ,1 in a normal manner. 2 usually.,3.1
Norman  —| 1 native or inhabitant of medieval normandy. 2 descendant of the people of mixed scandinavian and frankish origin established there in the 10th c. 3 norman french. 4  style of architecture found in britain under the normans. —adj. 1 of the normans. 2 of the norman style of architecture. ,Norman  ,1 native or inhabitant of medieval normandy. 2 descendant of the people of mixed scandinavian and frankish origin established there in the 10th c. 3 norman french. 4  style of architecture found in britain under the normans. —adj. 1 of the normans. 2 of the norman style of architecture.,3.2
Norman conquest  | Conquest of england by william of normandy in 1066.,Norman conquest  ,Conquest of england by william of normandy in 1066.,2.8
Norman french  | French as spoken by the normans or  in english lawcourts.,Norman french  ,French as spoken by the normans or  in english lawcourts.,2.8
Normative  | Of or establishing a norm. ,Normative  ,Of or establishing a norm.,3.2
Norn  | Any of three goddesses of destiny in scandinavian mythology. ,Norn  ,Any of three goddesses of destiny in scandinavian mythology.,3.1
"Norse  —| 1 norwegian language. 2 scandinavian language-group. —adj. Of ancient scandinavia, esp. Norway.  norseman n. ",Norse  ,"1 norwegian language. 2 scandinavian language-group. —adj. Of ancient scandinavia, esp. Norway.  norseman n.",2.8
"North  —| 1 a point of the horizon 90° anticlockwise from east. B compass point corresponding to this. C direction in which this lies. 2  a part of a country or town lying to the north. B the industrialized nations. —adj. 1 towards, at, near, or facing the north. 2 from the north . —adv. 1 towards, at, or near the north. 2  further north than.  to the north  in a northerly direction. ",North  ,"1 a point of the horizon 90° anticlockwise from east. B compass point corresponding to this. C direction in which this lies. 2  a part of a country or town lying to the north. B the industrialized nations. —adj. 1 towards, at, near, or facing the north. 2 from the north . —adv. 1 towards, at, or near the north. 2  further north than.  to the north  in a northerly direction.",2.7
"North american  | Of north america. —n. Native or inhabitant of north america, esp. A citizen of the us or canada.",North american  ,"Of north america. —n. Native or inhabitant of north america, esp. A citizen of the us or canada.",2.8
Northbound  | Travelling or leading northwards.,Northbound  ,Travelling or leading northwards.,2.9
North country  | Northern england.,North country  ,Northern england.,3.0
North-east  | Part of a country or town to the north-east.,North-east  ,Part of a country or town to the north-east.,2.8
"North-east  —| 1 point of the horizon midway between north and east. 2 direction in which this lies. —adj. Of, towards, or coming from the north-east. —adv. Towards, at, or near the north-east.",North-east  ,"1 point of the horizon midway between north and east. 2 direction in which this lies. —adj. Of, towards, or coming from the north-east. —adv. Towards, at, or near the north-east.",2.8
Northeaster  | North-east wind.,Northeaster  ,North-east wind.,2.8
North-easterly  | & adv. = ~north-east.,North-easterly  ,& adv. = ~north-east.,2.5
North-eastern  | On the north-east side.,North-eastern  ,On the north-east side.,2.9
Northerly  | & adv. 1 in a northern position or direction. 2  from the north. —n.  such a wind.,Northerly  ,& adv. 1 in a northern position or direction. 2  from the north. —n.  such a wind.,2.8
Northern  | Of or in the north.  northernmost adj.  ,Northern  ,Of or in the north.  northernmost adj.,2.7
Northerner  | Native or inhabitant of the north.,Northerner  ,Native or inhabitant of the north.,2.9
Northern hemisphere  | The half of the earth north of the equator.,Northern hemisphere  ,The half of the earth north of the equator.,3.0
Northern lights  |pl. Aurora borealis.,Northern lights  ,pl. Aurora borealis.,3.1
"Northman  | Native of scandinavia, esp. Norway. ",Northman  ,"Native of scandinavia, esp. Norway.",2.8
North-north-east  | Point or direction midway between north and north-east.,North-north-east  ,Point or direction midway between north and north-east.,3.0
North-north-west  | Point or direction midway between north and north-west.,North-north-west  ,Point or direction midway between north and north-west.,3.3
North pole  | Northernmost point of the earth's axis of rotation.,North pole  ,Northernmost point of the earth's axis of rotation.,3.3
North star  | Pole star.,North star  ,Pole star.,3.4
Northward  | & adv.  towards the north. —n. Northward direction or region.,Northward  ,& adv.  towards the north. —n. Northward direction or region.,2.7
North-west  | Part of a country or town to the north-west.,North-west  ,Part of a country or town to the north-west.,3.2
"North-west  —| 1 point of the horizon midway between north and west. 2 direction in which this lies. —adj. Of, towards, or coming from the north-west. —adv. Towards, at, or near the north-west.",North-west  ,"1 point of the horizon midway between north and west. 2 direction in which this lies. —adj. Of, towards, or coming from the north-west. —adv. Towards, at, or near the north-west.",3.2
Northwester  | North-west wind.,Northwester  ,North-west wind.,2.9
North-westerly  | & adv. = ~north-west.,North-westerly  ,& adv. = ~north-west.,3.4
North-western  | On the north-west side.,North-western  ,On the north-west side.,3.2
Norwegian  —| 1 a native or national of norway. B person of norwegian descent. 2 language of norway. —adj. Of or relating to norway. ,Norwegian  ,1 a native or national of norway. B person of norwegian descent. 2 language of norway. —adj. Of or relating to norway.,3.2
Nor'wester  | Northwester.,Nor,Northwester.,3.2
Nos.  Pl. Of ~no.,Nos,Nos.  Pl. Of ~no.,3.7
"Nose  —| 1 organ above the mouth of a human or animal, used for smelling and breathing. 2 a sense of smell. B ability to detect a particular thing . 3 odour or perfume of wine etc. 4 front end or projecting part of a thing, e.g. Of a car or aircraft. —v.  1  Pry or search. 2  a perceive the smell of, discover by smell. B detect. 3 thrust one's nose against or into. 4 make one's way cautiously forward.  by a nose by a very narrow margin.",Nose  ,"1 organ above the mouth of a human or animal, used for smelling and breathing. 2 a sense of smell. B ability to detect a particular thing . 3 odour or perfume of wine etc. 4 front end or projecting part of a thing, e.g. Of a car or aircraft. —v.  1  Pry or search. 2  a perceive the smell of, discover by smell. B detect. 3 thrust one's nose against or into. 4 make one's way cautiously forward.  by a nose by a very narrow margin.",2.8
"Nosebag  | Bag containing fodder, hung on a horse's head.",Nosebag  ,"Bag containing fodder, hung on a horse's head.",2.6
"Noseband  | Lower band of a bridle, passing over the horse's nose.",Noseband  ,"Lower band of a bridle, passing over the horse's nose.",2.7
Nosebleed  | Bleeding from the nose.,Nosebleed  ,Bleeding from the nose.,2.7
Nosedive  —| 1 steep downward plunge by an aeroplane. 2 sudden plunge or drop. —v.  make a nosedive.,Nosedive  ,1 steep downward plunge by an aeroplane. 2 sudden plunge or drop. —v.  make a nosedive.,2.8
Nosegay  | Small bunch of flowers.,Nosegay  ,Small bunch of flowers.,3.4
Nose-to-tail  | & adv.  one close behind another.,Nose-to-tail  ,& adv.  one close behind another.,3.3
Nosh  slang | Eat. —n. 1 food or drink. 2 us snack. ,Nosh  slang ,Eat. —n. 1 food or drink. 2 us snack.,3.4
Nosh-up  | Slang large meal.,Nosh-up  ,Slang large meal.,3.2
Nostalgia  | 1  yearning for a past period. 2 severe homesickness.  nostalgic adj. Nostalgically adv. ,Nostalgia  ,1  yearning for a past period. 2 severe homesickness.  nostalgic adj. Nostalgically adv.,3.3
Nostril  | Either of the two openings in the nose. ,Nostril  ,Either of the two openings in the nose.,3.2
"Nostrum  | 1 quack remedy, patent medicine. 2 pet scheme, esp. For political or social reform. ",Nostrum  ,"1 quack remedy, patent medicine. 2 pet scheme, esp. For political or social reform.",3.6
"Nosy  |  colloq. Inquisitive, prying.  nosily adv. Nosiness n.",Nosy  ,"colloq. Inquisitive, prying.  nosily adv. Nosiness n.",4.0
Nosy parker  | Colloq. Busybody.,Nosy parker  ,Colloq. Busybody.,3.9
"Not  | Expressing negation, esp.: 1  following an auxiliary verb or be or  the subject of such a verb . 2 used elliptically for a negative phrase etc. .  not at all  there is no need for thanks. Not half see ~half. Not quite 1 almost. 2 noticeably not . ",Not  ,"Expressing negation, esp.: 1  following an auxiliary verb or be or  the subject of such a verb . 2 used elliptically for a negative phrase etc. .  not at all  there is no need for thanks. Not half see ~half. Not quite 1 almost. 2 noticeably not .",2.8
"Notable  | Worthy of note; remarkable, eminent. —n. Eminent person.  notability n. Notably adv. ",Notable  ,"Worthy of note; remarkable, eminent. —n. Eminent person.  notability n. Notably adv.",2.7
Notary  |   solicitor etc. Who attests or certifies deeds etc.  notarial adj. ,Notary  ,solicitor etc. Who attests or certifies deeds etc.  notarial adj.,3.3
"Notation  | 1 representation of numbers, quantities, the pitch and duration of musical notes, etc., by symbols. 2 any set of such symbols. ",Notation  ,"1 representation of numbers, quantities, the pitch and duration of musical notes, etc., by symbols. 2 any set of such symbols.",3.1
Notch  —| V-shaped indentation on an edge or surface. —v. 1 make notches in. 2  record or score with or as with notches. ,Notch  ,V-shaped indentation on an edge or surface. —v. 1 make notches in. 2  record or score with or as with notches.,3.0
"Note  —| 1 brief written record as an aid to memory . 2 observation, usu. Unwritten, of experiences etc. . 3 short or informal letter. 4 formal diplomatic communication. 5 short annotation or additional explanation in a book etc. 6 a = ~banknote. B written promise of payment. 7 a notice, attention . B eminence . 8  a single musical tone of definite pitch. B written sign representing its pitch and duration. C key of a piano etc. 9 quality or tone of speaking, expressing mood or attitude etc. . —v.  1 observe, notice; give attention to. 2  record as a thing to be remembered or observed. 3  be well known.  hit  the right note speak or act in exactly the right manner. ",Note  ,"1 brief written record as an aid to memory . 2 observation, usu. Unwritten, of experiences etc. . 3 short or informal letter. 4 formal diplomatic communication. 5 short annotation or additional explanation in a book etc. 6 a = ~banknote. B written promise of payment. 7 a notice, attention . B eminence . 8  a single musical tone of definite pitch. B written sign representing its pitch and duration. C key of a piano etc. 9 quality or tone of speaking, expressing mood or attitude etc. . —v.  1 observe, notice; give attention to. 2  record as a thing to be remembered or observed. 3  be well known.  hit  the right note speak or act in exactly the right manner.",2.8
Notebook  | Small book for making notes in.,Notebook  ,Small book for making notes in.,3.5
Notecase  | Wallet for holding banknotes.,Notecase  ,Wallet for holding banknotes.,2.6
Notelet  | Small folded usu. Decorated sheet of paper for an informal letter.,Notelet  ,Small folded usu. Decorated sheet of paper for an informal letter.,3.1
Notepaper  | Paper for writing letters.,Notepaper  ,Paper for writing letters.,3.0
Noteworthy  | Worthy of attention; remarkable.,Noteworthy  ,Worthy of attention; remarkable.,3.1
"Nothing  —| 1 not anything . 2 no thing . 3 person or thing of no importance. 4 non-existence; what does not exist. 5 no amount; nought. —adv. Not at all, in no way.  be  nothing to do with 1 have no connection with. 2 not be involved or associated with. For nothing 1 at no cost. 2 to no purpose. Have nothing on 1 be naked. 2 have no engagements. Nothing doing colloq. 1 no prospect of success or agreement. 2 i refuse. ",Nothing  ,"1 not anything . 2 no thing . 3 person or thing of no importance. 4 non-existence; what does not exist. 5 no amount; nought. —adv. Not at all, in no way.  be  nothing to do with 1 have no connection with. 2 not be involved or associated with. For nothing 1 at no cost. 2 to no purpose. Have nothing on 1 be naked. 2 have no engagements. Nothing doing colloq. 1 no prospect of success or agreement. 2 i refuse.",2.7
"Nothingness  | 1 non-existence. 2 worthlessness, triviality.",Nothingness  ,"1 non-existence. 2 worthlessness, triviality.",2.9
"Notice  —| 1 attention, observation . 2 displayed sheet etc. Bearing an announcement. 3 a intimation or warning, esp. A formal one. B formal announcement or declaration of intention to end an agreement or leave employment at a specified time. 4 short published review of a new play, book, etc. —v.   Perceive, observe.  at short  notice with little warning. Take notice  show signs  of interest. Take notice of 1 observe. 2 act upon. ",Notice  ,"1 attention, observation . 2 displayed sheet etc. Bearing an announcement. 3 a intimation or warning, esp. A formal one. B formal announcement or declaration of intention to end an agreement or leave employment at a specified time. 4 short published review of a new play, book, etc. —v.   Perceive, observe.  at short  notice with little warning. Take notice  show signs  of interest. Take notice of 1 observe. 2 act upon.",2.8
Noticeable  | Perceptible; noteworthy.  noticeably adv.,Noticeable  ,Perceptible; noteworthy.  noticeably adv.,3.0
Notice-board  | Board for displaying notices.,Notice-board  ,Board for displaying notices.,3.2
Notifiable  |  That must be notified to the health authorities.,Notifiable  ,That must be notified to the health authorities.,2.2
Notify  |  1  inform or give formal notice to . 2 make known.  notification n. ,Notify  ,1  inform or give formal notice to . 2 make known.  notification n.,3.1
Notion  | 1 a concept or idea; conception. B opinion. C vague view or understanding. 2 inclination or intention. ,Notion  ,1 a concept or idea; conception. B opinion. C vague view or understanding. 2 inclination or intention.,2.8
"Notional  | Hypothetical, imaginary.  notionally adv.",Notional  ,"Hypothetical, imaginary.  notionally adv.",2.8
"Notorious  | Well-known, esp. Unfavourably.  notoriety n. Notoriously adv. ",Notorious  ,"Well-known, esp. Unfavourably.  notoriety n. Notoriously adv.",2.9
Notwithstanding  —| In spite of; without prevention by. —adv. Nevertheless. ,Notwithstanding  ,In spite of; without prevention by. —adv. Nevertheless.,2.6
"Nougat  | Sweet made from sugar or honey, nuts, and egg-white. ",Nougat  ,"Sweet made from sugar or honey, nuts, and egg-white.",3.1
Nought  | 1 digit 0; cipher. 2 poet. Or archaic nothing. ,Nought  ,1 digit 0; cipher. 2 poet. Or archaic nothing.,2.8
Noughts and crosses  |pl. Pencil-and-paper game in which players seek to complete a row of three noughts or three crosses.,Noughts and crosses  ,pl. Pencil-and-paper game in which players seek to complete a row of three noughts or three crosses.,2.0
"Noun  |  Word used to name a person, place, or thing. ",Noun  ,"Word used to name a person, place, or thing.",2.6
Nourish  | 1 sustain with food. 2 foster or cherish .  nourishing adj. ,Nourish  ,1 sustain with food. 2 foster or cherish .  nourishing adj.,3.1
"Nourishment  | Sustenance, food.",Nourishment  ,"Sustenance, food.",3.8
"Nous  | 1 colloq. Common sense; gumption. 2 philos. Mind, intellect. ",Nous  ,"1 colloq. Common sense; gumption. 2 philos. Mind, intellect.",3.2
Nouveau riche  |  person who has recently acquired  wealth. ,Nouveau riche  ,person who has recently acquired  wealth.,3.6
Nouvelle cuisine  | Modern style of cookery avoiding heaviness and emphasizing presentation. ,Nouvelle cuisine  ,Modern style of cookery avoiding heaviness and emphasizing presentation.,3.5
Nova  |  star showing a sudden burst of brightness and then subsiding. ,Nova  ,star showing a sudden burst of brightness and then subsiding.,2.8
Novel1  | Fictitious prose story of book length. ,Novel1  ,Fictitious prose story of book length.,2.6
Novel2  | Of a new kind or nature. ,Novel2  ,Of a new kind or nature.,2.6
Novelette  | Short novel.,Novelette  ,Short novel.,2.6
Novelist  | Writer of novels.,Novelist  ,Writer of novels.,3.2
Novella  |  short novel or narrative story. ,Novella  ,short novel or narrative story.,3.1
Novelty  |  1 newness. 2 new or unusual thing or occurrence. 3 small toy or trinket. ,Novelty  ,1 newness. 2 new or unusual thing or occurrence. 3 small toy or trinket.,2.9
November  | Eleventh month of the year. ,November  ,Eleventh month of the year.,2.7
Novena  | Rc ch. Devotion consisting of special prayers or services on nine successive days. ,Novena  ,Rc ch. Devotion consisting of special prayers or services on nine successive days.,3.2
Novice  | 1 a probationary member of a religious order. B new convert. 2 beginner. ,Novice  ,1 a probationary member of a religious order. B new convert. 2 beginner.,3.0
Noviciate  |  1 period of being a novice. 2 religious novice. 3 novices' quarters. ,Noviciate  ,1 period of being a novice. 2 religious novice. 3 novices' quarters.,2.9
"Now  —| 1 at the present or mentioned time. 2 immediately . 3 by this time. 4 under the present circumstances . 5 on this further occasion . 6 in the immediate past . 7  then, next . 8  surely, i insist, i wonder, etc. . —conj.  as a consequence of the fact . —n. This time; the present.  for now until a later time . Now and again  from time to time; intermittently. ",Now  ,"1 at the present or mentioned time. 2 immediately . 3 by this time. 4 under the present circumstances . 5 on this further occasion . 6 in the immediate past . 7  then, next . 8  surely, i insist, i wonder, etc. . —conj.  as a consequence of the fact . —n. This time; the present.  for now until a later time . Now and again  from time to time; intermittently.",2.8
Nowadays  —| At the present time or age; in these times. —n. The present time.,Nowadays  ,At the present time or age; in these times. —n. The present time.,3.0
Nowhere  —| In or to no place. —pron. No place.  get nowhere make no progress. Nowhere near not nearly. ,Nowhere  ,In or to no place. —pron. No place.  get nowhere make no progress. Nowhere near not nearly.,2.7
No-win  | Adj. Of or designating a situation in which success is impossible.,No-win  ,Adj. Of or designating a situation in which success is impossible.,3.7
Nowt  | Colloq. Or dial. Nothing. ,Nowt  ,Colloq. Or dial. Nothing.,2.8
"Noxious  | Harmful, unwholesome. ",Noxious  ,"Harmful, unwholesome.",3.0
Nozzle  | Spout on a hose etc. From which a jet issues. ,Nozzle  ,Spout on a hose etc. From which a jet issues.,2.9
