"Dye  —| 1 substance used to change the colour of hair, fabric, etc. 2 colour so produced. —v.  1 colour with dye. 2 dye a specified colour .  dyer n. ",Dye  ,"1 substance used to change the colour of hair, fabric, etc. 2 colour so produced. —v.  1 colour with dye. 2 dye a specified colour .  dyer n.",2.9
Dyed-in-the-wool  |  Out and out; unchangeable.,Dyed-in-the-wool  ,Out and out; unchangeable.,2.6
"Dying  | Adj. Of, or at the time of, death .",Dying  ,"Adj. Of, or at the time of, death .",2.7
Dyke1   —| 1 embankment built to prevent flooding. 2 low wall of turf or stone. —v.  provide or protect with dyke. ,Dyke1   ,1 embankment built to prevent flooding. 2 low wall of turf or stone. —v.  provide or protect with dyke.,2.6
Dyke2  |  slang lesbian. ,Dyke2  ,slang lesbian.,2.7
Dynamic  | 1 energetic; active. 2 physics a of motive force. B of force in actual operation. 3 of dynamics.  dynamically adv. ,Dynamic  ,1 energetic; active. 2 physics a of motive force. B of force in actual operation. 3 of dynamics.  dynamically adv.,3.7
Dynamics  |pl. 1  A mathematical study of motion and the forces causing it. B branch of any science concerned with forces or changes. 2 motive forces in any sphere. 3 mus. Variation in loudness.,Dynamics  ,pl. 1  A mathematical study of motion and the forces causing it. B branch of any science concerned with forces or changes. 2 motive forces in any sphere. 3 mus. Variation in loudness.,3.1
Dynamism  | Energy; dynamic power.,Dynamism  ,Energy; dynamic power.,2.9
Dynamite  —| 1 high explosive mixture containing nitroglycerine. 2 potentially dangerous person etc. —v.  charge or blow up with dynamite.,Dynamite  ,1 high explosive mixture containing nitroglycerine. 2 potentially dangerous person etc. —v.  charge or blow up with dynamite.,3.1
"Dynamo  |  1 machine converting mechanical into electrical energy, esp. By rotating coils of copper wire in a magnetic field. 2 colloq. Energetic person. ",Dynamo  ,"1 machine converting mechanical into electrical energy, esp. By rotating coils of copper wire in a magnetic field. 2 colloq. Energetic person.",2.9
Dynamometer  | Instrument measuring energy expended. ,Dynamometer  ,Instrument measuring energy expended.,2.5
Dynast  | 1 ruler. 2 member of a dynasty. ,Dynast  ,1 ruler. 2 member of a dynasty.,3.6
Dynasty  |  1 line of hereditary rulers. 2 succession of leaders in any field.  dynastic adj. ,Dynasty  ,1 line of hereditary rulers. 2 succession of leaders in any field.  dynastic adj.,3.3
Dyne  | Physics force required to give a mass of one gram an acceleration of one centimetre per second per second. ,Dyne  ,Physics force required to give a mass of one gram an acceleration of one centimetre per second per second.,2.7
"Dysentery  | Inflammation of the intestines, causing severe diarrhoea. ",Dysentery  ,"Inflammation of the intestines, causing severe diarrhoea.",2.8
Dysfunction  | Abnormality or impairment of functioning.,Dysfunction  ,Abnormality or impairment of functioning.,2.1
Dyslexia  | Abnormal difficulty in reading and spelling.  dyslectic adj. & n. Dyslexic adj. & n. ,Dyslexia  ,Abnormal difficulty in reading and spelling.  dyslectic adj. & n. Dyslexic adj. & n.,2.4
Dysmenorrhoea  | Painful or difficult menstruation.,Dysmenorrhoea  ,Painful or difficult menstruation.,2.4
Dyspepsia  | Indigestion.  dyspeptic adj. & n. ,Dyspepsia  ,Indigestion.  dyspeptic adj. & n.,2.4
"Dysphasia  | Lack of coordination in speech, owing to brain damage. ",Dysphasia  ,"Lack of coordination in speech, owing to brain damage.",2.5
Dysprosium  | Metallic element of the lanthanide series. ,Dysprosium  ,Metallic element of the lanthanide series.,2.6
Dystrophy  | Defective nutrition. ,Dystrophy  ,Defective nutrition.,1.4
