We  pro|  1 pl. Of ~i2. 2 used for or by a royal person in a proclamation etc. Or by an editor etc. In a formal context. ,We  pro,1 pl. Of ~i2. 2 used for or by a royal person in a proclamation etc. Or by an editor etc. In a formal context.,2.9
Weaken  | Make or become weak or weaker.,Weaken  ,Make or become weak or weaker.,2.9
Weak-kneed  | Colloq. Lacking resolution.,Weak-kneed  ,Colloq. Lacking resolution.,2.9
Weakling  | Feeble person or animal.,Weakling  ,Feeble person or animal.,3.1
"Weakly  —| In a weak manner. —adj.  sickly, not robust.",Weakly  ,"In a weak manner. —adj.  sickly, not robust.",2.7
Weak-minded  | 1 mentally deficient. 2 lacking in resolution.,Weak-minded  ,1 mentally deficient. 2 lacking in resolution.,2.9
Weak moment  | Time when one is unusually compliant or susceptible.,Weak moment  ,Time when one is unusually compliant or susceptible.,3.2
Weakness  | 1 being weak. 2 weak point. 3  self-indulgent liking .,Weakness  ,1 being weak. 2 weak point. 3  self-indulgent liking .,3.0
Weak point  |  1 place where defences are assailable. 2 flaw in an argument or character or in resistance to temptation.,Weak point  ,1 place where defences are assailable. 2 flaw in an argument or character or in resistance to temptation.,3.1
Weal1  —| Ridge raised on the flesh by a stroke of a rod or whip. —v. Mark with a weal. ,Weal1  ,Ridge raised on the flesh by a stroke of a rod or whip. —v. Mark with a weal.,3.2
Weal2  | Literary welfare. ,Weal2  ,Literary welfare.,3.2
Wealth  | 1 riches. 2 being rich. 3  abundance. ,Wealth  ,1 riches. 2 being rich. 3  abundance.,3.0
"Wealthy  |  having an abundance, esp. Of money.",Wealthy  ,"having an abundance, esp. Of money.",2.8
Wean  | 1 accustom  to food other than  milk. 2  disengage  By enforced discontinuance. ,Wean  ,1 accustom  to food other than  milk. 2  disengage  By enforced discontinuance.,3.1
"Weapon  | 1 thing designed, used, or usable for inflicting bodily harm. 2 means for gaining the advantage in a conflict. ",Weapon  ,"1 thing designed, used, or usable for inflicting bodily harm. 2 means for gaining the advantage in a conflict.",2.7
Weaponry  | Weapons collectively.,Weaponry  ,Weapons collectively.,3.0
"Wear  |  1 have on one's person as clothing or an ornament etc. 2 exhibit or present  . 3 colloq.  Tolerate. 4  a injure the surface of, or partly obliterate or alter, by rubbing, stress, or use. B undergo such injury or change. 5  rub or be rubbed off. 6 make  By constant rubbing or dripping etc. 7  exhaust. 8  overcome by persistence. 9  Endure continued use or life. 10  pass, esp. Tediously. 11  fly . —n. 1 wearing or being worn. 2 things worn; fashionable or suitable clothing . 3  damage from continuous use.  wear one's heart on one's sleeve show one's feelings openly. Wear off lose effectiveness or intensity. Wear out 1 use or be used until useless. 2 tire or be tired out. Wear thin  Begin to fail. Wear the trousers see ~trousers.  wearer n. ",Wear  ,"1 have on one's person as clothing or an ornament etc. 2 exhibit or present  . 3 colloq.  Tolerate. 4  a injure the surface of, or partly obliterate or alter, by rubbing, stress, or use. B undergo such injury or change. 5  rub or be rubbed off. 6 make  By constant rubbing or dripping etc. 7  exhaust. 8  overcome by persistence. 9  Endure continued use or life. 10  pass, esp. Tediously. 11  fly . —n. 1 wearing or being worn. 2 things worn; fashionable or suitable clothing . 3  damage from continuous use.  wear one's heart on one's sleeve show one's feelings openly. Wear off lose effectiveness or intensity. Wear out 1 use or be used until useless. 2 tire or be tired out. Wear thin  Begin to fail. Wear the trousers see ~trousers.  wearer n.",2.8
Wearisome  | Tedious; tiring by monotony or length.,Wearisome  ,Tedious; tiring by monotony or length.,2.5
"Weary  |  1 very tired after exertion or endurance. 2  no longer interested in, tired of. 3 tiring, tedious. —v.  make or grow weary.  wearily adv. Weariness n. ",Weary  ,"1 very tired after exertion or endurance. 2  no longer interested in, tired of. 3 tiring, tedious. —v.  make or grow weary.  wearily adv. Weariness n.",2.9
Weasel  | Small flesh-eating mammal related to the stoat and ferret. ,Weasel  ,Small flesh-eating mammal related to the stoat and ferret.,3.2
Weasel word  |  Word that is intentionally ambiguous or misleading.,Weasel word  ,Word that is intentionally ambiguous or misleading.,3.2
"Weather  —| 1 state of the atmosphere at a place and time as regards heat, cloudiness, dryness, sunshine, wind, and rain etc. 2  Naut. Windward. —v. 1 expose to or affect by atmospheric changes; season . 2 be discoloured or worn in this way. 3 a come safely through . B survive . 4 get to the windward of .  keep a weather eye open be watchful. Make heavy weather of colloq. Exaggerate the difficulty presented by. Under the weather colloq. Indisposed. ",Weather  ,"1 state of the atmosphere at a place and time as regards heat, cloudiness, dryness, sunshine, wind, and rain etc. 2  Naut. Windward. —v. 1 expose to or affect by atmospheric changes; season . 2 be discoloured or worn in this way. 3 a come safely through . B survive . 4 get to the windward of .  keep a weather eye open be watchful. Make heavy weather of colloq. Exaggerate the difficulty presented by. Under the weather colloq. Indisposed.",2.8
Weather-beaten  | Affected by exposure to the weather.,Weather-beaten  ,Affected by exposure to the weather.,3.5
Weatherboard  | 1 sloping board attached to the bottom of an outside door to keep out the rain etc. 2 each of a series of overlapping horizontal boards on a wall.  weatherboarding n. .,Weatherboard  ,1 sloping board attached to the bottom of an outside door to keep out the rain etc. 2 each of a series of overlapping horizontal boards on a wall.  weatherboarding n. .,3.1
Weathercock  | 1 weather-vane in the form of a cock. 2 inconstant person.,Weathercock  ,1 weather-vane in the form of a cock. 2 inconstant person.,3.2
Weather forecast  | Assessment of likely weather.,Weather forecast  ,Assessment of likely weather.,3.2
"Weatherman  | Meteorologist, esp. One who broadcasts a weather forecast.",Weatherman  ,"Meteorologist, esp. One who broadcasts a weather forecast.",3.1
"Weatherproof  | Resistant to the effects of bad weather, esp. Rain.",Weatherproof  ,"Resistant to the effects of bad weather, esp. Rain.",3.0
Weather-vane  | 1 revolving pointer on a church spire etc. To show the direction of the wind. 2 inconstant person.,Weather-vane  ,1 revolving pointer on a church spire etc. To show the direction of the wind. 2 inconstant person.,3.4
Weave1  |  1 a form  by interlacing long threads in two directions. B form  into fabric in this way. 2 make fabric in this way. 3 a  make  Into a story or connected whole. B make  in this way. —n. Style of weaving. ,Weave1  ,1 a form  by interlacing long threads in two directions. B form  into fabric in this way. 2 make fabric in this way. 3 a  make  Into a story or connected whole. B make  in this way. —n. Style of weaving.,3.0
Weave2  |  move repeatedly from side to side; take an intricate course to avoid obstructions.  get weaving slang begin action; hurry. ,Weave2  ,move repeatedly from side to side; take an intricate course to avoid obstructions.  get weaving slang begin action; hurry.,2.9
Weaver  | 1 person who weaves fabric. 2  tropical bird building elaborately woven nests.,Weaver  ,1 person who weaves fabric. 2  tropical bird building elaborately woven nests.,2.9
"Web  | 1 a woven fabric. B amount woven in one piece. 2 complex series . 3 cobweb, gossamer, or a similar product of a spinning creature. 4 membrane between the toes of a swimming animal or bird. 5 large roll of paper used in printing. 6 thin flat connecting part in machinery etc.  webbed adj. ",Web  ,"1 a woven fabric. B amount woven in one piece. 2 complex series . 3 cobweb, gossamer, or a similar product of a spinning creature. 4 membrane between the toes of a swimming animal or bird. 5 large roll of paper used in printing. 6 thin flat connecting part in machinery etc.  webbed adj.",3.1
Webbing  | Strong narrow closely-woven fabric used for belts etc.,Webbing  ,Strong narrow closely-woven fabric used for belts etc.,2.7
Weber  | The si unit of magnetic flux. ,Weber  ,The si unit of magnetic flux.,3.3
Web-footed  | Having the toes connected by webs.,Web-footed  ,Having the toes connected by webs.,3.0
Wed  |  1 usu. Formal or literary marry. 2 unite. 3  Of or in marriage . 4   obstinately attached or devoted to . ,Wed  ,1 usu. Formal or literary marry. 2 unite. 3  Of or in marriage . 4   obstinately attached or devoted to .,3.1
We'd  contr. 1 we had. 2 we should; we would.,We,We'd  contr. 1 we had. 2 we should; we would.,3.4
Wedding  | Marriage ceremony. ,Wedding  ,Marriage ceremony.,3.2
Wedding breakfast  | Meal etc. Between a wedding and departure for the honeymoon.,Wedding breakfast  ,Meal etc. Between a wedding and departure for the honeymoon.,3.4
Wedding cake  | Rich iced cake served at a wedding reception.,Wedding cake  ,Rich iced cake served at a wedding reception.,3.8
Wedding ring  | Ring worn by a married person.,Wedding ring  ,Ring worn by a married person.,3.9
"Wedge  —| 1 piece of tapering wood or metal etc. Driven between two objects or parts to secure or separate them. 2 anything resembling a wedge. 3 golf club with a wedge-shaped head. —v.  1 secure or fasten with a wedge. 2 force open or apart with a wedge. 3  pack or thrust  tightly in or into.  thin end of the wedge colloq. Thing of little importance in itself, but likely to lead to more serious developments. ",Wedge  ,"1 piece of tapering wood or metal etc. Driven between two objects or parts to secure or separate them. 2 anything resembling a wedge. 3 golf club with a wedge-shaped head. —v.  1 secure or fasten with a wedge. 2 force open or apart with a wedge. 3  pack or thrust  tightly in or into.  thin end of the wedge colloq. Thing of little importance in itself, but likely to lead to more serious developments.",3.2
Wedgwood  | Propr. 1 a kind of fine stoneware usu. With a white cameo design. 2 its characteristic blue colour. ,Wedgwood  ,Propr. 1 a kind of fine stoneware usu. With a white cameo design. 2 its characteristic blue colour.,2.9
Wedlock  | The married state.  born in  wedlock born of married  parents. ,Wedlock  ,The married state.  born in  wedlock born of married  parents.,2.8
Wednesday  —| Day of the week following tuesday. —adv. Colloq. 1 on wednesday. 2  on wednesdays; each wednesday. ,Wednesday  ,Day of the week following tuesday. —adv. Colloq. 1 on wednesday. 2  on wednesdays; each wednesday.,2.7
Wee1  |  1 esp. Scot. Little. 2 colloq. Tiny. ,Wee1  ,1 esp. Scot. Little. 2 colloq. Tiny.,2.7
Wee2  | Colloq. = ~wee-wee.,Wee2  ,Colloq. = ~wee-wee.,2.5
"Weed  —| 1 wild plant growing where it is not wanted. 2 thin weak-looking person or horse. 3  slang a marijuana. B tobacco. —v. 1 a clear  of weeds. B remove unwanted parts from. 2  a sort out and remove . B rid of inferior parts, unwanted members, etc. 3 cut off or uproot weeds. ",Weed  ,"1 wild plant growing where it is not wanted. 2 thin weak-looking person or horse. 3  slang a marijuana. B tobacco. —v. 1 a clear  of weeds. B remove unwanted parts from. 2  a sort out and remove . B rid of inferior parts, unwanted members, etc. 3 cut off or uproot weeds.",2.4
Weed-killer  | Chemical used to destroy weeds.,Weed-killer  ,Chemical used to destroy weeds.,3.0
Weeds  |pl.  archaic deep mourning worn by a widow. ,Weeds  ,pl.  archaic deep mourning worn by a widow.,2.6
"Weedy  |  1 weak, feeble. 2 having many weeds.",Weedy  ,"1 weak, feeble. 2 having many weeds.",2.7
Week  | 1 period of seven days reckoned usu. From midnight on saturday. 2 any period of seven days. 3 the six days between sundays. 4 a the five days monday to friday. B time spent working in this period . ,Week  ,1 period of seven days reckoned usu. From midnight on saturday. 2 any period of seven days. 3 the six days between sundays. 4 a the five days monday to friday. B time spent working in this period .,3.0
Weekday  | Day other than sunday or saturday and sunday.,Weekday  ,Day other than sunday or saturday and sunday.,2.9
Weekend  | 1 sunday and saturday or part of saturday. 2 this period extended slightly esp. For a holiday or visit etc.,Weekend  ,1 sunday and saturday or part of saturday. 2 this period extended slightly esp. For a holiday or visit etc.,3.1
Weekender  | Person who spends the weekend away from home; weekend visitor.,Weekender  ,Person who spends the weekend away from home; weekend visitor.,3.3
"Weekly  | Done, produced, or occurring once a week. —adv. Once a week. —n.  weekly newspaper or periodical.",Weekly  ,"Done, produced, or occurring once a week. —adv. Once a week. —n.  weekly newspaper or periodical.",2.8
Weeny  |  colloq. Tiny. ,Weeny  ,colloq. Tiny.,2.7
"Weep  |  1 shed tears. 2  bewail, lament over. 3 a be covered with or send forth drops. B come or send forth in drops; exude liquid. 4   having drooping branches. —n. Spell of weeping. ",Weep  ,"1 shed tears. 2  bewail, lament over. 3 a be covered with or send forth drops. B come or send forth in drops; exude liquid. 4   having drooping branches. —n. Spell of weeping.",2.7
"Weepie  | Colloq. Sentimental or emotional film, play, etc.",Weepie  ,"Colloq. Sentimental or emotional film, play, etc.",3.0
Weepy  |  colloq. Inclined to weep; tearful.,Weepy  ,colloq. Inclined to weep; tearful.,2.9
Weevil  | Destructive beetle feeding esp. On grain. ,Weevil  ,Destructive beetle feeding esp. On grain.,3.2
Wee-wee  | —n. 1 act of urinating. 2 urine. —v.  urinate. ,Wee-wee  ,—n. 1 act of urinating. 2 urine. —v.  urinate.,2.9
Weft  | 1 threads woven across a warp to make fabric. 2 yarn for these. 3 thing woven. ,Weft  ,1 threads woven across a warp to make fabric. 2 yarn for these. 3 thing woven.,2.9
"Weigh  | 1 find the weight of. 2 balance in the hands to guess or as if to guess the weight of. 3  take a definite weight of ; measure out  . 4 a estimate the relative value, importance, or desirability of. B  compare. 5 be equal to . 6 have  importance; exert an influence. 7  be heavy or burdensome ; be depressing .  weigh down 1 bring down by exerting weight. 2 be oppressive to. Weigh in  be weighed. Weigh in with colloq. Advance  Boldly. Weigh out  be weighed before a race. Weigh up colloq. Form an estimate of. Weigh one's words carefully choose the way one expresses something. ",Weigh  ,"1 find the weight of. 2 balance in the hands to guess or as if to guess the weight of. 3  take a definite weight of ; measure out  . 4 a estimate the relative value, importance, or desirability of. B  compare. 5 be equal to . 6 have  importance; exert an influence. 7  be heavy or burdensome ; be depressing .  weigh down 1 bring down by exerting weight. 2 be oppressive to. Weigh in  be weighed. Weigh in with colloq. Advance  Boldly. Weigh out  be weighed before a race. Weigh up colloq. Form an estimate of. Weigh one's words carefully choose the way one expresses something.",2.8
Weighbridge  | Weighing-machine for vehicles.,Weighbridge  ,Weighing-machine for vehicles.,2.7
Weigh-in  | Weighing of a boxer before a fight.,Weigh-in  ,Weighing of a boxer before a fight.,2.7
"Weight  —| 1 force experienced by a body as a result of the earth's gravitation. 2 heaviness of a body regarded as a property of it. 3 a quantitative expression of a body's weight. B scale of such weights . 4 body of a known weight for use in weighing or weight training. 5 heavy body, esp. As used in a mechanism etc. 6 load or burden. 7 influence, importance. 8 athletics = ~shot1 7. —v. 1 a attach a weight to. B hold down with a weight. 2  impede or burden.  throw one's weight about  colloq. Be unpleasantly self-assertive. Worth one's weight in gold very useful or helpful. ",Weight  ,"1 force experienced by a body as a result of the earth's gravitation. 2 heaviness of a body regarded as a property of it. 3 a quantitative expression of a body's weight. B scale of such weights . 4 body of a known weight for use in weighing or weight training. 5 heavy body, esp. As used in a mechanism etc. 6 load or burden. 7 influence, importance. 8 athletics = ~shot1 7. —v. 1 a attach a weight to. B hold down with a weight. 2  impede or burden.  throw one's weight about  colloq. Be unpleasantly self-assertive. Worth one's weight in gold very useful or helpful.",2.8
Weighting  | Extra allowance paid in special cases.,Weighting  ,Extra allowance paid in special cases.,2.9
Weightless  |  Not apparently acted on by gravity.  weightlessness n.,Weightless  ,Not apparently acted on by gravity.  weightlessness n.,2.5
Weightlifting  | Sport of lifting heavy weights.  weightlifter n.,Weightlifting  ,Sport of lifting heavy weights.  weightlifter n.,3.1
Weight training  | Physical training using weights.,Weight training  ,Physical training using weights.,3.5
"Weighty  |  1 heavy. 2 momentous. 3  Deserving consideration. 4 influential, authoritative.  weightily adv. Weightiness n.",Weighty  ,"1 heavy. 2 momentous. 3  Deserving consideration. 4 influential, authoritative.  weightily adv. Weightiness n.",2.4
Weir  | Dam across a river to raise the level of water upstream or regulate its flow. ,Weir  ,Dam across a river to raise the level of water upstream or regulate its flow.,2.8
"Weird  | 1 uncanny, supernatural. 2 colloq. Queer, incomprehensible.  weirdly adv. Weirdness n. ",Weird  ,"1 uncanny, supernatural. 2 colloq. Queer, incomprehensible.  weirdly adv. Weirdness n.",2.8
Weirdo  |  colloq. Odd or eccentric person.,Weirdo  ,colloq. Odd or eccentric person.,2.4
Welch  | Of ~welsh.,Welch  ,Of ~welsh.,3.1
Welcome  —| Act of greeting or receiving gladly; kind or glad reception. —int. Expressing such a greeting. —v.  receive with a welcome. —adj. 1 that one receives with pleasure . 2  Cordially allowed or invited .  make welcome receive hospitably. Outstay one's welcome stay too long as a visitor etc. You are welcome there is no need for thanks. ,Welcome  ,Act of greeting or receiving gladly; kind or glad reception. —int. Expressing such a greeting. —v.  receive with a welcome. —adj. 1 that one receives with pleasure . 2  Cordially allowed or invited .  make welcome receive hospitably. Outstay one's welcome stay too long as a visitor etc. You are welcome there is no need for thanks.,2.8
Weld  | 1 a hammer or press  into one piece. B join by fusion with an electric arc etc. C form by welding into some article. 2 fashion into an effectual or homogeneous whole. —n. Welded joint.  welder n. ,Weld  ,1 a hammer or press  into one piece. B join by fusion with an electric arc etc. C form by welding into some article. 2 fashion into an effectual or homogeneous whole. —n. Welded joint.  welder n.,2.6
"Welfare  | 1 well-being, happiness; health and prosperity . 2  a welfare centre or office. B financial support given by the state. ",Welfare  ,"1 well-being, happiness; health and prosperity . 2  a welfare centre or office. B financial support given by the state.",2.8
"Welfare state  | 1 system whereby the state undertakes to protect the health and well-being of its citizens by means of grants, pensions, etc. 2 country practising this system.",Welfare state  ,"1 system whereby the state undertakes to protect the health and well-being of its citizens by means of grants, pensions, etc. 2 country practising this system.",2.6
"Welfare work  | Organized effort for the welfare of the poor, disabled, etc.",Welfare work  ,"Organized effort for the welfare of the poor, disabled, etc.",3.6
Welkin  | Poet. Sky. ,Welkin  ,Poet. Sky.,3.1
"Well1  —|  1 in a satisfactory way . 2 with some distinction . 3 in a kind way . 4 thoroughly, carefully . 5 with heartiness or approval . 6 probably, reasonably . 7 to a considerable extent . —adj.  1  In good health. 2  A in a satisfactory state or position. B advisable . —int. Expressing surprise, resignation, etc., or used to introduce speech.  leave well alone avoid needless change or disturbance. Well and truly decisively, completely. Well away 1 having made considerable progress. 2 colloq. Fast asleep or drunk. Well done! Expressing praise for something done. Well worth certainly worth. ",Well1  ,"1 in a satisfactory way . 2 with some distinction . 3 in a kind way . 4 thoroughly, carefully . 5 with heartiness or approval . 6 probably, reasonably . 7 to a considerable extent . —adj.  1  In good health. 2  A in a satisfactory state or position. B advisable . —int. Expressing surprise, resignation, etc., or used to introduce speech.  leave well alone avoid needless change or disturbance. Well and truly decisively, completely. Well away 1 having made considerable progress. 2 colloq. Fast asleep or drunk. Well done! Expressing praise for something done. Well worth certainly worth.",3.0
"Well2  —| 1 shaft sunk into the ground to obtain water, oil, etc. 2 enclosed space like a well-shaft, e.g. In the middle of a building for stairs or a lift, or for light or ventilation. 3  source. 4  Spa. 5 = ~ink-well. 6 archaic water-spring. 7 railed space in a lawcourt. —v.  spring as from a fountain. ",Well2  ,"1 shaft sunk into the ground to obtain water, oil, etc. 2 enclosed space like a well-shaft, e.g. In the middle of a building for stairs or a lift, or for light or ventilation. 3  source. 4  Spa. 5 = ~ink-well. 6 archaic water-spring. 7 railed space in a lawcourt. —v.  spring as from a fountain.",2.8
We'll  contr. We shall; we will.,We,We'll  contr. We shall; we will.,3.4
Well-adjusted  | 1 mentally and emotionally stable. 2 in a good state of adjustment.,Well-adjusted  ,1 mentally and emotionally stable. 2 in a good state of adjustment.,3.3
Well-advised  |  Prudent.,Well-advised  ,Prudent.,3.6
Well-appointed  | Having all the necessary equipment.,Well-appointed  ,Having all the necessary equipment.,3.5
Well-attended  | Attended by a large number of people.,Well-attended  ,Attended by a large number of people.,3.0
"Well-balanced  | Sane, sensible.",Well-balanced  ,"Sane, sensible.",3.6
Well-behaved  | Habitually behaving well.,Well-behaved  ,Habitually behaving well.,2.7
"Well-being  | State of being contented, healthy, etc.",Well-being  ,"State of being contented, healthy, etc.",3.2
Well-born  | Of noble family.,Well-born  ,Of noble family.,3.2
Well-bred  | Having or showing good breeding or manners.,Well-bred  ,Having or showing good breeding or manners.,3.7
"Well-built  | Big, strong, and well-proportioned.",Well-built  ,"Big, strong, and well-proportioned.",3.4
"Well-connected  | Associated, esp. By birth, with persons of good social position.",Well-connected  ,"Associated, esp. By birth, with persons of good social position.",3.5
Well-disposed  |  friendly or sympathetic.,Well-disposed  ,friendly or sympathetic.,3.3
Well-dressed  | Fashionably smart.,Well-dressed  ,Fashionably smart.,3.4
Well-earned  | Fully deserved.,Well-earned  ,Fully deserved.,2.9
Well-founded  |  Based on good evidence.,Well-founded  ,Based on good evidence.,3.2
"Well-groomed  | With carefully tended hair, clothes, etc.",Well-groomed  ,"With carefully tended hair, clothes, etc.",3.2
Well-head  | Source.,Well-head  ,Source.,3.0
Well-heeled  | Colloq. Wealthy.,Well-heeled  ,Colloq. Wealthy.,3.2
Wellies  |pl. Colloq. Wellingtons. ,Wellies  ,pl. Colloq. Wellingtons.,3.1
Well-informed  | Having much knowledge or information about a subject.,Well-informed  ,Having much knowledge or information about a subject.,3.4
Wellington  |  waterproof boot usu. Reaching the knee. ,Wellington  ,waterproof boot usu. Reaching the knee.,2.8
Well-intentioned  | Having or showing good intentions.,Well-intentioned  ,Having or showing good intentions.,2.0
"Well-judged  | Opportunely, skilfully, or discreetly done.",Well-judged  ,"Opportunely, skilfully, or discreetly done.",3.2
Well-kept  | Kept in good order or condition.,Well-kept  ,Kept in good order or condition.,3.2
Well-known  | Known to many.,Well-known  ,Known to many.,2.7
Well-made  | 1 strongly manufactured. 2 having a good build.,Well-made  ,1 strongly manufactured. 2 having a good build.,3.0
Well-mannered  | Having good manners.,Well-mannered  ,Having good manners.,3.1
Well-meaning  |  well-intentioned .,Well-meaning  ,well-intentioned .,3.3
Wellnigh  | Almost .,Wellnigh  ,Almost .,2.9
Well off  |  1 having plenty of money. 2 in a fortunate situation.,Well off  ,1 having plenty of money. 2 in a fortunate situation.,1.7
Well-oiled  | Colloq. Very drunk.,Well-oiled  ,Colloq. Very drunk.,2.7
Well-paid  | 1  that pays well. 2  amply rewarded for a job.,Well-paid  ,1  that pays well. 2  amply rewarded for a job.,2.7
Well-preserved  | 1 in good condition. 2  showing little sign of age.,Well-preserved  ,1 in good condition. 2  showing little sign of age.,3.5
Well-read  | Knowledgeable through much reading.,Well-read  ,Knowledgeable through much reading.,3.1
Well-received  | Welcomed; favourably received.,Well-received  ,Welcomed; favourably received.,2.7
Well-rounded  | Complete and symmetrical.,Well-rounded  ,Complete and symmetrical.,3.3
Well-spoken  | Articulate or refined in speech.,Well-spoken  ,Articulate or refined in speech.,2.9
Well-spring  | = ~well-head.,Well-spring  ,= ~well-head.,3.1
Well-to-do  | Prosperous.,Well-to-do  ,Prosperous.,3.2
Well-tried  | Often tested with good results.,Well-tried  ,Often tested with good results.,2.9
Well-trodden  | Much frequented.,Well-trodden  ,Much frequented.,3.3
Well-wisher  | Person who wishes one well.,Well-wisher  ,Person who wishes one well.,3.4
Well-worn  | 1 much worn by use. 2  Trite.,Well-worn  ,1 much worn by use. 2  Trite.,3.1
Welsh  | Of or relating to wales or its people or language. —n. 1 the celtic language of wales. 2  The people of wales. ,Welsh  ,Of or relating to wales or its people or language. —n. 1 the celtic language of wales. 2  The people of wales.,3.4
Welsh  |  1  decamp without paying. 2 evade an obligation. 3  a fail to carry out a promise to . B fail to honour . ,Welsh  ,1  decamp without paying. 2 evade an obligation. 3  a fail to carry out a promise to . B fail to honour .,3.4
Welshman  | Man who is welsh by birth or descent.,Welshman  ,Man who is welsh by birth or descent.,3.1
Welsh rabbit  |  dish of melted cheese etc. On toast.,Welsh rabbit  ,dish of melted cheese etc. On toast.,3.3
Welshwoman  | Woman who is welsh by birth or descent.,Welshwoman  ,Woman who is welsh by birth or descent.,3.3
Welt  —| 1 leather rim sewn round the edge of a shoe-upper for the sole to be attached to. 2 = ~weal1. 3 ribbed or reinforced border of a garment. 4 heavy blow. —v. 1 provide with a welt. 2 raise weals on; thrash. ,Welt  ,1 leather rim sewn round the edge of a shoe-upper for the sole to be attached to. 2 = ~weal1. 3 ribbed or reinforced border of a garment. 4 heavy blow. —v. 1 provide with a welt. 2 raise weals on; thrash.,2.8
"Welter1  | 1 roll, wallow. 2  lie prostrate or be soaked in. —n. 1 general confusion. 2  disorderly mixture or contrast. ",Welter1  ,"1 roll, wallow. 2  lie prostrate or be soaked in. —n. 1 general confusion. 2  disorderly mixture or contrast.",3.3
Welter2  | Heavy rider or boxer. ,Welter2  ,Heavy rider or boxer.,3.2
"Welterweight  | 1 weight in certain sports intermediate between lightweight and middleweight, in the amateur boxing scale 63.5–67 kg. 2 sportsman of this weight.",Welterweight  ,"1 weight in certain sports intermediate between lightweight and middleweight, in the amateur boxing scale 63.5–67 kg. 2 sportsman of this weight.",3.1
"Wen  | Benign tumour on the skin, esp. On the scalp. ",Wen  ,"Benign tumour on the skin, esp. On the scalp.",2.7
Wench  | Joc. Girl or young woman. ,Wench  ,Joc. Girl or young woman.,2.8
Wend  |  wend one's way make one's way. ,Wend  , wend one's way make one's way.,2.6
Wendy house  | Children's small houselike tent or structure for playing in. ,Wendy house  ,Children's small houselike tent or structure for playing in.,3.0
Went  past of ~go1.,Went  past of ,Went  past of ~go1.,3.2
Wept  past of ~weep.,Wept  past of ,Wept  past of ~weep.,2.7
"Were  2nd sing. Past, pl. Past, and past subjunctive of ~be.",Were  2nd sing,"Were  2nd sing. Past, pl. Past, and past subjunctive of ~be.",3.0
We're  contr. We are.,We,We're  contr. We are.,3.4
Weren't  contr. Were not.,Weren,Weren't  contr. Were not.,2.7
Werewolf  |  mythical being who at times changes from a person to a wolf. ,Werewolf  ,mythical being who at times changes from a person to a wolf.,3.2
Wesleyan  | Of or relating to a protestant denomination founded by john wesley. —n. Member of this denomination.,Wesleyan  ,Of or relating to a protestant denomination founded by john wesley. —n. Member of this denomination.,3.1
"West  —| 1 a point of the horizon where the sun sets at the equinoxes. B compass point corresponding to this. C direction in which this lies. 2  a european civilization. B states of western europe and n. America. C western part of a country, town, etc. —adj. 1 towards, at, near, or facing the west. 2 from the west . —adv. 1 towards, at, or near the west. 2  further west than.  go west slang be killed or destroyed etc. To the west  in a westerly direction. ",West  ,"1 a point of the horizon where the sun sets at the equinoxes. B compass point corresponding to this. C direction in which this lies. 2  a european civilization. B states of western europe and n. America. C western part of a country, town, etc. —adj. 1 towards, at, near, or facing the west. 2 from the west . —adv. 1 towards, at, or near the west. 2  further west than.  go west slang be killed or destroyed etc. To the west  in a westerly direction.",2.8
Westbound  | Travelling or leading westwards.,Westbound  ,Travelling or leading westwards.,3.1
West country  | South-western england.,West country  ,South-western england.,3.0
West end  | Main entertainment and shopping area of london.,West end  ,Main entertainment and shopping area of london.,3.0
Westering  |  nearing the west.,Westering  ,nearing the west.,2.6
Westerly  | & adv. 1 in a western position or direction. 2  from the west. —n.  such a wind.,Westerly  ,& adv. 1 in a western position or direction. 2  from the west. —n.  such a wind.,2.7
Western  | Of or in the west. —n. Film or novel about cowboys in western north america.  westernmost adj.,Western  ,Of or in the west. —n. Film or novel about cowboys in western north america.  westernmost adj.,2.8
Westerner  | Native or inhabitant of the west.,Westerner  ,Native or inhabitant of the west.,2.8
"Westernize  |   influence with, or convert to, the ideas and customs etc. Of the west.",Westernize  ,"influence with, or convert to, the ideas and customs etc. Of the west.",2.9
West indian  | 1 native or national of the west indies. 2 person of west indian descent.,West indian  ,1 native or national of the west indies. 2 person of west indian descent.,3.4
West-north-west  | Point or direction midway between west and north-west.,West-north-west  ,Point or direction midway between west and north-west.,3.4
West side  | Us western part of manhattan.,West side  ,Us western part of manhattan.,2.7
West-south-west  | Point or direction midway between west and south-west.,West-south-west  ,Point or direction midway between west and south-west.,3.2
Westward  | & adv.  towards the west. —n. Westward direction or region.,Westward  ,& adv.  towards the west. —n. Westward direction or region.,2.9
"Wet  |  1 soaked or covered with water or other liquid. 2  Rainy. 3  Not yet dried. 4 used with water . 5 colloq. Feeble, inept. —v.  1 make wet. 2 a urinate in or on .",Wet  ,"1 soaked or covered with water or other liquid. 2  Rainy. 3  Not yet dried. 4 used with water . 5 colloq. Feeble, inept. —v.  1 make wet. 2 a urinate in or on .",3.3
Wet blanket  | Colloq. Gloomy person hindering others' enjoyment.,Wet blanket  ,Colloq. Gloomy person hindering others' enjoyment.,2.4
Wet dream  | Erotic dream with the involuntary ejaculation of semen.,Wet dream  ,Erotic dream with the involuntary ejaculation of semen.,3.5
Wether  | Castrated ram. ,Wether  ,Castrated ram.,3.1
Wetland  |  Swamps and other damp areas of land.,Wetland  ,Swamps and other damp areas of land.,3.0
Wet-nurse  —| Woman employed to suckle another's child. —v. 1 act as a wet-nurse to. 2 colloq. Treat as if helpless.,Wet-nurse  ,Woman employed to suckle another's child. —v. 1 act as a wet-nurse to. 2 colloq. Treat as if helpless.,2.8
Wet suit  | Rubber garment worn by skin-divers etc. To keep warm.,Wet suit  ,Rubber garment worn by skin-divers etc. To keep warm.,3.2
We've  contr. We have.,We,We've  contr. We have.,3.4
