"Ulcer  | 1 open sore on or in the body, often forming pus. 2 corrupting influence etc.  ulcerous adj. ",Ulcer  ,"1 open sore on or in the body, often forming pus. 2 corrupting influence etc.  ulcerous adj.",2.9
Ulcerate  |  form into or affect with an ulcer.  ulceration n.,Ulcerate  ,form into or affect with an ulcer.  ulceration n.,2.9
Ullage  | 1 amount by which a cask etc. Falls short of being full. 2 loss by evaporation or leakage. ,Ullage  ,1 amount by which a cask etc. Falls short of being full. 2 loss by evaporation or leakage.,3.0
"Ulna  |  1 thinner and longer bone in the forearm, opposite to the thumb. 2 corresponding bone in an animal's foreleg or a bird's wing.  ulnar adj. ",Ulna  ,"1 thinner and longer bone in the forearm, opposite to the thumb. 2 corresponding bone in an animal's foreleg or a bird's wing.  ulnar adj.",3.2
Ulster  | Long loose overcoat of rough cloth. ,Ulster  ,Long loose overcoat of rough cloth.,3.4
Ulsterman  |  native of ulster.,Ulsterman  ,native of ulster.,3.2
"Ulterior  | Not evident or admitted; hidden, secret . ",Ulterior  ,"Not evident or admitted; hidden, secret .",2.8
"Ultimate  | 1 last or last possible, final. 2 fundamental, primary, basic . —n. 1  best achievable or imaginable. 2 final or fundamental fact or principle.  ultimately adv. ",Ultimate  ,"1 last or last possible, final. 2 fundamental, primary, basic . —n. 1  best achievable or imaginable. 2 final or fundamental fact or principle.  ultimately adv.",2.8
"Ultimatum  |  final statement of terms, the rejection of which could cause hostility etc. ",Ultimatum  ,"final statement of terms, the rejection of which could cause hostility etc.",3.1
Ultimo  | Commerce of last month . ,Ultimo  ,Commerce of last month .,2.8
"Ultra  | Extreme, esp. In religion or politics. —n. Extremist. ",Ultra  ,"Extreme, esp. In religion or politics. —n. Extremist.",2.8
"Ultra-  | Form 1 extreme, excessive . 2 beyond. ",Ultra-  ,"Form 1 extreme, excessive . 2 beyond.",2.9
Ultra-high  |  in the range 300 to 3000 megahertz.,Ultra-high  ,in the range 300 to 3000 megahertz.,3.7
Ultramarine  —| 1 brilliant blue pigment orig. From lapis lazuli. 2 colour of this. —adj. Of this colour. ,Ultramarine  ,1 brilliant blue pigment orig. From lapis lazuli. 2 colour of this. —adj. Of this colour.,3.1
Ultramicroscopic  | Too small to be seen by an ordinary optical microscope.,Ultramicroscopic  ,Too small to be seen by an ordinary optical microscope.,3.3
Ultramontane  | 1 situated beyond the alps. 2 advocating supreme papal authority. —n. 1 person living beyond the alps. 2 advocate of supreme papal authority. ,Ultramontane  ,1 situated beyond the alps. 2 advocating supreme papal authority. —n. 1 person living beyond the alps. 2 advocate of supreme papal authority.,3.3
Ultrasonic  | Of or using sound waves pitched above the range of human hearing.  ultrasonically adv.,Ultrasonic  ,Of or using sound waves pitched above the range of human hearing.  ultrasonically adv.,2.8
Ultrasonics  |pl.  Science of ultrasonic waves.,Ultrasonics  ,pl.  Science of ultrasonic waves.,3.3
Ultrasound  | Ultrasonic waves.,Ultrasound  ,Ultrasonic waves.,3.3
Ultraviolet  | Of or using radiation with a frequency just beyond that of the violet end of the visible spectrum.,Ultraviolet  ,Of or using radiation with a frequency just beyond that of the violet end of the visible spectrum.,3.2
Ultra vires  | & predic.adj. Beyond one's legal power or authority. ,Ultra vires  ,& predic.adj. Beyond one's legal power or authority.,2.4
"Ululate  |  howl, wail.  ululation n. ",Ululate  ,"howl, wail.  ululation n.",3.1
