"Ho  | Expressing triumph, derision, etc., or calling attention. ",Ho  ,"Expressing triumph, derision, etc., or calling attention.",2.8
Hoard  —| Stock or store . —v. Amass and store.  hoarder n. ,Hoard  ,Stock or store . —v. Amass and store.  hoarder n.,3.2
"Hoarding  | 1 large, usu. Wooden, structure used to carry advertisements etc. 2 temporary fence round a building site etc. ",Hoarding  ,"1 large, usu. Wooden, structure used to carry advertisements etc. 2 temporary fence round a building site etc.",2.2
Hoar-frost  | Frozen water vapour on vegetation etc. ,Hoar-frost  ,Frozen water vapour on vegetation etc.,3.4
"Hoarse  | 1  rough and deep; husky, croaking. 2 having such a voice.  hoarsely adv. Hoarseness n. ",Hoarse  ,"1  rough and deep; husky, croaking. 2 having such a voice.  hoarsely adv. Hoarseness n.",3.0
Hoary  |  1 a  grey or white with age. B having such hair; aged. 2 old and trite . ,Hoary  ,1 a  grey or white with age. B having such hair; aged. 2 old and trite .,3.0
Hoax  —| Humorous or malicious deception. —v. Deceive  with a hoax. ,Hoax  ,Humorous or malicious deception. —v. Deceive  with a hoax.,3.3
"Hob  | 1 flat heating surface with hotplates or burners, on a cooker or as a separate unit. 2 flat metal shelf at the side of a fireplace for heating a pan etc. ",Hob  ,"1 flat heating surface with hotplates or burners, on a cooker or as a separate unit. 2 flat metal shelf at the side of a fireplace for heating a pan etc.",2.7
Hobble  |  1 walk lamely; limp. 2 tie together the legs of  To prevent it from straying. —n. 1 uneven or infirm gait. 2 rope etc. For hobbling a horse etc. ,Hobble  ,1 walk lamely; limp. 2 tie together the legs of  To prevent it from straying. —n. 1 uneven or infirm gait. 2 rope etc. For hobbling a horse etc.,3.0
Hobby  |  leisure-time activity pursued for pleasure. ,Hobby  ,leisure-time activity pursued for pleasure.,3.4
Hobby-horse  | 1 child's toy consisting of a stick with a horse's head. 2 favourite subject or idea.,Hobby-horse  ,1 child's toy consisting of a stick with a horse's head. 2 favourite subject or idea.,3.5
Hobgoblin  | Mischievous imp; bogy. ,Hobgoblin  ,Mischievous imp; bogy.,2.5
Hobnail  | Heavy-headed nail for boot-soles. ,Hobnail  ,Heavy-headed nail for boot-soles.,2.6
Hobnob  |   mix socially or informally. ,Hobnob  ,mix socially or informally.,2.6
Hobo  |  us wandering worker; tramp. ,Hobo  ,us wandering worker; tramp.,2.5
Hobson's choice  | Choice of taking the thing offered or nothing. ,Hobson,Choice of taking the thing offered or nothing.,2.8
Hock1  | Joint of a quadruped's hind leg between the knee and the fetlock. ,Hock1  ,Joint of a quadruped's hind leg between the knee and the fetlock.,3.3
Hock2  | German white wine from the rhineland. ,Hock2  ,German white wine from the rhineland.,3.2
Hock3  | Esp. Us colloq. Pawn; pledge.  in hock 1 in pawn. 2 in debt. 3 in prison. ,Hock3  ,Esp. Us colloq. Pawn; pledge.  in hock 1 in pawn. 2 in debt. 3 in prison.,3.4
Hockey  | Team game with hooked sticks and a small hard ball. ,Hockey  ,Team game with hooked sticks and a small hard ball.,2.9
Hocus-pocus  | Deception; trickery. ,Hocus-pocus  ,Deception; trickery.,2.9
Hod  | 1 v-shaped trough on a pole used for carrying bricks etc. 2 portable receptacle for coal. ,Hod  ,1 v-shaped trough on a pole used for carrying bricks etc. 2 portable receptacle for coal.,2.8
Hodgepodge  | Of ~hotchpotch.,Hodgepodge  ,Of ~hotchpotch.,1.9
"Hodgkin's disease  | Malignant disease of lymphatic tissues, usu. Characterized by enlargement of the lymph nodes. ",Hodgkin,"Malignant disease of lymphatic tissues, usu. Characterized by enlargement of the lymph nodes.",2.7
"Hoe  —| Long-handled tool with a blade, used for weeding etc. —v.  weed ; loosen ; dig up with a hoe. ",Hoe  ,"Long-handled tool with a blade, used for weeding etc. —v.  weed ; loosen ; dig up with a hoe.",2.8
Hog  —| 1 castrated male pig. 2 colloq. Greedy person. —v.  colloq. Take greedily; hoard selfishly; monopolize.  go the whole hog colloq. Do something completely or thoroughly.  hoggish adj. ,Hog  ,1 castrated male pig. 2 colloq. Greedy person. —v.  colloq. Take greedily; hoard selfishly; monopolize.  go the whole hog colloq. Do something completely or thoroughly.  hoggish adj.,3.2
Hogmanay  | Scot. New year's eve. ,Hogmanay  ,Scot. New year's eve.,3.1
Hogshead  | 1 large cask. 2 liquid or dry measure . ,Hogshead  ,1 large cask. 2 liquid or dry measure .,2.8
"Hogwash  | Colloq. Nonsense, rubbish.",Hogwash  ,"Colloq. Nonsense, rubbish.",3.1
"Ho-ho  | 1 representing a deep jolly laugh. 2 expressing surprise, triumph, or derision. ",Ho-ho  ,"1 representing a deep jolly laugh. 2 expressing surprise, triumph, or derision.",3.0
"Hoick  | Colloq.  lift or pull, esp. With a jerk. ",Hoick  ,"Colloq.  lift or pull, esp. With a jerk.",2.6
Hoi polloi  | The masses; the common people. ,Hoi polloi  ,The masses; the common people.,3.0
"Hoist  | 1 raise or haul up. 2 raise by means of ropes and pulleys etc. —n. 1 act of hoisting, lift. 2 apparatus for hoisting.  hoist with one's own petard caught by one's own trick etc. ",Hoist  ,"1 raise or haul up. 2 raise by means of ropes and pulleys etc. —n. 1 act of hoisting, lift. 2 apparatus for hoisting.  hoist with one's own petard caught by one's own trick etc.",3.4
Hoity-toity  | Haughty. ,Hoity-toity  ,Haughty.,3.2
"Hokum  | Esp. Us slang 1 sentimental, sensational, or unreal material in a film or play etc. 2 bunkum; rubbish. ",Hokum  ,"Esp. Us slang 1 sentimental, sensational, or unreal material in a film or play etc. 2 bunkum; rubbish.",2.7
"Hold1  |  1 a keep fast; grasp . B  Keep or sustain  In a particular position. C grip so as to control . 2 have the capacity for, contain . 3 possess, gain, or have, esp.: a be the owner or tenant of . B gain or have gained . C have the position of . D keep possession of , esp. Against attack. 4 remain unbroken; not give way . 5 celebrate or conduct . 6 a keep  In a place or condition . B detain, esp. In custody. 7 a engross . B dominate . 8  keep  To . 9  continue fine. 10 think, believe; assert . 11 regard with a specified feeling . 12 cease; restrain . 13 keep or reserve . 14 be able to drink  without effect . 15  Lay down; decide. 16 mus. Sustain . 17 = hold the line. —n. 1  influence or power over . 2 manner of holding in wrestling etc. 3 grasp . 4  Thing to hold by .  hold  against  resent or regard it as discreditable to . Hold back 1 impede the progress of; restrain. 2 keep for oneself. 3  hesitate; refrain. Hold one's breath see ~breath. Hold down 1 repress. 2 colloq. Be competent enough to keep . Hold the fort 1 act as a temporary substitute. 2 cope in an emergency. Hold forth speak at length or tediously. Hold one's ground see ~ground1. Hold hands grasp one another by the hand as a sign of affection or for support or guidance. Hold it cease action or movement. Hold the line not ring off .",Hold1  ,"1 a keep fast; grasp . B  Keep or sustain  In a particular position. C grip so as to control . 2 have the capacity for, contain . 3 possess, gain, or have, esp.: a be the owner or tenant of . B gain or have gained . C have the position of . D keep possession of , esp. Against attack. 4 remain unbroken; not give way . 5 celebrate or conduct . 6 a keep  In a place or condition . B detain, esp. In custody. 7 a engross . B dominate . 8  keep  To . 9  continue fine. 10 think, believe; assert . 11 regard with a specified feeling . 12 cease; restrain . 13 keep or reserve . 14 be able to drink  without effect . 15  Lay down; decide. 16 mus. Sustain . 17 = hold the line. —n. 1  influence or power over . 2 manner of holding in wrestling etc. 3 grasp . 4  Thing to hold by .  hold  against  resent or regard it as discreditable to . Hold back 1 impede the progress of; restrain. 2 keep for oneself. 3  hesitate; refrain. Hold one's breath see ~breath. Hold down 1 repress. 2 colloq. Be competent enough to keep . Hold the fort 1 act as a temporary substitute. 2 cope in an emergency. Hold forth speak at length or tediously. Hold one's ground see ~ground1. Hold hands grasp one another by the hand as a sign of affection or for support or guidance. Hold it cease action or movement. Hold the line not ring off .",2.8
Hold2  | Cavity in the lower part of a ship or aircraft for cargo. ,Hold2  ,Cavity in the lower part of a ship or aircraft for cargo.,2.5
Holdall  | Large soft travelling bag.,Holdall  ,Large soft travelling bag.,2.9
"Holding  | 1 tenure of land. 2 stocks, property, etc. Held.",Holding  ,"1 tenure of land. 2 stocks, property, etc. Held.",3.0
"Holding company  | Company created to hold the shares of other companies, which it then controls.",Holding company  ,"Company created to hold the shares of other companies, which it then controls.",2.7
Hold-up  | 1 stoppage or delay. 2 robbery by force.,Hold-up  ,1 stoppage or delay. 2 robbery by force.,3.2
Hole  | 1 a empty space in a solid body. B opening in or through something. 2 animal's burrow. 3  cavity or receptacle for a ball. 4 colloq. Small or dingy place. 5 colloq. Awkward situation. 6 golf a point scored by a player who gets the ball from tee to hole with the fewest strokes. B terrain or distance from tee to hole.  hole up us colloq. Hide oneself. Make a hole in use a large amount of.  holey adj. ,Hole  ,1 a empty space in a solid body. B opening in or through something. 2 animal's burrow. 3  cavity or receptacle for a ball. 4 colloq. Small or dingy place. 5 colloq. Awkward situation. 6 golf a point scored by a player who gets the ball from tee to hole with the fewest strokes. B terrain or distance from tee to hole.  hole up us colloq. Hide oneself. Make a hole in use a large amount of.  holey adj.,2.9
Hole-and-corner  | Secret; underhand.,Hole-and-corner  ,Secret; underhand.,3.0
Hole in the heart  | Colloq. Congenital defect in the heart membrane.,Hole in the heart  ,Colloq. Congenital defect in the heart membrane.,3.6
"Holiday  —| 1  Extended period of recreation, esp. Spent away from home or travelling; break from work. 2 day of festivity or recreation when no work is done, esp. A religious festival etc. —v. Spend a holiday. ",Holiday  ,"1  Extended period of recreation, esp. Spent away from home or travelling; break from work. 2 day of festivity or recreation when no work is done, esp. A religious festival etc. —v. Spend a holiday.",3.1
Holiday camp  | Place for holiday-makers with facilities on site.,Holiday camp  ,Place for holiday-makers with facilities on site.,3.5
Holiday-maker  | Person on holiday.,Holiday-maker  ,Person on holiday.,3.2
Holier-than-thou  | Colloq. Self-righteous.,Holier-than-thou  ,Colloq. Self-righteous.,2.9
Holiness  | 1 being holy or sacred. 2  title used when addressing or referring to the pope. ,Holiness  ,1 being holy or sacred. 2  title used when addressing or referring to the pope.,2.9
Holism  |  1 philos. Theory that certain wholes are greater than the sum of their parts. 2 med. Treating of the whole person rather than the symptoms of a disease.  holistic adj. ,Holism  ,1 philos. Theory that certain wholes are greater than the sum of their parts. 2 med. Treating of the whole person rather than the symptoms of a disease.  holistic adj.,2.7
"Hollandaise sauce  | Creamy sauce of melted butter, egg-yolks, vinegar, etc. ",Hollandaise sauce  ,"Creamy sauce of melted butter, egg-yolks, vinegar, etc.",3.0
Holler  | & n. Us colloq. Shout. ,Holler  ,& n. Us colloq. Shout.,2.8
Hollow  | 1 a having a cavity; not solid. B sunken . 2  echoing. 3 empty; hungry. 4 meaningless . 5 insincere . —n. 1 hollow place; hole. 2 valley; basin. —v.  make hollow; excavate. —adv. Colloq. Completely .  hollowly adv. Hollowness n. ,Hollow  ,1 a having a cavity; not solid. B sunken . 2  echoing. 3 empty; hungry. 4 meaningless . 5 insincere . —n. 1 hollow place; hole. 2 valley; basin. —v.  make hollow; excavate. —adv. Colloq. Completely .  hollowly adv. Hollowness n.,2.8
Holly  |  evergreen shrub with prickly leaves and red berries. ,Holly  ,evergreen shrub with prickly leaves and red berries.,2.8
Hollyhock  | Tall plant with showy flowers. ,Hollyhock  ,Tall plant with showy flowers.,2.2
Holm  |  evergreen oak with holly-like young leaves. ,Holm  ,evergreen oak with holly-like young leaves.,2.8
Holmium  | Metallic element of the lanthanide series. ,Holmium  ,Metallic element of the lanthanide series.,2.8
"Holocaust  | 1 large-scale destruction, esp. By fire or nuclear war. 2  mass murder of the jews by the nazis 1939–45. ",Holocaust  ,"1 large-scale destruction, esp. By fire or nuclear war. 2  mass murder of the jews by the nazis 1939–45.",2.4
Hologram  | Photographic pattern that gives a three-dimensional image when illuminated by coherent light. ,Hologram  ,Photographic pattern that gives a three-dimensional image when illuminated by coherent light.,3.0
Holograph  | Wholly written by hand by the person named as the author. —n. Holograph document. ,Holograph  ,Wholly written by hand by the person named as the author. —n. Holograph document.,3.2
Holography  | The study or production of holograms.,Holography  ,The study or production of holograms.,3.0
Hols  |pl. Colloq. Holidays. ,Hols  ,pl. Colloq. Holidays.,2.7
"Holster  | Leather case for a pistol or revolver, worn on a belt etc. ",Holster  ,"Leather case for a pistol or revolver, worn on a belt etc.",2.4
"Holy  |  1 morally and spiritually excellent or perfect, and to be revered. 2 belonging to or devoted to god. 3 consecrated, sacred. ",Holy  ,"1 morally and spiritually excellent or perfect, and to be revered. 2 belonging to or devoted to god. 3 consecrated, sacred.",2.8
Holy communion  see ~communio,Holy communion  see ,Holy communion  see ~communio,3.6
Holy ghost  | = ~holy spirit.,Holy ghost  ,= ~holy spirit.,3.1
Holy grail  see ~grail.,Holy grail  see ,Holy grail  see ~grail.,3.3
Holy land  | Area between the river jordan and the mediterranean sea.,Holy land  ,Area between the river jordan and the mediterranean sea.,2.5
Holy of holies  | 1 sacred inner chamber of the jewish temple. 2 thing regarded as most sacred.,Holy of holies  ,1 sacred inner chamber of the jewish temple. 2 thing regarded as most sacred.,2.9
"Holy orders  |pl. The status of a bishop, priest, or deacon.",Holy orders  ,"pl. The status of a bishop, priest, or deacon.",3.2
Holy roman empire  | Western part of the roman empire as revived by charlemagne in 800 ad.,Holy roman empire  ,Western part of the roman empire as revived by charlemagne in 800 ad.,3.3
Holy see  | Papacy or papal court.,Holy see  ,Papacy or papal court.,3.2
"Holy spirit  | Third person of the trinity, god as spiritually acting.",Holy spirit  ,"Third person of the trinity, god as spiritually acting.",3.9
Holy week  | Week before easter.,Holy week  ,Week before easter.,3.0
"Holy writ  | Holy writings, esp. The bible.",Holy writ  ,"Holy writings, esp. The bible.",2.1
"Homage  | Tribute, expression of reverence . ",Homage  ,"Tribute, expression of reverence .",3.0
Homburg  | Man's felt hat with a narrow curled brim and a lengthwise dent in the crown. ,Homburg  ,Man's felt hat with a narrow curled brim and a lengthwise dent in the crown.,3.1
"Home  —| 1 a place where one lives; fixed residence. B dwelling-house. 2 family circumstances . 3 native land. 4 institution caring for people or animals. 5 place where a thing originates, is kept, or is native or most common. 6 a finishing-point in a race. B  place where one is safe; goal. 7 sport home match or win. —attrib. Adj. 1 a of or connected with one's home. B carried on, done, or made, at home. 2 in one's own country . 3 sport played on one's own ground etc. . —adv. 1 to, at, or in one's home or country .",Home  ,"1 a place where one lives; fixed residence. B dwelling-house. 2 family circumstances . 3 native land. 4 institution caring for people or animals. 5 place where a thing originates, is kept, or is native or most common. 6 a finishing-point in a race. B  place where one is safe; goal. 7 sport home match or win. —attrib. Adj. 1 a of or connected with one's home. B carried on, done, or made, at home. 2 in one's own country . 3 sport played on one's own ground etc. . —adv. 1 to, at, or in one's home or country .",2.7
Home and dry  | Adj. Having achieved one's aim.,Home and dry  ,Adj. Having achieved one's aim.,2.4
Home-brew  | Beer or other alcoholic drink brewed at home.,Home-brew  ,Beer or other alcoholic drink brewed at home.,3.3
Home-coming  | Arrival at home.,Home-coming  ,Arrival at home.,3.1
Home counties  |pl. The counties closest to london.,Home counties  ,pl. The counties closest to london.,3.1
Home economics  |pl. The study of household management.,Home economics  ,pl. The study of household management.,3.0
"Home farm  | Principal farm on an estate, providing produce for the owner.",Home farm  ,"Principal farm on an estate, providing produce for the owner.",3.1
Home-grown  | Grown or produced at home.,Home-grown  ,Grown or produced at home.,3.2
Home guard  | Hist. British citizen army organized for defence in 1940.,Home guard  ,Hist. British citizen army organized for defence in 1940.,2.8
"Home help  | Person helping with housework etc., esp. One provided by a local authority.",Home help  ,"Person helping with housework etc., esp. One provided by a local authority.",3.5
Homeland  | 1 one's native land. 2 any of several partially self-governing areas in s. Africa reserved for black south africans .,Homeland  ,1 one's native land. 2 any of several partially self-governing areas in s. Africa reserved for black south africans .,2.7
Homeless  | Lacking a home.  homelessness n.,Homeless  ,Lacking a home.  homelessness n.,2.1
"Homely  |  1 simple, plain, unpretentious. 2 us  plain, unattractive. 3 comfortable, cosy.  homeliness n.",Homely  ,"1 simple, plain, unpretentious. 2 us  plain, unattractive. 3 comfortable, cosy.  homeliness n.",2.8
Home-made  | Made at home.,Home-made  ,Made at home.,3.4
"Home office  | British government department dealing with law and order, immigration, etc., in england and wales.",Home office  ,"British government department dealing with law and order, immigration, etc., in england and wales.",3.2
Homeopathy  |  treatment of disease by minute doses of drugs that in a healthy person would produce symptoms of the disease.  homoeopath n. Homoeopathic adj. ,Homeopathy  ,treatment of disease by minute doses of drugs that in a healthy person would produce symptoms of the disease.  homoeopath n. Homoeopathic adj.,2.2
"Homeric  | 1 of, or in the style of, homer. 2 of bronze age greece as described in homer's poems.",Homeric  ,"1 of, or in the style of, homer. 2 of bronze age greece as described in homer's poems.",2.8
Home rule  | Government of a country or region by its own citizens.,Home rule  ,Government of a country or region by its own citizens.,3.0
Home secretary  | Secretary of state in charge of the home office.,Home secretary  ,Secretary of state in charge of the home office.,2.8
Homesick  | Depressed by absence from home.  homesickness n.,Homesick  ,Depressed by absence from home.  homesickness n.,3.1
"Homespun  | 1 made of yarn spun at home. 2 plain, simple. —n. Homespun cloth.",Homespun  ,"1 made of yarn spun at home. 2 plain, simple. —n. Homespun cloth.",2.4
"Homestead  | House, esp. A farmhouse, and outbuildings.",Homestead  ,"House, esp. A farmhouse, and outbuildings.",2.8
Home truth  | Basic but unwelcome information about oneself.,Home truth  ,Basic but unwelcome information about oneself.,2.9
Homeward  —|  towards home. —adj. Going towards home.,Homeward  ,towards home. —adj. Going towards home.,2.7
"Homework  | 1 work to be done at home, esp. By a school pupil. 2 preparatory work or study.",Homework  ,"1 work to be done at home, esp. By a school pupil. 2 preparatory work or study.",3.3
Homey  |   suggesting home; cosy.,Homey  ,suggesting home; cosy.,2.4
Homicide  | 1 killing of a human being by another. 2 person who kills a human being.  homicidal adj. ,Homicide  ,1 killing of a human being by another. 2 person who kills a human being.  homicidal adj.,3.2
Homily  |  1 sermon. 2 tedious moralizing discourse.  homiletic adj. ,Homily  ,1 sermon. 2 tedious moralizing discourse.  homiletic adj.,2.8
Homing  | Adj. 1  trained to fly home. 2  for guiding to a target etc.,Homing  ,Adj. 1  trained to fly home. 2  for guiding to a target etc.,2.8
Hominid  | Of the primate family including humans and their fossil ancestors. —n. Member of this family. ,Hominid  ,Of the primate family including humans and their fossil ancestors. —n. Member of this family.,2.3
Hominoid  | Like a human. —n. Animal resembling a human.,Hominoid  ,Like a human. —n. Animal resembling a human.,2.3
Homo  |  colloq. Offens. Homosexual. ,Homo  ,colloq. Offens. Homosexual.,3.3
Homo-  | Form same. ,Homo-  ,Form same.,3.3
Homoeopathy  |  treatment of disease by minute doses of drugs that in a healthy person would produce symptoms of the disease.  homoeopath n. Homoeopathic adj. ,Homoeopathy  ,treatment of disease by minute doses of drugs that in a healthy person would produce symptoms of the disease.  homoeopath n. Homoeopathic adj.,2.6
Homogeneous  | 1 of the same kind. 2 consisting of parts all of the same kind; uniform.  homogeneity n. Homogeneously adv. ,Homogeneous  ,1 of the same kind. 2 consisting of parts all of the same kind; uniform.  homogeneity n. Homogeneously adv.,2.7
Homogenize  |   1 make homogeneous. 2 treat  so that the fat droplets are emulsified and the cream does not separate.,Homogenize  ,1 make homogeneous. 2 treat  so that the fat droplets are emulsified and the cream does not separate.,3.1
Homograph  | Word spelt like another but of different meaning or origin .,Homograph  ,Word spelt like another but of different meaning or origin .,3.4
"Homologous  | 1 a having the same relation, relative position, etc. B corresponding. 2 biol.  Similar in position and structure but not necessarily in function. ",Homologous  ,"1 a having the same relation, relative position, etc. B corresponding. 2 biol.  Similar in position and structure but not necessarily in function.",2.4
Homology  | Homologous state or relation; correspondence.,Homology  ,Homologous state or relation; correspondence.,2.9
Homonym  | 1 word spelt or pronounced like another but of different meaning; homograph or homophone. 2 namesake. ,Homonym  ,1 word spelt or pronounced like another but of different meaning; homograph or homophone. 2 namesake.,3.0
Homophobia  | Hatred or fear of homosexuals.  homophobe n. Homophobic adj.,Homophobia  ,Hatred or fear of homosexuals.  homophobe n. Homophobic adj.,2.3
Homophone  | Word pronounced like another but of different meaning or origin . ,Homophone  ,Word pronounced like another but of different meaning or origin .,3.3
Homo sapiens  | Modern humans regarded as a species. ,Homo sapiens  ,Modern humans regarded as a species.,2.9
Homosexual  | Feeling or involving sexual attraction only to people of the same sex. —n. Homosexual person.  homosexuality n. ,Homosexual  ,Feeling or involving sexual attraction only to people of the same sex. —n. Homosexual person.  homosexuality n.,3.0
Homy  | Of ~homey.,Homy  ,Of ~homey.,3.0
"Hone  —| Whetstone, esp. For razors. —v.  sharpen on or as on a hone. ",Hone  ,"Whetstone, esp. For razors. —v.  sharpen on or as on a hone.",2.8
"Honest  | 1 fair and just; not cheating or stealing. 2 free of deceit and untruthfulness; sincere. 3 fairly earned . 4 blameless but undistinguished. —adv. Colloq. Genuinely, really. ",Honest  ,"1 fair and just; not cheating or stealing. 2 free of deceit and untruthfulness; sincere. 3 fairly earned . 4 blameless but undistinguished. —adv. Colloq. Genuinely, really.",3.1
Honestly  | 1 in an honest way. 2 really .,Honestly  ,1 in an honest way. 2 really .,2.9
Honesty  | 1 being honest. 2 truthfulness. 3 plant with purple or white flowers and flat round semi-transparent seed-pods.,Honesty  ,1 being honest. 2 truthfulness. 3 plant with purple or white flowers and flat round semi-transparent seed-pods.,2.9
Honey  |  1 sweet sticky yellowish fluid made by bees from nectar. 2 colour of this. 3 a sweetness. B sweet thing. 4 esp. Us  darling. ,Honey  ,1 sweet sticky yellowish fluid made by bees from nectar. 2 colour of this. 3 a sweetness. B sweet thing. 4 esp. Us  darling.,3.1
Honey-bee  | Common hive-bee.,Honey-bee  ,Common hive-bee.,3.2
"Honeycomb  —| 1 bees' wax structure of hexagonal cells for honey and eggs. 2 pattern arranged hexagonally. —v. 1 fill with cavities or tunnels, undermine. 2 mark with a honeycomb pattern. ",Honeycomb  ,"1 bees' wax structure of hexagonal cells for honey and eggs. 2 pattern arranged hexagonally. —v. 1 fill with cavities or tunnels, undermine. 2 mark with a honeycomb pattern.",3.1
Honeydew  | 1 sweet sticky substance excreted by aphids on leaves and stems. 2 variety of melon.,Honeydew  ,1 sweet sticky substance excreted by aphids on leaves and stems. 2 variety of melon.,2.7
"Honeyed  |  Sweet, sweet-sounding.",Honeyed  ,"Sweet, sweet-sounding.",2.8
Honeymoon  —| 1 holiday taken by a newly married couple. 2 initial period of enthusiasm or goodwill. —v. Spend a honeymoon.  honeymooner n.,Honeymoon  ,1 holiday taken by a newly married couple. 2 initial period of enthusiasm or goodwill. —v. Spend a honeymoon.  honeymooner n.,3.0
Honeysuckle  | Climbing shrub with fragrant yellow or pink flowers.,Honeysuckle  ,Climbing shrub with fragrant yellow or pink flowers.,2.8
Honk  —| 1 sound of a car horn. 2 cry of a wild goose. —v.  make a honk. ,Honk  ,1 sound of a car horn. 2 cry of a wild goose. —v.  make a honk.,2.7
Honky-tonk  | Colloq. 1 ragtime piano music. 2 cheap or disreputable nightclub etc. ,Honky-tonk  ,Colloq. 1 ragtime piano music. 2 cheap or disreputable nightclub etc.,3.4
"Honor   —| 1 high respect, public regard. 2 adherence to what is right or an accepted standard of conduct. 3 nobleness of mind, magnanimity . 4 thing conferred as a distinction, esp. An official award for bravery or achievement. 5 privilege, special right . 6 a exalted position. B   Title of a circuit judge etc. 7  person or thing that brings honour . 8 a chastity . B reputation for this. 9  Specialized degree course or special distinction in an examination. 10  the four or five highest-ranking cards. 11 golf the right of driving off first. —v. 1 respect highly.",Honor   ,"1 high respect, public regard. 2 adherence to what is right or an accepted standard of conduct. 3 nobleness of mind, magnanimity . 4 thing conferred as a distinction, esp. An official award for bravery or achievement. 5 privilege, special right . 6 a exalted position. B   Title of a circuit judge etc. 7  person or thing that brings honour . 8 a chastity . B reputation for this. 9  Specialized degree course or special distinction in an examination. 10  the four or five highest-ranking cards. 11 golf the right of driving off first. —v. 1 respect highly.",2.7
"Honorable  |  1 deserving, bringing, or showing honour. 2  title indicating distinction, given to certain high officials, the children of certain ranks of the nobility, and  to mps.  honourably adv.",Honorable  ,"1 deserving, bringing, or showing honour. 2  title indicating distinction, given to certain high officials, the children of certain ranks of the nobility, and  to mps.  honourably adv.",2.7
"Honorarium  |  fee, esp. A voluntary payment for professional services rendered without the normal fee. ",Honorarium  ,"fee, esp. A voluntary payment for professional services rendered without the normal fee.",3.2
Honorary  | 1 conferred as an honour . 2  unpaid.,Honorary  ,1 conferred as an honour . 2  unpaid.,2.9
Honorific  | 1 conferring honour. 2 implying respect.,Honorific  ,1 conferring honour. 2 implying respect.,2.7
"Honour   —| 1 high respect, public regard. 2 adherence to what is right or an accepted standard of conduct. 3 nobleness of mind, magnanimity . 4 thing conferred as a distinction, esp. An official award for bravery or achievement. 5 privilege, special right . 6 a exalted position. B   Title of a circuit judge etc. 7  person or thing that brings honour . 8 a chastity . B reputation for this. 9  Specialized degree course or special distinction in an examination. 10  the four or five highest-ranking cards. 11 golf the right of driving off first. —v. 1 respect highly. 2 confer honour on. 3 accept or pay  when due.  do the honours perform the duties of a host to guests etc. In honour of as a celebration of. On one's honour  Under a moral obligation. ",Honour   ,"1 high respect, public regard. 2 adherence to what is right or an accepted standard of conduct. 3 nobleness of mind, magnanimity . 4 thing conferred as a distinction, esp. An official award for bravery or achievement. 5 privilege, special right . 6 a exalted position. B   Title of a circuit judge etc. 7  person or thing that brings honour . 8 a chastity . B reputation for this. 9  Specialized degree course or special distinction in an examination. 10  the four or five highest-ranking cards. 11 golf the right of driving off first. —v. 1 respect highly. 2 confer honour on. 3 accept or pay  when due.  do the honours perform the duties of a host to guests etc. In honour of as a celebration of. On one's honour  Under a moral obligation.",2.8
"Honourable  |  1 deserving, bringing, or showing honour. 2  title indicating distinction, given to certain high officials, the children of certain ranks of the nobility, and  to mps.  honourably adv.",Honourable  ,"1 deserving, bringing, or showing honour. 2  title indicating distinction, given to certain high officials, the children of certain ranks of the nobility, and  to mps.  honourably adv.",2.8
"Hooch  | Us colloq. Alcoholic liquor, esp. Inferior or illicit whisky. ",Hooch  ,"Us colloq. Alcoholic liquor, esp. Inferior or illicit whisky.",2.9
"Hood1  —| 1 a covering for the head and neck, esp. As part of a garment. B separate hoodlike garment. 2 folding top of a car etc. 3 us bonnet of a car etc. 4 protective cover. —v. Cover with or as with a hood. ",Hood1  ,"1 a covering for the head and neck, esp. As part of a garment. B separate hoodlike garment. 2 folding top of a car etc. 3 us bonnet of a car etc. 4 protective cover. —v. Cover with or as with a hood.",2.8
"Hood2  | Us slang gangster, gunman. ",Hood2  ,"Us slang gangster, gunman.",2.7
Hooded  | 1 having a hood. 2  having a hoodlike part .,Hooded  ,1 having a hood. 2  having a hoodlike part .,2.5
"Hoodlum  | 1 street hooligan, young thug. 2 gangster. ",Hoodlum  ,"1 street hooligan, young thug. 2 gangster.",2.8
Hoodoo  | Esp. Us 1 a bad luck. B thing or person that brings this. 2 voodoo. ,Hoodoo  ,Esp. Us 1 a bad luck. B thing or person that brings this. 2 voodoo.,2.5
"Hoodwink  | Deceive, delude. ",Hoodwink  ,"Deceive, delude.",3.1
Hoof  |  horny part of the foot of a horse etc.  hoof it slang go on foot. ,Hoof  ,horny part of the foot of a horse etc.  hoof it slang go on foot.,3.4
Hoo-ha  | Slang commotion. ,Hoo-ha  ,Slang commotion.,3.0
"Hook  —| 1 a bent or curved piece of metal etc. For catching hold or for hanging things on. B  bent piece of wire for catching fish. 2 curved cutting instrument . 3 bend in a river, curved strip of land, etc. 4 a hooking stroke. B boxing short swinging blow. —v. 1 grasp or secure with hook. 2 catch with or as with a hook. 3 slang steal. 4  send  in a curve or deviating path. 5 rugby secure  and pass it backward with the foot in the scrum.  by hook or by crook by one means or another. Off the hook 1 colloq. Out of difficulty or trouble. 2  not on its rest.  ",Hook  ,"1 a bent or curved piece of metal etc. For catching hold or for hanging things on. B  bent piece of wire for catching fish. 2 curved cutting instrument . 3 bend in a river, curved strip of land, etc. 4 a hooking stroke. B boxing short swinging blow. —v. 1 grasp or secure with hook. 2 catch with or as with a hook. 3 slang steal. 4  send  in a curve or deviating path. 5 rugby secure  and pass it backward with the foot in the scrum.  by hook or by crook by one means or another. Off the hook 1 colloq. Out of difficulty or trouble. 2  not on its rest.",2.8
Hookah  | Oriental tobacco-pipe with a long tube passing through water for cooling the smoke as it is drawn through. ,Hookah  ,Oriental tobacco-pipe with a long tube passing through water for cooling the smoke as it is drawn through.,2.5
Hook and eye  | Small metal hook and loop as a fastener on a garment.,Hook and eye  ,Small metal hook and loop as a fastener on a garment.,3.2
Hooked  | 1 hook-shaped. 2  slang addicted or captivated.,Hooked  ,1 hook-shaped. 2  slang addicted or captivated.,2.5
Hooker  | 1 rugby player in the front row of the scrum who tries to hook the ball. 2 slang prostitute.,Hooker  ,1 rugby player in the front row of the scrum who tries to hook the ball. 2 slang prostitute.,3.1
Hookey  | Us  play hookey slang play truant. ,Hookey  ,Us  play hookey slang play truant.,2.8
"Hook, line, and sinker  | Entirely.",Hook,Entirely.,2.8
"Hook-up  | Connection, esp. Of broadcasting equipment.",Hook-up  ,"Connection, esp. Of broadcasting equipment.",3.4
"Hookworm  | Worm with hooklike mouthparts, infesting humans and animals.",Hookworm  ,"Worm with hooklike mouthparts, infesting humans and animals.",3.0
Hooligan  | Young ruffian.  hooliganism n. ,Hooligan  ,Young ruffian.  hooliganism n.,2.8
"Hoop  —| 1 circular band of metal, wood, etc., esp. As part of a framework. 2 ring bowled along by a child, or for circus performers to jump through. 3 arch through which balls are hit in croquet. —v. Bind or encircle with hoop.  be put  through the hoop  undergo rigorous testing. ",Hoop  ,"1 circular band of metal, wood, etc., esp. As part of a framework. 2 ring bowled along by a child, or for circus performers to jump through. 3 arch through which balls are hit in croquet. —v. Bind or encircle with hoop.  be put  through the hoop  undergo rigorous testing.",2.7
Hoop-la  | Fairground game with rings thrown to encircle a prize.,Hoop-la  ,Fairground game with rings thrown to encircle a prize.,2.9
Hoopoe  | Salmon-pink bird with black and white wings and a large erectile crest. ,Hoopoe  ,Salmon-pink bird with black and white wings and a large erectile crest.,2.4
Hooray  | = ~hurrah.,Hooray  ,= ~hurrah.,2.5
Hooray henry  | Slang loud upper-class young man.,Hooray henry  ,Slang loud upper-class young man.,2.8
"Hoot  —| 1 owl's cry. 2 sound made by a car's horn etc. 3 shout expressing scorn or disapproval. 4 colloq. A laughter. B cause of this. 5  slang anything at all, in the slightest degree . —v. 1 utter or make hoot. 2 greet or drive away with scornful hoots. 3 sound . ",Hoot  ,"1 owl's cry. 2 sound made by a car's horn etc. 3 shout expressing scorn or disapproval. 4 colloq. A laughter. B cause of this. 5  slang anything at all, in the slightest degree . —v. 1 utter or make hoot. 2 greet or drive away with scornful hoots. 3 sound .",2.7
"Hooter  | 1 thing that hoots, esp. A car's horn or a siren. 2 slang nose.",Hooter  ,"1 thing that hoots, esp. A car's horn or a siren. 2 slang nose.",2.6
Hoover  —| Propr. Vacuum cleaner. —v.  1  Clean with a vacuum cleaner. 2  a suck up with a vacuum cleaner. B clean a room etc. With a vacuum cleaner. ,Hoover  ,Propr. Vacuum cleaner. —v.  1  Clean with a vacuum cleaner. 2  a suck up with a vacuum cleaner. B clean a room etc. With a vacuum cleaner.,3.1
Hooves  pl. Of ~hoof.,Hooves  pl,Hooves  pl. Of ~hoof.,2.6
"Hop1  |  1  Spring with two or all feet at once. 2  jump on one foot. 3 move or go quickly . 4 cross  By hopping. —n. 1 hopping movement. 2 colloq. Informal dance. 3 short journey, esp. A flight.  hop in  colloq. Get into  a car etc. Hop it slang go away. On the hop colloq. Unprepared . ",Hop1  ,"1  Spring with two or all feet at once. 2  jump on one foot. 3 move or go quickly . 4 cross  By hopping. —n. 1 hopping movement. 2 colloq. Informal dance. 3 short journey, esp. A flight.  hop in  colloq. Get into  a car etc. Hop it slang go away. On the hop colloq. Unprepared .",3.2
"Hop2  | 1 climbing plant bearing cones. 2  Its ripe cones, used to flavour beer. ",Hop2  ,"1 climbing plant bearing cones. 2  Its ripe cones, used to flavour beer.",3.0
Hope  —| 1 expectation and desire for a thing. 2 person or thing giving cause for hope. 3 what is hoped for. —v.  1 feel hope. 2 expect and desire. 3 feel fairly confident.  hope against hope cling to a mere possibility. ,Hope  ,1 expectation and desire for a thing. 2 person or thing giving cause for hope. 3 what is hoped for. —v.  1 feel hope. 2 expect and desire. 3 feel fairly confident.  hope against hope cling to a mere possibility.,2.7
"Hopeful  | 1 feeling hope. 2 causing or inspiring hope. 3 likely to succeed, promising. —n. Person likely to succeed.",Hopeful  ,"1 feeling hope. 2 causing or inspiring hope. 3 likely to succeed, promising. —n. Person likely to succeed.",2.6
Hopefully  | 1 in a hopeful manner. 2 it is to be hoped .,Hopefully  ,1 in a hopeful manner. 2 it is to be hoped .,2.7
Hopeless  | 1 feeling no hope. 2 admitting no hope . 3 incompetent.  hopelessly adv. Hopelessness n.,Hopeless  ,1 feeling no hope. 2 admitting no hope . 3 incompetent.  hopelessly adv. Hopelessness n.,2.4
Hopper1  | 1 container tapering downward to an opening for discharging its contents. 2 hopping insect.,Hopper1  ,1 container tapering downward to an opening for discharging its contents. 2 hopping insect.,2.9
Hopper2  | Hop-picker.,Hopper2  ,Hop-picker.,2.8
Hopping mad  | Adj. Colloq. Very angry.,Hopping mad  ,Adj. Colloq. Very angry.,2.0
Hopscotch  | Children's game of hopping over squares marked on the ground to retrieve a stone etc. ,Hopscotch  ,Children's game of hopping over squares marked on the ground to retrieve a stone etc.,3.0
"Horde  | Usu. Derog. Large group, gang. ",Horde  ,"Usu. Derog. Large group, gang.",2.8
Horehound  | Herbaceous plant yielding a bitter aromatic juice used against coughs etc. ,Horehound  ,Herbaceous plant yielding a bitter aromatic juice used against coughs etc.,1.9
"Horizon  | 1 line at which the earth and sky appear to meet. 2 limit of mental perception, experience, interest, etc.  on the horizon  just imminent or becoming apparent. ",Horizon  ,"1 line at which the earth and sky appear to meet. 2 limit of mental perception, experience, interest, etc.  on the horizon  just imminent or becoming apparent.",2.8
"Horizontal  | 1 parallel to the plane of the horizon, at right angles to the vertical. 2 of or concerned with the same work, status, etc. . —n. Horizontal line, plane, etc.  horizontality n. Horizontally adv.",Horizontal  ,"1 parallel to the plane of the horizon, at right angles to the vertical. 2 of or concerned with the same work, status, etc. . —n. Horizontal line, plane, etc.  horizontality n. Horizontally adv.",3.0
Hormone  | 1 regulatory substance produced in an organism and transported in tissue fluids to stimulate cells or tissues into action. 2 similar synthetic substance.  hormonal adj. ,Hormone  ,1 regulatory substance produced in an organism and transported in tissue fluids to stimulate cells or tissues into action. 2 similar synthetic substance.  hormonal adj.,2.5
Hormone replacement therapy  | Treatment to relieve menopausal symptoms by boosting a woman's oestrogen levels.,Hormone replacement therapy  ,Treatment to relieve menopausal symptoms by boosting a woman's oestrogen levels.,2.4
"Horn  | 1 a hard outgrowth, often curved and pointed, on the head of esp. Hoofed animals. B each of two branched appendages on the head of  deer. C hornlike projection on animals, e.g. A snail's tentacle. 2 substance of which horns are made. 3 mus. A = ~french horn. B wind instrument played by lip vibration, orig. Made of horn, now usu. Of brass. 4 instrument sounding a warning. 5 receptacle or instrument made of horn. 6 horn-shaped projection. 7 extremity of the moon or other crescent. 8 arm of a river etc.  horn in slang intrude, interfere.  horned adj. Hornist n. . ",Horn  ,"1 a hard outgrowth, often curved and pointed, on the head of esp. Hoofed animals. B each of two branched appendages on the head of  deer. C hornlike projection on animals, e.g. A snail's tentacle. 2 substance of which horns are made. 3 mus. A = ~french horn. B wind instrument played by lip vibration, orig. Made of horn, now usu. Of brass. 4 instrument sounding a warning. 5 receptacle or instrument made of horn. 6 horn-shaped projection. 7 extremity of the moon or other crescent. 8 arm of a river etc.  horn in slang intrude, interfere.  horned adj. Hornist n. .",2.7
Hornbeam  | Tree with a hard tough wood.,Hornbeam  ,Tree with a hard tough wood.,3.1
Hornbill  | Bird with a hornlike excrescence on its large curved bill.,Hornbill  ,Bird with a hornlike excrescence on its large curved bill.,3.1
"Hornblende  | Dark-brown, black, or green mineral occurring in many rocks. ",Hornblende  ,"Dark-brown, black, or green mineral occurring in many rocks.",2.3
Hornet  | Large wasp capable of inflicting a serious sting. ,Hornet  ,Large wasp capable of inflicting a serious sting.,2.7
Horn of plenty  | A cornucopia.,Horn of plenty  ,A cornucopia.,3.7
Hornpipe  | 1 lively dance . 2 music for this.,Hornpipe  ,1 lively dance . 2 music for this.,2.8
Horn-rimmed  |  having rims made of horn or a similar substance.,Horn-rimmed  ,having rims made of horn or a similar substance.,1.8
Horny  |  1 of or like horn. 2 hard like horn. 3 slang sexually excited.  horniness n.,Horny  ,1 of or like horn. 2 hard like horn. 3 slang sexually excited.  horniness n.,2.6
"Horology  | Art of measuring time or making clocks, watches, etc.  horological adj. ",Horology  ,"Art of measuring time or making clocks, watches, etc.  horological adj.",2.6
Horoscope  | 1 forecast of a person's future from a diagram showing the relative positions of the stars and planets at his or her birth. 2 such a diagram. ,Horoscope  ,1 forecast of a person's future from a diagram showing the relative positions of the stars and planets at his or her birth. 2 such a diagram.,2.6
Horrendous  | Horrifying.  horrendously adv. ,Horrendous  ,Horrifying.  horrendously adv.,2.1
Horrible  | 1 causing or likely to cause horror. 2 colloq. Unpleasant.  horribly adv. ,Horrible  ,1 causing or likely to cause horror. 2 colloq. Unpleasant.  horribly adv.,2.4
"Horrid  | 1 horrible, revolting. 2 colloq. Unpleasant .",Horrid  ,"1 horrible, revolting. 2 colloq. Unpleasant .",3.1
Horrific  | Horrifying.  horrifically adv.,Horrific  ,Horrifying.  horrifically adv.,2.9
Horrify  |  arouse horror in; shock.  horrifying adj.,Horrify  ,arouse horror in; shock.  horrifying adj.,2.9
"Horror  —| 1 painful feeling of loathing and fear. 2 a  intense dislike. B  colloq. Intense dismay. 3 a person or thing causing horror. B colloq. Bad or mischievous person etc. 4  fit of depression, nervousness, etc. —attrib. Adj.  Designed to interest by arousing feelings of horror.",Horror  ,"1 painful feeling of loathing and fear. 2 a  intense dislike. B  colloq. Intense dismay. 3 a person or thing causing horror. B colloq. Bad or mischievous person etc. 4  fit of depression, nervousness, etc. —attrib. Adj.  Designed to interest by arousing feelings of horror.",3.2
Hors d'œuvre  | Food served as an appetizer at the start of a meal. ,Hors d,Food served as an appetizer at the start of a meal.,2.7
"Horse  —| 1 a large four-legged mammal with flowing mane and tail, used for riding and to carry and pull loads. B adult male horse; stallion or gelding. C  Cavalry. 2 vaulting-block. 3 supporting frame . —v.   fool about.  from the horse's mouth colloq.  From the original or an authoritative source. ",Horse  ,"1 a large four-legged mammal with flowing mane and tail, used for riding and to carry and pull loads. B adult male horse; stallion or gelding. C  Cavalry. 2 vaulting-block. 3 supporting frame . —v.   fool about.  from the horse's mouth colloq.  From the original or an authoritative source.",2.8
Horseback  |  on horseback mounted on a horse.,Horseback  , on horseback mounted on a horse.,2.8
Horsebox  | Closed vehicle for transporting horse.,Horsebox  ,Closed vehicle for transporting horse.,3.1
Horse-brass  | Brass ornament orig. For a horse's harness.,Horse-brass  ,Brass ornament orig. For a horse's harness.,3.6
Horse chestnut  | 1 large tree with upright conical clusters of flowers. 2 dark brown fruit of this.,Horse chestnut  ,1 large tree with upright conical clusters of flowers. 2 dark brown fruit of this.,2.5
Horse-drawn  |  pulled by a horse or horses.,Horse-drawn  ,pulled by a horse or horses.,3.0
"Horseflesh  | 1 flesh of a horse, esp. As food. 2 horses collectively.",Horseflesh  ,"1 flesh of a horse, esp. As food. 2 horses collectively.",2.5
Horsefly  | Any of various biting insects troublesome esp. To horses.,Horsefly  ,Any of various biting insects troublesome esp. To horses.,2.9
Horse guards  |pl. Cavalry brigade of the household troops.,Horse guards  ,pl. Cavalry brigade of the household troops.,2.9
"Horsehair  | Hair from the mane or tail of a horse, used for padding etc.",Horsehair  ,"Hair from the mane or tail of a horse, used for padding etc.",2.8
Horseman  | 1 rider on horseback. 2 skilled rider.  horsemanship n.,Horseman  ,1 rider on horseback. 2 skilled rider.  horsemanship n.,2.7
Horseplay  | Boisterous play.,Horseplay  ,Boisterous play.,3.0
"Horsepower  |  imperial unit of power , esp. For measuring the power of an engine.",Horsepower  ,"imperial unit of power , esp. For measuring the power of an engine.",2.9
Horse-race  | Race between horses with riders.  horse-racing n.,Horse-race  ,Race between horses with riders.  horse-racing n.,3.5
Horseradish  | Plant with a pungent root used to make a sauce.,Horseradish  ,Plant with a pungent root used to make a sauce.,2.9
Horse sense  | Colloq. Plain common sense.,Horse sense  ,Colloq. Plain common sense.,1.9
Horseshoe  | 1 u-shaped iron shoe for a horse. 2 thing of this shape.,Horseshoe  ,1 u-shaped iron shoe for a horse. 2 thing of this shape.,2.7
Horsetail  | 1 horse's tail. 2 plant resembling it.,Horsetail  ,1 horse's tail. 2 plant resembling it.,2.5
Horsewhip  —| Whip for driving horses. —v.  beat with a horsewhip.,Horsewhip  ,Whip for driving horses. —v.  beat with a horsewhip.,2.7
Horsewoman  | 1 woman who rides on horseback. 2 skilled woman rider.,Horsewoman  ,1 woman who rides on horseback. 2 skilled woman rider.,3.2
Horsy  |  1 of or like a horse. 2 concerned with or devoted to horses.,Horsy  ,1 of or like a horse. 2 concerned with or devoted to horses.,2.8
Horticulture  | Art of garden cultivation.  horticultural adj. Horticulturist n. ,Horticulture  ,Art of garden cultivation.  horticultural adj. Horticulturist n.,2.9
Hosanna  | & int. Shout of adoration . ,Hosanna  ,& int. Shout of adoration .,3.1
"Hose  —| 1  flexible tube for conveying water. 2 a  Stockings and socks. B hist. Breeches . —v.   water, spray, or drench with a hose. ",Hose  ,"1  flexible tube for conveying water. 2 a  Stockings and socks. B hist. Breeches . —v.   water, spray, or drench with a hose.",2.7
Hosier  | Dealer in hosiery.,Hosier  ,Dealer in hosiery.,3.0
Hosiery  | Stockings and socks.,Hosiery  ,Stockings and socks.,2.6
"Hospice  | 1 home for people who are ill  or destitute. 2 lodging for travellers, esp. One kept by a religious order. ",Hospice  ,"1 home for people who are ill  or destitute. 2 lodging for travellers, esp. One kept by a religious order.",3.1
Hospitable  | Giving hospitality.  hospitably adv. ,Hospitable  ,Giving hospitality.  hospitably adv.,3.0
Hospital  | 1 institution providing medical and surgical treatment and nursing care for ill and injured people. 2 hist. Hospice. ,Hospital  ,1 institution providing medical and surgical treatment and nursing care for ill and injured people. 2 hist. Hospice.,3.2
Hospitality  | Friendly and generous reception and entertainment of guests or strangers.,Hospitality  ,Friendly and generous reception and entertainment of guests or strangers.,3.2
Hospitalize  |   send or admit  to hospital.  hospitalization n.,Hospitalize  ,send or admit  to hospital.  hospitalization n.,3.0
Host1  |  large number of people or things. ,Host1  ,large number of people or things.,3.1
Host2  —| 1 person who receives or entertains another as a guest. 2 compère. 3 biol. Animal or plant having a parasite. 4 recipient of a transplanted organ etc. 5 landlord of an inn. —v. Be host to  or of . ,Host2  ,1 person who receives or entertains another as a guest. 2 compère. 3 biol. Animal or plant having a parasite. 4 recipient of a transplanted organ etc. 5 landlord of an inn. —v. Be host to  or of .,2.5
Host3  |  bread consecrated in the eucharist. ,Host3  ,bread consecrated in the eucharist.,2.7
Hostage  | Person seized or held as security for the fulfilment of a condition. ,Hostage  ,Person seized or held as security for the fulfilment of a condition.,3.0
"Hostel  | 1 house of residence or lodging for students, nurses, etc. 2 = ~youth hostel. ",Hostel  ,"1 house of residence or lodging for students, nurses, etc. 2 = ~youth hostel.",2.7
Hosteling  |  practice of staying in youth hostels.  hosteller n.,Hosteling  ,practice of staying in youth hostels.  hosteller n.,3.2
Hostelling  |  practice of staying in youth hostels.  hosteller n.,Hostelling  ,practice of staying in youth hostels.  hosteller n.,3.1
Hostelry  |  archaic inn.,Hostelry  ,archaic inn.,2.7
Hostess  | 1 woman who receives or entertains a guest. 2 woman employed to entertain customers at a nightclub etc. 3 stewardess on an aircraft etc. ,Hostess  ,1 woman who receives or entertains a guest. 2 woman employed to entertain customers at a nightclub etc. 3 stewardess on an aircraft etc.,3.3
"Hostile  | 1 of an enemy. 2  unfriendly, opposed.  hostilely adv. ",Hostile  ,"1 of an enemy. 2  unfriendly, opposed.  hostilely adv.",2.7
"Hostility  |  1 being hostile, enmity. 2 state of warfare. 3  Acts of warfare.",Hostility  ,"1 being hostile, enmity. 2 state of warfare. 3  Acts of warfare.",3.6
"Hot  |  1 having a high temperature. 2 causing a sensation of heat . 3  Pungent. 4  feeling heat. 5 a ardent, passionate, excited. B  eager, keen . C angry or upset. 6  Fresh, recent. 7 hunting  fresh, recent. 8 a  very skilful, formidable. B  knowledgeable about. 9  strongly rhythmical. 10 slang  difficult to dispose of because identifiable. 11 slang radioactive. —v.   colloq. 1 make or become hot. 2 make or become more active, exciting, or dangerous.  have the hots for slang be sexually attracted to. Hot under the collar angry, resentful, embarrassed. Like hot cakes see ~cake. Make it  hot for a person persecute a person.  hotly adv. Hotness n. Hottish adj. ",Hot  ,"1 having a high temperature. 2 causing a sensation of heat . 3  Pungent. 4  feeling heat. 5 a ardent, passionate, excited. B  eager, keen . C angry or upset. 6  Fresh, recent. 7 hunting  fresh, recent. 8 a  very skilful, formidable. B  knowledgeable about. 9  strongly rhythmical. 10 slang  difficult to dispose of because identifiable. 11 slang radioactive. —v.   colloq. 1 make or become hot. 2 make or become more active, exciting, or dangerous.  have the hots for slang be sexually attracted to. Hot under the collar angry, resentful, embarrassed. Like hot cakes see ~cake. Make it  hot for a person persecute a person.  hotly adv. Hotness n. Hottish adj.",2.8
Hot air  | Slang empty or boastful talk.,Hot air  ,Slang empty or boastful talk.,2.8
"Hot-air balloon  | Balloon containing air heated by burners below it, causing it to rise.",Hot-air balloon  ,"Balloon containing air heated by burners below it, causing it to rise.",3.1
Hotbed  | 1  environment conducive to . 2 bed of earth heated by fermenting manure.,Hotbed  ,1  environment conducive to . 2 bed of earth heated by fermenting manure.,2.5
"Hot-blooded  | Ardent, passionate.",Hot-blooded  ,"Ardent, passionate.",2.9
"Hotchpotch  |  confused mixture or jumble, esp. Of ideas. ",Hotchpotch  ,"confused mixture or jumble, esp. Of ideas.",2.9
Hot cross bun  | Bun marked with a cross and traditionally eaten on good friday.,Hot cross bun  ,Bun marked with a cross and traditionally eaten on good friday.,2.4
Hot dog  | Colloq. Hot sausage in a soft roll.,Hot dog  ,Colloq. Hot sausage in a soft roll.,3.1
Hotel  |  establishment providing accommodation and meals for payment. ,Hotel  ,establishment providing accommodation and meals for payment.,3.2
Hotelier  | Hotel-keeper.,Hotelier  ,Hotel-keeper.,3.2
Hot flush  see ~flush1.,Hot flush  see ,Hot flush  see ~flush1.,1.7
Hotfoot  —| In eager haste. —v. Hurry eagerly .,Hotfoot  ,In eager haste. —v. Hurry eagerly .,3.1
Hot gospeller  | Colloq. Eager preacher of the gospel.,Hot gospeller  ,Colloq. Eager preacher of the gospel.,3.8
Hothead  | Impetuous person.  hotheaded adj. Hotheadedness n.,Hothead  ,Impetuous person.  hotheaded adj. Hotheadedness n.,3.3
Hothouse  | 1 heated  building for rearing tender plants. 2 environment conducive to the rapid growth or development of something.,Hothouse  ,1 heated  building for rearing tender plants. 2 environment conducive to the rapid growth or development of something.,2.8
"Hot line  | Direct exclusive telephone etc. Line, esp. For emergencies.",Hot line  ,"Direct exclusive telephone etc. Line, esp. For emergencies.",3.4
Hot money  | Capital frequently transferred.,Hot money  ,Capital frequently transferred.,2.2
Hotplate  | Heated metal plate etc.  for cooking food or keeping it hot.,Hotplate  ,Heated metal plate etc.  for cooking food or keeping it hot.,2.6
Hotpot  | Casserole of meat and vegetables topped with potato.,Hotpot  ,Casserole of meat and vegetables topped with potato.,3.3
Hot potato  | Colloq. Contentious matter.,Hot potato  ,Colloq. Contentious matter.,2.6
Hot rod  | Vehicle modified to have extra power and speed.,Hot rod  ,Vehicle modified to have extra power and speed.,3.1
Hot seat  | Slang 1 position of difficult responsibility. 2 electric chair.,Hot seat  ,Slang 1 position of difficult responsibility. 2 electric chair.,2.9
Hot spot  | 1 small region that is relatively hot. 2 lively or dangerous place.,Hot spot  ,1 small region that is relatively hot. 2 lively or dangerous place.,2.8
"Hot stuff  | Colloq. 1 formidably capable or important person or thing. 2 sexually attractive person. 3 erotic book, film, etc.",Hot stuff  ,"Colloq. 1 formidably capable or important person or thing. 2 sexually attractive person. 3 erotic book, film, etc.",2.4
Hot-tempered  | Impulsively angry.,Hot-tempered  ,Impulsively angry.,3.0
Hottentot  | 1 member of a sw african negroid people. 2 their language. ,Hottentot  ,1 member of a sw african negroid people. 2 their language.,3.2
Hot water  | Colloq. Difficulty or trouble.,Hot water  ,Colloq. Difficulty or trouble.,2.3
Hot-water bottle  |  container filled with hot water to warm a bed.,Hot-water bottle  ,container filled with hot water to warm a bed.,3.0
Houmous  | Of ~hummus.,Houmous  ,Of ~hummus.,2.9
Hound  —| 1 dog used in hunting. 2 colloq. Despicable man. —v. Harass or pursue. ,Hound  ,1 dog used in hunting. 2 colloq. Despicable man. —v. Harass or pursue.,2.7
"Hour  | 1 twenty-fourth part of a day and night, 60 minutes. 2 time of day, point in time . 3  This number of hours and minutes past midnight on the 24-hour clock . 4 a period for a specific purpose . B  Fixed working or open period . 5 short period of time .",Hour  ,"1 twenty-fourth part of a day and night, 60 minutes. 2 time of day, point in time . 3  This number of hours and minutes past midnight on the 24-hour clock . 4 a period for a specific purpose . B  Fixed working or open period . 5 short period of time .",2.9
Hourglass  | Two vertically connected glass bulbs containing sand taking an hour to pass from upper to lower bulb.,Hourglass  ,Two vertically connected glass bulbs containing sand taking an hour to pass from upper to lower bulb.,2.9
Houri  |  beautiful young woman of the muslim paradise. ,Houri  ,beautiful young woman of the muslim paradise.,2.6
Hourly  | 1 done or occurring every hour. 2 frequent. 3 reckoned hour by hour . —adv. 1 every hour. 2 frequently.,Hourly  ,1 done or occurring every hour. 2 frequent. 3 reckoned hour by hour . —adv. 1 every hour. 2 frequently.,2.8
"House  —|  1 building for human habitation. 2 building for a special purpose or for animals or goods . 3 a religious community. B its buildings. 4 a body of pupils living in the same building at a boarding-school. B such a building. C division of a day-school for games, competitions, etc. 5 royal family or dynasty . 6 a firm or institution. B its premises. 7 a legislative or deliberative assembly. B building for this. 8 audience or performance in a theatre etc. 9 astrol. Twelfth part of the heavens. —v.  1 provide with a house or other accommodation. 2 store . 3 enclose or encase . 4 fix in a socket, mortise, etc.  keep house provide for or manage a household. Like a house on fire 1 vigorously, fast. 2 successfully, excellently. On the house free. Put  one's house in order make necessary reforms. ",House  ,"1 building for human habitation. 2 building for a special purpose or for animals or goods . 3 a religious community. B its buildings. 4 a body of pupils living in the same building at a boarding-school. B such a building. C division of a day-school for games, competitions, etc. 5 royal family or dynasty . 6 a firm or institution. B its premises. 7 a legislative or deliberative assembly. B building for this. 8 audience or performance in a theatre etc. 9 astrol. Twelfth part of the heavens. —v.  1 provide with a house or other accommodation. 2 store . 3 enclose or encase . 4 fix in a socket, mortise, etc.  keep house provide for or manage a household. Like a house on fire 1 vigorously, fast. 2 successfully, excellently. On the house free. Put  one's house in order make necessary reforms.",2.8
House-agent  | Agent for the sale and letting of houses.,House-agent  ,Agent for the sale and letting of houses.,2.9
"House arrest  | Detention in one's own house, not in prison.",House arrest  ,"Detention in one's own house, not in prison.",1.5
Houseboat  | Boat equipped for living in.,Houseboat  ,Boat equipped for living in.,3.0
Housebound  | Confined to one's house through illness etc.,Housebound  ,Confined to one's house through illness etc.,2.9
"Housebreaking  | Act of breaking into a building, esp. In daytime, to commit a crime.  housebreaker n.",Housebreaking  ,"Act of breaking into a building, esp. In daytime, to commit a crime.  housebreaker n.",2.9
Housecoat  | Woman's informal indoor coat or gown.,Housecoat  ,Woman's informal indoor coat or gown.,2.8
Housefly  | Common fly often entering houses.,Housefly  ,Common fly often entering houses.,3.0
Household  | 1 occupants of a house as a unit. 2 house and its affairs.,Household  ,1 occupants of a house as a unit. 2 house and its affairs.,2.9
Householder  | 1 person who owns or rents a house. 2 head of a household.,Householder  ,1 person who owns or rents a house. 2 head of a household.,3.1
Household troops  |pl. Troops nominally guarding the sovereign.,Household troops  ,pl. Troops nominally guarding the sovereign.,3.2
Household word  |  1 familiar name or saying. 2 familiar person or thing.,Household word  ,1 familiar name or saying. 2 familiar person or thing.,3.2
House-hunting  | Seeking a house to buy or rent.,House-hunting  ,Seeking a house to buy or rent.,3.4
House-husband  | Man who does a wife's traditional household duties.,House-husband  ,Man who does a wife's traditional household duties.,3.1
"Housekeeper  | Person, esp. A woman, employed to manage a household.",Housekeeper  ,"Person, esp. A woman, employed to manage a household.",2.9
"Housekeeping  | 1 management of household affairs. 2 money allowed for this. 3 operations of maintenance, record-keeping, etc., in an organization.",Housekeeping  ,"1 management of household affairs. 2 money allowed for this. 3 operations of maintenance, record-keeping, etc., in an organization.",3.0
House lights  |pl. Lights in a theatre auditorium.,House lights  ,pl. Lights in a theatre auditorium.,3.1
Housemaid  | Female servant in a house.,Housemaid  ,Female servant in a house.,2.7
Housemaid's knee  | Inflammation of the kneecap.,Housemaid,Inflammation of the kneecap.,2.7
Houseman  | Resident junior doctor at a hospital etc.,Houseman  ,Resident junior doctor at a hospital etc.,2.9
House-martin  | Black and white bird nesting on house walls etc.,House-martin  ,Black and white bird nesting on house walls etc.,3.0
"Housemaster  |  teacher in charge of a house, esp. At a boarding-school.",Housemaster  ,"teacher in charge of a house, esp. At a boarding-school.",3.3
"House music  | Style of pop music, typically using drum machines and synthesized bass lines with sparse repetitive vocals and a fast beat.",House music  ,"Style of pop music, typically using drum machines and synthesized bass lines with sparse repetitive vocals and a fast beat.",3.2
House of cards  | Insecure scheme etc.,House of cards  ,Insecure scheme etc.,2.9
House of commons  | Elected chamber of parliament.,House of commons  ,Elected chamber of parliament.,3.0
House of keys  |  elected chamber of the tynwald.,House of keys  ,elected chamber of the tynwald.,3.2
House of lords  | Chamber of parliament that is mainly hereditary.,House of lords  ,Chamber of parliament that is mainly hereditary.,3.2
House party  | Group of guests staying at a country house etc.,House party  ,Group of guests staying at a country house etc.,3.2
House-plant  | Plant grown indoors.,House-plant  ,Plant grown indoors.,3.2
House-proud  | Attentive to the care and appearance of the home.,House-proud  ,Attentive to the care and appearance of the home.,3.9
Houseroom  | Space or accommodation in one's house.  not give houseroom to not have in any circumstances.,Houseroom  ,Space or accommodation in one's house.  not give houseroom to not have in any circumstances.,2.9
Housetop  | Roof of a house.  shout etc. From the housetops announce publicly.,Housetop  ,Roof of a house.  shout etc. From the housetops announce publicly.,2.9
House-trained  | 1  trained to be clean in the house. 2 colloq. Well-mannered.,House-trained  ,1  trained to be clean in the house. 2 colloq. Well-mannered.,3.5
House-warming  | Party celebrating a move to a new home.,House-warming  ,Party celebrating a move to a new home.,3.2
"Housewife  | 1 woman who manages a household and usu. Does not have a full-time paid job. 2  case for needles, thread, etc.  housewifely adj. ",Housewife  ,"1 woman who manages a household and usu. Does not have a full-time paid job. 2  case for needles, thread, etc.  housewifely adj.",2.8
"Housework  | Regular housekeeping work, e.g. Cleaning and cooking.",Housework  ,"Regular housekeeping work, e.g. Cleaning and cooking.",3.1
Housey-housey  |  slang gambling form of lotto.,Housey-housey  ,slang gambling form of lotto.,3.0
"Housing  | 1 a dwelling-houses collectively. B provision of these. 2 shelter, lodging. 3 rigid casing for machinery etc. 4 hole or niche cut in one piece of wood for another to fit into.",Housing  ,"1 a dwelling-houses collectively. B provision of these. 2 shelter, lodging. 3 rigid casing for machinery etc. 4 hole or niche cut in one piece of wood for another to fit into.",3.3
Housing estate  | Residential area planned as a unit.,Housing estate  ,Residential area planned as a unit.,3.3
Hove  past of ~heave.,Hove  past of ,Hove  past of ~heave.,3.4
Hovel  | Small miserable dwelling. ,Hovel  ,Small miserable dwelling.,3.4
"Hover  | 1  Remain in one place in the air. 2  wait close at hand, linger. —n. 1 hovering. 2 state of suspense. ",Hover  ,"1  Remain in one place in the air. 2  wait close at hand, linger. —n. 1 hovering. 2 state of suspense.",2.8
Hovercraft  |  vehicle travelling on a cushion of air provided by a downward blast.,Hovercraft  ,vehicle travelling on a cushion of air provided by a downward blast.,3.5
Hoverport  | Terminal for hovercraft.,Hoverport  ,Terminal for hovercraft.,3.0
"How  —interrog. Ad| 1 by what means, in what way . 2 in what condition, esp. Of health . 3 a to what extent . B to what extent good or well, what … like . —rel. Adv. In whatever way, as . —conj. Colloq. That .  how about colloq. Would you like . How do you do? A formal greeting. How many what number. How much 1 what amount. 2 what price. How's that? 1 what is your opinion or explanation of that? 2 cricket  is the batsman out or not? ",How  ,"1 by what means, in what way . 2 in what condition, esp. Of health . 3 a to what extent . B to what extent good or well, what … like . —rel. Adv. In whatever way, as . —conj. Colloq. That .  how about colloq. Would you like . How do you do? A formal greeting. How many what number. How much 1 what amount. 2 what price. How's that? 1 what is your opinion or explanation of that? 2 cricket  is the batsman out or not?",3.1
Howbeit  | Archaic nevertheless.,Howbeit  ,Archaic nevertheless.,3.2
Howdah  |  seat for riding on an elephant or camel. ,Howdah  ,seat for riding on an elephant or camel.,2.9
However  | 1 a in whatever way . B to whatever extent . 2 nevertheless.,However  ,1 a in whatever way . B to whatever extent . 2 nevertheless.,3.2
Howitzer  | Short gun for the high-angle firing of shells. ,Howitzer  ,Short gun for the high-angle firing of shells.,2.9
"Howl  —| 1 long loud doleful cry of a dog etc. 2 prolonged wailing noise. 3 loud cry of pain, rage, derision, or laughter. —v. 1 make a howl. 2 weep loudly. 3 utter with a howl.  howl down prevent  from being heard by howls of derision. ",Howl  ,"1 long loud doleful cry of a dog etc. 2 prolonged wailing noise. 3 loud cry of pain, rage, derision, or laughter. —v. 1 make a howl. 2 weep loudly. 3 utter with a howl.  howl down prevent  from being heard by howls of derision.",3.0
Howler  | Colloq. Glaring mistake.,Howler  ,Colloq. Glaring mistake.,3.0
Howsoever  | Formal 1 in whatsoever way. 2 to whatsoever extent.,Howsoever  ,Formal 1 in whatsoever way. 2 to whatsoever extent.,2.4
Hoy  | Used to call attention. ,Hoy  ,Used to call attention.,3.1
Hoyden  | Boisterous girl. ,Hoyden  ,Boisterous girl.,3.0
