"Drab  |  1 dull, uninteresting. 2 of a dull brownish colour.  drably adv. Drabness n. ",Drab  ,"1 dull, uninteresting. 2 of a dull brownish colour.  drably adv. Drabness n.",2.7
"Drachm  | Weight formerly used by apothecaries, = 1/8 ounce. ",Drachm  ,"Weight formerly used by apothecaries, = 1/8 ounce.",2.5
Drachma  |  1 chief monetary unit of greece. 2 silver coin of ancient greece. ,Drachma  ,1 chief monetary unit of greece. 2 silver coin of ancient greece.,3.0
"Draconian  |  very harsh, cruel. ",Draconian  ,"very harsh, cruel.",2.4
"Draft  —| 1 preliminary written version of a speech, document, etc., or outline of a scheme. 2 a written order for payment of money by a bank. B drawing of money by this. 3 a detachment from a larger group. B selection of this. 4 us conscription. 5 us = ~draught. —v. 1 prepare a draft of . 2 select for a special duty or purpose. 3 us conscript. ",Draft  ,"1 preliminary written version of a speech, document, etc., or outline of a scheme. 2 a written order for payment of money by a bank. B drawing of money by this. 3 a detachment from a larger group. B selection of this. 4 us conscription. 5 us = ~draught. —v. 1 prepare a draft of . 2 select for a special duty or purpose. 3 us conscript.",2.8
Draftsman  | 1 person who drafts documents. 2 = ~draughtsman 1. ,Draftsman  ,1 person who drafts documents. 2 = ~draughtsman 1.,2.7
Drafty  |    Letting in sharp currents of air.  draughtiness n.,Drafty  ,Letting in sharp currents of air.  draughtiness n.,2.5
"Drag  |  1 pull along with effort. 2 a trail or allow to trail along the ground. B   Go or pass slowly or tediously. 3 a use a grapnel. B search the bottom of  With grapnels, nets, etc. 4  colloq. Take  with one. 5  draw on . —n. 1 a obstruction to progress. B retarding force or motion. 2 colloq. Boring or tiresome person, duty, etc. 3 a lure before hounds as a substitute for a fox. B hunt using this. 4 apparatus for dredging. 5 = ~drag-net. 6 slang inhalation. 7 slang women's clothes worn by men.  drag one's feet be deliberately slow or reluctant to act. Drag in introduce . Drag out protract. Drag up colloq. Introduce or revive . ",Drag  ,"1 pull along with effort. 2 a trail or allow to trail along the ground. B   Go or pass slowly or tediously. 3 a use a grapnel. B search the bottom of  With grapnels, nets, etc. 4  colloq. Take  with one. 5  draw on . —n. 1 a obstruction to progress. B retarding force or motion. 2 colloq. Boring or tiresome person, duty, etc. 3 a lure before hounds as a substitute for a fox. B hunt using this. 4 apparatus for dredging. 5 = ~drag-net. 6 slang inhalation. 7 slang women's clothes worn by men.  drag one's feet be deliberately slow or reluctant to act. Drag in introduce . Drag out protract. Drag up colloq. Introduce or revive .",2.7
"Draggle  |  1 make dirty, wet, or limp by trailing. 2 hang trailing. ",Draggle  ,"1 make dirty, wet, or limp by trailing. 2 hang trailing.",2.8
Drag-net  | 1 net drawn through a river or across the ground to trap fish or game. 2 systematic hunt for criminals etc.,Drag-net  ,1 net drawn through a river or across the ground to trap fish or game. 2 systematic hunt for criminals etc.,3.4
"Dragon  | 1 mythical usu. Winged monster like a reptile, able to breathe fire. 2 fierce woman. ",Dragon  ,"1 mythical usu. Winged monster like a reptile, able to breathe fire. 2 fierce woman.",3.2
Dragonfly  | Large insect with a long body and two pairs of transparent wings.,Dragonfly  ,Large insect with a long body and two pairs of transparent wings.,3.2
Dragoon  —| 1 cavalryman. 2 fierce fellow. —v.  coerce or bully into. ,Dragoon  ,1 cavalryman. 2 fierce fellow. —v.  coerce or bully into.,2.8
Drag queen  | Slang derog. Male homosexual transvestite.,Drag queen  ,Slang derog. Male homosexual transvestite.,3.5
"Drain  | 1 draw off liquid from. 2 draw off . 3 flow or trickle away. 4 dry or become dry as liquid flows away. 5 exhaust of strength or resources. 6 a drink to the dregs. B empty  By drinking the contents. —n. 1 a channel, conduit, or pipe carrying off liquid, sewage, etc. B tube for drawing off discharge etc. 2 constant outflow or expenditure.  down the drain colloq. Lost, wasted. ",Drain  ,"1 draw off liquid from. 2 draw off . 3 flow or trickle away. 4 dry or become dry as liquid flows away. 5 exhaust of strength or resources. 6 a drink to the dregs. B empty  By drinking the contents. —n. 1 a channel, conduit, or pipe carrying off liquid, sewage, etc. B tube for drawing off discharge etc. 2 constant outflow or expenditure.  down the drain colloq. Lost, wasted.",2.9
Drainage  | 1 draining. 2 system of drains. 3 what is drained off.,Drainage  ,1 draining. 2 system of drains. 3 what is drained off.,3.0
Draining-board  | Sloping grooved surface beside a sink for draining washed dishes.,Draining-board  ,Sloping grooved surface beside a sink for draining washed dishes.,3.0
Drainpipe  | 1 pipe for carrying off water etc. 2   very narrow. 3  Very narrow trousers.,Drainpipe  ,1 pipe for carrying off water etc. 2   very narrow. 3  Very narrow trousers.,2.6
Drake  | Male duck. ,Drake  ,Male duck.,2.7
Dralon  | Propr. 1 synthetic acrylic fibre. 2 fabric made from this. ,Dralon  ,Propr. 1 synthetic acrylic fibre. 2 fabric made from this.,2.7
"Dram  | 1 small drink of spirits, esp. Whisky. 2 = ~drachm. ",Dram  ,"1 small drink of spirits, esp. Whisky. 2 = ~drachm.",2.9
"Drama  | 1 play for stage or broadcasting. 2 art of writing, acting, or presenting plays. 3 dramatic event or quality . ",Drama  ,"1 play for stage or broadcasting. 2 art of writing, acting, or presenting plays. 3 dramatic event or quality .",3.3
Dramatic  | 1 of drama. 2 sudden and exciting or unexpected. 3 vividly striking. 4  Theatrical.  dramatically adv. ,Dramatic  ,1 of drama. 2 sudden and exciting or unexpected. 3 vividly striking. 4  Theatrical.  dramatically adv.,2.8
Dramatics  |pl.  1 performance of plays. 2 exaggerated behaviour.,Dramatics  ,pl.  1 performance of plays. 2 exaggerated behaviour.,3.0
Dramatis personae  |pl. 1 characters in a play. 2 list of these. ,Dramatis personae  ,pl. 1 characters in a play. 2 list of these.,2.8
Dramatist  | Writer of dramas.,Dramatist  ,Writer of dramas.,2.9
Dramatize  |   1 turn  Into a play. 2 make a dramatic scene of. 3 behave dramatically.  dramatization n.,Dramatize  ,1 turn  Into a play. 2 make a dramatic scene of. 3 behave dramatically.  dramatization n.,2.5
Drank  past of ~drink.,Drank  past of ,Drank  past of ~drink.,2.4
"Drape  |  1 hang or cover loosely, adorn with cloth etc. 2 arrange  Esp. In folds. —n.  Us curtains. ",Drape  ,"1 hang or cover loosely, adorn with cloth etc. 2 arrange  Esp. In folds. —n.  Us curtains.",2.6
Draper  | Dealer in textile fabrics.,Draper  ,Dealer in textile fabrics.,2.5
Drapery  |  1 clothing or hangings arranged in folds. 2 draper's trade or fabrics.,Drapery  ,1 clothing or hangings arranged in folds. 2 draper's trade or fabrics.,2.4
Drastic  | Far-reaching in effect; severe.  drastically adv. ,Drastic  ,Far-reaching in effect; severe.  drastically adv.,2.9
Drat  | —v.   Curse . —int. Expressing anger or annoyance.  dratted adj. ,Drat  ,—v.   Curse . —int. Expressing anger or annoyance.  dratted adj.,3.0
"Draught  |  1 current of air in a room or chimney etc. 2 pulling, traction. 3 depth of water needed to float a ship. 4 drawing of liquor from a cask etc. 5 a single act of drinking or inhaling. B amount drunk thus. 6  Game for two with 12 pieces each on a draughtboard. 7 a drawing in of a fishing-net. B fish so caught.  feel the draught colloq. Suffer from esp. Financial hardship. ",Draught  ,"1 current of air in a room or chimney etc. 2 pulling, traction. 3 depth of water needed to float a ship. 4 drawing of liquor from a cask etc. 5 a single act of drinking or inhaling. B amount drunk thus. 6  Game for two with 12 pieces each on a draughtboard. 7 a drawing in of a fishing-net. B fish so caught.  feel the draught colloq. Suffer from esp. Financial hardship.",2.9
"Draught beer  | Beer from the cask, not bottled or canned.",Draught beer  ,"Beer from the cask, not bottled or canned.",2.8
Draughtboard  | = ~chessboard.,Draughtboard  ,= ~chessboard.,3.1
Draught-horse  | Horse for heavy work.,Draught-horse  ,Horse for heavy work.,2.9
"Draughtsman  | 1 person who makes drawings, plans, or sketches. 2 piece in draughts.  draughtsmanship n.",Draughtsman  ,"1 person who makes drawings, plans, or sketches. 2 piece in draughts.  draughtsmanship n.",2.9
Draughty  |    Letting in sharp currents of air.  draughtiness n.,Draughty  ,Letting in sharp currents of air.  draughtiness n.,2.6
"Draw  |  1 pull or cause to move towards or after one. 2 pull  up, over, or across. 3 pull  Open or shut. 4 take  aside. 5 attract; bring; take in . 6  inhale from . 7  Take out; remove . 8 obtain or take from a source . 9 a  Make . B produce  thus. C represent  thus. 10  Finish  with equal scores. 11 proceed . 12 infer .",Draw  ,"1 pull or cause to move towards or after one. 2 pull  up, over, or across. 3 pull  Open or shut. 4 take  aside. 5 attract; bring; take in . 6  inhale from . 7  Take out; remove . 8 obtain or take from a source . 9 a  Make . B produce  thus. C represent  thus. 10  Finish  with equal scores. 11 proceed . 12 infer .",3.3
Drawback  | Disadvantage.,Drawback  ,Disadvantage.,3.3
"Drawbridge  | Hinged retractable bridge, esp. Over a moat.",Drawbridge  ,"Hinged retractable bridge, esp. Over a moat.",3.1
"Drawer  | 1 person or thing that draws, esp. A cheque etc. 2 also lidless boxlike storage compartment, sliding in and out of a table etc. . 3  Knickers, underpants.",Drawer  ,"1 person or thing that draws, esp. A cheque etc. 2 also lidless boxlike storage compartment, sliding in and out of a table etc. . 3  Knickers, underpants.",3.0
Drawing  | 1 art of representing by line with a pencil etc. 2 picture etc. Made thus.,Drawing  ,1 art of representing by line with a pencil etc. 2 picture etc. Made thus.,3.1
Drawing-board  | Board on which paper is fixed for drawing on.,Drawing-board  ,Board on which paper is fixed for drawing on.,3.3
Drawing-pin  | Flat-headed pin for fastening paper etc. To a surface.,Drawing-pin  ,Flat-headed pin for fastening paper etc. To a surface.,3.3
"Drawing-room  | 1 room in a private house for sitting or entertaining in. 2  Restrained, polite . ",Drawing-room  ,"1 room in a private house for sitting or entertaining in. 2  Restrained, polite .",3.3
Drawl  | Speak with drawn-out vowel sounds. —n. Drawling utterance or way of speaking. ,Drawl  ,Speak with drawn-out vowel sounds. —n. Drawling utterance or way of speaking.,2.8
Drawn  | Looking strained and tense.,Drawn  ,Looking strained and tense.,2.8
"Drawstring  | String or cord threaded through a waistband, bag opening, etc.",Drawstring  ,"String or cord threaded through a waistband, bag opening, etc.",2.3
"Dray  | Low cart without sides for heavy loads, esp. Beer-barrels. ",Dray  ,"Low cart without sides for heavy loads, esp. Beer-barrels.",2.6
"Dread  | Fear greatly, esp. In advance. —n. Great fear or apprehension. —adj. 1 dreaded. 2 archaic awe-inspiring, dreadful. ",Dread  ,"Fear greatly, esp. In advance. —n. Great fear or apprehension. —adj. 1 dreaded. 2 archaic awe-inspiring, dreadful.",2.8
"Dreadful  | 1 terrible. 2 colloq. Very annoying, very bad.  dreadfully adv.",Dreadful  ,"1 terrible. 2 colloq. Very annoying, very bad.  dreadfully adv.",2.2
Dreadlocks  |pl. Rastafarian hairstyle with hair hanging in tight braids on all sides.,Dreadlocks  ,pl. Rastafarian hairstyle with hair hanging in tight braids on all sides.,3.3
"Dream  —| 1 series of scenes or feelings in the mind of a sleeping person. 2 day-dream or fantasy. 3 ideal, aspiration. 4 beautiful or ideal person or thing. —v.  1 experience a dream. 2 imagine as in a dream. 3  Consider possible . 4  waste . 5 be inactive or unpractical.  dream up imagine, invent. Like a dream colloq. Easily, effortlessly.  dreamer n. ",Dream  ,"1 series of scenes or feelings in the mind of a sleeping person. 2 day-dream or fantasy. 3 ideal, aspiration. 4 beautiful or ideal person or thing. —v.  1 experience a dream. 2 imagine as in a dream. 3  Consider possible . 4  waste . 5 be inactive or unpractical.  dream up imagine, invent. Like a dream colloq. Easily, effortlessly.  dreamer n.",3.3
Dreamboat  | Colloq. Sexually attractive or ideal person.,Dreamboat  ,Colloq. Sexually attractive or ideal person.,3.1
Dreamland  | Ideal or imaginary land.,Dreamland  ,Ideal or imaginary land.,3.2
Dreamy  |  1 given to day-dreaming or fantasy. 2 dreamlike; vague. 3 colloq. Delightful.  dreamily adv. Dreaminess n.,Dreamy  ,1 given to day-dreaming or fantasy. 2 dreamlike; vague. 3 colloq. Delightful.  dreamily adv. Dreaminess n.,3.1
"Dreary  |  dismal, dull, gloomy.  drearily adv. Dreariness n. ",Dreary  ,"dismal, dull, gloomy.  drearily adv. Dreariness n.",2.8
"Dredge1  —| Apparatus used to scoop up oysters etc., or to clear mud etc., from a river or sea bed. —v.  1  a bring up or clear  With a dredge. B bring up  . 2 clean with or use a dredge. ",Dredge1  ,"Apparatus used to scoop up oysters etc., or to clear mud etc., from a river or sea bed. —v.  1  a bring up or clear  With a dredge. B bring up  . 2 clean with or use a dredge.",2.8
"Dredge2  |  sprinkle with flour, sugar, etc. ",Dredge2  ,"sprinkle with flour, sugar, etc.",2.7
Dredger1  | 1 boat with a dredge. 2 dredge.,Dredger1  ,1 boat with a dredge. 2 dredge.,2.8
"Dredger2  | Container with a perforated lid, for sprinkling flour, sugar, etc.",Dredger2  ,"Container with a perforated lid, for sprinkling flour, sugar, etc.",2.7
"Dregs  |pl. 1 sediment; grounds, lees. 2 = ~scum n. 2 . ",Dregs  ,"pl. 1 sediment; grounds, lees. 2 = ~scum n. 2 .",3.0
Drench  | 1 wet thoroughly. 2 force  to take medicine. —n. Dose of medicine for an animal. ,Drench  ,1 wet thoroughly. 2 force  to take medicine. —n. Dose of medicine for an animal.,2.8
"Dress  | 1 a  Put clothes on. B have and wear clothes . 2 put on evening dress. 3 arrange or adorn . 4 treat  esp. With a dressing. 5 a prepare  For cooking or eating. B add dressing to . 6 apply manure to. 7 finish the surface of . 8 correct the alignment of . 9 make  for fishing. —n. 1 woman's garment of a bodice and skirt. 2 clothing, esp. A whole outfit. 3 formal or ceremonial costume. 4 external covering; outward form.  dress down colloq. 1 reprimand or scold. 2 dress informally. Dress up 1 put on special clothes. 2 make  more attractive or interesting. ",Dress  ,"1 a  Put clothes on. B have and wear clothes . 2 put on evening dress. 3 arrange or adorn . 4 treat  esp. With a dressing. 5 a prepare  For cooking or eating. B add dressing to . 6 apply manure to. 7 finish the surface of . 8 correct the alignment of . 9 make  for fishing. —n. 1 woman's garment of a bodice and skirt. 2 clothing, esp. A whole outfit. 3 formal or ceremonial costume. 4 external covering; outward form.  dress down colloq. 1 reprimand or scold. 2 dress informally. Dress up 1 put on special clothes. 2 make  more attractive or interesting.",3.1
Dressage  | Training of a horse in obedience and deportment; display of this. ,Dressage  ,Training of a horse in obedience and deportment; display of this.,3.1
Dress circle  | First gallery in a theatre.,Dress circle  ,First gallery in a theatre.,3.2
Dress coat  | Man's swallow-tailed evening coat.,Dress coat  ,Man's swallow-tailed evening coat.,3.2
Dresser1  | Kitchen sideboard with shelves for plates etc. ,Dresser1  ,Kitchen sideboard with shelves for plates etc.,3.8
Dresser2  | 1 person who helps to dress actors or actresses. 2 surgeon's assistant in operations. 3 person who dresses in a specified way .,Dresser2  ,1 person who helps to dress actors or actresses. 2 surgeon's assistant in operations. 3 person who dresses in a specified way .,3.6
"Dressing  | 1 putting one's clothes on. 2 a sauce, esp. Of oil and vinegar etc., for salads . B sauce or stuffing etc. For food. 3 bandage, ointment, etc., for a wound. 4 size or stiffening used to coat fabrics. 5 compost etc. Spread over land.",Dressing  ,"1 putting one's clothes on. 2 a sauce, esp. Of oil and vinegar etc., for salads . B sauce or stuffing etc. For food. 3 bandage, ointment, etc., for a wound. 4 size or stiffening used to coat fabrics. 5 compost etc. Spread over land.",2.9
Dressing-down  | Colloq. Scolding.,Dressing-down  ,Colloq. Scolding.,3.0
Dressing-gown  | Loose robe worn when one is not fully dressed.,Dressing-gown  ,Loose robe worn when one is not fully dressed.,3.2
"Dressing-room  | Room for changing one's clothes, esp. In a theatre, or attached to a bedroom.",Dressing-room  ,"Room for changing one's clothes, esp. In a theatre, or attached to a bedroom.",3.5
"Dressing-table  | Table with a flat top, mirror, and drawers, used while applying make-up etc.",Dressing-table  ,"Table with a flat top, mirror, and drawers, used while applying make-up etc.",3.7
"Dressmaker  | Person who makes women's clothes, esp. For a living.  dressmaking n.",Dressmaker  ,"Person who makes women's clothes, esp. For a living.  dressmaking n.",3.2
Dress rehearsal  | Final rehearsal in full costume.,Dress rehearsal  ,Final rehearsal in full costume.,2.7
Dress-shield  | Waterproof material in the armpit of a dress to protect it from sweat.,Dress-shield  ,Waterproof material in the armpit of a dress to protect it from sweat.,3.8
"Dress-shirt  | Man's shirt worn with evening dress, usu. White with concealed buttons or studs.",Dress-shirt  ,"Man's shirt worn with evening dress, usu. White with concealed buttons or studs.",3.6
"Dressy  |  colloq.  smart, elaborate, elegant.  dressiness n.",Dressy  ,"colloq.  smart, elaborate, elegant.  dressiness n.",3.3
Drew  past of ~draw.,Drew  past of ,Drew  past of ~draw.,3.1
Drey  | Squirrel's nest. ,Drey  ,Squirrel's nest.,2.7
Dribble  |  1 allow saliva to flow from the mouth. 2 flow or allow to flow in drops. 3  Esp. Football & hockey move  forward with slight touches of the feet or stick. —n. 1 act of dribbling. 2 dribbling flow. ,Dribble  ,1 allow saliva to flow from the mouth. 2 flow or allow to flow in drops. 3  Esp. Football & hockey move  forward with slight touches of the feet or stick. —n. 1 act of dribbling. 2 dribbling flow.,2.6
Driblet  | Small quantity.,Driblet  ,Small quantity.,2.5
Dribs and drabs  |pl. Colloq. Small scattered amounts.,Dribs and drabs  ,pl. Colloq. Small scattered amounts.,2.2
Dried  | Of ~dry.,Dried  ,Of ~dry.,3.3
Drier1  compar. Of ~dry.,Drier1  compar,Drier1  compar. Of ~dry.,3.2
"Drier2  |  device for drying hair, laundry, etc.",Drier2  ,"device for drying hair, laundry, etc.",3.6
Driest  superl. Of ~dry.,Driest  superl,Driest  superl. Of ~dry.,4.3
"Drift  —| 1 a slow movement or variation. B this caused by a current. 2 intention, meaning, etc. Of what is said etc. 3 mass of snow etc. Heaped up by the wind. 4 esp. Derog. State of inaction. 5 slow deviation of a ship, aircraft, etc., from its course. 6 fragments of rock heaped up . 7 s.afr. Ford. —v. 1 be carried by or as if by a current of air or water. 2 progress casually or aimlessly . 3 pile or be piled into drifts. 4  carry, cause to drift. ",Drift  ,"1 a slow movement or variation. B this caused by a current. 2 intention, meaning, etc. Of what is said etc. 3 mass of snow etc. Heaped up by the wind. 4 esp. Derog. State of inaction. 5 slow deviation of a ship, aircraft, etc., from its course. 6 fragments of rock heaped up . 7 s.afr. Ford. —v. 1 be carried by or as if by a current of air or water. 2 progress casually or aimlessly . 3 pile or be piled into drifts. 4  carry, cause to drift.",3.1
Drifter  | 1 aimless person. 2 boat used for drift-net fishing.,Drifter  ,1 aimless person. 2 boat used for drift-net fishing.,3.1
"Drift-net  | Net for sea fishing, allowed to drift.",Drift-net  ,"Net for sea fishing, allowed to drift.",3.3
Driftwood  | Wood floating on moving water or washed ashore.,Driftwood  ,Wood floating on moving water or washed ashore.,3.2
"Drill1  —| 1 tool or machine for boring holes, sinking wells, etc. 2 instruction in military exercises. 3 routine procedure in an emergency . 4 thorough training, esp. By repetition. 5 colloq. Recognized procedure . —v. 1 a make a hole in or through with a drill. B make  with a drill. 2 train or be trained by drill. ",Drill1  ,"1 tool or machine for boring holes, sinking wells, etc. 2 instruction in military exercises. 3 routine procedure in an emergency . 4 thorough training, esp. By repetition. 5 colloq. Recognized procedure . —v. 1 a make a hole in or through with a drill. B make  with a drill. 2 train or be trained by drill.",2.6
"Drill2  —| 1 machine for making furrows, sowing, and covering seed. 2 small furrow. 3 row of seeds sown by a drill. —v. Plant in drills. ",Drill2  ,"1 machine for making furrows, sowing, and covering seed. 2 small furrow. 3 row of seeds sown by a drill. —v. Plant in drills.",2.5
Drill3  | Coarse twilled cotton or linen fabric. ,Drill3  ,Coarse twilled cotton or linen fabric.,2.7
Drill4  | W. African baboon related to the mandrill. ,Drill4  ,W. African baboon related to the mandrill.,2.8
Drily  |  in a dry manner.,Drily  ,in a dry manner.,2.8
"Drink  |  1 a  Swallow . B swallow the contents of . 2 take alcohol, esp. To excess. 3  Absorb . 4 bring  To a specified condition by drinking. 5 wish  By drinking . —n. 1 a liquid for drinking. B draught or specified amount of this. 2 a alcoholic liquor. B portion, glass, etc. Of this. C excessive use of alcohol . 3  colloq. The sea.  drink in listen eagerly to. Drink to toast; wish success to. Drink up  Drink all or the remainder of.  drinkable adj. Drinker n.",Drink  ,"1 a  Swallow . B swallow the contents of . 2 take alcohol, esp. To excess. 3  Absorb . 4 bring  To a specified condition by drinking. 5 wish  By drinking . —n. 1 a liquid for drinking. B draught or specified amount of this. 2 a alcoholic liquor. B portion, glass, etc. Of this. C excessive use of alcohol . 3  colloq. The sea.  drink in listen eagerly to. Drink to toast; wish success to. Drink up  Drink all or the remainder of.  drinkable adj. Drinker n.",2.7
Drink-driver  | Person who drives with excess alcohol in the blood.  drink-driving n.,Drink-driver  ,Person who drives with excess alcohol in the blood.  drink-driving n.,2.8
Drip  |  1 fall or let fall in drops. 2  be so wet as to shed drops. —n. 1 a liquid falling in drops . B drop of liquid. C sound of dripping. 2 colloq. Dull or ineffectual person. 3 = ~drip-feed.  be dripping with be full of or covered with. ,Drip  ,1 fall or let fall in drops. 2  be so wet as to shed drops. —n. 1 a liquid falling in drops . B drop of liquid. C sound of dripping. 2 colloq. Dull or ineffectual person. 3 = ~drip-feed.  be dripping with be full of or covered with.,2.8
Drip-dry  | Dry or leave to dry crease-free when hung up. —adj. Able to be drip-dried.,Drip-dry  ,Dry or leave to dry crease-free when hung up. —adj. Able to be drip-dried.,2.3
Drip-feed  | Feed intravenously in drops. —n. 1 feeding thus. 2 apparatus for doing this.,Drip-feed  ,Feed intravenously in drops. —n. 1 feeding thus. 2 apparatus for doing this.,3.3
Dripping  | Fat melted from roasted meat.,Dripping  ,Fat melted from roasted meat.,2.5
Drippy  |  slang ineffectual; sloppily sentimental.,Drippy  ,slang ineffectual; sloppily sentimental.,2.5
"Drive  |  1 urge forward, esp. Forcibly. 2 a compel . B force into a specified state . C  Urge to overwork. 3 a operate and direct . B convey or be conveyed in a vehicle. C be competent to drive  . D travel in a private vehicle. 4  Carry along, propel, esp. Rapidly . 5 a  force  Into place by blows. B bore . 6 effect or conclude forcibly . 7  operate . 8  work hard; dash, rush. 9 hit  forcibly. —n. 1 journey or excursion in a vehicle. 2 a  street or road. B private road through a garden to a house. 3 a motivation and energy. B inner urge . 4 forcible stroke of a bat etc. 5 organized effort . 6 a transmission of power to machinery, wheels, etc. B position of the steering-wheel in a vehicle . C computing = ~disk drive. 7 organized whist, bingo, etc. Competition.  drive at seek, intend, or mean . ",Drive  ,"1 urge forward, esp. Forcibly. 2 a compel . B force into a specified state . C  Urge to overwork. 3 a operate and direct . B convey or be conveyed in a vehicle. C be competent to drive  . D travel in a private vehicle. 4  Carry along, propel, esp. Rapidly . 5 a  force  Into place by blows. B bore . 6 effect or conclude forcibly . 7  operate . 8  work hard; dash, rush. 9 hit  forcibly. —n. 1 journey or excursion in a vehicle. 2 a  street or road. B private road through a garden to a house. 3 a motivation and energy. B inner urge . 4 forcible stroke of a bat etc. 5 organized effort . 6 a transmission of power to machinery, wheels, etc. B position of the steering-wheel in a vehicle . C computing = ~disk drive. 7 organized whist, bingo, etc. Competition.  drive at seek, intend, or mean .",3.4
"Drive-in  —| Adj.  Used while sitting in one's car. —n. Such a bank, cinema, etc.",Drive-in  ,"Adj.  Used while sitting in one's car. —n. Such a bank, cinema, etc.",3.9
Drivel  —| Silly talk; nonsense. —v.  1 talk drivel. 2 run at the mouth or nose. ,Drivel  ,Silly talk; nonsense. —v.  1 talk drivel. 2 run at the mouth or nose.,3.5
Driven  | Of ~drive.,Driven  ,Of ~drive.,3.3
Drive-on  |  on to which vehicles may be driven.,Drive-on  ,on to which vehicles may be driven.,3.9
Driver  | 1 person who drives a vehicle. 2 golf-club for driving from a tee.,Driver  ,1 person who drives a vehicle. 2 golf-club for driving from a tee.,3.6
Driveway  | = ~drive n. 2b.,Driveway  ,= ~drive n. 2b.,2.7
Driving-licence  | Licence permitting one to drive a vehicle.,Driving-licence  ,Licence permitting one to drive a vehicle.,4.2
Driving test  | Official test of competence to drive.,Driving test  ,Official test of competence to drive.,3.6
Driving-wheel  | Wheel communicating motive power in machinery.,Driving-wheel  ,Wheel communicating motive power in machinery.,4.5
Drizzle  —| Very fine rain. —v.   fall in very fine drops.  drizzly adj. ,Drizzle  ,Very fine rain. —v.   fall in very fine drops.  drizzly adj.,2.9
"Droll  | Quaintly amusing; strange, odd.  drollery n. . Drolly adv. ",Droll  ,"Quaintly amusing; strange, odd.  drollery n. . Drolly adv.",2.9
Dromedary  |  one-humped  camel bred for riding. ,Dromedary  ,one-humped  camel bred for riding.,2.5
Drone  —| 1 non-working male of the honey-bee. 2 idler. 3 deep humming sound. 4 monotonous speaking tone. 5 bass-pipe of bagpipes or its continuous note. —v.  1 make a deep humming sound. 2 speak or utter monotonously. ,Drone  ,1 non-working male of the honey-bee. 2 idler. 3 deep humming sound. 4 monotonous speaking tone. 5 bass-pipe of bagpipes or its continuous note. —v.  1 make a deep humming sound. 2 speak or utter monotonously.,2.6
"Drool  | 1 slobber, dribble. 2  admire extravagantly. ",Drool  ,"1 slobber, dribble. 2  admire extravagantly.",2.7
"Droop  | 1 bend or hang down, esp. From weariness; flag. 2  look downwards. —n. 1 drooping attitude. 2 loss of spirit.  droopy adj. ",Droop  ,"1 bend or hang down, esp. From weariness; flag. 2  look downwards. —n. 1 drooping attitude. 2 loss of spirit.  droopy adj.",3.1
"Drop  —| 1 a globule of liquid that hangs, falls, or adheres to a surface. B very small amount of liquid . C glass etc. Of alcohol. 2 a abrupt fall or slope. B amount of this . C act of dropping. D fall in prices, temperature, etc. E deterioration . 3 drop-shaped thing, esp. A pendant or sweet. 4 curtain or scenery let down on to a stage. 5  Liquid medicine used in drops . 6 minute quantity. 7 slang hiding-place for stolen goods etc. 8 slang bribe. —v.  1 fall or let fall in drops, shed . 2 fall or allow to fall; let go. 3 a sink down from exhaustion or injury. B die. C fall naturally . 4 a  cease or lapse; abandon. B colloq. Cease to associate with or discuss. 5 set down  . 6 utter or be uttered casually . 7 send casually . 8 a fall or allow to fall in direction, amount, condition, degree, pitch, etc. . B  jump down lightly; let oneself fall. C allow  To fall to the ground. 9 omit  in speech . 10  In a lower position than usual . 11 give birth to . 12 lose . 13 deliver by parachute etc. 14 football send , or score , by a drop-kick. 15 colloq. Dismiss or omit .  at the drop of a hat promptly, instantly. Drop back  fall back; get left behind. Drop a brick colloq. Make an indiscreet or embarrassing remark. Drop a curtsy curtsy. Drop in  colloq. Visit casually. Drop off 1 fall asleep. 2 drop . Drop out colloq. Cease to participate.  droplet n. ",Drop  ,"1 a globule of liquid that hangs, falls, or adheres to a surface. B very small amount of liquid . C glass etc. Of alcohol. 2 a abrupt fall or slope. B amount of this . C act of dropping. D fall in prices, temperature, etc. E deterioration . 3 drop-shaped thing, esp. A pendant or sweet. 4 curtain or scenery let down on to a stage. 5  Liquid medicine used in drops . 6 minute quantity. 7 slang hiding-place for stolen goods etc. 8 slang bribe. —v.  1 fall or let fall in drops, shed . 2 fall or allow to fall; let go. 3 a sink down from exhaustion or injury. B die. C fall naturally . 4 a  cease or lapse; abandon. B colloq. Cease to associate with or discuss. 5 set down  . 6 utter or be uttered casually . 7 send casually . 8 a fall or allow to fall in direction, amount, condition, degree, pitch, etc. . B  jump down lightly; let oneself fall. C allow  To fall to the ground. 9 omit  in speech . 10  In a lower position than usual . 11 give birth to . 12 lose . 13 deliver by parachute etc. 14 football send , or score , by a drop-kick. 15 colloq. Dismiss or omit .  at the drop of a hat promptly, instantly. Drop back  fall back; get left behind. Drop a brick colloq. Make an indiscreet or embarrassing remark. Drop a curtsy curtsy. Drop in  colloq. Visit casually. Drop off 1 fall asleep. 2 drop . Drop out colloq. Cease to participate.  droplet n.",3.3
Drop-curtain  | Painted curtain lowered on to a stage.,Drop-curtain  ,Painted curtain lowered on to a stage.,3.1
Drop-kick  | Football kick as the ball touches the ground having been dropped.,Drop-kick  ,Football kick as the ball touches the ground having been dropped.,3.2
"Drop-out  | Colloq. Person who has dropped out of conventional society, a course of study, etc.",Drop-out  ,"Colloq. Person who has dropped out of conventional society, a course of study, etc.",3.0
Dropper  | Device for releasing liquid in drops.,Dropper  ,Device for releasing liquid in drops.,2.9
Droppings  |pl. 1 dung of animals or birds. 2 thing that falls or has fallen in drops.,Droppings  ,pl. 1 dung of animals or birds. 2 thing that falls or has fallen in drops.,2.9
Drop scone  | Scone made by dropping a spoonful of mixture into the pan etc.,Drop scone  ,Scone made by dropping a spoonful of mixture into the pan etc.,3.1
Drop-shot  |  shot dropping abruptly over the net.,Drop-shot  ,shot dropping abruptly over the net.,3.0
Dropsy  | = ~oedema.  dropsical adj. ,Dropsy  ,= ~oedema.  dropsical adj.,3.0
Drosophila  | Fruit fly used in genetic research. ,Drosophila  ,Fruit fly used in genetic research.,2.6
Dross  | 1 rubbish. 2 a scum from melted metals. B impurities. ,Dross  ,1 rubbish. 2 a scum from melted metals. B impurities.,2.9
Drought  | Prolonged absence of rain. ,Drought  ,Prolonged absence of rain.,2.8
Drove1  past of ~drive.,Drove1  past of ,Drove1  past of ~drive.,3.4
Drove2  | 1 a moving crowd. B  Colloq. Great number . 2 herd or flock driven or moving together. ,Drove2  ,1 a moving crowd. B  Colloq. Great number . 2 herd or flock driven or moving together.,2.9
Drover  | Herder of cattle.,Drover  ,Herder of cattle.,2.9
Drown  | 1 kill or die by submersion in liquid. 2 submerge; flood; drench. 3 deaden  By drinking. 4  overpower  with louder sound. ,Drown  ,1 kill or die by submersion in liquid. 2 submerge; flood; drench. 3 deaden  By drinking. 4  overpower  with louder sound.,2.7
Drowse  |  be lightly asleep. ,Drowse  ,be lightly asleep.,2.7
"Drowsy  |  very sleepy, almost asleep.  drowsily adv. Drowsiness n. ",Drowsy  ,"very sleepy, almost asleep.  drowsily adv. Drowsiness n.",2.9
"Drub  |  1 beat, thrash. 2 defeat thoroughly.  drubbing n. ",Drub  ,"1 beat, thrash. 2 defeat thoroughly.  drubbing n.",2.5
"Drudge  —| Person who does dull, laborious, or menial work. —v.  work laboriously, toil.  drudgery n. ",Drudge  ,"Person who does dull, laborious, or menial work. —v.  work laboriously, toil.  drudgery n.",2.3
"Drug  —| 1 medicinal substance. 2  narcotic, hallucinogen, or stimulant. —v.  1 add a drug to . 2 a give a drug to. B stupefy. ",Drug  ,"1 medicinal substance. 2  narcotic, hallucinogen, or stimulant. —v.  1 add a drug to . 2 a give a drug to. B stupefy.",2.8
Drugget  | Coarse woven fabric used for floor coverings etc. ,Drugget  ,Coarse woven fabric used for floor coverings etc.,2.9
Druggist  | Pharmacist. ,Druggist  ,Pharmacist.,3.1
Drugstore  | Us combined chemist's shop and café.,Drugstore  ,Us combined chemist's shop and café.,2.9
"Druid  | 1 priest of an ancient celtic religion. 2 member of a modern druidic order, esp. The gorsedd.  druidic adj. Druidism n. ",Druid  ,"1 priest of an ancient celtic religion. 2 member of a modern druidic order, esp. The gorsedd.  druidic adj. Druidism n.",2.9
"Drum  —| 1 hollow esp. Cylindrical percussion instrument covered at the end with plastic etc. 2  Percussion section of an orchestra etc. 3 sound made by a drum. 4 thing resembling a drum, esp. A container, etc. 5 segment of a pillar. 6 eardrum. —v.  1 play a drum. 2 beat or tap continuously with the fingers etc. 3  make a loud noise with the wings.  drum into drive  into  by persistence. Drum out dismiss with ignominy. Drum up summon or get by vigorous effort . ",Drum  ,"1 hollow esp. Cylindrical percussion instrument covered at the end with plastic etc. 2  Percussion section of an orchestra etc. 3 sound made by a drum. 4 thing resembling a drum, esp. A container, etc. 5 segment of a pillar. 6 eardrum. —v.  1 play a drum. 2 beat or tap continuously with the fingers etc. 3  make a loud noise with the wings.  drum into drive  into  by persistence. Drum out dismiss with ignominy. Drum up summon or get by vigorous effort .",2.8
Drumbeat  | Stroke or sound of a stroke on a drum.,Drumbeat  ,Stroke or sound of a stroke on a drum.,3.1
Drum brake  | Brake in which brake shoes on a vehicle press against the brake drum on a wheel.,Drum brake  ,Brake in which brake shoes on a vehicle press against the brake drum on a wheel.,3.3
Drumhead  | Part of a drum that is hit.,Drumhead  ,Part of a drum that is hit.,3.4
Drum kit  | Set of drums in a band etc.,Drum kit  ,Set of drums in a band etc.,3.4
Drum machine  | Electronic device that simulates percussion.,Drum machine  ,Electronic device that simulates percussion.,3.3
Drum major  | Leader of a marching band.,Drum major  ,Leader of a marching band.,3.0
Drum majorette  | Female baton-twirling member of a parading group.,Drum majorette  ,Female baton-twirling member of a parading group.,3.1
Drummer  | Player of drums.,Drummer  ,Player of drums.,2.7
Drumstick  | 1 stick for beating drums. 2 lower leg of a dressed fowl.,Drumstick  ,1 stick for beating drums. 2 lower leg of a dressed fowl.,3.0
"Drunk  | 1 lacking control from drinking alcohol. 2  overcome with joy, success, power, etc. —n. Person who is drunk, esp. Habitually. ",Drunk  ,"1 lacking control from drinking alcohol. 2  overcome with joy, success, power, etc. —n. Person who is drunk, esp. Habitually.",2.8
Drunkard  | Person who is habitually drunk.,Drunkard  ,Person who is habitually drunk.,2.5
Drunken  |  1 = ~drunk 1. 2 caused by or involving drunkenness . 3 often drunk.  drunkenly adv. Drunkenness n.,Drunken  ,1 = ~drunk 1. 2 caused by or involving drunkenness . 3 often drunk.  drunkenly adv. Drunkenness n.,2.9
"Drupe  | Fleshy stone-fruit, e.g. The olive and plum. ",Drupe  ,"Fleshy stone-fruit, e.g. The olive and plum.",2.8
"Dry  |  1 free from moisture, esp.: a with moisture having evaporated, drained away, etc. . B  free from tears. C  With insufficient rain; not rainy . D  Dried up. E using or producing no moisture . F  with an electric razor. 2  not sweet . 3 a plain, unelaborated . B uninteresting . 4  subtle, ironic, understated. 5 prohibiting the sale of alcohol . 6  without butter etc. 7  Solid, not liquid. 8 impassive. 9  not yielding milk. 10 colloq. Thirsty . —v.  1 make or become dry. 2  Preserve  By removing moisture. 3  colloq. Forget one's lines. —n.  1 act of drying. 2 dry ginger ale. 3 dry place .  dry out 1 make or become fully dry. 2 treat or be treated for alcoholism. Dry up 1 make or become utterly dry. 2 dry dishes. 3 colloq.  Cease talking. 4 become unproductive. 5  run out.  dryness n. ",Dry  ,"1 free from moisture, esp.: a with moisture having evaporated, drained away, etc. . B  free from tears. C  With insufficient rain; not rainy . D  Dried up. E using or producing no moisture . F  with an electric razor. 2  not sweet . 3 a plain, unelaborated . B uninteresting . 4  subtle, ironic, understated. 5 prohibiting the sale of alcohol . 6  without butter etc. 7  Solid, not liquid. 8 impassive. 9  not yielding milk. 10 colloq. Thirsty . —v.  1 make or become dry. 2  Preserve  By removing moisture. 3  colloq. Forget one's lines. —n.  1 act of drying. 2 dry ginger ale. 3 dry place .  dry out 1 make or become fully dry. 2 treat or be treated for alcoholism. Dry up 1 make or become utterly dry. 2 dry dishes. 3 colloq.  Cease talking. 4 become unproductive. 5  run out.  dryness n.",2.7
Dryad  | Wood nymph. ,Dryad  ,Wood nymph.,2.7
Dry battery  |  electric battery or cell in which electrolyte is absorbed in a solid.,Dry battery  ,electric battery or cell in which electrolyte is absorbed in a solid.,3.3
Dry-clean  | Clean  With solvents without water.  dry-cleaner n.,Dry-clean  ,Clean  With solvents without water.  dry-cleaner n.,3.0
Dry dock  | Dock that can be pumped dry for building or repairing ships.,Dry dock  ,Dock that can be pumped dry for building or repairing ships.,3.1
Dryer  | Of ~drier2.,Dryer  ,Of ~drier2.,2.8
Dry-fly  | Adj.  with a floating artificial fly.,Dry-fly  ,Adj.  with a floating artificial fly.,2.9
Dry ice  | Solid carbon dioxide used as a refrigerant.,Dry ice  ,Solid carbon dioxide used as a refrigerant.,2.8
Dry land  | Land as distinct from sea etc.,Dry land  ,Land as distinct from sea etc.,2.6
Dryly  | Of ~drily.,Dryly  ,Of ~drily.,2.7
Dry measure  | Measure for dry goods.,Dry measure  ,Measure for dry goods.,3.0
Dry rot  | Decayed state of unventilated wood; fungi causing this.,Dry rot  ,Decayed state of unventilated wood; fungi causing this.,1.7
Dry run  | Colloq. Rehearsal.,Dry run  ,Colloq. Rehearsal.,2.1
Dry-shod  | & adv. Without wetting one's shoes.,Dry-shod  ,& adv. Without wetting one's shoes.,1.8
Drystone  | Adj.  Built without mortar.,Drystone  ,Adj.  Built without mortar.,2.8
