"Do1  |  1 perform, carry out, achieve, complete  . 2 produce, make, provide . 3 grant; impart . 4 act, behave, proceed . 5 work at . 6 be suitable or acceptable; satisfy . 7 deal with; attend to . 8 fare; get on . 9 solve; work out . 10 a traverse  . B travel at a specified speed . 11 colloq. Act or behave like; play the part of. 12 produce  . 13 a colloq. Finish . B  Be finished . 14 cook, esp. Completely . 15 be in progress . 16 colloq. Visit . 17 colloq. A  Exhaust; tire out. B defeat, kill, ruin. 18  translate or transform. 19 colloq. Cater for . 20 slang a rob . B swindle. 21 slang prosecute, convict . 22 slang undergo . 23 slang take . —v.aux. 1 in questions and negative statements or commands . 2 ellipt. Or in place of a verb . 3 for emphasis . 4 in inversion . —n.  colloq. Elaborate party, operation, etc.  be done with see ~done. Be nothing to do with 1 be no business of. 2 be unconnected with. Be to do with be concerned or connected with. Do away with colloq. 1 get rid of; abolish. 2 kill. Do down colloq. 1 cheat, swindle. 2 overcome. Do for 1 be satisfactory or sufficient for. 2 colloq.  Destroy, ruin, kill. 3 colloq. Act as cleaner etc. For. Do in 1 slang a kill. B ruin. 2 colloq. Exhaust, tire out. Do justice to see ~justice. Do nothing for  colloq. Not flatter or enhance. Do or die persist recklessly. Do out colloq. Clean or redecorate . Do a person out of colloq. Cheat of. Do over 1 slang attack; beat up. 2 colloq. Redecorate, refurbish. Do proud see ~proud. Dos and don'ts rules of behaviour. Do something for  colloq. Enhance the appearance or quality of. Do up 1 fasten. 2 colloq. A refurbish, renovate. B adorn, dress up. Do with  would be glad of; would profit by . Do without manage without; forgo.",Do1  ,"1 perform, carry out, achieve, complete  . 2 produce, make, provide . 3 grant; impart . 4 act, behave, proceed . 5 work at . 6 be suitable or acceptable; satisfy . 7 deal with; attend to . 8 fare; get on . 9 solve; work out . 10 a traverse  . B travel at a specified speed . 11 colloq. Act or behave like; play the part of. 12 produce  . 13 a colloq. Finish . B  Be finished . 14 cook, esp. Completely . 15 be in progress . 16 colloq. Visit . 17 colloq. A  Exhaust; tire out. B defeat, kill, ruin. 18  translate or transform. 19 colloq. Cater for . 20 slang a rob . B swindle. 21 slang prosecute, convict . 22 slang undergo . 23 slang take . —v.aux. 1 in questions and negative statements or commands . 2 ellipt. Or in place of a verb . 3 for emphasis . 4 in inversion . —n.  colloq. Elaborate party, operation, etc.  be done with see ~done. Be nothing to do with 1 be no business of. 2 be unconnected with. Be to do with be concerned or connected with. Do away with colloq. 1 get rid of; abolish. 2 kill. Do down colloq. 1 cheat, swindle. 2 overcome. Do for 1 be satisfactory or sufficient for. 2 colloq.  Destroy, ruin, kill. 3 colloq. Act as cleaner etc. For. Do in 1 slang a kill. B ruin. 2 colloq. Exhaust, tire out. Do justice to see ~justice. Do nothing for  colloq. Not flatter or enhance. Do or die persist recklessly. Do out colloq. Clean or redecorate . Do a person out of colloq. Cheat of. Do over 1 slang attack; beat up. 2 colloq. Redecorate, refurbish. Do proud see ~proud. Dos and don'ts rules of behaviour. Do something for  colloq. Enhance the appearance or quality of. Do up 1 fasten. 2 colloq. A refurbish, renovate. B adorn, dress up. Do with  would be glad of; would profit by . Do without manage without; forgo.",3.0
"Doe  |  female fallow deer, reindeer, hare, or rabbit. ",Doe  ,"female fallow deer, reindeer, hare, or rabbit.",2.8
Doer  | 1 person who does something. 2 person who acts rather than theorizing.,Doer  ,1 person who does something. 2 person who acts rather than theorizing.,2.9
Does  see ~do1.,Does  see ,Does  see ~do1.,3.1
Doesn't  contr. Does not.,Doesn,Doesn't  contr. Does not.,3.0
Doff  | Remove . ,Doff  ,Remove .,2.8
"Dog  —| 1 four-legged flesh-eating animal akin to the fox and wolf, and of many breeds. 2 male of this, or of the fox or wolf. 3 colloq. A despicable person. B person of a specified kind . 4 mechanical device for gripping. 5  colloq. Greyhound-racing. —v.  follow closely; pursue, track.  go to the dogs slang deteriorate, be ruined. Like a dog's dinner colloq. Smartly or flashily . Not a dog's chance no chance at all. ",Dog  ,"1 four-legged flesh-eating animal akin to the fox and wolf, and of many breeds. 2 male of this, or of the fox or wolf. 3 colloq. A despicable person. B person of a specified kind . 4 mechanical device for gripping. 5  colloq. Greyhound-racing. —v.  follow closely; pursue, track.  go to the dogs slang deteriorate, be ruined. Like a dog's dinner colloq. Smartly or flashily . Not a dog's chance no chance at all.",2.8
Dogcart  | Two-wheeled driving-cart with cross seats back to back.,Dogcart  ,Two-wheeled driving-cart with cross seats back to back.,3.1
Dog-collar  | 1 collar for a dog. 2 colloq. Clerical collar.,Dog-collar  ,1 collar for a dog. 2 colloq. Clerical collar.,2.9
Dog days  |pl. Hottest period of the year.,Dog days  ,pl. Hottest period of the year.,2.7
Doge  | Hist. Chief magistrate of venice or genoa. ,Doge  ,Hist. Chief magistrate of venice or genoa.,2.7
Dog-eared  |  With bent or worn corners.,Dog-eared  ,With bent or worn corners.,3.0
Dog-eat-dog  | Colloq. Ruthlessly competitive.,Dog-eat-dog  ,Colloq. Ruthlessly competitive.,3.4
Dog-end  | Slang cigarette-end.,Dog-end  ,Slang cigarette-end.,2.9
Dogfight  | 1 close combat between fighter aircraft. 2 rough fight.,Dogfight  ,1 close combat between fighter aircraft. 2 rough fight.,3.0
Dogfish  |  a kind of small shark.,Dogfish  ,a kind of small shark.,3.1
Dogged  | Tenacious; grimly persistent.  doggedly adv. Doggedness n.,Dogged  ,Tenacious; grimly persistent.  doggedly adv. Doggedness n.,2.4
Doggerel  | Poor or trivial verse. ,Doggerel  ,Poor or trivial verse.,3.0
Doggo  |  lie doggo slang lie motionless or hidden.,Doggo  , lie doggo slang lie motionless or hidden.,2.5
Doggy  | 1 of or like a dog. 2 devoted to dogs. —n.   pet name for a dog.,Doggy  ,1 of or like a dog. 2 devoted to dogs. —n.   pet name for a dog.,2.7
Doggy bag  | Bag for leftovers given to a customer in a restaurant etc.,Doggy bag  ,Bag for leftovers given to a customer in a restaurant etc.,2.7
Doggy-paddle  |  elementary swimming stroke like that of a dog.,Doggy-paddle  ,elementary swimming stroke like that of a dog.,3.2
Doghouse  | Us & austral. Dog's kennel.  in the doghouse slang in disgrace.,Doghouse  ,Us & austral. Dog's kennel.  in the doghouse slang in disgrace.,2.7
Dog in the manger  | Person who stops others using a thing for which he or she has no use.,Dog in the manger  ,Person who stops others using a thing for which he or she has no use.,3.9
"Dogma  | 1 principle, tenet, or system of these, esp. Of a church or political party. 2 arrogant declaration of opinion. ",Dogma  ,"1 principle, tenet, or system of these, esp. Of a church or political party. 2 arrogant declaration of opinion.",3.3
Dogmatic  | Asserting or imposing personal opinions; intolerantly authoritative; arrogant.  dogmatically adv.,Dogmatic  ,Asserting or imposing personal opinions; intolerantly authoritative; arrogant.  dogmatically adv.,3.0
Dogmatism  | Tendency to be dogmatic.  dogmatist n.,Dogmatism  ,Tendency to be dogmatic.  dogmatist n.,2.4
Dogmatize  |   1 speak dogmatically. 2 express  As dogma.,Dogmatize  ,1 speak dogmatically. 2 express  As dogma.,2.9
Do-gooder  | Well-meaning but unrealistic or patronizing philanthropist or reformer.,Do-gooder  ,Well-meaning but unrealistic or patronizing philanthropist or reformer.,3.6
Dog-paddle  | Of ~doggy-paddle.,Dog-paddle  ,Of ~doggy-paddle.,2.9
Dog-rose  | Wild hedge-rose.,Dog-rose  ,Wild hedge-rose.,2.9
Dogsbody  |  colloq. Drudge.,Dogsbody  ,colloq. Drudge.,2.6
Dog's breakfast  |  colloq. Mess.,Dog,colloq. Mess.,2.8
Dog's life  | Life of misery etc.,Dog,Life of misery etc.,2.8
"Dog-star  | Chief star of the constellation canis major or minor, esp. Sirius.",Dog-star  ,"Chief star of the constellation canis major or minor, esp. Sirius.",3.3
Dog-tired  | Tired out.,Dog-tired  ,Tired out.,1.9
Dog-tooth  | V-shaped pattern or moulding; chevron.,Dog-tooth  ,V-shaped pattern or moulding; chevron.,3.0
Dogtrot  | Gentle easy trot.,Dogtrot  ,Gentle easy trot.,2.6
Dogwatch  | Either of two short watches on a ship .,Dogwatch  ,Either of two short watches on a ship .,2.9
"Dogwood  | Shrub with dark-red branches, greenish-white flowers, and purple berries.",Dogwood  ,"Shrub with dark-red branches, greenish-white flowers, and purple berries.",3.0
Doh  |  mus. First note of a major scale. ,Doh  ,mus. First note of a major scale.,2.7
Doily  |   small lacey usu. Paper mat used on a plate for cakes etc. ,Doily  ,small lacey usu. Paper mat used on a plate for cakes etc.,2.9
Doing  pres. Part. Of ~do1. —| 1 a action . B effort . 2  Slang unspecified things .,Doing  pres,1 a action . B effort . 2  Slang unspecified things .,3.0
"Doing-over  | Slang attack, beating-up.",Doing-over  ,"Slang attack, beating-up.",2.9
Do-it-yourself  |  done or to be done by a householder etc. —n. Such work.,Do-it-yourself  ,done or to be done by a householder etc. —n. Such work.,3.5
Dolby  | Propr. Electronic noise-reduction system used esp. In tape-recording to reduce hiss. ,Dolby  ,Propr. Electronic noise-reduction system used esp. In tape-recording to reduce hiss.,2.6
Doldrums  |pl.  1 low spirits. 2 period of inactivity. 3 equatorial ocean region with little or no wind. ,Doldrums  ,pl.  1 low spirits. 2 period of inactivity. 3 equatorial ocean region with little or no wind.,2.6
Dole  —| 1  colloq. Unemployment benefit. 2 a charitable distribution. B thing given sparingly or reluctantly. —v.   distribute sparingly.  on the dole colloq. Receiving unemployment benefit. ,Dole  ,1  colloq. Unemployment benefit. 2 a charitable distribution. B thing given sparingly or reluctantly. —v.   distribute sparingly.  on the dole colloq. Receiving unemployment benefit.,3.1
"Doleful  | 1 mournful, sad. 2 dreary, dismal.  dolefully adv. Dolefulness n. ",Doleful  ,"1 mournful, sad. 2 dreary, dismal.  dolefully adv. Dolefulness n.",2.8
Doll  —| 1 small model of esp. A baby or child as a child's toy. 2 colloq. A pretty but silly young woman. B attractive woman. 3 ventriloquist's dummy. —v.  colloq. Dress smartly. ,Doll  ,1 small model of esp. A baby or child as a child's toy. 2 colloq. A pretty but silly young woman. B attractive woman. 3 ventriloquist's dummy. —v.  colloq. Dress smartly.,2.8
"Dollar  | Chief monetary unit in the us, australia, etc. ",Dollar  ,"Chief monetary unit in the us, australia, etc.",3.1
Dollop  —| Shapeless lump of food etc. —v.   serve in dollops. ,Dollop  ,Shapeless lump of food etc. —v.   serve in dollops.,2.7
Dolly  |  1 child's name for a doll. 2 movable platform for a cine-camera etc. 3 easy catch in cricket.,Dolly  ,1 child's name for a doll. 2 movable platform for a cine-camera etc. 3 easy catch in cricket.,3.1
Dolly-bird  | Colloq. Attractive and stylish young woman.,Dolly-bird  ,Colloq. Attractive and stylish young woman.,3.4
Dolma  |  e. European delicacy of spiced rice or meat etc. Wrapped in vine or cabbage leaves. ,Dolma  ,e. European delicacy of spiced rice or meat etc. Wrapped in vine or cabbage leaves.,3.1
Dolman sleeve  | Loose sleeve cut in one piece with a bodice. ,Dolman sleeve  ,Loose sleeve cut in one piece with a bodice.,3.0
Dolmen  | Megalithic tomb with a large flat stone laid on upright ones. ,Dolmen  ,Megalithic tomb with a large flat stone laid on upright ones.,2.9
Dolomite  | Mineral or rock of calcium magnesium carbonate. ,Dolomite  ,Mineral or rock of calcium magnesium carbonate.,2.8
"Dolor  |  literary sorrow, distress.  dolorous adj. ",Dolor  ,"literary sorrow, distress.  dolorous adj.",3.0
"Dolour  |  literary sorrow, distress.  dolorous adj. ",Dolour  ,"literary sorrow, distress.  dolorous adj.",2.7
Dolphin  | Large porpoise-like sea mammal with a slender pointed snout. ,Dolphin  ,Large porpoise-like sea mammal with a slender pointed snout.,2.8
Dolphinarium  |  public aquarium for dolphins.,Dolphinarium  ,public aquarium for dolphins.,2.8
Dolt  | Stupid person.  doltish adj. ,Dolt  ,Stupid person.  doltish adj.,2.9
"Dom  | Title of some roman catholic dignitaries, and benedictine and carthusian monks. ",Dom  ,"Title of some roman catholic dignitaries, and benedictine and carthusian monks.",2.8
Domain  | 1 area under one rule; realm. 2 estate etc. Under one control. 3 sphere of control or influence. ,Domain  ,1 area under one rule; realm. 2 estate etc. Under one control. 3 sphere of control or influence.,3.4
Dome  —| 1 rounded  vault forming a roof. 2 dome-shaped thing. —v.   Cover with or shape as a dome. ,Dome  ,1 rounded  vault forming a roof. 2 dome-shaped thing. —v.   Cover with or shape as a dome.,2.8
"Domestic  | 1 of the home, household, or family affairs. 2 of one's own country. 3  tamed, not wild. 4 fond of home life. —n. Household servant.  domestically adv. ",Domestic  ,"1 of the home, household, or family affairs. 2 of one's own country. 3  tamed, not wild. 4 fond of home life. —n. Household servant.  domestically adv.",3.3
Domesticate  |  1 tame  to live with humans. 2 accustom to housework etc.  domestication n. ,Domesticate  ,1 tame  to live with humans. 2 accustom to housework etc.  domestication n.,3.1
Domesticity  | 1 being domestic. 2 domestic or home life.,Domesticity  ,1 being domestic. 2 domestic or home life.,2.9
Domestic science  | = ~home economics.,Domestic science  ,= ~home economics.,3.3
Domicile  —| 1 dwelling-place. 2 law a place of permanent residence. B residing. —v.    settle in a place. ,Domicile  ,1 dwelling-place. 2 law a place of permanent residence. B residing. —v.    settle in a place.,3.3
"Domiciliary  | Formal  to, at, or of a person's home. ",Domiciliary  ,"Formal  to, at, or of a person's home.",3.1
"Dominant  | 1 dominating, prevailing. 2  appearing in offspring even when the opposite characteristic is also inherited. —n. Mus. Fifth note of the diatonic scale of any key.  dominance n. Dominantly adv.",Dominant  ,"1 dominating, prevailing. 2  appearing in offspring even when the opposite characteristic is also inherited. —n. Mus. Fifth note of the diatonic scale of any key.  dominance n. Dominantly adv.",3.2
"Dominate  |  1 command, control. 2 be the most influential or obvious. 3  overlook.  domination n. ",Dominate  ,"1 command, control. 2 be the most influential or obvious. 3  overlook.  domination n.",3.2
Domineer  |  Behave arrogantly or tyrannically. ,Domineer  ,Behave arrogantly or tyrannically.,3.2
Dominican  | Of st dominic or his order. —n. Dominican friar or nun. ,Dominican  ,Of st dominic or his order. —n. Dominican friar or nun.,3.1
"Dominion  | 1 sovereignty, control. 2 realm; domain. 3 hist. Self-governing territory of the british commonwealth. ",Dominion  ,"1 sovereignty, control. 2 realm; domain. 3 hist. Self-governing territory of the british commonwealth.",2.7
Domino  |  1 any of 28 small oblong pieces marked with 0–6 pips in each half. 2  Game played with these. 3 loose cloak with a mask. ,Domino  ,1 any of 28 small oblong pieces marked with 0–6 pips in each half. 2  Game played with these. 3 loose cloak with a mask.,3.0
Domino effect  |  effect whereby  one event precipitates others in causal sequence.,Domino effect  ,effect whereby  one event precipitates others in causal sequence.,3.0
"Don1  | 1 university teacher, esp. A senior member of a college at oxford or cambridge. 2  spanish title prefixed to a forename. ",Don1  ,"1 university teacher, esp. A senior member of a college at oxford or cambridge. 2  spanish title prefixed to a forename.",2.7
Don2  |  put on . ,Don2  ,put on .,2.6
"Donate  |  give , esp. To charity. ",Donate  ,"give , esp. To charity.",2.7
"Donation  | 1 donating or being donated. 2 thing, esp. Money, donated. ",Donation  ,"1 donating or being donated. 2 thing, esp. Money, donated.",3.1
Done  | 1 completed. 2 cooked. 3 colloq. Socially acceptable . 4  colloq. Tired out. 5  Accepted.  be done with have or be finished with. Done for colloq. In serious trouble. Have done with be rid of; finish dealing with. ,Done  ,1 completed. 2 cooked. 3 colloq. Socially acceptable . 4  colloq. Tired out. 5  Accepted.  be done with have or be finished with. Done for colloq. In serious trouble. Have done with be rid of; finish dealing with.,2.7
"Doner kebab  | Spiced lamb cooked on a spit and served in slices, often with pitta bread. ",Doner kebab  ,"Spiced lamb cooked on a spit and served in slices, often with pitta bread.",2.6
Donjon  | Great tower or innermost keep of a castle. ,Donjon  ,Great tower or innermost keep of a castle.,3.0
Don juan  | Seducer of women.,Don juan  ,Seducer of women.,2.9
Donkey  |  1 domestic ass. 2 colloq. Stupid person. ,Donkey  ,1 domestic ass. 2 colloq. Stupid person.,3.1
Donkey jacket  | Thick weatherproof workman's jacket or fashion garment.,Donkey jacket  ,Thick weatherproof workman's jacket or fashion garment.,3.1
Donkey's years  |pl. Colloq. Very long time.,Donkey,pl. Colloq. Very long time.,3.1
Donkey-work  | Laborious part of a job.,Donkey-work  ,Laborious part of a job.,3.1
"Donna  | Title of an italian, spanish, or portuguese lady. ",Donna  ,"Title of an italian, spanish, or portuguese lady.",3.3
Donnish  | Like a college don; pedantic.,Donnish  ,Like a college don; pedantic.,2.8
"Donor  | 1 person who donates . 2 person who provides blood, semen, or an organ or tissue for medical use.",Donor  ,"1 person who donates . 2 person who provides blood, semen, or an organ or tissue for medical use.",3.2
"Donor card  | Official card authorizing the use of organs, carried by a donor.",Donor card  ,"Official card authorizing the use of organs, carried by a donor.",3.5
Don't  —contr. Do not. —| Prohibition .,Don,Prohibition .,2.7
Donut  |  small fried cake of sweetened dough.,Donut  ,small fried cake of sweetened dough.,2.6
"Doodle  |  scribble or draw, esp. Absent-mindedly. —n. Such a scribble or drawing. ",Doodle  ,"scribble or draw, esp. Absent-mindedly. —n. Such a scribble or drawing.",2.9
Doom  —| 1 a grim fate or destiny. B death or ruin. 2 condemnation. —v. 1  condemn or destine. 2  Consign to misfortune or destruction. ,Doom  ,1 a grim fate or destiny. B death or ruin. 2 condemnation. —v. 1  condemn or destine. 2  Consign to misfortune or destruction.,2.7
Doomsday  | Day of the last judgement.  till doomsday for ever.,Doomsday  ,Day of the last judgement.  till doomsday for ever.,2.9
"Door  | 1 a esp. Hinged barrier for closing and opening the entrance to a building, room, cupboard, etc. B this as representing a house etc. . 2 a entrance or exit; doorway. B means of access.  close  the door to exclude  an opportunity for. ",Door  ,"1 a esp. Hinged barrier for closing and opening the entrance to a building, room, cupboard, etc. B this as representing a house etc. . 2 a entrance or exit; doorway. B means of access.  close  the door to exclude  an opportunity for.",2.7
Doorbell  | Bell on a door rung by visitors to signal arrival.,Doorbell  ,Bell on a door rung by visitors to signal arrival.,3.0
Door-keeper  | = ~doorman.,Door-keeper  ,= ~doorman.,3.5
Doorknob  | Knob turned to open a door.,Doorknob  ,Knob turned to open a door.,2.6
Doorman  | Person on duty at the door to a large building.,Doorman  ,Person on duty at the door to a large building.,2.9
"Doormat  | 1 mat at an entrance, for wiping shoes. 2 colloq. Submissive person.",Doormat  ,"1 mat at an entrance, for wiping shoes. 2 colloq. Submissive person.",2.9
"Doorpost  | Upright of a door-frame, on which the door is hung.",Doorpost  ,"Upright of a door-frame, on which the door is hung.",3.0
"Doorstep  —| 1 step or area in front of the outer door of a house etc. 2 slang thick slice of bread. —v. Colloq. 1 go from door to door canvassing, selling, etc. 2 call upon or wait on the doorstep for  in order to interview etc.  on one's doorstep very near.",Doorstep  ,"1 step or area in front of the outer door of a house etc. 2 slang thick slice of bread. —v. Colloq. 1 go from door to door canvassing, selling, etc. 2 call upon or wait on the doorstep for  in order to interview etc.  on one's doorstep very near.",2.6
Doorstop  | Device for keeping a door open or to prevent it from striking the wall.,Doorstop  ,Device for keeping a door open or to prevent it from striking the wall.,3.1
Door-to-door  |  Done at each house in turn.,Door-to-door  ,Done at each house in turn.,2.9
Doorway  | Opening filled by a door.,Doorway  ,Opening filled by a door.,2.6
"Dope  —| 1 a slang narcotic. B drug etc. Given to a horse, athlete, etc., to improve performance. 2 thick liquid used as a lubricant etc. 3 varnish. 4 slang stupid person. 5 slang information. —v.",Dope  ,"1 a slang narcotic. B drug etc. Given to a horse, athlete, etc., to improve performance. 2 thick liquid used as a lubricant etc. 3 varnish. 4 slang stupid person. 5 slang information. —v.",2.9
Dopey  |   colloq. 1 half asleep or stupefied as if by a drug. 2 stupid.  dopily adv. Dopiness n.,Dopey  ,colloq. 1 half asleep or stupefied as if by a drug. 2 stupid.  dopily adv. Dopiness n.,2.7
Doppelgänger  | Apparition of a living person. ,Doppelgänger  ,Apparition of a living person.,2.6
"Doppler effect  | Increase  in the frequency of sound, light, etc. Waves caused by moving nearer to  the source. ",Doppler effect  ,"Increase  in the frequency of sound, light, etc. Waves caused by moving nearer to  the source.",2.2
Dorado  |  sea-fish showing brilliant colours when dying out of water. ,Dorado  ,sea-fish showing brilliant colours when dying out of water.,2.7
"Doric  | 1 archit. Of the oldest and simplest of the greek orders. 2  broad, rustic. —n. Rustic english or esp. Scots. ",Doric  ,"1 archit. Of the oldest and simplest of the greek orders. 2  broad, rustic. —n. Rustic english or esp. Scots.",2.8
Dormant  | 1 lying inactive; sleeping. 2 temporarily inactive. 3  alive but not growing.  dormancy n. ,Dormant  ,1 lying inactive; sleeping. 2 temporarily inactive. 3  alive but not growing.  dormancy n.,2.8
Dormer  |  projecting upright window in a sloping roof. ,Dormer  ,projecting upright window in a sloping roof.,2.9
"Dormitory  |  1 sleeping-room with several beds, esp. In a school or institution. 2  Small commuter town or suburb. ",Dormitory  ,"1 sleeping-room with several beds, esp. In a school or institution. 2  Small commuter town or suburb.",2.4
Dormobile  | Propr. Motor caravan. ,Dormobile  ,Propr. Motor caravan.,3.5
Dormouse  |  small mouselike hibernating rodent. ,Dormouse  ,small mouselike hibernating rodent.,2.7
Dorsal  | Of or on the back . ,Dorsal  ,Of or on the back .,3.0
"Dory  |  any of various edible marine fish, esp. The john dory. ",Dory  ,"any of various edible marine fish, esp. The john dory.",2.7
Dosage  | 1 size of a dose. 2 giving of a dose.,Dosage  ,1 size of a dose. 2 giving of a dose.,3.0
Dose  —| 1 single portion of medicine. 2 experience of something . 3 amount of radiation received. 4 slang venereal infection. —v.  treat with or give doses of medicine to. ,Dose  ,1 single portion of medicine. 2 experience of something . 3 amount of radiation received. 4 slang venereal infection. —v.  treat with or give doses of medicine to.,3.2
Do-se-do  |   figure in which two dancers pass round each other back to back. ,Do-se-do  ,figure in which two dancers pass round each other back to back.,2.9
Dosh  | Slang money. ,Dosh  ,Slang money.,2.8
Doss  | 1  slang sleep roughly or in a doss-house. 2  spend time idly. ,Doss  ,1  slang sleep roughly or in a doss-house. 2  spend time idly.,2.9
Dosser  | Slang 1 person who dosses. 2 = ~doss-house.,Dosser  ,Slang 1 person who dosses. 2 = ~doss-house.,3.1
Doss-house  | Cheap lodging-house for vagrants.,Doss-house  ,Cheap lodging-house for vagrants.,3.2
"Dossier  | File containing information about a person, event, etc. ",Dossier  ,"File containing information about a person, event, etc.",2.7
"Dot  —| 1 a small spot or mark. B this as part of i or j, or as a decimal point etc. 2 shorter signal of the two in morse code. —v.  1 a mark with dot. B place a dot over . 2  scatter like dots. 3 partly cover as with dots . 4 slang hit.  dot the i's and cross the t's colloq. 1 be minutely accurate. 2 add the final touches to a task etc. On the dot exactly on time. The year dot colloq. Far in the past. ",Dot  ,"1 a small spot or mark. B this as part of i or j, or as a decimal point etc. 2 shorter signal of the two in morse code. —v.  1 a mark with dot. B place a dot over . 2  scatter like dots. 3 partly cover as with dots . 4 slang hit.  dot the i's and cross the t's colloq. 1 be minutely accurate. 2 add the final touches to a task etc. On the dot exactly on time. The year dot colloq. Far in the past.",3.7
Dotage  | Feeble-minded senility .,Dotage  ,Feeble-minded senility .,3.5
Dotard  | Senile person.,Dotard  ,Senile person.,2.8
Dote  |   be excessively fond of.  dotingly adv. ,Dote  ,be excessively fond of.  dotingly adv.,3.2
"Dotted line  | Line of dots on a document etc., esp. For writing a signature on.",Dotted line  ,"Line of dots on a document etc., esp. For writing a signature on.",3.1
Dotterel  | Small migrant plover. ,Dotterel  ,Small migrant plover.,2.7
Dottle  | Remnant of unburnt tobacco in a pipe. ,Dottle  ,Remnant of unburnt tobacco in a pipe.,3.3
Dotty  |  colloq. 1 crazy; eccentric. 2  infatuated with.  dottiness n.,Dotty  ,colloq. 1 crazy; eccentric. 2  infatuated with.  dottiness n.,3.3
"Double  | 1 consisting of two parts or things; twofold. 2 twice as much or many . 3 having twice the usual size, quantity, strength, etc. . 4 a being double in part. B  with two or more circles of petals. 5 ambiguous, deceitful . —adv. 1 at or to twice the amount etc. . 2 two together . —n.",Double  ,"1 consisting of two parts or things; twofold. 2 twice as much or many . 3 having twice the usual size, quantity, strength, etc. . 4 a being double in part. B  with two or more circles of petals. 5 ambiguous, deceitful . —adv. 1 at or to twice the amount etc. . 2 two together . —n.",3.0
Double act  | Comedy act by a duo.,Double act  ,Comedy act by a duo.,3.0
Double agent  | Spy working for rival countries.,Double agent  ,Spy working for rival countries.,3.2
Double-barrelled  | 1  having two barrels. 2  hyphenated.,Double-barrelled  ,1  having two barrels. 2  hyphenated.,2.8
Double-bass  | Largest instrument of the violin family.,Double-bass  ,Largest instrument of the violin family.,3.5
Double bluff  | Genuine action or statement disguised as a bluff.,Double bluff  ,Genuine action or statement disguised as a bluff.,3.4
Double-book  | Reserve  For two people at once.,Double-book  ,Reserve  For two people at once.,3.2
Double-breasted  |  Overlapping across the body.,Double-breasted  ,Overlapping across the body.,2.9
Double-check  | Verify twice.,Double-check  ,Verify twice.,3.4
Double chin  | Chin with a fold of loose flesh below it.,Double chin  ,Chin with a fold of loose flesh below it.,2.9
Double cream  | Thick cream with a high fat-content.,Double cream  ,Thick cream with a high fat-content.,3.0
Double-cross  | Deceive or betray . —n. Act of doing this.  double-crosser n.,Double-cross  ,Deceive or betray . —n. Act of doing this.  double-crosser n.,3.2
"Double-dealing  —| Deceit, esp. In business. —adj. Practising deceit.",Double-dealing  ,"Deceit, esp. In business. —adj. Practising deceit.",3.4
Double-decker  | 1 bus having an upper and lower deck. 2 colloq. Sandwich with two layers of filling.,Double-decker  ,1 bus having an upper and lower deck. 2 colloq. Sandwich with two layers of filling.,3.4
Double dutch  | Colloq. Gibberish.,Double dutch  ,Colloq. Gibberish.,2.5
Double eagle  | Figure of a two-headed eagle.,Double eagle  ,Figure of a two-headed eagle.,3.4
Double-edged  | 1 presenting both a danger and an advantage. 2  Having two cutting-edges.,Double-edged  ,1 presenting both a danger and an advantage. 2  Having two cutting-edges.,2.9
Double entendre  | Ambiguous phrase open to usu. Indecent interpretation. ,Double entendre  ,Ambiguous phrase open to usu. Indecent interpretation.,3.1
Double entry  | System of bookkeeping with entries debited in one account and credited in another.,Double entry  ,System of bookkeeping with entries debited in one account and credited in another.,2.6
Double feature  | Cinema programme with two full-length films.,Double feature  ,Cinema programme with two full-length films.,3.3
Double figures  |pl. Numbers from 10 to 99.,Double figures  ,pl. Numbers from 10 to 99.,2.9
Double glazing  | Two layers of glass in a window.,Double glazing  ,Two layers of glass in a window.,2.7
"Double helix  | Pair of parallel helices with a common axis, esp. In the structure of a dna molecule.",Double helix  ,"Pair of parallel helices with a common axis, esp. In the structure of a dna molecule.",3.1
Double-jointed  | Having joints that allow unusual bending.,Double-jointed  ,Having joints that allow unusual bending.,2.8
Double negative  | Gram. Negative statement containing two negative elements .,Double negative  ,Gram. Negative statement containing two negative elements .,1.9
Double-park  |  Park  alongside one already parked at the roadside.,Double-park  ,Park  alongside one already parked at the roadside.,3.3
Double pneumonia  | Pneumonia affecting both lungs.,Double pneumonia  ,Pneumonia affecting both lungs.,2.4
Double-quick  | & adv. Colloq. Very quick or quickly.,Double-quick  ,& adv. Colloq. Very quick or quickly.,3.5
Double standard  | Rule or principle not impartially applied.,Double standard  ,Rule or principle not impartially applied.,3.0
Doublet  | 1 hist. Man's short close-fitting jacket. 2 one of a pair of similar things. ,Doublet  ,1 hist. Man's short close-fitting jacket. 2 one of a pair of similar things.,2.7
Double take  | Delayed reaction to a situation etc.,Double take  ,Delayed reaction to a situation etc.,4.1
Double-talk  |  ambiguous or misleading speech.,Double-talk  ,ambiguous or misleading speech.,3.4
Double-think  | Capacity to accept contrary opinions at the same time.,Double-think  ,Capacity to accept contrary opinions at the same time.,3.0
Double time  | Wages paid at twice the normal rate.,Double time  ,Wages paid at twice the normal rate.,3.2
Doubloon  | Hist. Spanish gold coin. ,Doubloon  ,Hist. Spanish gold coin.,2.2
Doubt  —| 1 uncertainty; undecided state of mind. 2 cynicism. 3 uncertain state. 4 lack of full proof or clear indication. —v. 1 feel uncertain or undecided about. 2 hesitate to believe. 3 call in question.  in doubt open to question. No doubt certainly; probably; admittedly. Without doubt  certainly. ,Doubt  ,1 uncertainty; undecided state of mind. 2 cynicism. 3 uncertain state. 4 lack of full proof or clear indication. —v. 1 feel uncertain or undecided about. 2 hesitate to believe. 3 call in question.  in doubt open to question. No doubt certainly; probably; admittedly. Without doubt  certainly.,2.8
Doubtful  | 1 feeling doubt. 2 causing doubt. 3 unreliable.  doubtfully adv. Doubtfulness n.,Doubtful  ,1 feeling doubt. 2 causing doubt. 3 unreliable.  doubtfully adv. Doubtfulness n.,2.5
Doubtless  | Certainly; probably.,Doubtless  ,Certainly; probably.,2.4
Douche  —| 1 jet of liquid applied to part of the body for cleansing or medicinal purposes. 2 device for producing such a jet. —v.  1 treat with a douche. 2 use a douche. ,Douche  ,1 jet of liquid applied to part of the body for cleansing or medicinal purposes. 2 device for producing such a jet. —v.  1 treat with a douche. 2 use a douche.,2.7
Dough  | 1 thick mixture of flour etc. And liquid for baking. 2 slang money.  doughy adj. . ,Dough  ,1 thick mixture of flour etc. And liquid for baking. 2 slang money.  doughy adj. .,2.5
Doughnut  |  small fried cake of sweetened dough.,Doughnut  ,small fried cake of sweetened dough.,2.3
Doughnutting  | The clustering of politicians round a speaker during a televised debate to make him or her appear well supported.,Doughnutting  ,The clustering of politicians round a speaker during a televised debate to make him or her appear well supported.,2.4
Doughty  |  archaic valiant.  doughtily adv. Doughtiness n. ,Doughty  ,archaic valiant.  doughtily adv. Doughtiness n.,2.7
"Dour  | Severe, stern, obstinate. ",Dour  ,"Severe, stern, obstinate.",3.0
Douse  |   1 a throw water over. B plunge into water. 2 extinguish . ,Douse  ,1 a throw water over. B plunge into water. 2 extinguish .,2.9
"Dove  | 1 bird with short legs, a small head, and a large breast. 2 gentle or innocent person. 3 advocate of peace or peaceful policies. ",Dove  ,"1 bird with short legs, a small head, and a large breast. 2 gentle or innocent person. 3 advocate of peace or peaceful policies.",2.9
Dovecote  |  shelter with nesting-holes for domesticated pigeons.,Dovecote  ,shelter with nesting-holes for domesticated pigeons.,2.9
Dovetail  —| Mortise and tenon joint shaped like a dove's spread tail. —v. 1 join with dovetails. 2 fit together; combine neatly.,Dovetail  ,Mortise and tenon joint shaped like a dove's spread tail. —v. 1 join with dovetails. 2 fit together; combine neatly.,2.9
Dowager  | 1 widow with a title or property from her late husband . 2 colloq. Dignified elderly woman. ,Dowager  ,1 widow with a title or property from her late husband . 2 colloq. Dignified elderly woman.,3.2
Dowdy  |  1  unattractively dull. 2 dressed dowdily.  dowdily adv. Dowdiness n. ,Dowdy  ,1  unattractively dull. 2 dressed dowdily.  dowdily adv. Dowdiness n.,3.1
Dowel  —| Cylindrical peg for holding structural components together. —v.  fasten with a dowel. ,Dowel  ,Cylindrical peg for holding structural components together. —v.  fasten with a dowel.,3.0
Dowelling  | Rods for cutting into dowels.,Dowelling  ,Rods for cutting into dowels.,2.7
Dower  | 1 widow's share for life of a husband's estate. 2 archaic dowry. ,Dower  ,1 widow's share for life of a husband's estate. 2 archaic dowry.,3.2
"Dower house  | Smaller house near a big one, as part of a widow's dower.",Dower house  ,"Smaller house near a big one, as part of a widow's dower.",3.5
Dow-jones index  |  a figure indicating the relative price of shares on the new york stock exchange. ,Dow-jones index  ,a figure indicating the relative price of shares on the new york stock exchange.,3.4
"Down1  —| 1 into or towards a lower place, esp. To the ground . 2 in a lower place or position . 3 to or in a place regarded as lower, esp.: a southwards. B away from a major city or a university. 4 a in or into a low or weaker position or condition . B losing by . C  out of action. 5 from an earlier to a later time . 6 to a finer or thinner consistency or smaller amount or size . 7 cheaper . 8 into a more settled state . 9 in writing or recorded form . 10 paid or dealt with as a deposit or part . 11 with the current or wind. 12  read vertically . —prep. 1 downwards along, through, or into. 2 from the top to the bottom of. 3 along . 4 at or in a lower part of . —attrib. Adj. 1 directed downwards . 2 from a capital or centre . —v. Colloq. 1 knock or bring down. 2 swallow. —n. 1 act of putting down. 2 reverse of fortune . 3 colloq.",Down1  ,"1 into or towards a lower place, esp. To the ground . 2 in a lower place or position . 3 to or in a place regarded as lower, esp.: a southwards. B away from a major city or a university. 4 a in or into a low or weaker position or condition . B losing by . C  out of action. 5 from an earlier to a later time . 6 to a finer or thinner consistency or smaller amount or size . 7 cheaper . 8 into a more settled state . 9 in writing or recorded form . 10 paid or dealt with as a deposit or part . 11 with the current or wind. 12  read vertically . —prep. 1 downwards along, through, or into. 2 from the top to the bottom of. 3 along . 4 at or in a lower part of . —attrib. Adj. 1 directed downwards . 2 from a capital or centre . —v. Colloq. 1 knock or bring down. 2 swallow. —n. 1 act of putting down. 2 reverse of fortune . 3 colloq.",2.9
"Down3  | 1 open rolling land. 2  Chalk uplands, esp. In s. England. ",Down3  ,"1 open rolling land. 2  Chalk uplands, esp. In s. England.",2.7
Down-and-out  | Destitute person.  down and out predic. Adj.,Down-and-out  ,Destitute person.  down and out predic. Adj.,3.3
"Downbeat  —| Mus. Accented beat, usu. The first of the bar. —adj. 1 pessimistic, gloomy. 2 relaxed.",Downbeat  ,"Mus. Accented beat, usu. The first of the bar. —adj. 1 pessimistic, gloomy. 2 relaxed.",3.0
Downcast  | 1 dejected. 2  looking downwards.,Downcast  ,1 dejected. 2  looking downwards.,2.9
Downer  | Slang 1 depressant or tranquillizing drug. 2 depressing person or experience; failure. 3 = ~downturn.,Downer  ,Slang 1 depressant or tranquillizing drug. 2 depressing person or experience; failure. 3 = ~downturn.,3.0
Downfall  | 1 fall from prosperity or power. 2 cause of this.,Downfall  ,1 fall from prosperity or power. 2 cause of this.,2.6
Downgrade  |  reduce in rank or status.,Downgrade  ,reduce in rank or status.,3.2
Downhearted  | Dejected.  downheartedly adv. Downheartedness n.,Downhearted  ,Dejected.  downheartedly adv. Downheartedness n.,2.6
"Downhill  —| In a descending direction. —adj. Sloping down, declining. —n. 1 downhill race in skiing. 2 downward slope.  go downhill colloq. Deteriorate.",Downhill  ,"In a descending direction. —adj. Sloping down, declining. —n. 1 downhill race in skiing. 2 downward slope.  go downhill colloq. Deteriorate.",3.0
Down in the mouth  | Looking unhappy.,Down in the mouth  ,Looking unhappy.,2.1
Downland  | = ~down3.,Downland  ,= ~down3.,2.7
Down-market  | & adv. Colloq. Of or to the cheaper sector of the market.,Down-market  ,& adv. Colloq. Of or to the cheaper sector of the market.,3.2
Down payment  | Partial initial payment.,Down payment  ,Partial initial payment.,3.1
Downpipe  | Pipe to carry rainwater from a roof.,Downpipe  ,Pipe to carry rainwater from a roof.,2.9
Downpour  | Heavy fall of rain.,Downpour  ,Heavy fall of rain.,3.2
"Downright  | 1 plain, straightforward. 2 utter . —adv. Thoroughly .",Downright  ,"1 plain, straightforward. 2 utter . —adv. Thoroughly .",2.8
Down's syndrome  | Congenital disorder with mental retardation and physical abnormalities. ,Down,Congenital disorder with mental retardation and physical abnormalities.,2.8
Downstage  | & adv. Nearer the front of a theatre stage.,Downstage  ,& adv. Nearer the front of a theatre stage.,3.0
Downstairs  —| 1 down the stairs. 2 to or on a lower floor. —attrib. Adj. Situated downstairs. —n. Lower floor.,Downstairs  ,1 down the stairs. 2 to or on a lower floor. —attrib. Adj. Situated downstairs. —n. Lower floor.,3.1
Downstream  | In the direction in which a stream etc. Flows.,Downstream  ,In the direction in which a stream etc. Flows.,2.7
"Down-to-earth  | Practical, realistic.",Down-to-earth  ,"Practical, realistic.",3.3
Downtown  esp. Us —| Adj. Of the lower or more central part of a town or city. —n. Downtown area. —adv. In or into the downtown area.,Downtown  esp,Adj. Of the lower or more central part of a town or city. —n. Downtown area. —adv. In or into the downtown area.,2.7
Downtrodden  | Oppressed; badly treated.,Downtrodden  ,Oppressed; badly treated.,2.8
"Downturn  | Decline, esp. In economic activity.",Downturn  ,"Decline, esp. In economic activity.",3.4
"Down under  | Colloq. In the antipodes, esp. Australia.",Down under  ,"Colloq. In the antipodes, esp. Australia.",2.1
"Downward  —|  towards what is lower, inferior, less important, or later. —adj. Moving or extending downwards.",Downward  ,"towards what is lower, inferior, less important, or later. —adj. Moving or extending downwards.",3.0
Downwind  | & adv. In the direction in which the wind is blowing.,Downwind  ,& adv. In the direction in which the wind is blowing.,3.2
"Downy  |  1 of, like, or covered with down. 2 soft and fluffy.",Downy  ,"1 of, like, or covered with down. 2 soft and fluffy.",2.6
Dowry  |  property or money brought by a bride to her husband. ,Dowry  ,property or money brought by a bride to her husband.,3.2
Dowse1  |  search for underground water or minerals by holding a stick or rod which dips abruptly when over the right spot.  dowser n. ,Dowse1  ,search for underground water or minerals by holding a stick or rod which dips abruptly when over the right spot.  dowser n.,2.9
Dowse2  | Of ~douse.,Dowse2  ,Of ~douse.,2.9
Dowsing-rod  | Rod for dowsing.,Dowsing-rod  ,Rod for dowsing.,3.2
Doxology  |  liturgical hymn etc. Of praise to god.  doxological adj. ,Doxology  ,liturgical hymn etc. Of praise to god.  doxological adj.,2.9
Doyen  |  senior member of a group. ,Doyen  ,senior member of a group.,2.7
Doyley  | Of ~doily.,Doyley  ,Of ~doily.,2.8
Doze  |  sleep lightly; be half asleep. —n. Short light sleep.  doze off fall lightly asleep. ,Doze  ,sleep lightly; be half asleep. —n. Short light sleep.  doze off fall lightly asleep.,3.2
Dozen  | 1   twelve . 2 set of twelve . 3  colloq. Very many .  talk nineteen to the dozen talk incessantly. ,Dozen  ,1   twelve . 2 set of twelve . 3  colloq. Very many .  talk nineteen to the dozen talk incessantly.,2.7
Dozy  |  1 drowsy. 2 colloq. Stupid or lazy.,Dozy  ,1 drowsy. 2 colloq. Stupid or lazy.,3.0
