"Acacia  | Tree with yellow or white flowers, esp. One yielding gum arabic. ",Acacia  ,"Tree with yellow or white flowers, esp. One yielding gum arabic.",2.8
Academia  | The academic world; scholastic life.,Academia  ,The academic world; scholastic life.,2.8
"Academic  | 1 scholarly, of learning. 2 of no practical relevance; theoretical. —n. Teacher or scholar in a university etc.  academically adv.",Academic  ,"1 scholarly, of learning. 2 of no practical relevance; theoretical. —n. Teacher or scholar in a university etc.  academically adv.",2.8
Academician  | Member of an academy. ,Academician  ,Member of an academy.,2.8
"Academy  |  1 place of specialized training . 2  society or institution of distinguished scholars, artists, scientists, etc. . 3 scot. Secondary school. ",Academy  ,"1 place of specialized training . 2  society or institution of distinguished scholars, artists, scientists, etc. . 3 scot. Secondary school.",3.2
Acanthus  |  1 herbaceous plant with spiny leaves. 2 archit. Representation of its leaf. ,Acanthus  ,1 herbaceous plant with spiny leaves. 2 archit. Representation of its leaf.,2.9
"Accede  |   1 take office, esp. As monarch. 2 assent or agree. ",Accede  ,"1 take office, esp. As monarch. 2 assent or agree.",3.2
Accelerate  |  move or cause to move or happen more quickly.  acceleration n. ,Accelerate  ,move or cause to move or happen more quickly.  acceleration n.,2.5
"Accelerator  | 1 device for increasing speed, esp. The pedal controlling the speed of a vehicle's engine. 2 physics apparatus for imparting high speeds to charged particles.",Accelerator  ,"1 device for increasing speed, esp. The pedal controlling the speed of a vehicle's engine. 2 physics apparatus for imparting high speeds to charged particles.",2.5
"Accent  —| 1 particular  mode of pronunciation. 2 distinctive feature or emphasis . 3 prominence given to a syllable by stress or pitch. 4 mark on a letter or word to indicate pitch, stress, or vowel quality. —v. 1 emphasize . 2 write or print accents on . 3 accentuate. ",Accent  ,"1 particular  mode of pronunciation. 2 distinctive feature or emphasis . 3 prominence given to a syllable by stress or pitch. 4 mark on a letter or word to indicate pitch, stress, or vowel quality. —v. 1 emphasize . 2 write or print accents on . 3 accentuate.",3.3
"Accentuate  |  emphasize, make prominent.  accentuation n. ",Accentuate  ,"emphasize, make prominent.  accentuation n.",2.6
"Accept  | 1  Willingly receive . 2  Answer affirmatively . 3 regard favourably; treat as welcome . 4 believe, receive  As adequate or valid. 5 take as suitable . 6 undertake . ",Accept  ,"1  Willingly receive . 2  Answer affirmatively . 3 regard favourably; treat as welcome . 4 believe, receive  As adequate or valid. 5 take as suitable . 6 undertake .",2.7
"Acceptable  | 1 worth accepting, welcome. 2 tolerable.  acceptability n. Acceptably adv. ",Acceptable  ,"1 worth accepting, welcome. 2 tolerable.  acceptability n. Acceptably adv.",2.7
"Acceptance  | 1 willingness to accept. 2 affirmative answer to an invitation etc. 3 approval, belief .",Acceptance  ,"1 willingness to accept. 2 affirmative answer to an invitation etc. 3 approval, belief .",2.7
Access  —| 1 way of approach or entry . 2 a right or opportunity to reach or use or visit; admittance . B accessibility. 3 archaic outburst . —v. 1 computing gain access to . 2 accession. ,Access  ,1 way of approach or entry . 2 a right or opportunity to reach or use or visit; admittance . B accessibility. 3 archaic outburst . —v. 1 computing gain access to . 2 accession.,3.8
Accessible  |  1 reachable or obtainable; readily available. 2 easy to understand.  accessibility n.,Accessible  ,1 reachable or obtainable; readily available. 2 easy to understand.  accessibility n.,2.8
"Accession  —| 1 taking office, esp. As monarch. 2 thing added. —v. Record the addition of  to a library etc.",Accession  ,"1 taking office, esp. As monarch. 2 thing added. —v. Record the addition of  to a library etc.",2.8
"Accessory  |  1 additional or extra thing. 2  Small attachment, fitting, or subsidiary item of dress . 3  person who abets or is privy to an  act. ",Accessory  ,"1 additional or extra thing. 2  Small attachment, fitting, or subsidiary item of dress . 3  person who abets or is privy to an  act.",2.9
Access road  | Road giving access only to the properties along it.,Access road  ,Road giving access only to the properties along it.,3.4
Access time  | Computing time taken to retrieve data from storage.,Access time  ,Computing time taken to retrieve data from storage.,3.9
"Accident  | 1 unfortunate esp. Harmful event, caused unintentionally. 2 event that is unexpected or without apparent cause.  by accident unintentionally. ",Accident  ,"1 unfortunate esp. Harmful event, caused unintentionally. 2 event that is unexpected or without apparent cause.  by accident unintentionally.",2.9
Accidental  | Happening by chance or accident. —n. Mus. Sign indicating a note's momentary departure from the key signature.  accidentally adv.,Accidental  ,Happening by chance or accident. —n. Mus. Sign indicating a note's momentary departure from the key signature.  accidentally adv.,2.8
Accident-prone  | Clumsy.,Accident-prone  ,Clumsy.,3.1
"Acclaim  | 1 welcome or applaud enthusiastically. 2 hail as . —n. Applause, welcome, public praise. ",Acclaim  ,"1 welcome or applaud enthusiastically. 2 hail as . —n. Applause, welcome, public praise.",2.7
Acclamation  | 1 loud and eager assent. 2  Shouting in a person's honour.,Acclamation  ,1 loud and eager assent. 2  Shouting in a person's honour.,2.9
Acclimatize  |   adapt to a new climate or conditions.  acclimatization n. ,Acclimatize  ,adapt to a new climate or conditions.  acclimatization n.,2.4
Accolade  | 1 praise given. 2 touch made with a sword at the conferring of a knighthood. ,Accolade  ,1 praise given. 2 touch made with a sword at the conferring of a knighthood.,2.4
"Accommodate  |  1 provide lodging or room for . 2 adapt, harmonize, reconcile . 3 a do favour to, oblige . B  supply  with. ",Accommodate  ,"1 provide lodging or room for . 2 adapt, harmonize, reconcile . 3 a do favour to, oblige . B  supply  with.",3.8
"Accommodating  | Obliging, compliant.",Accommodating  ,"Obliging, compliant.",3.8
"Accommodation  | 1 lodgings. 2 adjustment, adaptation. 3 convenient arrangement; settlement, compromise.",Accommodation  ,"1 lodgings. 2 adjustment, adaptation. 3 convenient arrangement; settlement, compromise.",2.8
Accommodation address  | Postal address used by a person unable or unwilling to give a permanent address.,Accommodation address  ,Postal address used by a person unable or unwilling to give a permanent address.,3.0
"Accompaniment  | 1 instrumental or orchestral support for a solo instrument, voice, or group. 2 accompanying thing.  accompanist n. .",Accompaniment  ,"1 instrumental or orchestral support for a solo instrument, voice, or group. 2 accompanying thing.  accompanist n. .",3.1
Accompany  |  1 go with; escort. 2  be done or found with; supplement. 3 mus. Partner with accompaniment. ,Accompany  ,1 go with; escort. 2  be done or found with; supplement. 3 mus. Partner with accompaniment.,3.3
Accomplice  | Partner in a crime etc. ,Accomplice  ,Partner in a crime etc.,2.6
"Accomplish  | Succeed in doing; achieve, complete. ",Accomplish  ,"Succeed in doing; achieve, complete.",3.4
"Accomplished  | Clever, skilled.",Accomplished  ,"Clever, skilled.",2.7
"Accomplishment  | 1 completion . 2 acquired, esp. Social, skill. 3 thing achieved.",Accomplishment  ,"1 completion . 2 acquired, esp. Social, skill. 3 thing achieved.",3.8
"Accord  | 1  be consistent or in harmony. 2 grant ; give . —n. 1 agreement, consent. 2 mus. & art etc. Harmony.  of one's own accord on one's own initiative; voluntarily. With one accord unanimously. ",Accord  ,"1  be consistent or in harmony. 2 grant ; give . —n. 1 agreement, consent. 2 mus. & art etc. Harmony.  of one's own accord on one's own initiative; voluntarily. With one accord unanimously.",2.8
Accordance  |  in accordance with in conformity to.  accordant adj.,Accordance  , in accordance with in conformity to.  accordant adj.,2.7
According  | 1  a as stated by . B in proportion to . 2  in a manner or to a degree that varies as .,According  ,1  a as stated by . B in proportion to . 2  in a manner or to a degree that varies as .,2.7
Accordingly  | 1 as circumstances suggest or require . 2 consequently .,Accordingly  ,1 as circumstances suggest or require . 2 consequently .,2.9
"Accordion  | Musical reed instrument with concertina-like bellows, keys, and buttons.  accordionist n. ",Accordion  ,"Musical reed instrument with concertina-like bellows, keys, and buttons.  accordionist n.",3.0
"Accost  | 1 approach and address , esp. Boldly. 2  solicit. ",Accost  ,"1 approach and address , esp. Boldly. 2  solicit.",2.9
"Account  —| 1 narration, description . 2 arrangement at a bank etc. For depositing and withdrawing money, credit, etc. . 3 record or statement of financial transactions with the balance . —v. Consider as .",Account  ,"1 narration, description . 2 arrangement at a bank etc. For depositing and withdrawing money, credit, etc. . 3 record or statement of financial transactions with the balance . —v. Consider as .",3.1
"Accountable  | 1 responsible; required to account for one's conduct. 2 explicable, understandable.  accountability n.",Accountable  ,"1 responsible; required to account for one's conduct. 2 explicable, understandable.  accountability n.",3.0
Accountant  | Professional keeper or verifier of accounts.  accountancy n. Accounting n.,Accountant  ,Professional keeper or verifier of accounts.  accountancy n. Accounting n.,2.7
"Accouterments  |pl.  1 equipment, trappings. 2 soldier's equipment excluding weapons and clothes. ",Accouterments  ,"pl.  1 equipment, trappings. 2 soldier's equipment excluding weapons and clothes.",2.0
"Accoutrements  |pl.  1 equipment, trappings. 2 soldier's equipment excluding weapons and clothes. ",Accoutrements  ,"pl.  1 equipment, trappings. 2 soldier's equipment excluding weapons and clothes.",2.4
Accredit  |  1  attribute  To . 2  credit  with . 3  send  With credentials. 4 gain influence for or make credible . ,Accredit  ,1  attribute  To . 2  credit  with . 3  send  With credentials. 4 gain influence for or make credible .,2.7
Accredited  | 1 officially recognized. 2 generally accepted.,Accredited  ,1 officially recognized. 2 generally accepted.,3.0
"Accretion  | 1 growth or increase by accumulation, addition, or organic enlargement. 2 the resulting whole. 3 a matter so added. B adhesion of this to the core matter. ",Accretion  ,"1 growth or increase by accumulation, addition, or organic enlargement. 2 the resulting whole. 3 a matter so added. B adhesion of this to the core matter.",2.9
"Accrue  |   come as a natural increase or advantage, esp. Financial. ",Accrue  ,"come as a natural increase or advantage, esp. Financial.",2.6
"Accumulate  |  1 acquire an increasing number or quantity of; amass, collect. 2 grow numerous; increase. ",Accumulate  ,"1 acquire an increasing number or quantity of; amass, collect. 2 grow numerous; increase.",2.3
Accumulation  | 1 accumulating or being accumulated. 2 accumulated mass. 3 growth of capital by continued interest.  accumulative adj.,Accumulation  ,1 accumulating or being accumulated. 2 accumulated mass. 3 growth of capital by continued interest.  accumulative adj.,1.8
"Accumulator  | 1 rechargeable electric cell. 2 bet placed on a sequence of events, with the winnings and stake from each placed on the next.",Accumulator  ,"1 rechargeable electric cell. 2 bet placed on a sequence of events, with the winnings and stake from each placed on the next.",2.5
Accuracy  | Exactness or careful precision. ,Accuracy  ,Exactness or careful precision.,2.8
"Accurate  | Careful, precise; conforming exactly with the truth or a standard.  accurately adv.",Accurate  ,"Careful, precise; conforming exactly with the truth or a standard.  accurately adv.",2.7
"Accursed  | 1 under a curse. 2 colloq. Detestable, annoying. ",Accursed  ,"1 under a curse. 2 colloq. Detestable, annoying.",2.6
Accusation  | Accusing or being accused. ,Accusation  ,Accusing or being accused.,2.0
Accusative  gram. —| Case expressing the object of an action. —adj. Of or in this case.,Accusative  gram,Case expressing the object of an action. —adj. Of or in this case.,2.9
Accusatory  | Of or implying accusation.,Accusatory  ,Of or implying accusation.,2.6
Accuse  |   charge with a fault or crime; blame. ,Accuse  ,charge with a fault or crime; blame.,2.8
Accustom  |  make used to . ,Accustom  ,make used to .,2.6
"Accustomed  | 1  used to a thing. 2 customary, usual.",Accustomed  ,"1  used to a thing. 2 customary, usual.",1.7
Ace  —| 1 playing-card etc. With a single spot and generally signifying ‘one’. 2 a person who excels in some activity. B pilot who has shot down many enemy aircraft. 3  unreturnable stroke . —adj. Slang excellent.  within an ace of on the verge of. ,Ace  ,1 playing-card etc. With a single spot and generally signifying ‘one’. 2 a person who excels in some activity. B pilot who has shot down many enemy aircraft. 3  unreturnable stroke . —adj. Slang excellent.  within an ace of on the verge of.,2.8
Acellular  | Having no cells; not consisting of cells.,Acellular  ,Having no cells; not consisting of cells.,3.0
"Acerbic  | Harsh and sharp, esp. In speech or manner.  acerbity n. . ",Acerbic  ,"Harsh and sharp, esp. In speech or manner.  acerbity n. .",2.7
Acetaldehyde  | Colourless volatile liquid aldehyde. ,Acetaldehyde  ,Colourless volatile liquid aldehyde.,2.8
"Acetate  | 1 salt or ester of acetic acid, esp. The cellulose ester. 2 fabric made from this.",Acetate  ,"1 salt or ester of acetic acid, esp. The cellulose ester. 2 fabric made from this.",3.2
Acetic  | Of or like vinegar. ,Acetic  ,Of or like vinegar.,3.1
Acetic acid  | Clear liquid acid giving vinegar its characteristic taste.,Acetic acid  ,Clear liquid acid giving vinegar its characteristic taste.,2.4
"Acetone  | Colourless volatile liquid that dissolves organic compounds, esp. Paints, varnishes, etc.",Acetone  ,"Colourless volatile liquid that dissolves organic compounds, esp. Paints, varnishes, etc.",3.1
"Acetylene  | Hydrocarbon gas burning with a bright flame, used esp. In welding.",Acetylene  ,"Hydrocarbon gas burning with a bright flame, used esp. In welding.",2.8
Ache  —| 1 continuous dull pain. 2 mental distress. —v.  suffer from or be the source of an ache. ,Ache  ,1 continuous dull pain. 2 mental distress. —v.  suffer from or be the source of an ache.,2.8
"Achieve  |  1 reach or attain, esp. By effort . 2 accomplish . ",Achieve  ,"1 reach or attain, esp. By effort . 2 accomplish .",2.7
Achievement  | 1 something achieved. 2 act of achieving.,Achievement  ,1 something achieved. 2 act of achieving.,3.1
Achilles heel  | Person's weak or vulnerable point. ,Achilles heel  ,Person's weak or vulnerable point.,2.9
Achilles tendon  | Tendon connecting the heel with the calf muscles.,Achilles tendon  ,Tendon connecting the heel with the calf muscles.,2.4
Achromatic  | Optics 1 transmitting light without separation into constituent colours . 2 without colour.  achromatically adv. ,Achromatic  ,Optics 1 transmitting light without separation into constituent colours . 2 without colour.  achromatically adv.,2.9
Achy  |  full of or suffering from aches.,Achy  ,full of or suffering from aches.,2.6
"Acid  —| 1 a any of a class of substances that liberate hydrogen ions in water, are usu. Sour and corrosive, turn litmus red, and have a ph of less than 7. B any compound or atom donating protons. 2 any sour substance. 3 slang the drug lsd. —adj. 1 sour. 2 biting, sharp . 3 chem. Having the essential properties of an acid.  acidic adj. Acidify v. . Acidity n. Acidly adv. ",Acid  ,"1 a any of a class of substances that liberate hydrogen ions in water, are usu. Sour and corrosive, turn litmus red, and have a ph of less than 7. B any compound or atom donating protons. 2 any sour substance. 3 slang the drug lsd. —adj. 1 sour. 2 biting, sharp . 3 chem. Having the essential properties of an acid.  acidic adj. Acidify v. . Acidity n. Acidly adv.",3.3
"Acid house  | A type of synthesized music with a simple repetitive beat, often associated with hallucinogenic drugs.",Acid house  ,"A type of synthesized music with a simple repetitive beat, often associated with hallucinogenic drugs.",3.3
"Acid rain  | Acid, esp. From industrial waste gases, falling with rain.",Acid rain  ,"Acid, esp. From industrial waste gases, falling with rain.",2.3
Acid test  | Severe or conclusive test.,Acid test  ,Severe or conclusive test.,3.4
Acidulous  | Somewhat acid.,Acidulous  ,Somewhat acid.,3.2
Ack-ack  | —adj. Anti-aircraft. —n. Anti-aircraft gun etc. ,Ack-ack  ,—adj. Anti-aircraft. —n. Anti-aircraft gun etc.,2.9
"Acknowledge  |  1 recognize; accept the truth of . 2 confirm the receipt of . 3 a show that one has noticed . B express appreciation of . 4 recognize the validity of, own . ",Acknowledge  ,"1 recognize; accept the truth of . 2 confirm the receipt of . 3 a show that one has noticed . B express appreciation of . 4 recognize the validity of, own .",2.5
"Acknowledgement  | 1 act of acknowledging. 2 a thing given or done in gratitude. B letter confirming receipt of something. 3  Author's statement of gratitude, prefacing a book.",Acknowledgement  ,"1 act of acknowledging. 2 a thing given or done in gratitude. B letter confirming receipt of something. 3  Author's statement of gratitude, prefacing a book.",2.4
Acme  | Highest point . ,Acme  ,Highest point .,2.8
Acne  | Skin condition with red pimples. ,Acne  ,Skin condition with red pimples.,2.8
Acolyte  | 1 person assisting a priest. 2 assistant; beginner. ,Acolyte  ,1 person assisting a priest. 2 assistant; beginner.,2.9
"Aconite  | 1 any of various poisonous plants, esp. Monkshood. 2 drug from these. ",Aconite  ,"1 any of various poisonous plants, esp. Monkshood. 2 drug from these.",2.8
"Acorn  | Fruit of the oak, with a smooth nut in a cuplike base. ",Acorn  ,"Fruit of the oak, with a smooth nut in a cuplike base.",2.8
Acoustic  | 1 of sound or the sense of hearing. 2  Without electrical amplification .  acoustically adv. ,Acoustic  ,1 of sound or the sense of hearing. 2  Without electrical amplification .  acoustically adv.,3.4
Acoustics  |pl. 1 properties or qualities  In transmitting sound. 2  Science of sound.,Acoustics  ,pl. 1 properties or qualities  In transmitting sound. 2  Science of sound.,3.1
Acquaint  |  make aware of or familiar with .  be acquainted with have personal knowledge of; know slightly. ,Acquaint  ,make aware of or familiar with .  be acquainted with have personal knowledge of; know slightly.,3.3
Acquaintance  | 1 being acquainted. 2 person one knows slightly.  acquaintanceship n.,Acquaintance  ,1 being acquainted. 2 person one knows slightly.  acquaintanceship n.,2.9
"Acquiesce  |  1 agree, esp. By default. 2  accept .  acquiescence n. Acquiescent adj. ",Acquiesce  ,"1 agree, esp. By default. 2  accept .  acquiescence n. Acquiescent adj.",2.6
Acquire  |  gain for oneself; come into possession of. ,Acquire  ,gain for oneself; come into possession of.,3.3
Acquired immune deficiency syndrome  see ~aids.,Acquired immune deficiency syndrome  see ,Acquired immune deficiency syndrome  see ~aids.,2.1
Acquired taste  | 1 liking developed by experience. 2 object of this.,Acquired taste  ,1 liking developed by experience. 2 object of this.,3.1
"Acquirement  | Thing acquired, esp. A mental attainment.",Acquirement  ,"Thing acquired, esp. A mental attainment.",2.7
"Acquisition  | 1 thing acquired, esp. When useful. 2 acquiring or being acquired. ",Acquisition  ,"1 thing acquired, esp. When useful. 2 acquiring or being acquired.",3.6
Acquisitive  | Keen to acquire things.,Acquisitive  ,Keen to acquire things.,2.7
Acquit  |  1  declare not guilty. 2 refl. A behave or perform in a specified way . B  discharge .  acquittal n. ,Acquit  ,1  declare not guilty. 2 refl. A behave or perform in a specified way . B  discharge .  acquittal n.,3.2
"Acre  | Measure of land, 4,840 sq. Yds., 0.405 ha. ",Acre  ,"Measure of land, 4,840 sq. Yds., 0.405 ha.",2.7
Acreage  | A number of acres; extent of land.,Acreage  ,A number of acres; extent of land.,2.6
Acrid  |  bitterly pungent.  acridity n. ,Acrid  ,bitterly pungent.  acridity n.,3.1
Acrimonious  | Bitter in manner or temper.  acrimony n.,Acrimonious  ,Bitter in manner or temper.  acrimony n.,3.4
Acrobat  | Entertainer performing gymnastic feats.  acrobatic adj. Acrobatically adv. ,Acrobat  ,Entertainer performing gymnastic feats.  acrobatic adj. Acrobatically adv.,3.7
Acrobatics  |pl. 1 acrobatic feats. 2  Art of performing these.,Acrobatics  ,pl. 1 acrobatic feats. 2  Art of performing these.,3.5
Acronym  | Word formed from the initial letters of other words . ,Acronym  ,Word formed from the initial letters of other words .,3.4
Acropolis  | Citadel of an ancient greek city. ,Acropolis  ,Citadel of an ancient greek city.,3.3
Across  —| 1 to or on the other side of . 2 from one side to another side of . 3 at or forming an angle with . —adv. 1 to or on the other side . 2 from one side to another .  across the board applying to all. ,Across  ,1 to or on the other side of . 2 from one side to another side of . 3 at or forming an angle with . —adv. 1 to or on the other side . 2 from one side to another .  across the board applying to all.,3.1
Acrostic  | Poem etc. In which certain letters  form a word or words. ,Acrostic  ,Poem etc. In which certain letters  form a word or words.,2.6
Acrylic  | Of synthetic material made from acrylic acid. —n. Acrylic fibre or fabric. ,Acrylic  ,Of synthetic material made from acrylic acid. —n. Acrylic fibre or fabric.,3.3
Acrylic acid  | A pungent liquid organic acid.,Acrylic acid  ,A pungent liquid organic acid.,2.4
"Act  —| 1 something done; a deed. 2 process of doing . 3 item of entertainment. 4 pretence . 5 main division of a play etc. 6 a decree of a legislative body. B document attesting a legal transaction. —v. 1 behave . 2 perform an action or function; take action . 3  have an effect . 4 a perform a part in a play, film, etc. B pretend. 5 a play the part of . B perform . C portray  by actions.  act for be the  representative of. Act of god natural event, e.g. An earthquake. Act up colloq. Misbehave; give trouble . Get one's act together slang become properly organized; prepare. Put on an act colloq. Make a pretence. ",Act  ,"1 something done; a deed. 2 process of doing . 3 item of entertainment. 4 pretence . 5 main division of a play etc. 6 a decree of a legislative body. B document attesting a legal transaction. —v. 1 behave . 2 perform an action or function; take action . 3  have an effect . 4 a perform a part in a play, film, etc. B pretend. 5 a play the part of . B perform . C portray  by actions.  act for be the  representative of. Act of god natural event, e.g. An earthquake. Act up colloq. Misbehave; give trouble . Get one's act together slang become properly organized; prepare. Put on an act colloq. Make a pretence.",2.8
Acting  —| Art or occupation of an actor. —attrib. Adj. Serving temporarily or as a substitute .,Acting  ,Art or occupation of an actor. —attrib. Adj. Serving temporarily or as a substitute .,3.2
"Actinism  | Property of short-wave radiation that produces chemical changes, as in photography. ",Actinism  ,"Property of short-wave radiation that produces chemical changes, as in photography.",2.7
Actinium  | Chem. Radioactive metallic element found in pitchblende. ,Actinium  ,Chem. Radioactive metallic element found in pitchblende.,2.5
"Action  | 1 process of doing or acting . 2 forcefulness or energy. 3 exertion of energy or influence . 4 deed, act . 5  a series of events in a story, play, etc. B slang exciting activity . 6 battle, fighting . 7 a mechanism of an instrument. B style of movement of an animal or human. 8 lawsuit.  out of action not working. ",Action  ,"1 process of doing or acting . 2 forcefulness or energy. 3 exertion of energy or influence . 4 deed, act . 5  a series of events in a story, play, etc. B slang exciting activity . 6 battle, fighting . 7 a mechanism of an instrument. B style of movement of an animal or human. 8 lawsuit.  out of action not working.",2.7
Actionable  | Giving cause for legal action.,Actionable  ,Giving cause for legal action.,2.8
Action-packed  | Full of action or excitement.,Action-packed  ,Full of action or excitement.,2.8
Action point  | Proposal for action.,Action point  ,Proposal for action.,3.0
"Action replay  | Playback of part of a television broadcast, esp. A sporting event, often in slow motion.",Action replay  ,"Playback of part of a television broadcast, esp. A sporting event, often in slow motion.",2.0
Action stations  |pl. Positions taken up by troops etc. Ready for battle.,Action stations  ,pl. Positions taken up by troops etc. Ready for battle.,3.1
Activate  |  1 make active. 2 chem. Cause reaction in. 3 make radioactive.,Activate  ,1 make active. 2 chem. Cause reaction in. 3 make radioactive.,3.0
"Active  | 1 marked by action; energetic; diligent . 2 working, operative . 3 not merely passive or inert; positive . 4 radioactive. 5 gram. Designating the form of a verb whose subject performs the action . —n. Gram. Active form or voice of a verb.  actively adv. ",Active  ,"1 marked by action; energetic; diligent . 2 working, operative . 3 not merely passive or inert; positive . 4 radioactive. 5 gram. Designating the form of a verb whose subject performs the action . —n. Gram. Active form or voice of a verb.  actively adv.",2.8
Active service  | Military service in wartime.,Active service  ,Military service in wartime.,3.5
"Activism  | Policy of vigorous action, esp. For a political cause.  activist n.",Activism  ,"Policy of vigorous action, esp. For a political cause.  activist n.",2.8
Activity  |  1 being active; busy or energetic action. 2  Occupation or pursuit . 3 = ~radioactivity.,Activity  ,1 being active; busy or energetic action. 2  Occupation or pursuit . 3 = ~radioactivity.,2.8
"Actor  | Person who acts in a play, film, etc. ",Actor  ,"Person who acts in a play, film, etc.",3.3
Actress  | Female actor.,Actress  ,Female actor.,3.1
Actual  |  1 existing in fact; real. 2 current. ,Actual  ,1 existing in fact; real. 2 current.,3.3
Actuality  |  1 reality. 2  Existing conditions.,Actuality  ,1 reality. 2  Existing conditions.,3.3
"Actually  | 1 as a fact, really . 2 strange as it may seem .",Actually  ,"1 as a fact, really . 2 strange as it may seem .",2.8
"Actuary  |  statistician, esp. One calculating insurance risks and premiums.  actuarial adj. ",Actuary  ,"statistician, esp. One calculating insurance risks and premiums.  actuarial adj.",2.7
Actuate  |  1 cause  To move or function. 2 cause  to act. ,Actuate  ,1 cause  To move or function. 2 cause  to act.,3.0
"Acuity  | Sharpness, acuteness. ",Acuity  ,"Sharpness, acuteness.",2.8
Acumen  | Keen insight or discernment. ,Acumen  ,Keen insight or discernment.,3.1
Acupuncture  | Medical treatment using needles in parts of the body.  acupuncturist n. ,Acupuncture  ,Medical treatment using needles in parts of the body.  acupuncturist n.,2.3
"Acute  |  1 serious, severe . 2  Keen, penetrating. 3 shrewd. 4  coming quickly to a crisis. 5  less than 90°. 6  high, shrill. —n. = ~acute accent.  acutely adv. ",Acute  ,"1 serious, severe . 2  Keen, penetrating. 3 shrewd. 4  coming quickly to a crisis. 5  less than 90°. 6  high, shrill. —n. = ~acute accent.  acutely adv.",2.8
"Acute accent  | Diacritical mark  placed over certain letters in french etc., esp. To show pronunciation.",Acute accent  ,"Diacritical mark  placed over certain letters in french etc., esp. To show pronunciation.",3.0
