Egalitarian  | Of or advocating equal rights for all. —n. Egalitarian person.  egalitarianism n. ,Egalitarian  ,Of or advocating equal rights for all. —n. Egalitarian person.  egalitarianism n.,2.9
"Egg1  | 1 a body produced by females of birds, insects, etc. And capable of developing into a new individual. B egg of the domestic hen, used for food. 2 biol. Ovum. 3 colloq. Person or thing of a specified kind .  with egg on one's face colloq.",Egg1  ,"1 a body produced by females of birds, insects, etc. And capable of developing into a new individual. B egg of the domestic hen, used for food. 2 biol. Ovum. 3 colloq. Person or thing of a specified kind .  with egg on one's face colloq.",2.9
Egg2  |  urge. ,Egg2  ,urge.,2.7
Eggcup  | Cup for holding a boiled egg.,Eggcup  ,Cup for holding a boiled egg.,3.0
"Egg-flip  |  drink of alcoholic spirit with beaten egg, milk, etc.",Egg-flip  ,"drink of alcoholic spirit with beaten egg, milk, etc.",3.3
Egghead  | Colloq. Intellectual; expert.,Egghead  ,Colloq. Intellectual; expert.,3.1
Eggplant  | = ~aubergine.,Eggplant  ,= ~aubergine.,2.9
Eggshell  —| Shell of an egg. —adj. 1  thin and fragile. 2  with a slight gloss.,Eggshell  ,Shell of an egg. —adj. 1  thin and fragile. 2  with a slight gloss.,3.0
Egg-white  | White part round the yolk of an egg.,Egg-white  ,White part round the yolk of an egg.,2.9
Eglantine  | Sweet-brier. ,Eglantine  ,Sweet-brier.,2.6
Ego  |  1 the self; the part of the mind that reacts to reality and has a sense of individuality. 2 self-esteem; self-conceit. ,Ego  ,1 the self; the part of the mind that reacts to reality and has a sense of individuality. 2 self-esteem; self-conceit.,2.7
Egocentric  | Self-centred.,Egocentric  ,Self-centred.,2.2
Egoism  | 1 self-interest as the moral basis of behaviour. 2 systematic selfishness. 3 = ~egotism.  egoist n. Egoistic adj. Egoistical adj. Egoistically adv.,Egoism  ,1 self-interest as the moral basis of behaviour. 2 systematic selfishness. 3 = ~egotism.  egoist n. Egoistic adj. Egoistical adj. Egoistically adv.,2.5
Egotism  | 1 self-conceit. 2 selfishness.  egotist n. Egotistic adj. Egotistical adj. Egotistically adv.,Egotism  ,1 self-conceit. 2 selfishness.  egotist n. Egotistic adj. Egotistical adj. Egotistically adv.,2.5
Ego-trip  | Colloq. Activity to boost one's own self-esteem or self-conceit.,Ego-trip  ,Colloq. Activity to boost one's own self-esteem or self-conceit.,3.1
Egregious  | 1 extremely bad. 2 archaic remarkable. ,Egregious  ,1 extremely bad. 2 archaic remarkable.,2.9
Egress  | Formal 1 exit. 2 right of going out. ,Egress  ,Formal 1 exit. 2 right of going out.,2.6
Egret  | A kind of heron with long white feathers. ,Egret  ,A kind of heron with long white feathers.,2.9
Egyptian  | Of egypt. —n. 1 native of egypt. 2 language of the ancient egyptians.,Egyptian  ,Of egypt. —n. 1 native of egypt. 2 language of the ancient egyptians.,2.8
"Egyptology  | The study of the language, history, and culture of ancient egypt.  egyptologist n.",Egyptology  ,"The study of the language, history, and culture of ancient egypt.  egyptologist n.",2.6
