Oubliette  | Secret dungeon with a trapdoor entrance. ,Oubliette  ,Secret dungeon with a trapdoor entrance.,3.1
Ouch  | Expressing sharp or sudden pain. ,Ouch  ,Expressing sharp or sudden pain.,3.1
Ought  |aux.  1 expressing duty or rightness . 2 advisability . 3 probability .  ought not negative form of ought . ,Ought  ,aux.  1 expressing duty or rightness . 2 advisability . 3 probability .  ought not negative form of ought .,3.3
Oughtn't  contr. Ought not.,Oughtn,Oughtn't  contr. Ought not.,3.2
Ouija  |  propr. Board marked with letters or signs and used with a movable pointer to try to obtain messages at a seance. ,Ouija  ,propr. Board marked with letters or signs and used with a movable pointer to try to obtain messages at a seance.,3.1
"Ounce  | 1 unit of weight, 1/16 lb or approx. 28 g. 2 very small quantity. ",Ounce  ,"1 unit of weight, 1/16 lb or approx. 28 g. 2 very small quantity.",3.3
"Our  poss. Pro| 1 of or belonging to us or society . 2 colloq. Indicating a relative, friend, etc. Of the speaker . ",Our  poss,"1 of or belonging to us or society . 2 colloq. Indicating a relative, friend, etc. Of the speaker .",3.0
Our father  | Prayer beginning with these words .,Our father  ,Prayer beginning with these words .,3.7
Our lady  | Virgin mary.,Our lady  ,Virgin mary.,3.6
Our lord  | Christ.,Our lord  ,Christ.,4.5
Ours  poss. Pro| The one or ones belonging to or associated with us .,Ours  poss,The one or ones belonging to or associated with us .,2.6
Ourself  pro| Archaic = ~myself as used by a sovereign etc.,Ourself  pro,Archaic = ~myself as used by a sovereign etc.,2.7
Ourselves  pro| 1 a emphat. Form of ~we or ~us . B refl. Form of ~us . 2 in our normal state of body or mind .  be ourselves see ~oneself. By ourselves see by oneself.,Ourselves  pro,1 a emphat. Form of ~we or ~us . B refl. Form of ~us . 2 in our normal state of body or mind .  be ourselves see ~oneself. By ourselves see by oneself.,2.6
Ousel  | Of ~ouzel.,Ousel  ,Of ~ouzel.,3.0
"Oust  | Drive out or expel, esp. By seizing the place of. ",Oust  ,"Drive out or expel, esp. By seizing the place of.",3.2
"Out  —| 1 away from or not in or at a place etc. . 2 indicating: a dispersal away from a centre etc. . B coming or bringing into the open . C need for attentiveness . 3 not in one's house, office, etc. . 4 to or at an end; completely . 5  Not burning. 6 in error . 7 colloq. Unconscious . 8  Dislocated . 9  Not in office. 10  considering its verdict. 11  on strike. 12  revealed. 13  open. 14  Published, on sale. 15  visible after dark. 16 no longer in fashion . 17  Dismissed from batting. 18 not worth considering . 19  Colloq. Known to exist . 20  Removed . —prep. Out of . —n. Way of escape. —v. Come or go out; emerge .  out for intent on, determined to get. Out of 1 from within. 2 not within. 3 from among. 4 beyond the range of . 5 so as to be without, lacking . 6 from . 7 because of . 8 by the use of . Out of bounds see ~bound2. Out of date see ~date1. Out of order see ~order. Out of pocket see ~pocket. Out of the question see ~question. Out of sorts see ~sort. Out of this world see ~world. Out of the way see ~way. Out to determined to. ",Out  ,"1 away from or not in or at a place etc. . 2 indicating: a dispersal away from a centre etc. . B coming or bringing into the open . C need for attentiveness . 3 not in one's house, office, etc. . 4 to or at an end; completely . 5  Not burning. 6 in error . 7 colloq. Unconscious . 8  Dislocated . 9  Not in office. 10  considering its verdict. 11  on strike. 12  revealed. 13  open. 14  Published, on sale. 15  visible after dark. 16 no longer in fashion . 17  Dismissed from batting. 18 not worth considering . 19  Colloq. Known to exist . 20  Removed . —prep. Out of . —n. Way of escape. —v. Come or go out; emerge .  out for intent on, determined to get. Out of 1 from within. 2 not within. 3 from among. 4 beyond the range of . 5 so as to be without, lacking . 6 from . 7 because of . 8 by the use of . Out of bounds see ~bound2. Out of date see ~date1. Out of order see ~order. Out of pocket see ~pocket. Out of the question see ~question. Out of sorts see ~sort. Out of this world see ~world. Out of the way see ~way. Out to determined to.",2.8
Outage  | Period during which a power-supply etc. Is not operating.,Outage  ,Period during which a power-supply etc. Is not operating.,2.8
Out and about  | Active outdoors .,Out and about  ,Active outdoors .,3.0
Out and out  | Thorough; complete. —adv. Thoroughly.,Out and out  ,Thorough; complete. —adv. Thoroughly.,2.9
Outback  | Remote inland areas of australia.,Outback  ,Remote inland areas of australia.,2.9
Outbalance  |  outweigh.,Outbalance  ,outweigh.,2.6
Outbid  |  bid higher than.,Outbid  ,bid higher than.,2.4
Outboard motor  | Portable engine attached to the outside of a boat.,Outboard motor  ,Portable engine attached to the outside of a boat.,3.1
"Outbreak  | Sudden eruption of anger, war, disease, fire, etc.",Outbreak  ,"Sudden eruption of anger, war, disease, fire, etc.",2.8
"Outbuilding  | Shed, barn, etc. Detached from a main building.",Outbuilding  ,"Shed, barn, etc. Detached from a main building.",3.2
Outburst  | 1 verbal explosion of anger etc. 2 bursting out .,Outburst  ,1 verbal explosion of anger etc. 2 bursting out .,2.2
Outcast  —| Person rejected by family or society. —adj. Rejected; homeless.,Outcast  ,Person rejected by family or society. —adj. Rejected; homeless.,3.0
Outclass  | Surpass in quality.,Outclass  ,Surpass in quality.,2.7
Outcome  | Result.,Outcome  ,Result.,2.8
Outcrop  | 1 a emergence of a stratum etc. At a surface. B stratum etc. Emerging. 2 noticeable manifestation.,Outcrop  ,1 a emergence of a stratum etc. At a surface. B stratum etc. Emerging. 2 noticeable manifestation.,2.4
Outcry  |  strong public protest.,Outcry  ,strong public protest.,2.6
Outdated  | Out of date; obsolete.,Outdated  ,Out of date; obsolete.,2.6
Outdistance  |  leave  behind completely.,Outdistance  ,leave  behind completely.,2.7
"Outdo  |  exceed, excel, surpass.",Outdo  ,"exceed, excel, surpass.",2.5
"Outdoor  | Adj. 1 done, existing, or used out of doors. 2 fond of the open air .",Outdoor  ,"Adj. 1 done, existing, or used out of doors. 2 fond of the open air .",3.2
Outdoors  —| In or into the open air. —n. The open air.,Outdoors  ,In or into the open air. —n. The open air.,3.2
Outer  | 1 outside; external . 2 farther from the centre or the inside.  outermost adj.,Outer  ,1 outside; external . 2 farther from the centre or the inside.  outermost adj.,2.7
Outer space  | Universe beyond the earth's atmosphere.,Outer space  ,Universe beyond the earth's atmosphere.,3.1
Outface  |  disconcert by staring or by a display of confidence.,Outface  ,disconcert by staring or by a display of confidence.,3.1
"Outfall  | Outlet of a river, drain, etc.",Outfall  ,"Outlet of a river, drain, etc.",2.6
Outfield  | Outer part of a cricket or baseball pitch.  outfielder n.,Outfield  ,Outer part of a cricket or baseball pitch.  outfielder n.,2.9
Outfit  | 1 set of clothes or equipment. 2 colloq. Group of people regarded as an organization.,Outfit  ,1 set of clothes or equipment. 2 colloq. Group of people regarded as an organization.,3.2
Outfitter  | Supplier of clothing.,Outfitter  ,Supplier of clothing.,3.1
"Outflank  | 1 extend beyond the flank of . 2 outmanoeuvre, outwit.",Outflank  ,"1 extend beyond the flank of . 2 outmanoeuvre, outwit.",2.0
Outflow  | 1 outward flow. 2 amount that flows out.,Outflow  ,1 outward flow. 2 amount that flows out.,3.4
Outfox  | Outwit.,Outfox  ,Outwit.,3.0
Outgoing  | 1 friendly. 2 retiring from office. 3 going out. —n.  Expenditure.,Outgoing  ,1 friendly. 2 retiring from office. 3 going out. —n.  Expenditure.,2.5
Outgrow  |  1 grow too big for. 2 leave behind . 3 grow faster or taller than.,Outgrow  ,1 grow too big for. 2 leave behind . 3 grow faster or taller than.,2.8
Outgrowth  | 1 offshoot. 2 natural product or development.,Outgrowth  ,1 offshoot. 2 natural product or development.,3.2
Outhouse  | Small building adjoining or apart from a house.,Outhouse  ,Small building adjoining or apart from a house.,2.9
"Outing  | Pleasure trip, excursion.",Outing  ,"Pleasure trip, excursion.",2.6
"Outlandish  | Bizarre, strange.  outlandishly adv. Outlandishness n. ",Outlandish  ,"Bizarre, strange.  outlandishly adv. Outlandishness n.",2.5
Outlast  | Last longer than.,Outlast  ,Last longer than.,2.7
Outlaw  —| 1 fugitive from the law. 2 hist. Person deprived of the protection of the law. —v. 1 declare  an outlaw. 2 make illegal; proscribe.,Outlaw  ,1 fugitive from the law. 2 hist. Person deprived of the protection of the law. —v. 1 declare  an outlaw. 2 make illegal; proscribe.,2.8
Outlay  | Expenditure.,Outlay  ,Expenditure.,2.9
Outlet  | 1 means of exit or escape. 2 means of expressing feelings. 3 a market for goods. B shop .,Outlet  ,1 means of exit or escape. 2 means of expressing feelings. 3 a market for goods. B shop .,2.8
Outline  —| 1 rough draft. 2 summary. 3 sketch consisting of only contour lines. 4  A lines enclosing or indicating an object. B contour. C external boundary. 5  Main features or principles. —v.  1 draw or describe in outline. 2 mark the outline of.,Outline  ,1 rough draft. 2 summary. 3 sketch consisting of only contour lines. 4  A lines enclosing or indicating an object. B contour. C external boundary. 5  Main features or principles. —v.  1 draw or describe in outline. 2 mark the outline of.,2.8
Outlive  |  1 live longer than . 2 live beyond .,Outlive  ,1 live longer than . 2 live beyond .,2.8
"Outlook  | 1 prospect, view. 2 mental attitude.",Outlook  ,"1 prospect, view. 2 mental attitude.",2.9
Outlying  | Far from a centre; remote.,Outlying  ,Far from a centre; remote.,2.7
Outmaneuver  |  secure an advantage over by skilful manoeuvring.,Outmaneuver  ,secure an advantage over by skilful manoeuvring.,2.5
Outmanoeuvre  |   secure an advantage over by skilful manoeuvring.,Outmanoeuvre  ,secure an advantage over by skilful manoeuvring.,2.3
Outmatch  | Be more than a match for.,Outmatch  ,Be more than a match for.,2.4
Outmoded  | 1 outdated. 2 out of fashion.,Outmoded  ,1 outdated. 2 out of fashion.,3.2
Outnumber  | Exceed in number.,Outnumber  ,Exceed in number.,2.6
Out of doors  | & adv. In or into the open air.,Out of doors  ,& adv. In or into the open air.,2.3
"Out of it  | Adj. 1  not included; forlorn. 2 colloq. Unconscious, dazed.",Out of it  ,"Adj. 1  not included; forlorn. 2 colloq. Unconscious, dazed.",2.7
Outpace  |  1 go faster than. 2 outdo in a contest.,Outpace  ,1 go faster than. 2 outdo in a contest.,2.8
Outpatient  | Non-resident hospital patient.,Outpatient  ,Non-resident hospital patient.,2.6
Outplacement  | Assistance in finding a new job after redundancy.,Outplacement  ,Assistance in finding a new job after redundancy.,2.6
Outpost  | 1 detachment posted at a distance from an army. 2 distant branch or settlement .,Outpost  ,1 detachment posted at a distance from an army. 2 distant branch or settlement .,2.9
Outpouring  |  Copious expression of emotion.,Outpouring  ,Copious expression of emotion.,2.5
"Output  —| 1 amount produced . 2 electrical power etc. Delivered by an apparatus. 3 printout, results, etc. From a computer. 4 place where energy, information, etc. Leaves a system. —v.   supply .",Output  ,"1 amount produced . 2 electrical power etc. Delivered by an apparatus. 3 printout, results, etc. From a computer. 4 place where energy, information, etc. Leaves a system. —v.   supply .",2.9
"Outrage  —| 1 extreme violation of others' rights, sentiments, etc. 2 gross offence or indignity. 3 fierce resentment. —v.  1 subject to outrage. 2 commit an outrage against. 3 shock and anger. ",Outrage  ,"1 extreme violation of others' rights, sentiments, etc. 2 gross offence or indignity. 3 fierce resentment. —v.  1 subject to outrage. 2 commit an outrage against. 3 shock and anger.",2.8
"Outrageous  | 1 immoderate. 2 shocking. 3 immoral, offensive.  outrageously adv.",Outrageous  ,"1 immoderate. 2 shocking. 3 immoral, offensive.  outrageously adv.",2.1
Outrank  | Be superior in rank to.,Outrank  ,Be superior in rank to.,2.4
"Outré  | Eccentric, unconventional. ",Outré  ,"Eccentric, unconventional.",3.2
Outrider  | Mounted guard or motor cyclist riding ahead of a procession etc.,Outrider  ,Mounted guard or motor cyclist riding ahead of a procession etc.,3.1
"Outrigger  | 1 spar or framework projecting over the side of a ship, racing boat, or canoe to give stability. 2 boat fitted with this.",Outrigger  ,"1 spar or framework projecting over the side of a ship, racing boat, or canoe to give stability. 2 boat fitted with this.",2.7
"Outright  —| 1 altogether, entirely. 2 not gradually. 3 without reservation, openly. —adj. 1 downright, complete. 2 undisputed .",Outright  ,"1 altogether, entirely. 2 not gradually. 3 without reservation, openly. —adj. 1 downright, complete. 2 undisputed .",2.9
Outrun  |  1 run faster or farther than. 2 go beyond .,Outrun  ,1 run faster or farther than. 2 go beyond .,2.8
Outsell  |  1 sell more than. 2 be sold in greater quantities than.,Outsell  ,1 sell more than. 2 be sold in greater quantities than.,2.6
Outset  |  at  the outset from the beginning.,Outset  , at  the outset from the beginning.,3.0
Outshine  |  1 shine brighter than. 2 surpass in excellence etc.,Outshine  ,1 shine brighter than. 2 surpass in excellence etc.,2.5
"Outside  —| 1 external side or surface; outer parts. 2 external appearance; outward aspect. 3 position on the outer side . —adj. 1 a of, on, or nearer the outside; outer. B not in the main building . 2 not belonging to a particular group or organization . 3  Remote; very unlikely. 4  The greatest or highest possible . 5  Positioned nearest to the edge of the field . —adv. 1 on or to the outside. 2 in or to the open air. 3 not within, enclosed, or included. 4 slang not in prison. —prep. 1 not in; to or at the exterior of. 2 external to, not included in, beyond the limits of.  at the outside  At the most. From the outside from an objective or impartial standpoint.",Outside  ,"1 external side or surface; outer parts. 2 external appearance; outward aspect. 3 position on the outer side . —adj. 1 a of, on, or nearer the outside; outer. B not in the main building . 2 not belonging to a particular group or organization . 3  Remote; very unlikely. 4  The greatest or highest possible . 5  Positioned nearest to the edge of the field . —adv. 1 on or to the outside. 2 in or to the open air. 3 not within, enclosed, or included. 4 slang not in prison. —prep. 1 not in; to or at the exterior of. 2 external to, not included in, beyond the limits of.  at the outside  At the most. From the outside from an objective or impartial standpoint.",2.8
Outside broadcast  | One not made in a studio.,Outside broadcast  ,One not made in a studio.,3.3
Outside interest  | Hobby etc. Not connected with one's work.,Outside interest  ,Hobby etc. Not connected with one's work.,3.1
"Outsider  | 1 non-member of some group, organization, profession, etc. 2 competitor thought to have little chance.",Outsider  ,"1 non-member of some group, organization, profession, etc. 2 competitor thought to have little chance.",2.8
Outside world  | Society outside the confines of an institution etc.,Outside world  ,Society outside the confines of an institution etc.,3.5
Outsize  | Unusually large.,Outsize  ,Unusually large.,2.9
Outskirts  |pl. Outer area of a town etc.,Outskirts  ,pl. Outer area of a town etc.,3.0
"Outsmart  | Outwit, be cleverer than.",Outsmart  ,"Outwit, be cleverer than.",2.3
Outspoken  | Saying openly what one thinks; frank.  outspokenly adv. Outspokenness n.,Outspoken  ,Saying openly what one thinks; frank.  outspokenly adv. Outspokenness n.,2.8
Outspread  | Spread out; expanded. —v. Spread out; expand.,Outspread  ,Spread out; expanded. —v. Spread out; expand.,2.7
Outstanding  | 1 conspicuous because of excellence. 2 a  not yet settled. B still to be dealt with .  outstandingly adv.,Outstanding  ,1 conspicuous because of excellence. 2 a  not yet settled. B still to be dealt with .  outstandingly adv.,2.9
Outstation  | Remote branch or outpost.,Outstation  ,Remote branch or outpost.,2.8
Outstay  | Stay longer than .,Outstay  ,Stay longer than .,2.4
Outstretched  | Stretched out.,Outstretched  ,Stretched out.,1.4
"Outstrip  |  1 go faster than. 2 surpass, esp. Competitively.",Outstrip  ,"1 go faster than. 2 surpass, esp. Competitively.",2.6
Out-take  | Film or tape sequence rejected in editing.,Out-take  ,Film or tape sequence rejected in editing.,3.3
Out-tray  | Tray for outgoing documents etc.,Out-tray  ,Tray for outgoing documents etc.,2.9
Outvote  |  defeat by a majority of votes.,Outvote  ,defeat by a majority of votes.,2.9
"Outward  | 1 situated on or directed towards the outside. 2 going out. 3 bodily, external, apparent. —adv.  in an outward direction; towards the outside.  outwardly adv.  ",Outward  ,"1 situated on or directed towards the outside. 2 going out. 3 bodily, external, apparent. —adv.  in an outward direction; towards the outside.  outwardly adv.",2.7
Outward bound  | Going away from home.,Outward bound  ,Going away from home.,2.3
Outwardness  | External existence; objectivity.,Outwardness  ,External existence; objectivity.,2.5
Outwards  | Of ~outward adv.,Outwards  ,Of ~outward adv.,2.8
"Outweigh  | Exceed in weight, value, importance, or influence.",Outweigh  ,"Exceed in weight, value, importance, or influence.",2.9
Outwit  |  be too clever for; overcome by greater ingenuity.,Outwit  ,be too clever for; overcome by greater ingenuity.,2.5
Outwork  | 1 advanced or detached part of a fortification. 2 work done off the premises of the firm etc. Which supplies it.  outworker n. .,Outwork  ,1 advanced or detached part of a fortification. 2 work done off the premises of the firm etc. Which supplies it.  outworker n. .,3.2
Ouzel  |  1  white-breasted thrush. 2  diving bird; dipper. ,Ouzel  ,1  white-breasted thrush. 2  diving bird; dipper.,3.1
Ouzo  |  greek aniseed-flavoured spirit. ,Ouzo  ,greek aniseed-flavoured spirit.,3.1
