"Bi-  | Form forming nouns, adjectives, and verbs, meaning: 1 division into two . 2 a occurring twice in every one or once in every two . B lasting for two . 3 chem. Substance having a double proportion of what is indicated by the simple word . 4 bot. & zool. Having divided parts which are themselves similarly divided . ",Bi-  ,"Form forming nouns, adjectives, and verbs, meaning: 1 division into two . 2 a occurring twice in every one or once in every two . B lasting for two . 3 chem. Substance having a double proportion of what is indicated by the simple word . 4 bot. & zool. Having divided parts which are themselves similarly divided .",2.7
Biannual  | Occurring etc. Twice a year.,Biannual  ,Occurring etc. Twice a year.,3.2
"Bias  —| 1  predisposition or prejudice. 2 statistics distortion of a statistical result due to a neglected factor. 3 edge cut obliquely across the weave of a fabric. 4 sport a irregular shape given to a bowl. B oblique course this causes it to run. —v.  1  Influence ; prejudice. 2 give a bias to.  on the bias obliquely, diagonally. ",Bias  ,"1  predisposition or prejudice. 2 statistics distortion of a statistical result due to a neglected factor. 3 edge cut obliquely across the weave of a fabric. 4 sport a irregular shape given to a bowl. B oblique course this causes it to run. —v.  1  Influence ; prejudice. 2 give a bias to.  on the bias obliquely, diagonally.",3.0
Bias binding  | Strip of fabric cut obliquely and used to bind edges.,Bias binding  ,Strip of fabric cut obliquely and used to bind edges.,3.1
Biathlon  | Athletic contest in skiing and shooting or cycling and running. ,Biathlon  ,Athletic contest in skiing and shooting or cycling and running.,3.8
"Bib  | 1 piece of cloth etc. Fastened round a child's neck while eating. 2 top front part of an apron, dungarees, etc. ",Bib  ,"1 piece of cloth etc. Fastened round a child's neck while eating. 2 top front part of an apron, dungarees, etc.",2.8
Bib-cock  | Tap with a bent nozzle. ,Bib-cock  ,Tap with a bent nozzle.,3.3
Bible  | 1 a  christian scriptures of old and new testaments. B  copy of these. 2  colloq. Authoritative book.  biblical adj. ,Bible  ,1 a  christian scriptures of old and new testaments. B  copy of these. 2  colloq. Authoritative book.  biblical adj.,3.4
Bible-bashing  |  slang aggressive fundamentalist preaching.  bible-basher n. .,Bible-bashing  ,slang aggressive fundamentalist preaching.  bible-basher n. .,2.9
"Bibliography  |  1 list of books on a specific subject, by a particular author, etc.; book containing this. 2 the study of books, their authorship, editions, etc.  bibliographer n. Bibliographical adj. ",Bibliography  ,"1 list of books on a specific subject, by a particular author, etc.; book containing this. 2 the study of books, their authorship, editions, etc.  bibliographer n. Bibliographical adj.",2.7
Bibliophile  | Lover or collector of books.,Bibliophile  ,Lover or collector of books.,3.3
Bibulous  | Tending to drink alcohol. ,Bibulous  ,Tending to drink alcohol.,2.4
Bicameral  |  having two chambers. ,Bicameral  ,having two chambers.,2.8
Bicarb  | Colloq. = ~bicarbonate 2. ,Bicarb  ,Colloq. = ~bicarbonate 2.,3.4
Bicarbonate  | 1 any acid salt of carbonic acid. 2  sodium bicarbonate used as an antacid or in baking-powder.,Bicarbonate  ,1 any acid salt of carbonic acid. 2  sodium bicarbonate used as an antacid or in baking-powder.,3.1
Bicentenary  |  1 two-hundredth anniversary. 2 celebration of this.,Bicentenary  ,1 two-hundredth anniversary. 2 celebration of this.,3.8
Bicentennial  esp. Us —| Bicentenary. —adj. Occurring every two hundred years.,Bicentennial  esp,Bicentenary. —adj. Occurring every two hundred years.,3.9
"Biceps  |  muscle with two heads or attachments, esp. That bending the elbow. ",Biceps  ,"muscle with two heads or attachments, esp. That bending the elbow.",3.3
Bicker  | Argue pettily. ,Bicker  ,Argue pettily.,2.8
Bicuspid  | Having two cusps. —n. The premolar tooth in humans. ,Bicuspid  ,Having two cusps. —n. The premolar tooth in humans.,2.9
Bicycle  —| Pedal-driven two-wheeled vehicle. —v.  ride a bicycle. ,Bicycle  ,Pedal-driven two-wheeled vehicle. —v.  ride a bicycle.,2.9
Bid  |  1  a  make an offer  . B offer a service for a stated price. 2 literary command; invite . 3 literary utter  to . 4  cards state before play how many tricks one intends to make. —n. 1 act of bidding. 2 amount bid. 3 colloq. Attempt; effort .  bidder n. ,Bid  ,1  a  make an offer  . B offer a service for a stated price. 2 literary command; invite . 3 literary utter  to . 4  cards state before play how many tricks one intends to make. —n. 1 act of bidding. 2 amount bid. 3 colloq. Attempt; effort .  bidder n.,3.2
Biddable  | Obedient.,Biddable  ,Obedient.,3.1
"Bidding  | 1 command, request, or invitation. 2 bids at an auction or in a card-game.",Bidding  ,"1 command, request, or invitation. 2 bids at an auction or in a card-game.",3.0
Biddy  |  slang woman . ,Biddy  ,slang woman .,3.1
Bide  |   bide one's time wait for a good opportunity. ,Bide  , bide one's time wait for a good opportunity.,2.9
Bidet  | Low basin for sitting on to wash the genital area. ,Bidet  ,Low basin for sitting on to wash the genital area.,3.1
"Biennial  | Lasting, or recurring every, two years. —n. Plant that grows from seed one year and flowers and dies the following. ",Biennial  ,"Lasting, or recurring every, two years. —n. Plant that grows from seed one year and flowers and dies the following.",2.9
Bier  | Movable frame on which a coffin or corpse rests. ,Bier  ,Movable frame on which a coffin or corpse rests.,2.8
Biff  slang —| Sharp blow. —v. Strike . ,Biff  slang ,Sharp blow. —v. Strike .,2.7
Bifid  | Divided by a deep cleft into two parts. ,Bifid  ,Divided by a deep cleft into two parts.,3.3
"Bifocal  | Having two focuses, esp. Of a lens with a part for distant and a part for near vision. —n.  Bifocal spectacles.",Bifocal  ,"Having two focuses, esp. Of a lens with a part for distant and a part for near vision. —n.  Bifocal spectacles.",2.9
Bifurcate  |  fork. —adj. Forked; branched.  bifurcation n. ,Bifurcate  ,fork. —adj. Forked; branched.  bifurcation n.,3.1
"Big  |  1 a of considerable size, amount, intensity, etc. B of a large or the largest size . 2 important . 3 adult, elder . 4 colloq. A boastful . B often iron. Generous . C ambitious . 5  advanced in pregnancy . —adv. Colloq. Impressively or grandly .  in a big way colloq. With great enthusiasm, display, etc.  biggish adj. ",Big  ,"1 a of considerable size, amount, intensity, etc. B of a large or the largest size . 2 important . 3 adult, elder . 4 colloq. A boastful . B often iron. Generous . C ambitious . 5  advanced in pregnancy . —adv. Colloq. Impressively or grandly .  in a big way colloq. With great enthusiasm, display, etc.  biggish adj.",2.7
Bigamy  |  crime of marrying while still married to another person.  bigamist n. Bigamous adj. ,Bigamy  ,crime of marrying while still married to another person.  bigamist n. Bigamous adj.,2.8
Big apple  | Us slang new york city.,Big apple  ,Us slang new york city.,3.4
Big bang theory  | Theory that the universe began with the explosion of dense matter.,Big bang theory  ,Theory that the universe began with the explosion of dense matter.,3.1
Big brother  | Supposedly benevolent watchful dictator.,Big brother  ,Supposedly benevolent watchful dictator.,3.2
"Big end  |  end of the connecting-rod, encircling the crankpin.",Big end  ,"end of the connecting-rod, encircling the crankpin.",2.4
Big-head  | Colloq. Conceited person.  big-headed adj.,Big-head  ,Colloq. Conceited person.  big-headed adj.,3.0
Big-hearted  | Generous.,Big-hearted  ,Generous.,2.9
"Bight  | 1 bay, inlet, etc. 2 loop of rope. ",Bight  ,"1 bay, inlet, etc. 2 loop of rope.",2.9
Big money  | Large amounts of money.,Big money  ,Large amounts of money.,1.7
Big noise  |  colloq. = ~bigwig.,Big noise  ,colloq. = ~bigwig.,1.9
Bigot  | Obstinate believer who is intolerant of others.  bigoted adj. Bigotry n. ,Bigot  ,Obstinate believer who is intolerant of others.  bigoted adj. Bigotry n.,2.7
Big stick  | Colloq. Display of force.,Big stick  ,Colloq. Display of force.,3.5
"Big time  |  slang success, esp. In show business.  big-timer n.",Big time  ,"slang success, esp. In show business.  big-timer n.",2.8
Big top  | Main tent in a circus.,Big top  ,Main tent in a circus.,4.7
Big wheel  | Ferris wheel.,Big wheel  ,Ferris wheel.,3.3
Bigwig  | Colloq. Important person.,Bigwig  ,Colloq. Important person.,2.9
Bijou  —|  jewel; trinket. —attrib. Adj.  small and elegant. ,Bijou  ,jewel; trinket. —attrib. Adj.  small and elegant.,2.4
Bike  | —n. Bicycle or motor cycle. —v.  ride a bike.  biker n. ,Bike  ,—n. Bicycle or motor cycle. —v.  ride a bike.  biker n.,3.2
Bikini  |  two-piece swimsuit for women. ,Bikini  ,two-piece swimsuit for women.,2.7
"Bilateral  | 1 of, on, or with two sides. 2 affecting or between two parties, countries, etc.  bilaterally adv.",Bilateral  ,"1 of, on, or with two sides. 2 affecting or between two parties, countries, etc.  bilaterally adv.",2.8
Bilberry  |  1 hardy n. European shrub of heaths and mountains. 2 its small dark-blue edible berry. ,Bilberry  ,1 hardy n. European shrub of heaths and mountains. 2 its small dark-blue edible berry.,3.2
Bile  | 1 bitter digestive fluid secreted by the liver. 2 bad temper; peevish anger. ,Bile  ,1 bitter digestive fluid secreted by the liver. 2 bad temper; peevish anger.,2.8
Bilge  | 1 a the almost flat part of a ship's bottom. B  filthy water that collects there. 2 slang nonsense. ,Bilge  ,1 a the almost flat part of a ship's bottom. B  filthy water that collects there. 2 slang nonsense.,3.2
Bilharzia  | Chronic tropical disease caused by a parasitic flatworm. ,Bilharzia  ,Chronic tropical disease caused by a parasitic flatworm.,2.7
Biliary  | Of the bile. ,Biliary  ,Of the bile.,2.8
Bilingual  | 1 able to speak two languages. 2 spoken or written in two languages. —n. Bilingual person.  bilingualism n. ,Bilingual  ,1 able to speak two languages. 2 spoken or written in two languages. —n. Bilingual person.  bilingualism n.,3.2
Bilious  | 1 affected by a disorder of the bile. 2 bad-tempered. ,Bilious  ,1 affected by a disorder of the bile. 2 bad-tempered.,2.0
Bilk  | Slang 1 cheat. 2 elude. 3 avoid paying . ,Bilk  ,Slang 1 cheat. 2 elude. 3 avoid paying .,2.5
Bill  | Slang = ~old bill. ,Bill  ,Slang = ~old bill.,2.8
"Bill1  —| 1 statement of charges for goods or services. 2 draft of a proposed law. 3 poster, placard. 4 programme of entertainment. 5 us banknote. —v. 1 send a statement of charges to. 2 put in the programme; announce. 3  advertise as. ",Bill1  ,"1 statement of charges for goods or services. 2 draft of a proposed law. 3 poster, placard. 4 programme of entertainment. 5 us banknote. —v. 1 send a statement of charges to. 2 put in the programme; announce. 3  advertise as.",2.8
Bill2  —| 1 bird's beak. 2 narrow promontory. —v.  Stroke bills.  bill and coo exchange caresses. ,Bill2  ,1 bird's beak. 2 narrow promontory. —v.  Stroke bills.  bill and coo exchange caresses.,2.7
Bill3  | 1 hist. Weapon with a hooked blade. 2 = ~billhook. ,Bill3  ,1 hist. Weapon with a hooked blade. 2 = ~billhook.,2.8
Billabong  |  backwater of a river. ,Billabong  ,backwater of a river.,2.3
Billboard  | Large outdoor advertising hoarding.,Billboard  ,Large outdoor advertising hoarding.,3.4
Billet1  —| 1 a place where troops etc. Are lodged. B order to provide this. 2 colloq. Job. —v.   quarter . ,Billet1  ,1 a place where troops etc. Are lodged. B order to provide this. 2 colloq. Job. —v.   quarter .,2.9
Billet2  | 1 thick piece of firewood. 2 small metal bar. ,Billet2  ,1 thick piece of firewood. 2 small metal bar.,2.9
Billet-doux  |  often joc. Love-letter. ,Billet-doux  ,often joc. Love-letter.,2.6
Billhook  | Pruning tool with a hooked blade.,Billhook  ,Pruning tool with a hooked blade.,2.6
"Billiards  | 1 game played on a table, with three balls struck with cues. 2   Used in billiards . ",Billiards  ,"1 game played on a table, with three balls struck with cues. 2   Used in billiards .",2.9
Billion  | & n.  -s) 1 a thousand million . 2  a million million . 3  Colloq. A very large number .  billionth adj. & n. ,Billion  ,& n.  -s) 1 a thousand million . 2  a million million . 3  Colloq. A very large number .  billionth adj. & n.,2.7
"Billionaire  | Person who has over a billion pounds, dollars, etc. ",Billionaire  ,"Person who has over a billion pounds, dollars, etc.",2.5
Bill of exchange  | Written order to pay a sum of money on a given date to the drawer or to a named payee.,Bill of exchange  ,Written order to pay a sum of money on a given date to the drawer or to a named payee.,3.1
Bill of fare  | Menu.,Bill of fare  ,Menu.,2.5
Bill of lading  | Detailed list of a ship's cargo.,Bill of lading  ,Detailed list of a ship's cargo.,3.3
"Billow  —| 1 wave. 2 any large mass. —v. Rise, fill, or surge in billows.  billowy adj. ",Billow  ,"1 wave. 2 any large mass. —v. Rise, fill, or surge in billows.  billowy adj.",3.2
Billposter  |  person who pastes up advertisements on hoardings.,Billposter  ,person who pastes up advertisements on hoardings.,3.1
Billy1  |   austral. Tin or enamel outdoor cooking-pot. ,Billy1  ,austral. Tin or enamel outdoor cooking-pot.,2.7
Billy2  |   male goat. ,Billy2  ,male goat.,2.6
Bimbo  |  slang usu. Derog. Attractive but unintelligent young woman. ,Bimbo  ,slang usu. Derog. Attractive but unintelligent young woman.,3.0
Bimetallic  | Using or made of two metals. ,Bimetallic  ,Using or made of two metals.,4.0
Bin  | Large receptacle for rubbish or storage. ,Bin  ,Large receptacle for rubbish or storage.,2.8
"Binary  | 1 of two parts, dual. 2 of the binary system. —n.  1 something having two parts. 2 binary number. ",Binary  ,"1 of two parts, dual. 2 of the binary system. —n.  1 something having two parts. 2 binary number.",3.4
Binary star  | System of two stars orbiting each other.,Binary star  ,System of two stars orbiting each other.,3.0
"Binary system  | System using the digits 0 and 1 to code information, esp. In computing.",Binary system  ,"System using the digits 0 and 1 to code information, esp. In computing.",3.1
Binaural  | 1 of or used with both ears. 2  recorded using two microphones and usu. Transmitted separately to the two ears. ,Binaural  ,1 of or used with both ears. 2  recorded using two microphones and usu. Transmitted separately to the two ears.,3.7
"Bind  |  1 tie or fasten tightly. 2 restrain forcibly. 3  cohere. 4 compel; impose a duty on. 5 a edge with braid etc. B fasten  in a cover. 6 constipate. 7 ratify . 8  bandage. —n. Colloq. Nuisance; restriction.  bind over law order  to do something, esp. Keep the peace. ",Bind  ,"1 tie or fasten tightly. 2 restrain forcibly. 3  cohere. 4 compel; impose a duty on. 5 a edge with braid etc. B fasten  in a cover. 6 constipate. 7 ratify . 8  bandage. —n. Colloq. Nuisance; restriction.  bind over law order  to do something, esp. Keep the peace.",3.5
Binder  | 1 cover for loose papers etc. 2 substance that binds things together. 3 hist. Reaping-machine that binds grain into sheaves. 4 bookbinder.,Binder  ,1 cover for loose papers etc. 2 substance that binds things together. 3 hist. Reaping-machine that binds grain into sheaves. 4 bookbinder.,3.3
Bindery  |  bookbinder's workshop.,Bindery  ,bookbinder's workshop.,3.3
"Binding  —| Thing that binds, esp. The covers, glue, etc., of a book. —adj. Obligatory.",Binding  ,"Thing that binds, esp. The covers, glue, etc., of a book. —adj. Obligatory.",3.3
Bindweed  | 1 convolvulus. 2 honeysuckle or other climber.,Bindweed  ,1 convolvulus. 2 honeysuckle or other climber.,3.4
"Bine  | 1 twisting stem of a climbing plant, esp. The hop. 2 flexible shoot. ",Bine  ,"1 twisting stem of a climbing plant, esp. The hop. 2 flexible shoot.",2.8
"Bin end  | One of the last bottles from a bin of wine, usu. Sold at a reduced price.",Bin end  ,"One of the last bottles from a bin of wine, usu. Sold at a reduced price.",2.5
"Binge  slang —| Bout of excessive eating, drinking, etc.; spree. —v.  indulge in a binge. ",Binge  slang ,"Bout of excessive eating, drinking, etc.; spree. —v.  indulge in a binge.",2.6
Bingo  | Gambling game in which each player has a card with numbers to be marked off as they are called. ,Bingo  ,Gambling game in which each player has a card with numbers to be marked off as they are called.,2.8
Bin-liner  | Bag for lining a rubbish bin.,Bin-liner  ,Bag for lining a rubbish bin.,3.4
Binman  | Colloq. Dustman.,Binman  ,Colloq. Dustman.,3.0
Binnacle  | Case for a ship's compass. ,Binnacle  ,Case for a ship's compass.,2.8
Binocular  | For both eyes. ,Binocular  ,For both eyes.,2.5
"Binoculars  |pl. Instrument with a lens for each eye, for viewing distant objects.",Binoculars  ,"pl. Instrument with a lens for each eye, for viewing distant objects.",2.6
Binomial  —| Algebraic expression of the sum or the difference of two terms. —adj. Of two terms. ,Binomial  ,Algebraic expression of the sum or the difference of two terms. —adj. Of two terms.,3.2
Binomial theorem  | Formula for finding any power of a binomial.,Binomial theorem  ,Formula for finding any power of a binomial.,3.1
"Bint  | Slang, usu. Offens. Girl or woman. ",Bint  ,"Slang, usu. Offens. Girl or woman.",3.2
Bio-  | Form 1 life . 2 biological; of living things. ,Bio-  ,Form 1 life . 2 biological; of living things.,2.9
Biochemistry  | The study of the chemistry of living organisms.  biochemical adj. Biochemist n.,Biochemistry  ,The study of the chemistry of living organisms.  biochemical adj. Biochemist n.,3.0
Biodegradable  | Capable of being decomposed by bacteria or other living organisms.,Biodegradable  ,Capable of being decomposed by bacteria or other living organisms.,1.4
"Bioengineering  | 1 the application of engineering techniques to biological processes. 2 the use of artificial tissues, organs, etc. To replace parts of the body, e.g. Artificial limbs, pacemakers, etc.",Bioengineering  ,"1 the application of engineering techniques to biological processes. 2 the use of artificial tissues, organs, etc. To replace parts of the body, e.g. Artificial limbs, pacemakers, etc.",2.8
Biogenesis  | 1 hypothesis that a living organism arises only from a similar living organism. 2 synthesis of substances by living organisms.,Biogenesis  ,1 hypothesis that a living organism arises only from a similar living organism. 2 synthesis of substances by living organisms.,2.8
"Biography  |  1 account of a person's life, written usu. By another. 2 these as a literary genre.  biographer n. Biographical adj. ",Biography  ,"1 account of a person's life, written usu. By another. 2 these as a literary genre.  biographer n. Biographical adj.",3.1
Biological  | Of biology or living organisms.  biologically adv.,Biological  ,Of biology or living organisms.  biologically adv.,2.8
Biological clock  | Innate mechanism controlling an organism's rhythmic physiological activities.,Biological clock  ,Innate mechanism controlling an organism's rhythmic physiological activities.,3.2
Biological warfare  | Use of toxins or micro-organisms against an enemy.,Biological warfare  ,Use of toxins or micro-organisms against an enemy.,2.9
Biology  | The study of living organisms.  biologist n. ,Biology  ,The study of living organisms.  biologist n.,3.1
Bionic  | Having electronically operated body parts or the resulting superhuman powers. ,Bionic  ,Having electronically operated body parts or the resulting superhuman powers.,2.9
Bionics  |pl.  The study of mechanical systems that function like living organisms.,Bionics  ,pl.  The study of mechanical systems that function like living organisms.,3.0
Biophysics  |pl.  Science of the application of the laws of physics to biological phenomena.  biophysical adj. Biophysicist n.,Biophysics  ,pl.  Science of the application of the laws of physics to biological phenomena.  biophysical adj. Biophysicist n.,2.3
Biopsy  |  examination of severed tissue for diagnosis. ,Biopsy  ,examination of severed tissue for diagnosis.,2.8
Biorhythm  | Any recurring biological cycle thought to affect one's physical or mental state.,Biorhythm  ,Any recurring biological cycle thought to affect one's physical or mental state.,2.8
Biosphere  | Regions of the earth's crust and atmosphere occupied by living things. ,Biosphere  ,Regions of the earth's crust and atmosphere occupied by living things.,3.2
Biosynthesis  | Production of organic molecules by living organisms.  biosynthetic adj.,Biosynthesis  ,Production of organic molecules by living organisms.  biosynthetic adj.,2.8
"Biotechnology  | Branch of technology exploiting biological processes, esp. Using micro-organisms, in industry, medicine, etc.",Biotechnology  ,"Branch of technology exploiting biological processes, esp. Using micro-organisms, in industry, medicine, etc.",3.2
"Biotin  | Vitamin of the b complex, found in egg-yolk, liver, and yeast. ",Biotin  ,"Vitamin of the b complex, found in egg-yolk, liver, and yeast.",2.8
Bipartisan  | Of or involving two parties.,Bipartisan  ,Of or involving two parties.,2.8
Bipartite  | 1 of two parts. 2 shared by or involving two parties. ,Bipartite  ,1 of two parts. 2 shared by or involving two parties.,2.7
Biped  —| Two-footed animal. —adj. Two-footed.  bipedal adj. ,Biped  ,Two-footed animal. —adj. Two-footed.  bipedal adj.,3.1
"Biplane  | Aeroplane with two sets of wings, one above the other.",Biplane  ,"Aeroplane with two sets of wings, one above the other.",3.0
Bipolar  | Having two poles or extremities.,Bipolar  ,Having two poles or extremities.,2.7
"Birch  —| 1 tree with pale hard wood and thin peeling bark, bearing catkins. 2 bundle of birch twigs used for flogging. —v. Beat with a birch. ",Birch  ,"1 tree with pale hard wood and thin peeling bark, bearing catkins. 2 bundle of birch twigs used for flogging. —v. Beat with a birch.",2.8
"Bird  | 1 two-legged feathered winged vertebrate, egg-laying and usu. Able to fly. 2 slang young woman. 3 slang person. 4 slang prison; prison sentence.  a bird in the hand something secured or certain. The birds and the bees euphem. Sexual activity and reproduction. Birds of a feather similar people. For the birds colloq. Trivial, uninteresting. Get the bird slang be rejected, esp. By an audience. ",Bird  ,"1 two-legged feathered winged vertebrate, egg-laying and usu. Able to fly. 2 slang young woman. 3 slang person. 4 slang prison; prison sentence.  a bird in the hand something secured or certain. The birds and the bees euphem. Sexual activity and reproduction. Birds of a feather similar people. For the birds colloq. Trivial, uninteresting. Get the bird slang be rejected, esp. By an audience.",2.8
Bird-bath  | Basin with water for birds to bathe in.,Bird-bath  ,Basin with water for birds to bathe in.,2.9
Birdbrain  | Colloq. Stupid or flighty person.  birdbrained adj.,Birdbrain  ,Colloq. Stupid or flighty person.  birdbrained adj.,2.9
Birdcage  | Cage for birds.,Birdcage  ,Cage for birds.,2.5
Birdie  | 1 colloq. Little bird. 2 golf hole played in one under par.,Birdie  ,1 colloq. Little bird. 2 golf hole played in one under par.,2.7
Birdlime  | Sticky substance spread to trap birds.,Birdlime  ,Sticky substance spread to trap birds.,3.0
Bird-nesting  | Hunting for birds' eggs.,Bird-nesting  ,Hunting for birds' eggs.,2.9
"Bird of paradise  | Bird, the male of which has brilliant plumage.",Bird of paradise  ,"Bird, the male of which has brilliant plumage.",2.7
Bird of passage  | 1 migrant. 2 habitual traveller.,Bird of passage  ,1 migrant. 2 habitual traveller.,2.6
Bird of prey  | Bird which hunts animals for food.,Bird of prey  ,Bird which hunts animals for food.,2.6
Birdseed  | Blend of seeds for caged birds.,Birdseed  ,Blend of seeds for caged birds.,2.7
Bird's-eye view  | Detached view from above.,Bird,Detached view from above.,2.8
Birdsong  | Musical cry of birds.,Birdsong  ,Musical cry of birds.,3.1
Bird table  | Platform on which food for birds is placed.,Bird table  ,Platform on which food for birds is placed.,3.4
Bird-watcher  | Person who observes wild birds as a hobby.  bird-watching n.,Bird-watcher  ,Person who observes wild birds as a hobby.  bird-watching n.,2.9
Biretta  | Square usu. Black cap worn by roman catholic priests. ,Biretta  ,Square usu. Black cap worn by roman catholic priests.,2.7
Biro  |  propr. A kind of ball-point pen. ,Biro  ,propr. A kind of ball-point pen.,2.8
Birth  | 1 emergence of a baby or young from its mother's body. 2 beginning . 3 a ancestry . B high or noble birth; inherited position.  give birth to 1 produce . 2 be the cause of. ,Birth  ,1 emergence of a baby or young from its mother's body. 2 beginning . 3 a ancestry . B high or noble birth; inherited position.  give birth to 1 produce . 2 be the cause of.,2.8
Birth certificate  | Official document detailing a person's birth.,Birth certificate  ,Official document detailing a person's birth.,3.2
Birth control  | Contraception.,Birth control  ,Contraception.,2.9
Birthday  | 1 day on which one was born. 2 anniversary of this.,Birthday  ,1 day on which one was born. 2 anniversary of this.,2.7
Birthing pool  | Large bath for giving birth in.,Birthing pool  ,Large bath for giving birth in.,3.2
Birthmark  | Unusual coloured mark on one's body at or from birth.,Birthmark  ,Unusual coloured mark on one's body at or from birth.,3.0
Birthplace  | Place where one was born.,Birthplace  ,Place where one was born.,2.9
Birth rate  | Number of live births per thousand of population per year.,Birth rate  ,Number of live births per thousand of population per year.,3.1
"Birthright  | Inherited, esp. Property, rights.",Birthright  ,"Inherited, esp. Property, rights.",3.3
Birthstone  | Gem popularly associated with the month of one's birth.,Birthstone  ,Gem popularly associated with the month of one's birth.,2.8
"Biscuit  | 1 flat thin unleavened cake, usu. Crisp and sweet. 2 fired unglazed pottery. 3 light brown colour. ",Biscuit  ,"1 flat thin unleavened cake, usu. Crisp and sweet. 2 fired unglazed pottery. 3 light brown colour.",3.0
Bisect  | Divide into two  parts.  bisection n. Bisector n. ,Bisect  ,Divide into two  parts.  bisection n. Bisector n.,2.7
Bisexual  | 1 feeling or involving sexual attraction to people of both sexes. 2 hermaphrodite. —n. Bisexual person.  bisexuality n.,Bisexual  ,1 feeling or involving sexual attraction to people of both sexes. 2 hermaphrodite. —n. Bisexual person.  bisexuality n.,3.5
Bishop  | 1 senior clergyman in charge of a diocese. 2  mitre-shaped chess piece. ,Bishop  ,1 senior clergyman in charge of a diocese. 2  mitre-shaped chess piece.,2.8
Bishopric  | Office or diocese of a bishop.,Bishopric  ,Office or diocese of a bishop.,2.8
Bismuth  | 1 reddish-white metallic element used in alloys etc. 2 compound of it used medicinally. ,Bismuth  ,1 reddish-white metallic element used in alloys etc. 2 compound of it used medicinally.,2.7
Bison  |  wild hump-backed ox of europe or n. America. ,Bison  ,wild hump-backed ox of europe or n. America.,2.8
"Bisque1  | Rich soup, esp. Of lobster. ",Bisque1  ,"Rich soup, esp. Of lobster.",3.2
Bisque2  | Advantage of one free point or stroke in certain games. ,Bisque2  ,Advantage of one free point or stroke in certain games.,2.8
Bisque3  | = ~biscuit 2.,Bisque3  ,= ~biscuit 2.,2.8
Bister  |  brownish pigment from wood soot. ,Bister  ,brownish pigment from wood soot.,2.8
Bistre  |  brownish pigment from wood soot. ,Bistre  ,brownish pigment from wood soot.,2.9
Bistro  |  small informal restaurant. ,Bistro  ,small informal restaurant.,2.5
"Bit1  | 1 small piece or quantity. 2  fair amount . 3 often colloq. Short or small time, distance, or amount .  bit by bit gradually. Do one's bit colloq. Make a useful contribution. ",Bit1  ,"1 small piece or quantity. 2  fair amount . 3 often colloq. Short or small time, distance, or amount .  bit by bit gradually. Do one's bit colloq. Make a useful contribution.",3.0
Bit2  past of ~bite.,Bit2  past of ,Bit2  past of ~bite.,3.2
"Bit3  | 1 metal mouthpiece of a bridle. 2 tool or piece for boring or drilling. 3 cutting or gripping part of a plane, pincers, etc. ",Bit3  ,"1 metal mouthpiece of a bridle. 2 tool or piece for boring or drilling. 3 cutting or gripping part of a plane, pincers, etc.",2.9
Bit4  | Computing unit of information expressed as a choice between two possibilities. ,Bit4  ,Computing unit of information expressed as a choice between two possibilities.,3.2
Bitch  —| 1 female dog or other canine animal. 2 slang offens. Spiteful woman. 3 slang unpleasant or difficult thing. —v. 1 speak scathingly or spitefully. 2 complain. ,Bitch  ,1 female dog or other canine animal. 2 slang offens. Spiteful woman. 3 slang unpleasant or difficult thing. —v. 1 speak scathingly or spitefully. 2 complain.,2.9
Bitchy  |  slang spiteful.  bitchily adv. Bitchiness n.,Bitchy  ,slang spiteful.  bitchily adv. Bitchiness n.,3.3
"Bite  |  1 cut or puncture with the teeth. 2  Detach thus. 3  Sting. 4  Grip, penetrate. 5 accept bait or an inducement. 6 be harsh in effect, esp. Intentionally. 7  a swindle. B  Be infected by . 8 colloq. Worry, perturb. 9 cause smarting pain . 10 be sharp or effective . 11  snap at. —n. 1 act of biting. 2 wound etc. Made by biting. 3 a mouthful of food. B snack. 4 taking of bait by a fish. 5 pungency . 6 incisiveness, sharpness. 7 position of the teeth when the jaws are closed.  bite the dust slang die. Bite a person's head off colloq. Respond angrily. Bite one's lip repress emotion etc. ",Bite  ,"1 cut or puncture with the teeth. 2  Detach thus. 3  Sting. 4  Grip, penetrate. 5 accept bait or an inducement. 6 be harsh in effect, esp. Intentionally. 7  a swindle. B  Be infected by . 8 colloq. Worry, perturb. 9 cause smarting pain . 10 be sharp or effective . 11  snap at. —n. 1 act of biting. 2 wound etc. Made by biting. 3 a mouthful of food. B snack. 4 taking of bait by a fish. 5 pungency . 6 incisiveness, sharpness. 7 position of the teeth when the jaws are closed.  bite the dust slang die. Bite a person's head off colloq. Respond angrily. Bite one's lip repress emotion etc.",3.1
Bit on the side  | Slang sexual relationship involving infidelity.,Bit on the side  ,Slang sexual relationship involving infidelity.,2.8
Bit part  | Minor role.,Bit part  ,Minor role.,3.2
"Bitter  | 1 having a sharp pungent taste; not sweet. 2 causing, showing, or feeling mental pain or resentment . 3 a harsh; virulent . B piercingly cold. —n. 1 beer flavoured with hops and tasting slightly bitter. 2  Liquor flavoured esp. With wormwood, used in cocktails.  to the bitter end to the very end in spite of difficulties.  bitterly adv. Bitterness n. ",Bitter  ,"1 having a sharp pungent taste; not sweet. 2 causing, showing, or feeling mental pain or resentment . 3 a harsh; virulent . B piercingly cold. —n. 1 beer flavoured with hops and tasting slightly bitter. 2  Liquor flavoured esp. With wormwood, used in cocktails.  to the bitter end to the very end in spite of difficulties.  bitterly adv. Bitterness n.",2.8
Bittern  | Wading bird of the heron family. ,Bittern  ,Wading bird of the heron family.,2.8
Bitter-sweet  | Sweet with a bitter aftertaste. —n. 1 such sweetness. 2 = ~woody nightshade.,Bitter-sweet  ,Sweet with a bitter aftertaste. —n. 1 such sweetness. 2 = ~woody nightshade.,3.7
Bitty  |  made up of bits; scrappy.,Bitty  ,made up of bits; scrappy.,3.0
Bitumen  | Tarlike mixture of hydrocarbons derived from petroleum. ,Bitumen  ,Tarlike mixture of hydrocarbons derived from petroleum.,2.8
Bituminous  | Of or like bitumen.,Bituminous  ,Of or like bitumen.,3.1
Bituminous coal  | Coal burning with a smoky flame.,Bituminous coal  ,Coal burning with a smoky flame.,3.5
"Bivalve  —| Aquatic mollusc with a hinged double shell, e.g. The oyster and mussel. —adj. With such a shell.",Bivalve  ,"Aquatic mollusc with a hinged double shell, e.g. The oyster and mussel. —adj. With such a shell.",3.5
"Bivouac  —| Temporary open encampment without tents. —v.  make, or camp in, a bivouac. ",Bivouac  ,"Temporary open encampment without tents. —v.  make, or camp in, a bivouac.",3.1
Biz  | Colloq. Business. ,Biz  ,Colloq. Business.,2.9
Bizarre  | Strange; eccentric; grotesque. ,Bizarre  ,Strange; eccentric; grotesque.,2.8
