Obbligato  |  mus. Accompaniment forming an integral part of a composition. ,Obbligato  ,mus. Accompaniment forming an integral part of a composition.,2.6
Obdurate  | 1 stubborn. 2 hardened.  obduracy n. ,Obdurate  ,1 stubborn. 2 hardened.  obduracy n.,3.0
Obedient  | 1 obeying or ready to obey. 2 submissive to another's will.  obedience n. Obediently adv. ,Obedient  ,1 obeying or ready to obey. 2 submissive to another's will.  obedience n. Obediently adv.,3.1
"Obeisance  | 1 bow, curtsy, or other respectful gesture. 2 homage.  obeisant adj. ",Obeisance  ,"1 bow, curtsy, or other respectful gesture. 2 homage.  obeisant adj.",2.5
Obelisk  | Tapering usu. Four-sided stone pillar as a monument or landmark. ,Obelisk  ,Tapering usu. Four-sided stone pillar as a monument or landmark.,2.7
Obelus  |  dagger-shaped reference mark . ,Obelus  ,dagger-shaped reference mark .,2.8
Obese  | Very fat.  obesity n. ,Obese  ,Very fat.  obesity n.,2.7
Obey  | 1 a carry out the command of. B carry out . 2 do what one is told to do. 3 be actuated by . ,Obey  ,1 a carry out the command of. B carry out . 2 do what one is told to do. 3 be actuated by .,2.7
"Obfuscate  |  1 obscure or confuse . 2 stupefy, bewilder.  obfuscation n. ",Obfuscate  ,"1 obscure or confuse . 2 stupefy, bewilder.  obfuscation n.",2.5
Obituary  |  1 notice of a death or deaths. 2 account of the life of a deceased person. 3  Of or serving as an obituary. ,Obituary  ,1 notice of a death or deaths. 2 account of the life of a deceased person. 3  Of or serving as an obituary.,2.8
"Object  —| 1 material thing that can be seen or touched. 2 person or thing to which action or feeling is directed . 3 thing sought or aimed at. 4 gram. Noun or its equivalent governed by an active transitive verb or by a preposition. 5 philos. Thing external to the thinking mind or subject. —v.  1 express opposition, disapproval, or reluctance. 2 protest.  no object not forming an important or restricting factor .  objector n. ",Object  ,"1 material thing that can be seen or touched. 2 person or thing to which action or feeling is directed . 3 thing sought or aimed at. 4 gram. Noun or its equivalent governed by an active transitive verb or by a preposition. 5 philos. Thing external to the thinking mind or subject. —v.  1 express opposition, disapproval, or reluctance. 2 protest.  no object not forming an important or restricting factor .  objector n.",2.8
Objectify  |  present as an object; express in concrete form.,Objectify  ,present as an object; express in concrete form.,2.8
Objection  | 1 expression or feeling of opposition or disapproval. 2 objecting. 3 adverse reason or statement. ,Objection  ,1 expression or feeling of opposition or disapproval. 2 objecting. 3 adverse reason or statement.,3.3
"Objectionable  | 1 unpleasant, offensive. 2 open to objection.  objectionably adv.",Objectionable  ,"1 unpleasant, offensive. 2 open to objection.  objectionably adv.",2.9
Objective  | 1 external to the mind; actually existing. 2 dealing with outward things or exhibiting facts uncoloured by feelings or opinions. 3 gram.  in the form appropriate to the object. —n. 1 something sought or aimed at. 2 gram. Objective case.  objectively adv. Objectivity n. ,Objective  ,1 external to the mind; actually existing. 2 dealing with outward things or exhibiting facts uncoloured by feelings or opinions. 3 gram.  in the form appropriate to the object. —n. 1 something sought or aimed at. 2 gram. Objective case.  objectively adv. Objectivity n.,2.8
Object-lesson  | Striking practical example of some principle.,Object-lesson  ,Striking practical example of some principle.,3.7
Objet d'art  |  small decorative object. ,Objet d,small decorative object.,2.7
Oblate  | Geom.  flattened at the poles. ,Oblate  ,Geom.  flattened at the poles.,3.0
Oblation  | Thing offered to a divine being. ,Oblation  ,Thing offered to a divine being.,3.9
Obligate  |  bind  legally or morally . ,Obligate  ,bind  legally or morally .,2.9
"Obligation  | 1 constraining power of a law, duty, contract, etc. 2 duty, task. 3 binding agreement. 4 indebtedness for a service or benefit . ",Obligation  ,"1 constraining power of a law, duty, contract, etc. 2 duty, task. 3 binding agreement. 4 indebtedness for a service or benefit .",3.0
Obligatory  | 1 binding. 2 compulsory.  obligatorily adv. ,Obligatory  ,1 binding. 2 compulsory.  obligatorily adv.,2.9
"Oblige  |  1 constrain, compel. 2 be binding on. 3 do  a small favour, help. 4  Indebted, grateful.  much obliged thank you. ",Oblige  ,"1 constrain, compel. 2 be binding on. 3 do  a small favour, help. 4  Indebted, grateful.  much obliged thank you.",2.7
"Obliging  | Accommodating, helpful.  obligingly adv.",Obliging  ,"Accommodating, helpful.  obligingly adv.",3.1
Oblique  | 1 slanting; at an angle. 2 not going straight to the point; indirect. 3 gram.  other than nominative or vocative. —n. Oblique stroke .  obliquely adv. Obliqueness n. Obliquity n. ,Oblique  ,1 slanting; at an angle. 2 not going straight to the point; indirect. 3 gram.  other than nominative or vocative. —n. Oblique stroke .  obliquely adv. Obliqueness n. Obliquity n.,2.8
"Obliterate  |  blot out, destroy, leave no clear traces of.  obliteration n. ",Obliterate  ,"blot out, destroy, leave no clear traces of.  obliteration n.",3.0
Oblivion  | State of having or being forgotten. ,Oblivion  ,State of having or being forgotten.,3.2
Oblivious  | Unaware or unconscious.  obliviously adv. Obliviousness n.,Oblivious  ,Unaware or unconscious.  obliviously adv. Obliviousness n.,3.2
Oblong  | Rectangular with adjacent sides unequal. —n. Oblong figure or object. ,Oblong  ,Rectangular with adjacent sides unequal. —n. Oblong figure or object.,2.9
Obloquy  | 1 being generally ill spoken of. 2 abuse. ,Obloquy  ,1 being generally ill spoken of. 2 abuse.,3.0
"Obnoxious  | Offensive, objectionable.  obnoxiously adv. Obnoxiousness n. ",Obnoxious  ,"Offensive, objectionable.  obnoxiously adv. Obnoxiousness n.",2.1
Oboe  | Woodwind double-reed instrument with a piercing plaintive tone.  oboist n. ,Oboe  ,Woodwind double-reed instrument with a piercing plaintive tone.  oboist n.,3.0
Obscene  | 1 offensively indecent. 2 colloq. Highly offensive. 3 law  tending to deprave or corrupt.  obscenely adv. Obscenity n. . ,Obscene  ,1 offensively indecent. 2 colloq. Highly offensive. 3 law  tending to deprave or corrupt.  obscenely adv. Obscenity n. .,2.7
Obscurantism  | Opposition to knowledge and enlightenment.  obscurantist n. & adj. ,Obscurantism  ,Opposition to knowledge and enlightenment.  obscurantist n. & adj.,2.6
"Obscure  | 1 not clearly expressed or easily understood. 2 unexplained. 3 dark. 4 indistinct. 5 hidden; unnoticed. 6  undistinguished, hardly known. —v.  1 make obscure or unintelligible. 2 conceal.  obscurity n. ",Obscure  ,"1 not clearly expressed or easily understood. 2 unexplained. 3 dark. 4 indistinct. 5 hidden; unnoticed. 6  undistinguished, hardly known. —v.  1 make obscure or unintelligible. 2 conceal.  obscurity n.",2.8
Obsequies  |pl. Funeral rites. ,Obsequies  ,pl. Funeral rites.,2.8
"Obsequious  | Servile, fawning.  obsequiously adv. Obsequiousness n. ",Obsequious  ,"Servile, fawning.  obsequiously adv. Obsequiousness n.",3.1
"Observance  | 1 keeping or performing of a law, duty, etc. 2 rite or ceremony.",Observance  ,"1 keeping or performing of a law, duty, etc. 2 rite or ceremony.",3.1
Observant  | 1 acute in taking notice. 2 attentive in observance.  observantly adv.,Observant  ,1 acute in taking notice. 2 attentive in observance.  observantly adv.,3.2
"Observation  | 1 observing or being observed. 2 power of perception. 3 remark, comment. 4 thing observed by esp. Scientific study.  observational adj.",Observation  ,"1 observing or being observed. 2 power of perception. 3 remark, comment. 4 thing observed by esp. Scientific study.  observational adj.",2.8
Observatory  |  building for astronomical or other observation.,Observatory  ,building for astronomical or other observation.,2.8
"Observe  |  1 perceive, become aware of. 2 watch carefully. 3 a follow or keep . B celebrate or perform . 4 remark. 5 take note of scientifically.  observable adj. ",Observe  ,"1 perceive, become aware of. 2 watch carefully. 3 a follow or keep . B celebrate or perform . 4 remark. 5 take note of scientifically.  observable adj.",2.8
Observer  | 1 person who observes. 2 interested spectator. 3 person who attends a meeting etc. To note the proceedings but does not participate.,Observer  ,1 person who observes. 2 interested spectator. 3 person who attends a meeting etc. To note the proceedings but does not participate.,2.7
Obsess  | Fill the mind of  continually; preoccupy.  obsessive adj. & n. Obsessively adv. Obsessiveness n. ,Obsess  ,Fill the mind of  continually; preoccupy.  obsessive adj. & n. Obsessively adv. Obsessiveness n.,2.7
Obsession  | 1 obsessing or being obsessed. 2 persistent idea dominating a person's mind.  obsessional adj. Obsessionally adv.,Obsession  ,1 obsessing or being obsessed. 2 persistent idea dominating a person's mind.  obsessional adj. Obsessionally adv.,3.4
Obsidian  | Dark glassy rock formed from lava. ,Obsidian  ,Dark glassy rock formed from lava.,3.0
Obsolescent  | Becoming obsolete.  obsolescence n. ,Obsolescent  ,Becoming obsolete.  obsolescence n.,2.4
"Obsolete  | No longer used, antiquated.",Obsolete  ,"No longer used, antiquated.",3.2
Obstacle  | Thing that obstructs progress. ,Obstacle  ,Thing that obstructs progress.,3.0
Obstetrician  | Specialist in obstetrics.,Obstetrician  ,Specialist in obstetrics.,2.9
Obstetrics  |pl.  Branch of medicine and surgery dealing with childbirth.  obstetric adj. ,Obstetrics  ,pl.  Branch of medicine and surgery dealing with childbirth.  obstetric adj.,2.9
"Obstinate  | 1 stubborn, intractable. 2 firmly continuing in one's action or opinion despite advice.  obstinacy n. Obstinately adv. ",Obstinate  ,"1 stubborn, intractable. 2 firmly continuing in one's action or opinion despite advice.  obstinacy n. Obstinately adv.",2.3
"Obstreperous  | 1 turbulent, unruly. 2 noisy.  obstreperously adv. Obstreperousness n. ",Obstreperous  ,"1 turbulent, unruly. 2 noisy.  obstreperously adv. Obstreperousness n.",2.7
Obstruct  | 1 block up; make hard or impossible to pass along or through. 2 prevent or retard the progress of. ,Obstruct  ,1 block up; make hard or impossible to pass along or through. 2 prevent or retard the progress of.,2.2
"Obstruction  | 1 obstructing or being obstructed. 2 thing that obstructs, blockage. 3 sport act of unlawfully obstructing another player.",Obstruction  ,"1 obstructing or being obstructed. 2 thing that obstructs, blockage. 3 sport act of unlawfully obstructing another player.",2.6
Obstructive  | Causing or intended to cause an obstruction.  obstructively adv. Obstructiveness n.,Obstructive  ,Causing or intended to cause an obstruction.  obstructively adv. Obstructiveness n.,2.7
"Obtain  | 1 acquire, secure; have granted to one, get. 2 be in vogue, prevail.  obtainable adj. ",Obtain  ,"1 acquire, secure; have granted to one, get. 2 be in vogue, prevail.  obtainable adj.",2.7
Obtrude  |  1 be or become obtrusive. 2  thrust  Importunately forward.  obtrusion n. ,Obtrude  ,1 be or become obtrusive. 2  thrust  Importunately forward.  obtrusion n.,2.9
Obtrusive  | 1 unpleasantly noticeable. 2 obtruding oneself.  obtrusively adv. Obtrusiveness n.,Obtrusive  ,1 unpleasantly noticeable. 2 obtruding oneself.  obtrusively adv. Obtrusiveness n.,2.7
Obtuse  | 1 dull-witted. 2  between 90° and 180°. 3 of blunt form; not sharp-pointed or sharp-edged.  obtuseness n. ,Obtuse  ,1 dull-witted. 2  between 90° and 180°. 3 of blunt form; not sharp-pointed or sharp-edged.  obtuseness n.,3.2
"Obverse  | 1 counterpart, opposite. 2 side of a coin or medal etc. Bearing the head or principal design. 3 front, proper, or top side of a thing. ",Obverse  ,"1 counterpart, opposite. 2 side of a coin or medal etc. Bearing the head or principal design. 3 front, proper, or top side of a thing.",3.4
Obviate  |  get round or do away with . ,Obviate  ,get round or do away with .,3.1
"Obvious  | Easily seen, recognized, or understood.  obviously adv. Obviousness n. ",Obvious  ,"Easily seen, recognized, or understood.  obviously adv. Obviousness n.",2.7
