At  | 1 expressing position . 2 expressing a point in time . 3 expressing a point in a scale . 4 expressing engagement in an activity etc. . 5 expressing a value or rate . 6 a with or with reference to . B by means of . 7 expressing motion or aim towards .  at all see ~all. At hand see ~hand. At home see ~home. At it engaged in an activity; working hard. At once see ~once. At that 1 moreover . 2 then . At times see ~time. ,At  ,1 expressing position . 2 expressing a point in time . 3 expressing a point in a scale . 4 expressing engagement in an activity etc. . 5 expressing a value or rate . 6 a with or with reference to . B by means of . 7 expressing motion or aim towards .  at all see ~all. At hand see ~hand. At home see ~home. At it engaged in an activity; working hard. At once see ~once. At that 1 moreover . 2 then . At times see ~time.,3.2
"Atavism  | 1 reappearance of a remote ancestral characteristic, throwback. 2 reversion to an earlier type.  atavistic adj. ",Atavism  ,"1 reappearance of a remote ancestral characteristic, throwback. 2 reversion to an earlier type.  atavistic adj.",3.1
Ataxia  | Med. Imperfect control of bodily movements. ,Ataxia  ,Med. Imperfect control of bodily movements.,3.3
Ate  past of ~eat.,Ate  past of ,Ate  past of ~eat.,3.5
Atelier  | Workshop or artist's studio. ,Atelier  ,Workshop or artist's studio.,3.7
Atheism  | Belief that there is no god.  atheist n. Atheistic adj. ,Atheism  ,Belief that there is no god.  atheist n. Atheistic adj.,2.1
Atherosclerosis  | Degeneration of the arteries caused by a build-up of fatty deposits. ,Atherosclerosis  ,Degeneration of the arteries caused by a build-up of fatty deposits.,2.0
Athirst  | Adj. Poet. 1  eager. 2 thirsty.,Athirst  ,Adj. Poet. 1  eager. 2 thirsty.,3.5
"Athlete  | Person who engages in athletics, exercise, etc. ",Athlete  ,"Person who engages in athletics, exercise, etc.",3.4
Athlete's foot  | Fungal foot condition.,Athlete,Fungal foot condition.,3.4
Athletic  | 1 of athletes or athletics. 2 physically strong or agile.  athletically adv. Athleticism n. ,Athletic  ,1 of athletes or athletics. 2 physically strong or agile.  athletically adv. Athleticism n.,2.8
"Athletics  |pl.  Physical exercises, esp. Track and field events.",Athletics  ,"pl.  Physical exercises, esp. Track and field events.",2.9
At-home  | Social reception in a person's home.,At-home  ,Social reception in a person's home.,3.1
Atlantic  | Of or adjoining the ocean between europe and africa to the east and america to the west. ,Atlantic  ,Of or adjoining the ocean between europe and africa to the east and america to the west.,2.8
Atlas  | Book of maps or charts. ,Atlas  ,Book of maps or charts.,2.8
"Atmosphere  | 1 a gases enveloping the earth, any other planet, etc. B air in a room etc., esp. If fetid. 2 pervading tone or mood of a place, situation, or work of art. 3 unit of pressure equal to mean atmospheric pressure at sea level, 101,325 pascals.  atmospheric adj. ",Atmosphere  ,"1 a gases enveloping the earth, any other planet, etc. B air in a room etc., esp. If fetid. 2 pervading tone or mood of a place, situation, or work of art. 3 unit of pressure equal to mean atmospheric pressure at sea level, 101,325 pascals.  atmospheric adj.",2.7
"Atmospherics  |pl. 1 electrical atmospheric disturbance, esp. Caused by lightning. 2 interference with telecommunications caused by this.",Atmospherics  ,"pl. 1 electrical atmospheric disturbance, esp. Caused by lightning. 2 interference with telecommunications caused by this.",2.8
Atoll  | Ring-shaped coral reef enclosing a lagoon. ,Atoll  ,Ring-shaped coral reef enclosing a lagoon.,3.2
Atom  | 1 a smallest particle of a chemical element that can take part in a chemical reaction. B this as a source of nuclear energy. 2 minute portion or thing . ,Atom  ,1 a smallest particle of a chemical element that can take part in a chemical reaction. B this as a source of nuclear energy. 2 minute portion or thing .,2.9
Atom bomb  | Bomb in which energy is released by nuclear fission.,Atom bomb  ,Bomb in which energy is released by nuclear fission.,2.0
Atomic  | 1 of or using atomic energy or atomic bombs. 2 of atoms.,Atomic  ,1 of or using atomic energy or atomic bombs. 2 of atoms.,2.8
Atomic bomb  | = ~atom bomb.,Atomic bomb  ,= ~atom bomb.,2.3
Atomic energy  | Nuclear energy.,Atomic energy  ,Nuclear energy.,3.4
Atomic mass  | Mass of an atom measured in atomic mass units.,Atomic mass  ,Mass of an atom measured in atomic mass units.,2.7
"Atomic mass unit  | Unit of mass used to express atomic and molecular weights, equal to one-twelfth of the mass of an atom of carbon-12.",Atomic mass unit  ,"Unit of mass used to express atomic and molecular weights, equal to one-twelfth of the mass of an atom of carbon-12.",2.7
Atomic number  | Number of protons in the nucleus of an atom.,Atomic number  ,Number of protons in the nucleus of an atom.,2.3
Atomic theory  | Theory that all matter consists of atoms.,Atomic theory  ,Theory that all matter consists of atoms.,2.8
Atomic weight  | = ~relative atomic mass.,Atomic weight  ,= ~relative atomic mass.,2.8
Atomize  |   reduce to atoms or fine particles.,Atomize  ,reduce to atoms or fine particles.,2.3
Atomizer  |  = ~aerosol 1.,Atomizer  ,= ~aerosol 1.,2.3
Atonal  | Mus. Not written in any key or mode.  atonality n.,Atonal  ,Mus. Not written in any key or mode.  atonality n.,3.2
Atone  |   make amends . ,Atone  ,make amends .,2.9
Atonement  | 1 atoning. 2  expiation by christ of mankind's sins. ,Atonement  ,1 atoning. 2  expiation by christ of mankind's sins.,3.5
Atrium  |  1 a central court of an ancient roman house. B  central court rising through several storeys. 2 each of the two upper cavities of the heart. ,Atrium  ,1 a central court of an ancient roman house. B  central court rising through several storeys. 2 each of the two upper cavities of the heart.,3.0
Atrocious  | 1 very bad or unpleasant . 2 wicked .  atrociously adv. ,Atrocious  ,1 very bad or unpleasant . 2 wicked .  atrociously adv.,2.3
Atrocity  |  1 wicked or cruel act. 2 extreme wickedness. ,Atrocity  ,1 wicked or cruel act. 2 extreme wickedness.,2.7
"Atrophy  —| Wasting away, esp. Through disuse; emaciation. —v.  suffer atrophy or cause atrophy in. ",Atrophy  ,"Wasting away, esp. Through disuse; emaciation. —v.  suffer atrophy or cause atrophy in.",2.4
Atropine  | Poisonous alkaloid in deadly nightshade. ,Atropine  ,Poisonous alkaloid in deadly nightshade.,2.5
"Attach  | 1 fasten, affix, join. 2  be very fond of. 3 attribute or be attributable; assign . 4 accompany; form part of . 5 refl.  take part in; join . 6 seize by legal authority. ",Attach  ,"1 fasten, affix, join. 2  be very fond of. 3 attribute or be attributable; assign . 4 accompany; form part of . 5 refl.  take part in; join . 6 seize by legal authority.",2.9
Attaché  | Specialist member of an ambassador's staff.,Attaché  ,Specialist member of an ambassador's staff.,2.9
Attaché case  | Small rectangular document case.,Attaché case  ,Small rectangular document case.,2.8
"Attachment  | 1 thing attached, esp. For a purpose. 2 affection, devotion. 3 attaching or being attached. 4 legal seizure. 5 temporary position in an organization.",Attachment  ,"1 thing attached, esp. For a purpose. 2 affection, devotion. 3 attaching or being attached. 4 legal seizure. 5 temporary position in an organization.",2.7
Attack  | 1 try to hurt or defeat using force. 2 criticize adversely. 3 act harmfully upon . 4 vigorously apply oneself to. 5 sport try to gain ground or score . —n. 1 act of attacking. 2 offensive operation. 3 sudden onset of an illness.  attacker n. ,Attack  ,1 try to hurt or defeat using force. 2 criticize adversely. 3 act harmfully upon . 4 vigorously apply oneself to. 5 sport try to gain ground or score . —n. 1 act of attacking. 2 offensive operation. 3 sudden onset of an illness.  attacker n.,2.7
"Attain  | 1 reach, gain, accomplish . 2  arrive at by effort or development. ",Attain  ,"1 reach, gain, accomplish . 2  arrive at by effort or development.",2.9
Attainment  | 1  Accomplishment or achievement. 2 attaining.,Attainment  ,1  Accomplishment or achievement. 2 attaining.,3.0
Attar  | Perfume made from rose-petals. ,Attar  ,Perfume made from rose-petals.,2.8
Attempt  | 1  Try to do or achieve . 2 try to conquer . —n.  Attempting; endeavour . ,Attempt  ,1  Try to do or achieve . 2 try to conquer . —n.  Attempting; endeavour .,2.7
Attend  | 1 a be present  . B go regularly to . 2 escort. 3 a  turn or apply one's mind. B  deal with . ,Attend  ,1 a be present  . B go regularly to . 2 escort. 3 a  turn or apply one's mind. B  deal with .,2.8
Attendance  | 1 attending or being present. 2 number present .,Attendance  ,1 attending or being present. 2 number present .,3.4
Attendant  —| Person escorting or providing a service . —adj. 1 accompanying . 2  waiting .,Attendant  ,Person escorting or providing a service . —adj. 1 accompanying . 2  waiting .,2.8
Attendee  | Person who attends .,Attendee  ,Person who attends .,2.8
"Attention  | 1 act or faculty of applying one's mind; notice . 2 consideration, care. 3  A courtesies. B sexual advances. 4 erect esp. Military attitude of readiness.",Attention  ,"1 act or faculty of applying one's mind; notice . 2 consideration, care. 3  A courtesies. B sexual advances. 4 erect esp. Military attitude of readiness.",2.7
Attentive  | 1 concentrating; paying attention. 2 assiduously polite.  attentively adv. Attentiveness n.,Attentive  ,1 concentrating; paying attention. 2 assiduously polite.  attentively adv. Attentiveness n.,3.4
"Attenuate  |  1 make thin. 2 reduce in force, value, etc.  attenuation n. ",Attenuate  ,"1 make thin. 2 reduce in force, value, etc.  attenuation n.",2.5
Attest  | 1 certify the validity of. 2  bear witness to.  attestation n. ,Attest  ,1 certify the validity of. 2  bear witness to.  attestation n.,3.1
"Attic  | Of ancient athens or attica, or the form of greek used there. —n. Greek as used by the ancient athenians. ",Attic  ,"Of ancient athens or attica, or the form of greek used there. —n. Greek as used by the ancient athenians.",2.8
"Attic  | Space or room at the top of a house, usu. Under the roof. ",Attic  ,"Space or room at the top of a house, usu. Under the roof.",2.8
"Attire  formal —| Clothes, esp. Formal. —v.   Dress, esp. Formally. ",Attire  formal ,"Clothes, esp. Formal. —v.   Dress, esp. Formally.",3.1
Attitude  | 1 opinion or way of thinking; behaviour reflecting this . 2 bodily posture; pose. 3 position of an aircraft etc. Relative to given points. ,Attitude  ,1 opinion or way of thinking; behaviour reflecting this . 2 bodily posture; pose. 3 position of an aircraft etc. Relative to given points.,2.7
Attitudinize  |   adopt  attitudes; pose.,Attitudinize  ,adopt  attitudes; pose.,2.7
Attorney  |  1 lawyer etc. Appointed to act for another in business or legal matters. 2 us qualified lawyer. ,Attorney  ,1 lawyer etc. Appointed to act for another in business or legal matters. 2 us qualified lawyer.,2.9
Attorney-general  |  chief legal officer in some countries.,Attorney-general  ,chief legal officer in some countries.,2.7
Attract  | 1   Draw to itself or oneself. 2 arouse interest or admiration in. ,Attract  ,1   Draw to itself or oneself. 2 arouse interest or admiration in.,3.2
Attraction  | 1 a attracting or being attracted. B attractive quality . C person or thing that attracts. 2 physics tendency of bodies to attract each other.,Attraction  ,1 a attracting or being attracted. B attractive quality . C person or thing that attracts. 2 physics tendency of bodies to attract each other.,3.0
Attractive  | 1 attracting . 2 aesthetically pleasing; good-looking.  attractively adv.,Attractive  ,1 attracting . 2 aesthetically pleasing; good-looking.  attractively adv.,2.8
"Attribute  |   1 regard as belonging to, written or said by, etc. . 2 ascribe to  . —n. 1 esp. Characteristic quality ascribed to a person or thing. 2 object symbolizing or appropriate to a person, office, or status.  attributable adj. Attribution n. ",Attribute  ,"1 regard as belonging to, written or said by, etc. . 2 ascribe to  . —n. 1 esp. Characteristic quality ascribed to a person or thing. 2 object symbolizing or appropriate to a person, office, or status.  attributable adj. Attribution n.",2.1
"Attributive  | Gram.  preceding the word described, as old in the old dog.",Attributive  ,"Gram.  preceding the word described, as old in the old dog.",2.8
"Attrition  | 1 gradual wearing down . 2 abrasion, friction. ",Attrition  ,"1 gradual wearing down . 2 abrasion, friction.",2.4
Attune  |  1  adjust to a situation etc. 2 mus. Tune. ,Attune  ,1  adjust to a situation etc. 2 mus. Tune.,3.3
Atypical  | Not typical.  atypically adv.,Atypical  ,Not typical.  atypically adv.,2.9
