Id  | Person's inherited unconscious psychological impulses. ,Id  ,Person's inherited unconscious psychological impulses.,2.8
Idea  | 1 plan etc. Formed by mental effort . 2 a mental impression or concept. B vague belief or fancy . 3 intention or purpose . 4 archetype or pattern. 5 ambition or aspiration .  have no idea colloq. 1 not know at all. 2 be completely incompetent. Not one's idea of colloq. Not what one regards as . ,Idea  ,1 plan etc. Formed by mental effort . 2 a mental impression or concept. B vague belief or fancy . 3 intention or purpose . 4 archetype or pattern. 5 ambition or aspiration .  have no idea colloq. 1 not know at all. 2 be completely incompetent. Not one's idea of colloq. Not what one regards as .,2.7
"Ideal  | 1 answering to one's highest conception; perfect. 2 existing only in idea; visionary. —n. Perfect type, thing, concept, principle, etc., esp. As a standard to emulate. ",Ideal  ,"1 answering to one's highest conception; perfect. 2 existing only in idea; visionary. —n. Perfect type, thing, concept, principle, etc., esp. As a standard to emulate.",2.7
"Idealism  | 1 forming or pursuing ideals, esp. Unrealistically. 2 representation of things in ideal form. 3 system of thought in which objects are held to be in some way dependent on the mind.  idealist n. Idealistic adj. Idealistically adv.",Idealism  ,"1 forming or pursuing ideals, esp. Unrealistically. 2 representation of things in ideal form. 3 system of thought in which objects are held to be in some way dependent on the mind.  idealist n. Idealistic adj. Idealistically adv.",2.7
Idealize  |   regard or represent as ideal or perfect.  idealization n.,Idealize  ,regard or represent as ideal or perfect.  idealization n.,2.8
Ideally  | 1 in ideal circumstances. 2 according to an ideal.,Ideally  ,1 in ideal circumstances. 2 according to an ideal.,3.0
Idée fixe  |  dominating idea; obsession. ,Idée fixe  ,dominating idea; obsession.,3.5
Identical  | 1   absolutely alike. 2 one and the same. 3  developed from a single ovum.  identically adv. ,Identical  ,1   absolutely alike. 2 one and the same. 3  developed from a single ovum.  identically adv.,3.4
Identification  | 1 identifying. 2 means of identifying .,Identification  ,1 identifying. 2 means of identifying .,2.8
Identification parade  | Group of people from whom a suspect is to be identified.,Identification parade  ,Group of people from whom a suspect is to be identified.,3.3
Identify  |  1 establish the identity of; recognize. 2 select or discover . 3  associate inseparably or very closely . 4  treat as identical. 5  put oneself in the place of .  identifiable adj. ,Identify  ,1 establish the identity of; recognize. 2 select or discover . 3  associate inseparably or very closely . 4  treat as identical. 5  put oneself in the place of .  identifiable adj.,2.7
Identikit  |  Propr. Picture of esp. A wanted suspect assembled from standard components using witnesses' descriptions. ,Identikit  ,Propr. Picture of esp. A wanted suspect assembled from standard components using witnesses' descriptions.,3.2
"Identity  |  1 a condition of being a specified person or thing. B individuality, personality . 2 identification or the result of it . 3 absolute sameness . 4 algebra a equality of two expressions for all values of the quantities. B equation expressing this. ",Identity  ,"1 a condition of being a specified person or thing. B individuality, personality . 2 identification or the result of it . 3 absolute sameness . 4 algebra a equality of two expressions for all values of the quantities. B equation expressing this.",3.2
Ideogram  | Character symbolizing a thing without indicating the sounds in its name . ,Ideogram  ,Character symbolizing a thing without indicating the sounds in its name .,3.3
Ideograph  | = ~ideogram.  ideographic adj. Ideography n.,Ideograph  ,= ~ideogram.  ideographic adj. Ideography n.,2.3
Ideologue  | Often derog. Adherent of an ideology. ,Ideologue  ,Often derog. Adherent of an ideology.,2.9
Ideology  |  1 ideas at the basis of an economic or political theory . 2 characteristic thinking of a class etc. .  ideological adj. Ideologically adv. Ideologist n. ,Ideology  ,1 ideas at the basis of an economic or political theory . 2 characteristic thinking of a class etc. .  ideological adj. Ideologically adv. Ideologist n.,3.2
Ides  |pl. Day of the ancient roman month . ,Ides  ,pl. Day of the ancient roman month .,3.0
Idiocy  |  1 foolishness; foolish act. 2 extreme mental imbecility.,Idiocy  ,1 foolishness; foolish act. 2 extreme mental imbecility.,2.6
Idiom  | 1 phrase etc. Established by usage and not immediately comprehensible from the words used . 2 form of expression peculiar to a language etc. 3 language of a people or country. 4 characteristic mode of expression in art etc. ,Idiom  ,1 phrase etc. Established by usage and not immediately comprehensible from the words used . 2 form of expression peculiar to a language etc. 3 language of a people or country. 4 characteristic mode of expression in art etc.,2.7
Idiomatic  | 1 relating or conforming to idiom. 2 characteristic of a particular language.  idiomatically adv.,Idiomatic  ,1 relating or conforming to idiom. 2 characteristic of a particular language.  idiomatically adv.,2.8
"Idiosyncrasy  |  attitude, behaviour, or opinion peculiar to a person; anything highly individual or eccentric.  idiosyncratic adj. Idiosyncratically adv. ",Idiosyncrasy  ,"attitude, behaviour, or opinion peculiar to a person; anything highly individual or eccentric.  idiosyncratic adj. Idiosyncratically adv.",2.5
Idiot  | 1 stupid person. 2 mentally deficient person incapable of rational conduct.  idiotic adj. Idiotically adv. ,Idiot  ,1 stupid person. 2 mentally deficient person incapable of rational conduct.  idiotic adj. Idiotically adv.,2.6
"Idle  |  1 lazy, indolent. 2 not in use; not working. 3  Unoccupied. 4 purposeless; groundless . 5 useless, ineffective . —v.  1 be idle. 2 run  or  be run slowly without doing any work. 3  pass  In idleness.  idleness n. Idler n. Idly adv. ",Idle  ,"1 lazy, indolent. 2 not in use; not working. 3  Unoccupied. 4 purposeless; groundless . 5 useless, ineffective . —v.  1 be idle. 2 run  or  be run slowly without doing any work. 3  pass  In idleness.  idleness n. Idler n. Idly adv.",2.9
Idol  | 1 image of a deity etc. As an object of worship. 2 object of excessive or supreme adulation. ,Idol  ,1 image of a deity etc. As an object of worship. 2 object of excessive or supreme adulation.,3.3
Idolater  | 1 worshipper of idols. 2 devoted admirer.  idolatrous adj. Idolatry n. ,Idolater  ,1 worshipper of idols. 2 devoted admirer.  idolatrous adj. Idolatry n.,2.9
Idolize  |   1 venerate or love excessively. 2 make an idol of.  idolization n.,Idolize  ,1 venerate or love excessively. 2 make an idol of.  idolization n.,2.7
"Idyll  | 1 short description, esp. In verse, of a peaceful or romantic, esp. Rural, scene or incident. 2 such a scene or incident. ",Idyll  ,"1 short description, esp. In verse, of a peaceful or romantic, esp. Rural, scene or incident. 2 such a scene or incident.",2.8
Idyllic  | 1 blissfully peaceful and happy. 2 of or like an idyll.  idyllically adv.,Idyllic  ,1 blissfully peaceful and happy. 2 of or like an idyll.  idyllically adv.,2.5
