Equable  | 1 not varying. 2 moderate . 3  not easily disturbed.  equably adv. ,Equable  ,1 not varying. 2 moderate . 3  not easily disturbed.  equably adv.,3.3
"Equal  | 1  the same in quantity, quality, size, degree, level, etc. 2 evenly balanced . 3 having the same rights or status . 4 uniform in application or effect. —n. Person or thing equal to another, esp. In rank or quality. —v.  1 be equal to. 2 achieve something that is equal to.  be equal to have the ability or resources for. ",Equal  ,"1  the same in quantity, quality, size, degree, level, etc. 2 evenly balanced . 3 having the same rights or status . 4 uniform in application or effect. —n. Person or thing equal to another, esp. In rank or quality. —v.  1 be equal to. 2 achieve something that is equal to.  be equal to have the ability or resources for.",3.2
Equality  | Being equal. ,Equality  ,Being equal.,3.3
Equalize  |   1 make or become equal. 2 reach one's opponent's score.  equalization n.,Equalize  ,1 make or become equal. 2 reach one's opponent's score.  equalization n.,2.8
Equalizer  |  equalizing score or goal etc.,Equalizer  ,equalizing score or goal etc.,2.9
Equally  | 1 in an equal manner . 2 to an equal degree .,Equally  ,1 in an equal manner . 2 to an equal degree .,3.0
"Equal opportunity  |  Opportunity to compete on equal terms, regardless of sex, race, etc.",Equal opportunity  ,"Opportunity to compete on equal terms, regardless of sex, race, etc.",3.5
"Equanimity  | Composure, evenness of temper, esp. In adversity. ",Equanimity  ,"Composure, evenness of temper, esp. In adversity.",2.5
Equate  |  1  regard as equal or equivalent. 2  be equal or equivalent to.  equatable adj. ,Equate  ,1  regard as equal or equivalent. 2  be equal or equivalent to.  equatable adj.,3.5
Equation  | 1 equating or making equal; being equal. 2 statement that two mathematical expressions are equal . 3 formula indicating a chemical reaction by means of symbols.,Equation  ,1 equating or making equal; being equal. 2 statement that two mathematical expressions are equal . 3 formula indicating a chemical reaction by means of symbols.,2.9
"Equator  | 1 imaginary line round the earth or other body, equidistant from the poles. 2 = ~celestial equator. ",Equator  ,"1 imaginary line round the earth or other body, equidistant from the poles. 2 = ~celestial equator.",3.3
Equatorial  | Of or near the equator.,Equatorial  ,Of or near the equator.,3.0
Equerry  |  officer attending the british royal family. ,Equerry  ,officer attending the british royal family.,3.0
Equestrian  | 1 of horse-riding. 2 on horseback. —n. Rider or performer on horseback.  equestrianism n. ,Equestrian  ,1 of horse-riding. 2 on horseback. —n. Rider or performer on horseback.  equestrianism n.,3.2
Equi-  | Form equal. ,Equi-  ,Form equal.,3.2
Equiangular  | Having equal angles.,Equiangular  ,Having equal angles.,3.4
Equidistant  | At equal distances.,Equidistant  ,At equal distances.,2.7
Equilateral  | Having all its sides equal in length.,Equilateral  ,Having all its sides equal in length.,3.1
Equilibrium  |  1 state of physical balance. 2 state of composure. ,Equilibrium  ,1 state of physical balance. 2 state of composure.,3.2
Equine  | Of or like a horse. ,Equine  ,Of or like a horse.,3.2
Equinoctial  | Happening at or near the time of an equinox. —n.  = ~celestial equator. ,Equinoctial  ,Happening at or near the time of an equinox. —n.  = ~celestial equator.,2.9
"Equinox  | Time or date  at which the sun crosses the celestial equator, when day and night are of equal length. ",Equinox  ,"Time or date  at which the sun crosses the celestial equator, when day and night are of equal length.",3.3
Equip  |  supply with what is needed. ,Equip  ,supply with what is needed.,3.3
Equipage  | 1 archaic a requisites. B outfit. 2 hist. Carriage and horses with attendants. ,Equipage  ,1 archaic a requisites. B outfit. 2 hist. Carriage and horses with attendants.,2.7
"Equipment  | 1 necessary articles, clothing, etc. 2 equipping or being equipped. ",Equipment  ,"1 necessary articles, clothing, etc. 2 equipping or being equipped.",2.8
Equipoise  | 1 equilibrium. 2 counterbalancing thing.,Equipoise  ,1 equilibrium. 2 counterbalancing thing.,2.7
"Equitable  | 1 fair, just. 2 law valid in equity as distinct from law.  equitably adv. ",Equitable  ,"1 fair, just. 2 law valid in equity as distinct from law.  equitably adv.",3.7
Equitation  | Horsemanship; horse-riding. ,Equitation  ,Horsemanship; horse-riding.,3.6
Equity  |  1 fairness. 2 principles of justice used to correct or supplement the law. 3 a value of the shares issued by a company. B  Stocks and shares not bearing fixed interest. ,Equity  ,1 fairness. 2 principles of justice used to correct or supplement the law. 3 a value of the shares issued by a company. B  Stocks and shares not bearing fixed interest.,3.3
"Equivalent  | 1  equal in value, amount, importance, etc. 2 corresponding. 3 having the same meaning or result. —n. Equivalent thing, amount, etc.  equivalence n. ",Equivalent  ,"1  equal in value, amount, importance, etc. 2 corresponding. 3 having the same meaning or result. —n. Equivalent thing, amount, etc.  equivalence n.",3.3
Equivocal  | 1 of double or doubtful meaning. 2 of uncertain nature. 3  Questionable.  equivocally adv. ,Equivocal  ,1 of double or doubtful meaning. 2 of uncertain nature. 3  Questionable.  equivocally adv.,2.9
Equivocate  |  use ambiguity to conceal the truth.  equivocation n. Equivocator n. ,Equivocate  ,use ambiguity to conceal the truth.  equivocation n. Equivocator n.,2.5
